shapeID,BIRINCIL_NOM,BIRINCIL_K1,BIRINCIL_NOMx42,BIRINCIL_K1x42,AC15mil_NOM,AC15mil_K1,AC15mil_NOMx42,AC15mil_K1x42,T15dk_NOM,T15dk_K1,T15dk_NOMx42,T15dk_K1x42,3mil_NOM,3mil_K1,3mil_NOMx42,3mil_K1x42,il_ad,ilce_ad,nufus,sege_skor
54988432B10253984912437,0.10804137580399627,0.12613779904173902,0.10804137580399627,0.12613779904173902,0.10805068286471246,0.12614453119991126,0.10805068286471246,0.12614453119991126,0.11218235403151545,0.13300237799090128,0.11218235403151545,0.13300237799090128,0.11226809621375844,0.13310266785402822,0.11226809621375844,0.13310266785402822,MANİSA,DEMİRCİ,35629,-0.192
54988432B10287230279323,0.49778738144760937,0.7018238973123446,0.49778738144760937,0.7018238973123446,0.6507676364930873,0.8124804521155404,0.6507676364930873,0.8124804521155404,0.3703502865187053,0.4555249049972311,0.3703502865187053,0.4555249049972311,0.4721220595372722,0.5930177822342356,0.4721220595372722,0.5930177822342356,KAYSERİ,HACILAR,13701,0.963
54988432B10558365680808,0.12200681886318553,0.20104511422714086,0.12200681886318553,0.20104511422714086,0.13315323995974748,0.2091077531380548,0.13315323995974748,0.2091077531380548,0.146729429877996,0.236278678632005,0.146729429877996,0.236278678632005,0.21547080370609784,0.3550568136055018,0.21547080370609784,0.3550568136055018,SİVAS,AKINCILAR,4641,-0.511
54988432B10626729870430,0.359523621742853,0.42138770924130625,0.359523621742853,0.42138770924130625,0.4261266102286576,0.4695642353115827,0.42511420508981385,0.4688319233887388,0.40465424160914537,0.4958774161625728,0.4046540491829802,0.49587727697326056,0.38496132947427014,0.4792350131955092,0.38496132947427014,0.4792350131955092,İZMİR,SEFERİHİSAR,63712,0.924
54988432B10630286252901,0.303491672615847,0.404957494323972,0.303491672615847,0.404957494323972,0.36223991213771467,0.4474523756686935,0.36223991213771467,0.4474523756686935,0.23664357547993223,0.22021772959543712,0.23664357547993223,0.22021772959543712,0.1653204207834197,0.18038371910059572,0.1653204207834197,0.18038371910059572,TEKİRDAĞ,MURATLI,30410,0.193
54988432B10710239542127,1.1829316056282925e-08,1.949256787385972e-08,1.1829316056282925e-08,1.949256787385972e-08,0.07022563938098386,0.050796940974034775,0.07022563938098386,0.050796940974034775,0.031286562555464956,0.022630784757112683,0.031286562555464956,0.022630784757112683,0.0,0.0,0.0,0.0,TOKAT,YEŞİLYURT,8045,-0.729
54988432B10923405291908,0.1847188245301107,0.17424068381008057,0.1847188245301107,0.17424068381008057,0.1827675907838511,0.17282928072467824,0.1827675907838511,0.17282928072467824,0.1956807570695873,0.19320637722635195,0.1956807570695873,0.19320637722635195,0.19708316909735904,0.19461488165433105,0.19708316909735904,0.19461488165433105,KARS,SARIKAMIŞ,35518,-0.804
54988432B10954011235531,0.5613154733237549,0.6783008496087785,0.5610814980479678,0.6779153007805634,0.6141253380532108,0.7165002740302318,0.613891362777424,0.7161147252020169,0.5033432635873131,0.5620967599387983,0.5033432635873131,0.5620967599387983,0.5926930775774563,0.6505233786129191,0.5926930775774563,0.6505233786129191,İSTANBUL,ZEYTİNBURNU,275471,2.382
54988432B10964336547790,0.36158311448509806,0.3355793867529777,0.36150676082333966,0.3354535697634609,0.15541493380016827,0.18644994140164828,0.15533858013840976,0.18632412441213142,0.16376475655226522,0.18343818313988222,0.16376475655226522,0.18343818313988222,0.5581471104792723,0.6157827325432188,0.5581471104792723,0.6157827325432188,ANKARA,AKYURT,46956,0.705
54988432B11094776022203,0.2103139008544125,0.332770345053282,0.2103139008544125,0.332770345053282,0.278618441348125,0.3821776697188255,0.278618441348125,0.3821776697188255,0.07869920847334039,0.08710776279385406,0.07869920847334039,0.08710776279385406,0.038085189689139765,0.05571568847151146,0.038085189689139765,0.05571568847151146,BURDUR,KEMER,2727,-0.549
54988432B11123047057176,0.12716246645695722,0.2095406865981165,0.12716246645695722,0.2095406865981165,0.137182008286653,0.21678821000727178,0.137182008286653,0.21678821000727178,0.06775640395323076,0.10578133819123586,0.06775640395323076,0.10578133819123586,0.0,0.0,0.0,0.0,AYDIN,YENİPAZAR,11596,-0.296
54988432B11153156770264,0.32655104562622383,0.37125981373488043,0.32655104562622383,0.37125981373488043,0.3092050396412974,0.3587127745021576,0.3092050396412974,0.3587127745021576,0.3430975325827777,0.41829532840207173,0.3430975325827777,0.41829532840207173,0.21942695423509676,0.25081340741746405,0.21942695423509676,0.25081340741746405,GİRESUN,ESPİYE,39182,-0.178
54988432B11210263033857,0.393046902647322,0.3702983277417291,0.318039401897247,0.31604249181745275,0.2669312864409246,0.2790740086808588,0.22522256801678087,0.24890447415694086,0.36597508930732076,0.37829240676899917,0.30508993394167105,0.3342518112724285,0.45004500450045004,0.4642208642406299,0.3750375037503751,0.40996502831635356,TRABZON,TONYA,13332,-0.469
54988432B11239792936467,0.3228215593050569,0.5319474599447,0.3228215593050569,0.5319474599447,0.3481930326910553,0.5502996311732087,0.3481930326910553,0.5502996311732087,0.5835709061926175,0.9339228717081389,0.5835709061926175,0.9339228717081389,1.1016013359588173,1.8152392504304407,1.1016013359588173,1.8152392504304407,DENİZLİ,BOZKURT,11176,-0.311
54988432B11310133229622,0.09214558601081169,0.15183921716575752,0.09214558601081169,0.15183921716575752,0.09690747809185575,0.1552836784910201,0.09690747809185575,0.1552836784910201,0.06532558337830337,0.10539496884769894,0.06532558337830337,0.10539496884769894,0.05812824191159552,0.09578480238915453,0.05812824191159552,0.09578480238915453,MANİSA,SARIGÖL,34786,-0.3
54988432B11333989170250,1.2042977511284516,0.9704978254656774,1.2042977511284516,0.9704978254656774,0.9446596111206564,0.7826914836588129,0.9446596111206564,0.7826914836588129,1.119585110682951,1.0142284513737425,1.119585110682951,1.0142284513737425,1.3248587108879268,1.1627848074407308,1.3248587108879268,1.1627848074407308,DENİZLİ,GÜNEY,9043,-0.457
54988432B11359051677875,0.02238987957996816,0.03689446163442982,0.02238987957996816,0.03689446163442982,0.02238987957996816,0.03689446163442982,0.02238987957996816,0.03689446163442982,0.0,0.0,0.0,0.0,0.0,0.0,0.0,0.0,AKSARAY,GÜZELYURT,10419,-0.755
54988432B11506112394599,0.04617816846477654,0.07609324823239437,0.04617816846477654,0.07609324823239437,0.04617816846477654,0.07609324823239437,0.04617816846477654,0.07609324823239437,0.04647488032718316,0.07658217557945503,0.04647488032718316,0.07658217557945503,0.04647488032718315,0.07658217557945501,0.04647488032718315,0.07658217557945501,HAKKARİ,ŞEMDİNLİ,43034,-0.633
54988432B11733036150032,0.12482825066048889,0.20569432222435144,0.12482825066048889,0.20569432222435144,0.13051115678071146,0.20980498874368023,0.13051115678071146,0.20980498874368023,9.819650835974381e-07,7.102934496718005e-07,9.819650835974381e-07,7.102934496718005e-07,0.0,0.0,0.0,0.0,KIRŞEHİR,BOZTEPE,5049,-0.584
54988432B11866351639272,0.2799098363960208,0.415908576299314,0.2799098363960208,0.415908576299314,0.2740849865764225,0.4116952363941664,0.2740849865764225,0.4116952363941664,0.21327167010509385,0.31000279784360424,0.21327167010509385,0.31000279784360424,0.23841415050661147,0.3504471998785533,0.23841415050661147,0.3504471998785533,TRABZON,OF,43591,-0.06
54988432B11894887373653,0.04047346907246117,0.06669293805591446,0.04047346907246117,0.06669293805591446,0.04347793248142552,0.06886618302644629,0.04347793248142552,0.06886618302644629,0.0,0.0,0.0,0.0,0.0,0.0,0.0,0.0,OSMANİYE,HASANBEYLİ,4914,-0.58
54988432B11965473551698,0.032272621348341635,0.05317942805034795,0.032272621348341635,0.05317942805034795,0.07665111056379526,0.0852801113868543,0.07665111056379526,0.0852801113868543,0.03792780836864376,0.03621109480676516,0.03792780836864376,0.03621109480676516,0.0,0.0,0.0,0.0,BOLU,GÖYNÜK,14257,-0.441
54988432B12089273300588,0.3566682208920292,0.48139602131713904,0.3566682208920292,0.48139602131713904,0.35001040924201976,0.47658016779735235,0.35001040924201976,0.47658016779735235,0.34130884238630205,0.4595445533648384,0.34130884238630205,0.4595445533648384,0.3450523329371621,0.4622523653447133,0.3450523329371621,0.4622523653447133,ANKARA,NALLIHAN,26083,-0.102
54988432B12282198097688,2.91209268500673,3.1064560569441726,2.91209268500673,3.1064560569441726,2.9190249653550158,3.111470444324055,2.9190249653550158,3.111470444324055,2.9802064594730626,3.2145041439923174,2.9802064594730626,3.2145041439923174,2.967131801281975,3.1971518895254896,2.967131801281975,3.1971518895254896,İZMİR,ÇEŞME,51902,1.998
54988432B12649673902080,0.05917048528157018,0.09748268778646972,0.05917048528157018,0.09748268778646972,0.11953234934851652,0.1411447663806087,0.11953234934851652,0.1411447663806087,0.0661918560957239,0.07243074556869714,0.0661918560957239,0.07243074556869714,0.0,0.0,0.0,0.0,GİRESUN,GÜCE,8194,-0.805
54988432B12652451571712,0.13805164598866665,0.2274840799526084,0.13805164598866665,0.2274840799526084,0.16079748217206877,0.24393702590582889,0.16079748217206877,0.24393702590582889,0.09823592909658302,0.12659197378633982,0.09823592909658302,0.12659197378633982,0.06991704936704395,0.11521061943418488,0.06991704936704395,0.11521061943418488,İZMİR,KINIK,28604,-0.297
54988432B12770771460380,0.6490120546580885,0.7513042049368462,0.6490120546580885,0.7513042049368462,0.5279364572600602,0.6637255270556935,0.5279364572600602,0.6637255270556935,0.6380008662522522,0.8469537192458201,0.6380008662522522,0.8469537192458201,0.9837956431350425,1.2694490141008348,0.9837956431350425,1.2694490141008348,SAKARYA,PAMUKOVA,31536,-0.024
54988432B12859589940172,0.09362248762040948,0.15427288321467567,0.09362248762040948,0.15427288321467567,0.09362248762040948,0.15427288321467567,0.09362248762040948,0.15427288321467567,0.08106588702026042,0.13358188228961765,0.08106588702026042,0.13358188228961765,0.04830684507994783,0.07960092130540233,0.04830684507994783,0.07960092130540233,VAN,MURADİYE,41402,-1.112
54988432B12971115509737,0.2571967891579061,0.2983669156659507,0.2571967891579061,0.2983669156659507,0.27267498643438026,0.3095628963803878,0.27267498643438026,0.3095628963803878,0.40348379153910235,0.5208654500355275,0.40348379153910235,0.5208654500355275,0.4070832485243232,0.5453526220813787,0.4070832485243232,0.5453526220813787,KÜTAHYA,ALTINTAŞ,14739,-0.516
54988432B13012659541885,0.18950424644629918,0.3122686357067251,0.18950424644629918,0.3122686357067251,0.18964196244917492,0.31236825103561155,0.18964196244917492,0.31236825103561155,0.17618748394088143,0.2903250258004655,0.17618748394088143,0.2903250258004655,0.27783456751178776,0.457820988057169,0.27783456751178776,0.457820988057169,TUNCELİ,NAZIMİYE,3095,-0.744
54988432B13089930907673,0.18673179060386522,0.2786256943876092,0.18673179060386522,0.2786256943876092,0.18669405511605988,0.27859839884497134,0.18669405511605988,0.27859839884497134,0.21943515570122554,0.3324906773823365,0.21943515570122554,0.3324906773823365,0.22014655470641886,0.3336871665943723,0.22014655470641886,0.3336871665943723,TOKAT,NİKSAR,63594,-0.169
54988432B13153830049799,1.4891607764561074,1.3806305778448948,1.4891607764561074,1.3806305778448948,0.627580167015792,0.7574158897953791,0.627580167015792,0.7574158897953791,0.9752497830446571,1.0445281404259397,0.9752497830446571,1.0445281404259397,2.746192967207553,2.7439714699466213,2.746192967207553,2.7439714699466213,DÜZCE,GÜMÜŞOVA,17344,-0.134
54988432B13184104417142,0.02789270887818153,0.04596212650054155,0.02789270887818153,0.04596212650054155,0.02808818811094306,0.04610352421508015,0.02808818811094306,0.04610352421508015,0.0,0.0,0.0,0.0,0.0,0.0,0.0,0.0,EDİRNE,MERİÇ,12329,-0.806
54988432B13336850419353,0.08500443397852075,0.14007189350776383,0.08500405395409508,0.14007126729641944,0.08530044729756639,0.14028601142809097,0.08530006727314071,0.14028538521674658,0.12588331413126191,0.20726912558723992,0.12588331413126191,0.20726912558723992,0.1429626629178679,0.23557654534677508,0.1429626629178679,0.23557654534677508,ŞANLIURFA,HİLVAN,41969,-0.84
54988432B13359639505311,0.13290073896873927,0.1767638293227756,0.13290073896873927,0.1767638293227756,0.13564571566559247,0.17874937748517428,0.13564571566559247,0.17874937748517428,0.14071493833202747,0.18688352467126212,0.14071493833202747,0.18688352467126212,0.1255627852455621,0.16470973306938455,0.1255627852455621,0.16470973306938455,BİNGÖL,MERKEZ,175438,0.214
54988432B13394167497593,0.05217163045875547,0.08596938681565437,0.05217163045875547,0.08596938681565437,0.05527059011201406,0.08821098458656774,0.05527059011201406,0.08821098458656774,0.01564904228968936,0.021129410606896278,0.01564904228968936,0.021129410606896278,0.0,0.0,0.0,0.0,MARDİN,ÖMERLİ,14112,-0.858
54988432B13587691087198,0.19580749119641286,0.25278496676221807,0.19580749119641286,0.25278496676221807,0.18798149639883255,0.24712412104098083,0.18798149639883255,0.24712412104098083,0.18025836741749884,0.2393111230007143,0.18025836741749884,0.2393111230007143,0.2551993050319735,0.33168422373594314,0.2551993050319735,0.33168422373594314,İZMİR,FOÇA,37711,0.844
54988432B13628237636764,0.5141735518206292,0.51556275445711,0.5141735518206292,0.51556275445711,0.4532798085491718,0.471515946995019,0.4532798085491718,0.471515946995019,0.5025385984187455,0.5342588738389374,0.5025385984187455,0.5342588738389374,0.5376584972445001,0.55459407339541,0.5376584972445001,0.55459407339541,AMASYA,GÜMÜŞHACIKÖY,22319,-0.269
54988432B13760722847594,0.0005579278532689726,0.0009193639342137623,0.0005579278532689726,0.0009193639342137623,0.008270755763041555,0.006498351654110327,0.008270755763041555,0.006498351654110327,0.004166924654742475,0.0030140982983798944,0.004166924654742475,0.0030140982983798944,0.0,0.0,0.0,0.0,YOZGAT,KADIŞEHRİ,9854,-0.847
54988432B13849312279861,0.28901751569614226,0.42408377774212547,0.28901751569614226,0.42408377774212547,0.28878474924330855,0.42391540873439515,0.28878474924330855,0.42391540873439515,0.3129992064226869,0.4636014954199361,0.3129992064226869,0.4636014954199361,0.28223851041779013,0.41291320626725575,0.28223851041779013,0.41291320626725575,KONYA,ILGIN,53167,-0.121
54988432B13977847971239,0.15486334215135888,0.20387944662499916,0.15486334215135888,0.20387944662499916,0.1558154668959325,0.20456815539951434,0.1558154668959325,0.20456815539951434,0.16679399470147915,0.22330450018337417,0.16679399470147915,0.22330450018337417,0.16649554624413795,0.22304720972493383,0.16649554624413795,0.22304720972493383,MALATYA,DOĞANŞEHİR,36037,-0.59
54988432B14215635599319,0.07287588744798787,0.06465182536925505,0.07287588744798787,0.06465182536925505,0.07258023273812467,0.06443796684486522,0.07258023273812467,0.06443796684486522,0.060045356464582623,0.04351900886660452,0.060045356464582623,0.04351900886660452,0.05996282304970917,0.04337343674176725,0.05996282304970917,0.04337343674176725,KIRŞEHİR,KAMAN,33354,-0.126
54988432B14217813536294,0.08122391165410348,0.13384227823189124,0.08122391165410348,0.13384227823189124,0.08122422935192657,0.13384250803505482,0.08122422935192657,0.13384250803505482,0.17773455298210908,0.2928743150533855,0.17773455298210908,0.2928743150533855,5.963178302328738e-05,9.826236550703451e-05,5.963178302328738e-05,9.826236550703451e-05,MALATYA,KALE,7462,-0.717
54988432B14260044534811,0.15462459050877578,0.25423945159622313,0.15462459050877578,0.25423945159622313,0.24174935387984536,0.3172601737790967,0.24174935387984536,0.3172601737790967,0.1266636980824433,0.1645918995724141,0.1266636980824433,0.1645918995724141,0.09371354287832305,0.15442292576884423,0.09371354287832305,0.15442292576884423,RİZE,GÜNEYSU,15013,-0.195
54988432B14282860472632,0.0,0.0,0.0,0.0,0.0008118935749433187,0.0005872741279151984,0.0008118935749433187,0.0005872741279151984,0.0,0.0,0.0,0.0,0.0,0.0,0.0,0.0,ERZURUM,KARAÇOBAN,19922,-1.172
54988432B14340726912856,0.49873918360567215,0.456049548350656,0.49873918360567215,0.456049548350656,0.46395104627225503,0.4308859386796434,0.46395104627225503,0.4308859386796434,0.4422311012753624,0.36895084218691826,0.4422311012753624,0.36895084218691826,0.42121256698825665,0.30467939466354327,0.42121256698825665,0.30467939466354327,KÜTAHYA,PAZARLAR,4713,-0.592
54988432B14406336237626,0.09267302696820552,0.12141512708226915,0.09265838815479797,0.12139100497220111,0.09325866676445188,0.12183874307237845,0.09324402795104433,0.12181462096231042,0.0806542457177979,0.10066373078442846,0.0806542457177979,0.10066373078442846,0.08461028586794087,0.10812919175020969,0.08461028586794087,0.10812919175020969,EDİRNE,UZUNKÖPRÜ,59085,0.1
54988432B1446118549854,0.13367940736559472,0.22027942351131943,0.13367940736559472,0.22027942351131943,0.15471688702193256,0.23549664889652105,0.15471688702193256,0.23549664889652105,0.009665325530474833,0.013540703697616766,0.009665325530474833,0.013540703697616766,0.0,0.0,0.0,0.0,ÇANKIRI,ELDİVAN,6198,-0.573
54988432B14467270081386,0.05239457226876635,0.07269054493617627,0.05154735893652429,0.07129449098818864,0.04986380544804209,0.07085994308949788,0.04901659211580002,0.06946388914151025,0.09273519025411317,0.14148030867003067,0.09273519025411317,0.14148030867003067,0.10440220421930647,0.1582840647130046,0.10440220421930647,0.1582840647130046,KAHRAMANMARAŞ,PAZARCIK,66777,-0.388
54988432B14556173736384,0.2935793502527291,0.29377100960914054,0.29235608939757485,0.2917552975313601,0.13769366514679404,0.1810128444993322,0.13639959086035539,0.178945910318821,0.16777736609259492,0.21648497611000644,0.16746938909674824,0.21597748586572135,0.45865763619413263,0.5614276009534476,0.45865763619413263,0.5614276009534476,TRABZON,MAÇKA,24931,-0.15
54988432B14645765693693,0.4189764579098177,0.5656444767579789,0.4189764579098177,0.5656444767579789,0.3835271202199433,0.5400025952115635,0.3835271202199433,0.5400025952115635,0.2582005785203397,0.3359355027070466,0.2582005785203397,0.3359355027070466,0.2416712501777505,0.27219129175821605,0.2416712501777505,0.27219129175821605,KOCAELİ,KARAMÜRSEL,59488,0.328
54988432B1484249621136,0.359736726187876,0.44349447709489415,0.359736726187876,0.44349447709489415,0.3856257441982235,0.4622210084332769,0.3856257441982235,0.4622210084332769,0.399529739657783,0.48917660747513536,0.399529739657783,0.48917660747513536,0.3779297416303558,0.4731060500268902,0.3779297416303558,0.4731060500268902,KONYA,KARATAY,395499,1.481
54988432B14970064024432,0.0,0.0,0.0,0.0,0.0,0.0,0.0,0.0,0.0,0.0,0.0,0.0,0.0,0.0,0.0,0.0,ARDAHAN,POSOF,5976,-0.492
54988432B150490693817,0.011328093589389045,0.018666644134114584,0.01129401084863976,0.01861048195751691,0.01133106547056414,0.018668793811091017,0.011296982729814853,0.018612631634493348,0.013252313135300337,0.021832741097556174,0.013252313135300337,0.021832741097556174,0.015226378177554793,0.02509031026704225,0.015226378177554793,0.02509031026704225,ŞANLIURFA,AKÇAKALE,131351,-1.258
54988432B15058920594435,0.16392379695509124,0.20845015943023681,0.16392379695509124,0.20845015943023681,0.17841546551172538,0.21893254563981795,0.17841546551172538,0.21893254563981795,0.19148143916538646,0.24251842626687453,0.19148143916538646,0.24251842626687453,0.18106184360452415,0.23744547681381228,0.18106184360452415,0.23744547681381228,SAKARYA,KARASU,75887,0.159
54988432B15496700745430,0.6649296369145041,1.0225384544309073,0.6649296369145041,1.0225384544309073,0.677798902677806,1.031847293743473,0.677798902677806,1.031847293743473,0.9228094313706974,1.4309757793719131,0.9228094313706974,1.4309757793719131,0.8703220191470843,1.3609878569486342,0.8703220191470843,1.3609878569486342,EDİRNE,İPSALA,25278,-0.408
54988432B15523271257274,0.009654139258041376,0.01589248528920211,0.00933326230350961,0.015363738252128415,0.010614530811170043,0.016587173767134866,0.010293653856638278,0.016058426730061175,0.001003063182660693,0.0011768364343892486,0.0009812407663052512,0.0011408770492518342,0.0,0.0,0.0,0.0,DİYARBAKIR,SİLVAN,86752,-0.824
54988432B15558909248688,0.4842497537929898,0.6433126128833019,0.48424339763526236,0.6433080152277698,0.4032832370862545,0.5847463894806854,0.4026580528337633,0.5842941694508696,0.5071906364727672,0.7155774307112175,0.5065058771659414,0.7150821177328188,0.39466373473585703,0.48732029069987515,0.39466373473585703,0.48732029069987515,İZMİR,KEMALPAŞA,122840,0.983
54988432B15641118678695,0.15285649714780922,0.23190213577194196,0.15281677984665998,0.2318366888615091,0.19615030947147447,0.26321823022222735,0.1961105921703252,0.2631527833117945,0.22867783441772446,0.31471005505394223,0.22867783441772446,0.31471005505394223,0.0792726291851403,0.11611657519566039,0.0792726291851403,0.11611657519566039,TRABZON,SÜRMENE,25281,0.056
54988432B15644410313065,0.375713246254614,0.5084902954320235,0.3703467120073596,0.4996472200957754,0.4428441995541336,0.5570487189394934,0.4374776653068793,0.5482056436032453,0.46236816920261153,0.5883630385756976,0.45635297368308736,0.5784510870832367,0.2986901747439057,0.3925845835634019,0.2986820401157027,0.39257117917115975,SAMSUN,İLKADIM,330290,1.343
54988432B15919915720396,0.15705222467444288,0.25866909516593456,0.15705222467444288,0.25866909516593456,0.18296276546157172,0.2774111947639448,0.18296276546157172,0.2774111947639448,0.19092109717426678,0.281569798917101,0.19092109717426678,0.281569798917101,0.31877590054191896,0.5252848810784616,0.31877590054191896,0.5252848810784616,GİRESUN,EYNESİL,12548,-0.35
54988432B16159073535028,0.25251538916111016,0.24578909329083146,0.25251538916111016,0.24578909329083146,0.22311368289554415,0.2245216982291886,0.22311368289554415,0.2245216982291886,0.182371261704445,0.13191621042419197,0.182371261704445,0.13191621042419197,0.18426386585590562,0.13328520444858163,0.18426386585590562,0.13328520444858163,MUĞLA,KAVAKLIDERE,10854,-0.34
54988432B1626041363194,0.05844573973947717,0.06287655907182325,0.05844573973947717,0.06287655907182325,0.047476201421230296,0.05494186633831993,0.047476201421230296,0.05494186633831993,0.03421305701577324,0.024747631761532187,0.03421305701577324,0.024747631761532187,0.036182068167016426,0.02617189393380319,0.036182068167016426,0.02617189393380319,ORDU,KUMRU,27638,-0.606
54988432B16266988631438,0.2820950199355275,0.4158251590257301,0.2820950199355275,0.4158251590257301,0.2850645056244036,0.41797310325402764,0.2850645056244036,0.41797310325402764,0.2791128219233066,0.40727351084035324,0.2791128219233066,0.40727351084035324,0.27870373361795153,0.4104810514016961,0.27870373361795153,0.4104810514016961,UŞAK,MERKEZ,265371,1.204
54988432B16312548829707,0.09405780801640647,0.1013240062926183,0.09405780801640647,0.1013240062926183,0.06751948275911589,0.08212780582645098,0.06751948275911589,0.08212780582645098,0.005054326713362315,0.003677790743549443,0.005054326713362315,0.003677790743549443,0.12947427037521364,0.09365376395221331,0.12947427037521364,0.09365376395221331,KONYA,ÇELTİK,9482,-0.544
54988432B16358110737710,0.3925635723238858,0.5497625162830794,0.3925635723238858,0.5497625162830794,0.48413960867521694,0.6160030169421873,0.48413960867521694,0.6160030169421873,0.2274389869486081,0.26224312730466576,0.2274389869486081,0.26224312730466576,0.10510605021051017,0.07602728470944942,0.10510605021051017,0.07602728470944942,BURDUR,TEFENNİ,9514,-0.325
54988432B16406650788150,1.6028050892066803,1.3444254461042704,1.6028050892066803,1.3444254461042704,0.7583490889750754,0.7335976524080403,0.7583490889750754,0.7335976524080403,0.8244756126300645,0.71047914583158,0.8244756126300645,0.71047914583158,2.0623063390318377,1.7324836208709866,2.0623063390318377,1.7324836208709866,SAKARYA,SÖĞÜTLÜ,15288,-0.077
54988432B17114220369178,0.6751952204467517,1.0149975423257858,0.6751952204467517,1.0149975423257858,0.6400941926736832,0.9896076068582028,0.6400941926736832,0.9896076068582028,0.6949367175762748,1.08174860626096,0.6949367175762748,1.08174860626096,2.010870074846427,3.31354925618363,2.010870074846427,3.31354925618363,BOLU,DÖRTDİVAN,6214,-0.784
54988432B17229261486281,3.767596866753133e-08,6.20831646539026e-08,3.767596866753133e-08,6.20831646539026e-08,3.767596866753133e-08,6.20831646539026e-08,3.767596866753133e-08,6.20831646539026e-08,0.0,0.0,0.0,0.0,0.0,0.0,0.0,0.0,DİYARBAKIR,HANİ,32285,-1.267
54988432B17351022548299,0.36516866284994814,0.4931261462863324,0.36516866284994814,0.4931261462863324,0.34582244985476596,0.4791322797059737,0.34582244985476596,0.4791322797059737,0.590510426102557,0.8750346611462689,0.590510426102557,0.8750346611462689,0.5955436183500491,0.871358271867469,0.5955436183500491,0.871358271867469,TEKİRDAĞ,MARMARAEREĞLİSİ,33623,0.287
54988432B17518540104638,0.6689179551909206,0.6872578062289845,0.6260497234796597,0.6166187335819838,0.5956371918538595,0.6342509864807963,0.5527689601425984,0.5636119138337954,0.6164755233773428,0.7002227468264675,0.5652507759508325,0.6158136515514925,1.029512697323267,1.2840192821580358,0.8922443376801648,1.0578259160711263,AFYONKARAHİSAR,ÇAY,29140,-0.328
54988432B17530851783527,0.0003642325031548571,0.00060018911962716,0.0003642325031548571,0.00060018911962716,0.0003642325031548571,0.00060018911962716,0.0003642325031548571,0.00060018911962716,0.0,0.0,0.0,0.0,0.0,0.0,0.0,0.0,KARS,KAĞIZMAN,42717,-0.784
54988432B17532401262571,0.38236511327205824,0.4521628516070476,0.3820643321016365,0.4516672187782577,0.33366244385849164,0.416934320935412,0.3333616626880698,0.4164386881066221,0.29623262644687515,0.3506664834258483,0.29623262644687515,0.3506664834258483,0.3189489411321765,0.3035879146022426,0.3189489411321765,0.3035879146022426,SAMSUN,KAVAK,25370,-0.331
54988432B1769560269502,0.04107474048013981,0.06768372430839284,0.04107474048013981,0.06768372430839284,0.05560937470553826,0.0781971892534544,0.05560937470553826,0.0781971892534544,2.0576342889068844e-05,1.4883667267234656e-05,2.0576342889068844e-05,1.4883667267234656e-05,0.0,0.0,0.0,0.0,AMASYA,HAMAMÖZÜ,3628,-0.665
54988432B17723605206621,0.7297230920717768,0.901718059944496,0.7297230920717768,0.901718059944496,0.7271496179753636,0.8998565662680756,0.7271496179753636,0.8998565662680756,0.7405840055405881,0.9059464858968044,0.7405840055405881,0.9059464858968044,0.6883423802641153,0.837710306483953,0.6883423802641153,0.837710306483953,ANTALYA,MURATPAŞA,510887,3.173
54988432B17733923685340,0.07593271703555798,0.12491192575004172,0.05203522627729302,0.0855331942659842,0.12377612719529503,0.15951892086022007,0.09987863643703009,0.12014018937616264,0.5352699362576955,0.8571205934088686,0.29738344435852054,0.4651267902543592,0.5574089037156367,0.9185087994499775,0.27904296308913745,0.45981220485261826,BATMAN,HASANKEYF,7152,-0.697
54988432B17876819529278,0.11126641477067739,0.1832203456543324,0.11126641477067739,0.1832203456543324,0.15454367047276293,0.21452446405775696,0.15454367047276293,0.21452446405775696,0.14272711691529874,0.1938056418885882,0.14272711691529874,0.1938056418885882,0.0,0.0,0.0,0.0,MARDİN,YEŞİLLİ,21166,-0.936
54988432B18155993888482,0.0007269603911651892,0.0011978989063250833,0.0007269603911651892,0.0011978989063250833,0.0008095874053141589,0.001257666231962511,0.0008095874053141589,0.001257666231962511,5.5453876031127325e-05,4.0111940395601e-05,5.5453876031127325e-05,4.0111940395601e-05,0.0,0.0,0.0,0.0,ŞANLIURFA,CEYLANPINAR,93105,-0.835
54988432B18249389019037,0.0002474747319215539,0.0004077934840944579,0.0002469074054928719,0.00040685863301218896,0.0002503015914849246,0.00040983826131163595,0.00024973426505624257,0.0004089034102293669,0.0,0.0,0.0,0.0,0.0,0.0,0.0,0.0,BURSA,KELES,10939,-0.392
54988432B18439797691554,0.0,0.0,0.0,0.0,0.000277640759298128,0.0002008283349229668,0.000277640759298128,0.0002008283349229668,0.0,0.0,0.0,0.0,0.0,0.0,0.0,0.0,ELAZIĞ,AĞIN,2532,-0.622
54988432B18592908532301,0.04550045625534737,0.05484344244938195,0.04550045625534737,0.05484344244938195,0.04524772962640127,0.054660635471724034,0.04524772962640127,0.054660635471724034,0.03755689973825737,0.04287805216316981,0.03755689973825737,0.04287805216316981,0.02177771486437929,0.015752666235666513,0.02177771486437929,0.015752666235666513,ŞANLIURFA,BİRECİK,91837,-0.66
54988432B18647546937138,0.11248776415095571,0.1647389173994932,0.11247160520015292,0.16471229037864135,0.11403561673920441,0.16585853924028499,0.11401945778840161,0.1658319122194331,0.17530539262378464,0.2657609270655744,0.17530539262378464,0.2657609270655744,0.1946580157720496,0.3005069751962711,0.1946580157720496,0.3005069751962711,ANKARA,ELMADAĞ,45644,0.462
54988432B18669123151161,0.05288310665526718,0.08714177057690946,0.05288310665526718,0.08714177057690946,0.09576692660138507,0.11816130163094818,0.09576692660138507,0.11816130163094818,0.0,0.0,0.0,0.0,0.0,0.0,0.0,0.0,TRABZON,KÖPRÜBAŞI,4271,-0.482
54988432B18726314643148,0.09071366916563506,0.13194701333301653,0.09071366916563506,0.13194701333301653,0.09291335038005377,0.13353812811302868,0.09291335038005377,0.13353812811302868,0.1290673341255112,0.19455845759459067,0.1290673341255112,0.19455845759459067,0.13275427184281893,0.20122230340422267,0.13275427184281893,0.20122230340422267,TOKAT,ZİLE,52729,-0.186
54988432B18782972179490,0.0005457741556977341,0.0008993368444227254,0.0005457741556977341,0.0008993368444227254,0.003603740143112403,0.0031112823060907326,0.003603740143112403,0.0031112823060907326,0.0,0.0,0.0,0.0,0.0,0.0,0.0,0.0,BOLU,KIBRISCIK,3783,-0.655
54988432B18897698290342,0.1299710725640381,0.21416876018349795,0.1299710725640381,0.21416876018349795,0.137520624667911,0.21962964417714437,0.137520624667911,0.21962964417714437,0.07806152341343349,0.12347708150951676,0.07806152341343349,0.12347708150951676,0.0,0.0,0.0,0.0,ERZURUM,KÖPRÜKÖY,12903,-1.189
54988432B19023122389933,0.25747211510367696,0.34145245138148494,0.2563310511115509,0.3395721848293776,0.2521444207375722,0.33759872330773927,0.2510033567454461,0.33571845675563194,0.24768452587499548,0.3319149535523414,0.24651345571185948,0.3299852422713704,0.25565258572103183,0.3402025935600317,0.2534845820095567,0.33663011656342096,ADANA,SEYHAN,782204,2.043
54988432B19168401993834,0.523303017078589,0.7763062783036628,0.523303017078589,0.7763062783036628,0.4942168238229048,0.7552671060454055,0.4942168238229048,0.7552671060454055,0.5345118430942998,0.8337569119591556,0.5345118430942998,0.8337569119591556,0.6797712291958085,1.0367287841748944,0.6797712291958085,1.0367287841748944,AYDIN,GERMENCİK,44697,-0.282
54988432B19253807136892,0.7043029789549127,0.8578801424322584,0.7043029789549127,0.8578801424322584,0.6316293925468631,0.8053125173180471,0.6316293925468631,0.8053125173180471,0.6623846183647609,0.842042759890848,0.6623846183647609,0.842042759890848,0.8170200433164292,1.0268186171369853,0.8170200433164292,1.0268186171369853,KOCAELİ,KARTEPE,154377,0.837
54988432B19331703481644,0.4240016271736649,0.5951246687320914,0.4240016271736649,0.5951246687320914,0.42453263462039603,0.5955087670238131,0.42453263462039603,0.5955087670238131,0.44262099811530314,0.6252518532140292,0.44262099811530314,0.6252518532140292,0.4520217803817124,0.641302846261668,0.4520217803817124,0.641302846261668,KONYA,BEYŞEHİR,80353,0.369
54988432B1936830285057,0.4015800361033831,0.536874291330592,0.40147019412198487,0.5366932916626806,0.5108163413529053,0.6158891497824157,0.5107064993715071,0.6157081501145044,0.496473491408875,0.6074610763247735,0.4964307944151687,0.6073907194213084,0.15074939883362468,0.19612762521277105,0.15074939883362468,0.19612762521277105,İSTANBUL,SULTANBEYLİ,378908,0.684
54988432B19409093219384,0.9342960866218839,0.9205405541373699,0.9342960866218839,0.9205405541373699,0.9236790722109354,0.9128608556255443,0.9236790722109354,0.9128608556255443,0.9174475870401679,0.9024216729565236,0.9174475870401679,0.9024216729565236,0.940673374473876,0.9297439970367285,0.940673374473876,0.9297439970367285,ANTALYA,MANAVGAT,266480,1.538
54988432B19462176511596,0.3826295471524342,0.5037802798364746,0.3826295471524342,0.5037802798364746,0.38276257120206425,0.5038765012935094,0.38276257120206425,0.5038765012935094,0.3808113434126573,0.4994541715960693,0.3808113434126573,0.4994541715960693,0.36822408147616265,0.4866239483010385,0.36822408147616265,0.4866239483010385,KÜTAHYA,MERKEZ,277000,1.23
54988432B19525680012961,1.436909158645532e-05,2.3677657415022062e-05,1.436909158645532e-05,2.3677657415022062e-05,1.436909158645532e-05,2.3677657415022062e-05,1.436909158645532e-05,2.3677657415022062e-05,0.0,0.0,0.0,0.0,0.0,0.0,0.0,0.0,ÇANKIRI,KIZILIRMAK,6830,-0.715
54988432B19751816948051,0.003628833140099399,0.005979659005621823,0.003628833140099399,0.005979659005621823,0.003628833140099399,0.005979659005621823,0.003628833140099399,0.005979659005621823,0.0,0.0,0.0,0.0,0.0,0.0,0.0,0.0,YOZGAT,ÇEKEREK,18426,-0.619
54988432B19771634656837,0.012371766311265206,0.02038642753261984,0.012371766311265206,0.02038642753261984,0.012372575115684615,0.02038701257224168,0.012372575115684615,0.02038701257224168,2.4519715488932004e-05,4.040404501339541e-05,2.4519715488932004e-05,4.040404501339541e-05,0.0,0.0,0.0,0.0,GAZİANTEP,YAVUZELİ,23436,-1.049
54988432B19879435718056,0.040940685484423624,0.06746282598338446,0.040940685484423624,0.06746282598338446,0.04254126882981786,0.06862059002701248,0.04254126882981786,0.06862059002701248,0.003024545326255337,0.0042026168479569505,0.003024545326255337,0.0042026168479569505,0.0,0.0,0.0,0.0,KARABÜK,YENİCE,18984,-0.448
54988432B199390104970,0.5950033524769487,0.8049436279343509,0.5950033524769487,0.8049436279343509,0.6909050948668002,0.8743130796281645,0.6909050948668002,0.8743130796281645,0.5947729010031791,0.780349796941624,0.5947729010031791,0.780349796941624,0.5275046884362732,0.672616243324187,0.5275046884362732,0.672616243324187,SAKARYA,SERDİVAN,168855,1.527
54988432B19989775131060,0.14800403151502242,0.19150979496021808,0.14788795072200234,0.1913185148620257,0.1423833986763964,0.1874441731219543,0.14226731788337635,0.18725289302376188,0.056160693766338386,0.04062320909121798,0.056160693766338386,0.04062320909121798,0.05665240914369882,0.040978885904453005,0.05665240914369882,0.040978885904453005,AFYONKARAHİSAR,ŞUHUT,35303,-0.488
54988432B20130561704636,0.6080679422625204,0.5664080205760198,0.6080679422625204,0.5664080205760198,0.4155824594386969,0.4271758015384585,0.4155824594386969,0.4271758015384585,0.4473624574489232,0.4439923711428352,0.4473624574489232,0.4439923711428352,0.7342530878473036,0.7401199245437076,0.7342530878473036,0.7401199245437076,İZMİR,MENDERES,112853,0.903
54988432B20226026057781,0.04145070525895786,0.06830324609092223,0.04145070525895786,0.06830324609092223,0.04475205703102931,0.0706912419351065,0.04475205703102931,0.0706912419351065,0.016301265160737592,0.026861529108159497,0.016301265160737592,0.026861529108159497,0.0,0.0,0.0,0.0,GÜMÜŞHANE,KÜRTÜN,11327,-0.705
54988432B20261833520035,0.22670852145792347,0.37357453474698693,0.22670852145792347,0.37357453474698693,0.23287529869331317,0.3780352040203133,0.23287529869331317,0.3780352040203133,0.27613295548616595,0.45449442370006804,0.27613295548616595,0.45449442370006804,0.2811357885858869,0.4632608017832817,0.2811357885858869,0.4632608017832817,SİVAS,GEMEREK,21342,-0.478
54988432B20396107752960,0.5400180644779872,0.594447595839421,0.5400180644779872,0.594447595839421,0.3369031624367938,0.44752670541218686,0.3365618825651335,0.4472798444378057,0.4294966420530955,0.6019442285211154,0.4292020691253675,0.601731152491722,0.6914920243848007,0.7634733191105033,0.6914920243848007,0.7634733191105033,İZMİR,NARLIDERE,61320,1.632
54988432B20434166663535,0.7438243608648666,0.9010668204761485,0.7438243608648666,0.9010668204761485,0.7959529806434762,0.9387734739892555,0.7959529806434762,0.9387734739892555,0.7450483417448783,0.8575144426811216,0.7450483417448783,0.8575144426811216,0.5237680185042032,0.5944069263049161,0.5237680185042032,0.5944069263049161,KAYSERİ,TALAS,173657,0.631
54988432B20444305553089,0.12359805282611616,0.18524032422199693,0.12184072860863787,0.1823445725637783,0.1296405845506912,0.18961112189606089,0.12788326033321287,0.18671537023784224,0.14453232148438602,0.21378537941706569,0.14279955525473215,0.21093009486972947,0.09612019664149253,0.1439271980010164,0.09612019664149253,0.1439271980010164,ŞANLIURFA,KARAKÖPRÜ,312031,0.446
54988432B20591788095048,1.37976863338929,1.3091549307601622,1.37976863338929,1.3091549307601622,1.2592073611717656,1.2219482842402207,1.2592073611717656,1.2219482842402207,1.3910454890311852,1.3563092007987056,1.3910454890311852,1.3563092007987056,1.3403957030368423,1.2427505187314736,1.3403957030368423,1.2427505187314736,ÇANAKKALE,AYVACIK,35411,0.133
54988432B20612067222805,0.07143785695694481,0.11771663457725635,0.07143785695694481,0.11771663457725635,0.07165105628196462,0.11787084992214543,0.07165105628196462,0.11787084992214543,0.09716651717020654,0.16011280128074945,0.09716651717020654,0.16011280128074945,0.09772782799902276,0.16103773974523666,0.09772782799902276,0.16103773974523666,ORDU,AKKUŞ,20465,-1.012
54988432B20693988968005,0.08574349326335068,0.14128972919697955,0.08574349326335068,0.14128972919697955,0.16714074775613572,0.20016752195482843,0.16714074775613572,0.20016752195482843,0.1556367938281813,0.1541688412398518,0.1556367938281813,0.1541688412398518,0.0,0.0,0.0,0.0,KASTAMONU,ÇATALZEYTİN,7185,-0.448
54988432B20916998387085,0.8866009410540354,1.0283601293667421,0.8866009410540354,1.0283601293667421,0.870928340277389,1.0170235290568919,0.8709205011517739,1.0170178587131407,0.8828583246571154,1.0422919155148536,0.8828583246571154,1.0422919155148536,0.8839575058759747,1.0599580816196492,0.8839575058759747,1.0599580816196492,KAYSERİ,KOCASİNAN,421472,1.558
54988432B20934882721919,0.2141354874891036,0.29181856557013475,0.2141354874891036,0.29181856557013475,0.20982042211049842,0.2886973113376519,0.20982042211049842,0.2886973113376519,0.21033317981268826,0.2870372999622464,0.21033317981268826,0.2870372999622464,0.21127690479334477,0.28710813962876974,0.21127690479334477,0.28710813962876974,BALIKESİR,GÖNEN,75730,0.326
54988432B21001477531,0.020545807902955602,0.03385576589264704,0.020545807902955602,0.03385576589264704,0.026759454023324726,0.038350337249204704,0.026759454023324726,0.038350337249204704,0.021007233578663326,0.02539155282107067,0.021007233578663326,0.02539155282107067,0.0,0.0,0.0,0.0,SİNOP,DİKMEN,4810,-1.014
54988432B21059504662364,0.46556096127469293,0.66863287293466,0.46511962384382866,0.6679056288754541,0.6467501512133389,0.7996940449808955,0.6463088137824745,0.7989668009216896,0.5527159079912333,0.6653718741719438,0.5521212170725464,0.6643919313720965,0.1694322579106485,0.2083618057744322,0.1694322579106485,0.2083618057744322,ANKARA,KEÇİÖREN,931722,1.365
54988432B21435707194985,0.34601145152596285,0.570164130530628,0.34601145152596285,0.570164130530628,0.39220578220247904,0.6035782824588178,0.39220578220247904,0.6035782824588178,0.3004195140331772,0.47473654395577014,0.3004195140331772,0.47473654395577014,0.0,0.0,0.0,0.0,TRABZON,DERNEKPAZARI,3717,-0.374
54988432B21454530006409,0.3227698097014352,0.4077461520901136,0.3227698097014352,0.4077461520901136,0.3274357142853772,0.41112118193397146,0.3274357142853772,0.41112118193397146,0.37118007156429217,0.48583701695436127,0.37118007156429217,0.48583701695436127,0.3688326116010386,0.48387651676784776,0.3688326116010386,0.48387651676784776,BURSA,İNEGÖL,306004,1.018
54988432B21829167543516,0.3187096722302235,0.3017242317696869,0.3187096722302235,0.3017242317696869,0.3064635958817971,0.29286616954348055,0.3064635958817971,0.29286616954348055,0.23897809987691015,0.19152574836090663,0.23897809987691015,0.19152574836090663,0.2855562355539739,0.24709337977547857,0.2855562355539739,0.24709337977547857,BURSA,İZNİK,45510,0.099
54988432B2183648295887,0.11976201854800746,0.17656249789402134,0.11975096473722366,0.17654428321821566,0.12565617788017075,0.18082597205913106,0.12564512406938694,0.1808077573833254,0.11527938526952045,0.16745087046358018,0.11527938526952045,0.16745087046358018,0.11211880845194526,0.16402031427415548,0.11211880845194526,0.16402031427415548,ISPARTA,YALVAÇ,44596,-0.1
54988432B21974085302576,0.14557610247504052,0.1620323458787654,0.14557610247504052,0.1620323458787654,0.14529166171214514,0.16182659883736944,0.14529166171214514,0.16182659883736944,0.14590273007033674,0.16279086529363287,0.14590273007033674,0.16279086529363287,0.1448523582626351,0.16083974665185294,0.1448523582626351,0.16083974665185294,ADIYAMAN,MERKEZ,296876,0.542
54988432B22127329253106,0.2444146464813589,0.4027510181683633,0.2444146464813589,0.4027510181683633,0.24441938065643132,0.40275444258090065,0.24441938065643132,0.40275444258090065,0.27082251652325307,0.44626639950964425,0.27082251652325307,0.44626639950964425,0.2860411899313501,0.47134401371371115,0.2860411899313501,0.47134401371371115,ERZURUM,İSPİR,13984,-0.381
54988432B22219772223336,0.42182372256428774,0.567367936829744,0.42182372256428774,0.567367936829744,0.3997175290608731,0.551377669248,0.3997175290608731,0.551377669248,0.3144885565483744,0.39840560035038247,0.3144885565483744,0.39840560035038247,0.5174421621036255,0.6897273896162008,0.5174421621036255,0.6897273896162008,AFYONKARAHİSAR,DAZKIRI,11723,-0.088
54988432B22317545762154,0.11008130588558752,0.18139403127015474,0.11008130588558752,0.18139403127015474,0.110444186428331,0.1816565168481345,0.110444186428331,0.1816565168481345,8.718385841200051e-06,1.1165022994496861e-05,8.718385841200051e-06,1.1165022994496861e-05,0.0,0.0,0.0,0.0,ÇORUM,BOĞAZKALE,3587,-0.604
54988432B22429834730887,0.15699962665377745,0.24364537166478148,0.15694823077925027,0.24356068058307465,0.1534752298946523,0.24109603872630253,0.15342383402012508,0.24101134764459572,0.1981036328076082,0.31463425608766404,0.198099358970016,0.3146272135782787,0.21588536094842534,0.34031828955214416,0.21588536094842534,0.34031828955214416,MERSİN,TARSUS,358510,0.613
54988432B22474177192054,0.29475644639684345,0.3106805892628865,0.29475644639684345,0.3106805892628865,0.25845998578077745,0.2844259508317391,0.25845998578077745,0.2844259508317391,0.21752058419245313,0.20653676711811791,0.21752058419245313,0.20653676711811791,0.1893222264293829,0.13694411293874534,0.1893222264293829,0.13694411293874534,NEVŞEHİR,HACIBEKTAŞ,10564,-0.211
54988432B22642598779433,0.10821989454455479,0.17832676290623425,0.10821989454455479,0.17832676290623425,0.10894694329114292,0.17885266547743542,0.10894694329114292,0.17885266547743542,0.2137794580404102,0.35159159445835503,0.2137794580404102,0.35159159445835503,0.25518126354348614,0.4204924507969982,0.25518126354348614,0.4204924507969982,KIRIKKALE,KESKİN,15841,-0.48
54988432B22653723739411,0.5547662140629113,0.5818508390373989,0.5542661779058652,0.5810268701211716,0.29679995381266744,0.3952538327357003,0.29629991765562125,0.394429863819473,0.2083014501540071,0.23711882712864196,0.2083014501540071,0.23711882712864196,0.6289189076246494,0.6162938414775473,0.6289189076246494,0.6162938414775473,BURSA,KESTEL,77374,0.777
54988432B22713208717881,0.2715677416318638,0.3902690631094565,0.2715677416318638,0.3902690631094565,0.2697226981326808,0.3889344715504286,0.2697226981326808,0.3889344715504286,0.30872836075632,0.45152657377041105,0.30872836075632,0.45152657377041105,0.3096934035305048,0.453057509589036,0.3096934035305048,0.453057509589036,ERZİNCAN,TERCAN,16145,-0.527
54988432B22762038949408,0.0009855753350966581,0.001624049439778885,0.0009855753350966581,0.001624049439778885,0.0009855753350966581,0.001624049439778885,0.0009855753350966581,0.001624049439778885,0.0034932500466401772,0.005756242652619907,0.0034932500466401772,0.005756242652619907,0.0,0.0,0.0,0.0,MALATYA,ARGUVAN,6859,-0.877
54988432B22791175863711,0.10471800611155829,0.17255628575928095,0.10471800611155829,0.17255628575928095,0.10471800611155829,0.17255628575928095,0.10471800611155829,0.17255628575928095,0.07056855396948497,0.1162841808829441,0.07056855396948497,0.1162841808829441,0.13580512664665753,0.2237822234339643,0.13580512664665753,0.2237822234339643,AKSARAY,ESKİL,27946,-0.542
54988432B2283015809064,0.8059069681472355,0.9817905481674827,0.8059069681472355,0.9817905481674827,0.7796665278823878,0.9628098194756403,0.7796665278823878,0.9628098194756403,0.909067209381013,1.1784622612456355,0.909067209381013,1.1784622612456355,1.0659792072400673,1.4087243281922015,1.0659792072400673,1.4087243281922015,ÇANAKKALE,EZİNE,31894,0.043
54988432B23049550027928,0.03635928024744547,0.05991350089015381,0.03635928024744547,0.05991350089015381,0.03644858205445191,0.05997809635247735,0.03644858205445191,0.05997809635247735,0.001395429133000056,0.0022994141807309108,0.001395429133000056,0.0022994141807309108,0.0,0.0,0.0,0.0,KARS,SUSUZ,8417,-1.064
54988432B23191513902101,0.021448129534129966,0.03534262832459435,0.02144786624377165,0.035342194469825776,0.021448129534129966,0.03534262832459435,0.02144786624377165,0.035342194469825776,0.015861406718750463,0.026136722154441294,0.015861406718750463,0.026136722154441294,0.01441966265199226,0.023760989361073896,0.01441966265199226,0.023760989361073896,ŞANLIURFA,SİVEREK,277399,-0.797
54988432B23223928850559,0.7694572395307023,0.626576003182673,0.7694572395307023,0.626576003182673,0.6084820338216885,0.5101363903241395,0.6084820338216885,0.5101363903241395,0.5788050903021534,0.4906371403552638,0.5788050903021534,0.4906371403552638,0.9927669834066088,0.9803334798749865,0.9927669834066088,0.9803334798749865,RİZE,ÇAMLIHEMŞİN,7051,-0.287
54988432B23323224712482,0.20518941017773976,0.2506361208012599,0.19830787691746282,0.23929660180337778,0.21454230363365862,0.25740143157267714,0.20766077037338163,0.24606191257479504,0.21178126623054921,0.2525985664717648,0.2075868922973418,0.24568699878751404,0.19465658719110396,0.23327164850492338,0.19078355726770987,0.22688959748016002,BATMAN,MERKEZ,517785,0.367
54988432B23399506189072,0.21463707179415864,0.3209591818995256,0.21463707179415864,0.3209591818995256,0.21391106953279496,0.32043403629169565,0.21391106953279496,0.32043403629169565,0.22144200259931276,0.33275028756218933,0.22144200259931276,0.33275028756218933,0.22418085495498685,0.3366856059929147,0.22418085495498685,0.3366856059929147,ERZİNCAN,MERKEZ,169506,0.724
54988432B23414498187301,0.3453661213412494,0.3935524687490012,0.3453661213412494,0.3935524687490012,0.31342790983384883,0.3704503210180142,0.31342790983384883,0.3704503210180142,0.2168404569992409,0.2159123965026247,0.2168404569992409,0.2159123965026247,0.3027095437071735,0.32285309771733023,0.3027095437071735,0.32285309771733023,RİZE,ÇAYELİ,42032,0.054
54988432B23567974096892,0.5164582101401913,0.7024019867541973,0.49675679410484785,0.6766945808489728,0.6113635383696653,0.7710506934204139,0.5917054499788249,0.745374628081768,0.5870919566373043,0.7283364408301394,0.5651964487042721,0.6990039327832767,0.46050568829509536,0.6169338103764532,0.43857890911968844,0.5875594095371787,ISPARTA,MERKEZ,273638,1.551
54988432B23570910336885,2.4696926443611353,2.0564696415007546,2.4540895253816575,2.0307585307058225,1.153180184092346,1.1041850923246856,1.1375770651128687,1.0784739815297533,0.9509137041601309,0.6880801752466676,0.9509137041601309,0.6880801752466676,2.2096482368238073,1.5983243140834709,2.2096482368238073,1.5983243140834709,AFYONKARAHİSAR,ÇOBANLAR,14457,-0.801
54988432B23630404748183,0.03192565341461955,0.052607687810595175,0.03192565341461955,0.052607687810595175,0.03192565341461955,0.052607687810595175,0.03192565341461955,0.052607687810595175,0.00012845706208051638,0.0002116739454392332,0.00012845706208051638,0.0002116739454392332,0.0,0.0,0.0,0.0,ÇORUM,BAYAT,13312,-0.868
54988432B23635827316109,0.29648426972076286,0.4507589695949283,0.29648426972076286,0.4507589695949283,0.32133154612597037,0.46873196880600687,0.32133154612597037,0.46873196880600687,0.3036850224827892,0.4434617642831148,0.3036850224827892,0.4434617642831148,0.23022648025374734,0.3465026749955811,0.23022648025374734,0.3465026749955811,KOCAELİ,KÖRFEZ,183077,0.55
54988432B23701812134716,0.1639909761575175,0.2571974841660798,0.1639909761575175,0.2571974841660798,0.17482729745973563,0.2650358158624641,0.17482729745973563,0.2650358158624641,0.13309022992266556,0.19126303803216427,0.13309022992266556,0.19126303803216427,0.10509334446547156,0.17242985887179177,0.10509334446547156,0.17242985887179177,AYDIN,SULTANHİSAR,19791,-0.265
54988432B23708733321039,0.4515556563051334,0.6288289300629004,0.4511097179957163,0.6280941045901083,0.5614625933980459,0.7083288825506104,0.5610166550886289,0.7075940570778181,0.4789855372900325,0.587935351466494,0.4784081287209997,0.5869838868451018,0.2101126193087637,0.2603754897577149,0.2101126193087637,0.2603754897577149,ANKARA,MAMAK,690329,0.779
54988432B24237027631041,0.2563561366228332,0.31575792244754414,0.24529221912996985,0.3023711015859373,0.2697208500938814,0.32542513831274456,0.2569679051169023,0.31081657832993803,0.2699184595130947,0.31712167373149175,0.2581296669985101,0.3042267860609657,0.2010694504356523,0.25070166929173815,0.19643673922443772,0.2461868233674631,DİYARBAKIR,YENİŞEHİR,232622,0.466
54988432B24385589746851,0.0,0.0,0.0,0.0,0.0,0.0,0.0,0.0,0.0,0.0,0.0,0.0,0.0,0.0,0.0,0.0,BİNGÖL,YAYLADERE,1889,-0.451
54988432B24416647543453,1.112034456016565,1.371365276266622,1.112034456016565,1.371365276266622,1.1122051214021034,1.3714887251625738,1.1122051214021034,1.3714887251625738,1.1126946332134358,1.3723036225206113,1.1126946332134358,1.3723036225206113,1.112517742739863,1.3721756707769217,1.112517742739863,1.3721756707769217,MUĞLA,DATÇA,26067,0.923
54988432B24437456666423,0.15299877600979192,0.11066995173538131,0.15299877600979192,0.11066995173538131,0.09473950045434129,0.06852875700159237,0.09473950045434129,0.06852875700159237,0.11640647859059958,0.08420132306472089,0.11640647859059958,0.08420132306472089,0.1529987760097919,0.11066995173538134,0.1529987760097919,0.11066995173538134,TOKAT,SULUSARAY,6536,-0.911
54988432B24535022405738,0.043150427688047645,0.07110408044669692,0.043150427688047645,0.07110408044669692,0.044613904041830126,0.07216266968291808,0.044613904041830126,0.07216266968291808,0.0720947798943655,0.1187130306560975,0.0720947798943655,0.1187130306560975,0.0006109988204306062,0.0010068152648407826,0.0006109988204306062,0.0010068152648407826,KIRIKKALE,ÇELEBİ,2587,-0.608
54988432B24536505693490,0.13699844842049794,0.10393019740770906,0.13699844842049794,0.10393019740770906,0.08428924388903491,0.06580358441353695,0.08428924388903491,0.06580358441353695,0.11861933213430603,0.08580196590165307,0.11861933213430603,0.08580196590165307,0.13176966662274345,0.09531411312985277,0.13176966662274345,0.09531411312985277,TOKAT,ARTOVA,7589,-0.583
54988432B24577207429015,0.07167661377091909,0.11811006251337679,0.07167661377091909,0.11811006251337679,0.0718467355755395,0.1182331182161575,0.0718467355755395,0.1182331182161575,0.0,0.0,0.0,0.0,0.0,0.0,0.0,0.0,KASTAMONU,İHSANGAZİ,4976,-0.49
54988432B24627803634340,0.05402856687346351,0.08902928131242141,0.05402856687346351,0.08902928131242141,0.05402856687346351,0.08902928131242141,0.05402856687346351,0.08902928131242141,0.052739355256739714,0.08690489433829796,0.052739355256739714,0.08690489433829796,0.06951927421877714,0.11455515811763588,0.06951927421877714,0.11455515811763588,BİTLİS,ADİLCEVAZ,28769,-0.832
54988432B24762133254880,0.11707912112276729,0.19292516188078776,0.11707912112276729,0.19292516188078776,0.11714448406411997,0.19297244143264716,0.11714448406411997,0.19297244143264716,0.011142687298007015,0.01820983349596492,0.011142687298007015,0.01820983349596492,0.0,0.0,0.0,0.0,ÇORUM,LAÇİN,4094,-0.789
54988432B24776068854278,0.04497344479618423,0.07410808207675615,0.04497344479618423,0.07410808207675615,0.054169750060527946,0.080760126532874,0.05408927785147839,0.0807019178613812,0.0017282626697875804,0.001426449377671857,0.0017282626697875804,0.001426449377671857,0.0,0.0,0.0,0.0,SİNOP,ERFELEK,12565,-0.585
54988432B24795897015329,0.0624594253124108,0.10292180726862812,0.0624594253124108,0.10292180726862812,0.0624594253124108,0.10292180726862812,0.0624594253124108,0.10292180726862812,0.0,0.0,0.0,0.0,0.0,0.0,0.0,0.0,KONYA,DEREBUCAK,5353,-0.621
54988432B2483198976675,0.10161531078787166,0.1523590008491025,0.09989126973076586,0.14951809380400696,0.10756080212478196,0.15665960544516072,0.10583676106767616,0.15381869840006518,0.09493924028327665,0.13451591390972445,0.09316908987712993,0.13159902701832818,0.058044971143668724,0.08172578816013315,0.05602562676896359,0.07839827479441071,ŞANLIURFA,EYYÜBİYE,414516,-0.568
54988432B25026961514665,0.03236068922090965,0.05332454793516383,0.03236068922090965,0.05332454793516383,0.033951877165810065,0.054475515921030455,0.033951877165810065,0.054475515921030455,0.00813121065549067,0.01209008776379611,0.00813121065549067,0.01209008776379611,0.0,0.0,0.0,0.0,HATAY,SAMANDAĞ,122952,-0.029
54988432B25326258827765,1.855551449554679,3.057612325327348,1.855551449554679,3.057612325327348,1.9260343761241174,3.1085953611727395,1.9260343761241174,3.1085953611727395,1.8763432374405018,3.008192316440191,1.8763432374405018,3.008192316440191,1.3721454474174264,2.2610468888762005,1.3721454474174264,2.2610468888762005,ANKARA,ÇAMLIDERE,10203,-0.526
54988432B25362626597569,0.3114841168099246,0.4326709300089131,0.3114841168099246,0.4326709300089131,0.31496305242076045,0.4351873791347354,0.31496305242076045,0.4351873791347354,0.3792875343258702,0.5424780457102887,0.3792875343258702,0.5424780457102887,0.20314585872656568,0.3079183596320522,0.20314585872656568,0.3079183596320522,TEKİRDAĞ,ŞARKÖY,34458,0.097
54988432B25487476963014,0.06361287247964029,0.10482247904788876,0.06361287247964029,0.10482247904788876,0.0643085523125726,0.10532569126658632,0.0643085523125726,0.10532569126658632,0.0005711348640506553,0.0009045241658600578,0.0005711348640506553,0.0009045241658600578,0.0,0.0,0.0,0.0,TOKAT,BAŞÇİFTLİK,8445,-0.936
54988432B26148640442068,0.0013951629855010735,0.0022989756179125965,0.0013951629855010735,0.0022989756179125965,0.0013951629855010735,0.0022989756179125965,0.0013951629855010735,0.0022989756179125965,0.0,0.0,0.0,0.0,0.0,0.0,0.0,0.0,MALATYA,KULUNCAK,7414,-0.873
54988432B26216305629532,0.5244970461950041,0.555359263662103,0.5240259586255029,0.5547643450270056,0.48643750237453304,0.5278293187335723,0.4858620354894537,0.5271588984891257,0.4692654079185015,0.5049476290868157,0.46837936598813096,0.5037979070444276,0.6889325861422635,0.7619810239489158,0.6887666088308255,0.761860966118879,İSTANBUL,BÜYÜKÇEKMECE,283239,1.891
54988432B26373171559037,0.09535334610261453,0.13783752944455785,0.09535334610261453,0.13783752944455785,0.08452861211930589,0.1300075793055813,0.08452861211930589,0.1300075793055813,0.054181350927156355,0.08057868118253181,0.054181350927156355,0.08057868118253181,0.06737031214911295,0.09025322587982754,0.06737031214911295,0.09025322587982754,HATAY,PAYAS,44530,-0.028
54988432B26387222249237,0.14775049331562912,0.2084310835870345,0.14775049331562912,0.2084310835870345,0.14882897472650458,0.2092111910414984,0.14882897472650458,0.2092111910414984,0.13594565386236362,0.18752500398444072,0.13594565386236362,0.18752500398444072,0.09669537065057356,0.1275008296494541,0.09669537065057356,0.1275008296494541,GAZİANTEP,ŞAHİNBEY,957792,0.854
54988432B2651757206264,0.1532570193453459,0.2525397780836111,0.1532570193453459,0.2525397780836111,0.1532570193453459,0.2525397780836111,0.1532570193453459,0.2525397780836111,0.17200687600656067,0.28343614198621814,0.17200687600656067,0.28343614198621814,0.2420428415829602,0.3988427137705758,0.2420428415829602,0.3988427137705758,ERZURUM,UZUNDERE,8263,-0.561
54988432B26639415415250,0.007220730032537743,0.01189845377267625,0.007220730032537743,0.01189845377267625,0.007253778611204113,0.01192235909206061,0.007253778611204113,0.01192235909206061,0.0,0.0,0.0,0.0,0.0,0.0,0.0,0.0,ORDU,AYBASTI,19784,-0.464
54988432B26755452490814,0.2341309017698517,0.27171890377476643,0.2341309017698517,0.27171890377476643,0.22592032205066218,0.26577987285608734,0.22592032205066218,0.26577987285608734,0.28347006302714073,0.3550327868865617,0.28347006302714073,0.3550327868865617,0.28794734677087624,0.36039864670505545,0.28794734677087624,0.36039864670505545,ISPARTA,ŞARKİKARAAĞAÇ,24310,-0.249
54988432B26897526032895,0.02656146746007418,0.0437684820349202,0.02656146746007418,0.0437684820349202,0.02851845020936297,0.04518404359730095,0.02851845020936297,0.04518404359730095,0.0,0.0,0.0,0.0,0.0,0.0,0.0,0.0,ORDU,KABATAŞ,9949,-0.805
54988432B26930911195610,0.12524095564849885,0.20487219592691167,0.12524095564849885,0.20487219592691167,0.17874494251008313,0.24357370582162507,0.17874494251008313,0.24357370582162507,0.1601455979141683,0.21454044609763287,0.1601455979141683,0.21454044609763287,0.0,0.0,0.0,0.0,KAYSERİ,AKKIŞLA,5440,-0.812
54988432B26980759759875,0.006444381116405825,0.010619171532731259,0.006444381116405825,0.010619171532731259,0.0064467291421326945,0.010620869950853566,0.0064467291421326945,0.010620869950853566,1.0876500860942923e-06,1.7922501204067318e-06,1.0876500860942923e-06,1.7922501204067318e-06,0.0,0.0,0.0,0.0,MUŞ,VARTO,28804,-0.844
54988432B27026287555316,0.3170096958615273,0.48201300869296587,0.3170096958615273,0.48201300869296587,0.3161447977352888,0.48138739431628136,0.3161447977352888,0.48138739431628136,0.33433529241444304,0.5105783685006015,0.33433529241444304,0.5105783685006015,0.334715855344539,0.5111895488974755,0.334715855344539,0.5111895488974755,BAYBURT,MERKEZ,68715,0.161
54988432B27102438634757,0.2651542877457016,0.38468894053124714,0.2651542877457016,0.38468894053124714,0.2873331419661806,0.40073176642920966,0.2873331419661806,0.40073176642920966,0.28398066998693156,0.39230684241691,0.28398066998693156,0.39230684241691,0.27212709458516676,0.3977825706899519,0.27212709458516676,0.3977825706899519,İZMİR,MENEMEN,220510,0.838
54988432B27162920946888,0.08399361369086294,0.06077757190973243,0.08399361369086294,0.06077757190973243,0.08661801803203734,0.06267590540851353,0.08661801803203734,0.06267590540851353,0.08518843262408878,0.06162009901515363,0.08518843262408878,0.06162009901515363,0.08397010664203543,0.060738836555752164,0.08397010664203543,0.060738836555752164,SİNOP,AYANCIK,23818,0.146
54988432B271913105949,0.24930139057099318,0.33759768795786116,0.2492891919447861,0.3375775868338251,0.23892611700182245,0.33009284997753635,0.2389139183756154,0.33007274885350035,0.2487741899928521,0.3407277475365451,0.2487741899928521,0.3407277475365451,0.25281143753813967,0.34405389835014166,0.25281143753813967,0.34405389835014166,KIRKLARELİ,MERKEZ,114710,0.85
54988432B2727016024210,0.6349630881645468,0.9459588826232967,0.6349630881645468,0.9459588826232967,0.6347419776195392,0.9457989447859992,0.6347419776195392,0.9457989447859992,0.6516264666092273,0.9734205094011817,0.6516264666092273,0.9734205094011817,0.6512536633018561,0.9728027965112471,0.6512536633018561,0.9728027965112471,KAYSERİ,SARIZ,9213,-0.67
54988432B27415936221667,0.0024183284178343244,0.0039849667217980965,0.0024183284178343244,0.0039849667217980965,0.00244260640183119,0.0040025279297190896,0.00244260640183119,0.0040025279297190896,0.0,0.0,0.0,0.0,0.0,0.0,0.0,0.0,IĞDIR,ARALIK,18477,-0.852
54988432B2751478310709,0.06306175989383597,0.10391434543865757,0.06306175989383597,0.10391434543865757,0.06368815324061922,0.1043674400532931,0.06368815324061922,0.1043674400532931,0.0,0.0,0.0,0.0,0.0,0.0,0.0,0.0,ORDU,ÇAYBAŞI,11656,-0.932
54988432B2777192469074,0.5105755644565153,0.5623211626093771,0.5097607889951542,0.5614327316236758,0.556534320055708,0.595564913942756,0.5558327097703329,0.594758339720168,0.5763969776350676,0.6329611104834805,0.5752830256301404,0.6314961039169515,0.43115607486010116,0.48164346023696303,0.42901609515856526,0.4784062846770322,İSTANBUL,ESENYURT,1003905,2.479
54988432B2790906472505,0.2993549053901832,0.44762074662623064,0.2993549053901832,0.44762074662623064,0.2945881755436428,0.4441727859574573,0.2945881755436428,0.4441727859574573,0.24154196546364154,0.34613825306510293,0.24154196546364154,0.34613825306510293,0.26382086285590894,0.3898349483122817,0.26382086285590894,0.3898349483122817,MUĞLA,KÖYCEĞİZ,41810,0.205
54988432B28277823667542,0.25561313748039877,0.19478238449594132,0.25561313748039877,0.19478238449594132,0.22550810382327902,0.17300624543968998,0.22550810382327902,0.17300624543968998,0.23009321964553547,0.16643535443172564,0.23009321964553547,0.16643535443172564,0.24491795248591727,0.17715865896214858,0.24491795248591727,0.17715865896214858,KASTAMONU,ŞENPAZAR,4083,-0.859
54988432B28290030678848,0.2307225331353461,0.26990858471834384,0.2307225331353461,0.26990858471834384,0.23008815942139815,0.26944971759446346,0.23008815942139815,0.26944971759446346,0.24079640450508133,0.2865084980601468,0.24079640450508133,0.2865084980601468,0.2385780746749374,0.28285309274550713,0.2385780746749374,0.28285309274550713,MERSİN,ÇAMLIYAYLA,8383,-0.505
54988432B28558182878988,0.3889966785019938,0.6409959901594456,0.3889966785019938,0.6409959901594456,0.3889966785019938,0.6409959901594456,0.3889966785019938,0.6409959901594456,0.49975012493753135,0.823497587177978,0.49975012493753135,0.823497587177978,0.49975012493753124,0.8234975871779778,0.49975012493753124,0.8234975871779778,MALATYA,DOĞANYOL,4002,-0.973
54988432B28682407811483,0.076871861150031,0.12667088815004107,0.076871861150031,0.12667088815004107,0.09440254322971842,0.1393515107683759,0.09440254322971842,0.1393515107683759,0.0,0.0,0.0,0.0,0.0,0.0,0.0,0.0,BURDUR,ALTINYAYLA,5060,-0.663
54988432B2869647225389,0.24541073284778947,0.3469141568820419,0.24541073284778947,0.3469141568820419,0.24536294680315762,0.34687959138164415,0.24536294680315762,0.34687959138164415,0.24869435463814976,0.352324970179797,0.24869435463814976,0.352324970179797,0.24869435463814982,0.3523249701797971,0.24869435463814982,0.3523249701797971,BALIKESİR,DURSUNBEY,32168,-0.456
54988432B2872798866020,0.6685902655523807,0.6807715363992215,0.6685902655523807,0.6807715363992215,0.43006506270178974,0.508237001316029,0.43006506270178974,0.508237001316029,0.6561029800798278,0.8924460213778267,0.6561029800798278,0.8924460213778267,1.3262399572860848,1.5655014000054477,1.3262399572860848,1.5655014000054477,KASTAMONU,ABANA,4474,0.084
54988432B28758296950663,0.2069949271848778,0.3410901060127511,0.2069949271848778,0.3410901060127511,0.2070325759092883,0.3411173387960587,0.2070325759092883,0.3411173387960587,0.20909566126502876,0.34455173485481105,0.20909566126502876,0.34455173485481105,0.20909566126502876,0.34455173485481105,0.20909566126502876,0.34455173485481105,GİRESUN,ŞEBİNKARAHİSAR,19130,-0.204
54988432B28761186895791,0.4827176747541391,0.5958836844189652,0.48258278141088745,0.5956614046492341,0.5317376387834255,0.6313417265986231,0.5316027454401737,0.6311194468288919,0.5254409439626201,0.6189224227550346,0.5251923471194836,0.6185127802351282,0.4164318000558605,0.48040141661133556,0.41633055278384645,0.4802345794660275,İSTANBUL,KARTAL,475630,2.321
54988432B28793494841069,0.06553138085162079,0.09255204450162431,0.06411280328369323,0.09021448589759358,0.06137371181585048,0.08954464115160703,0.059955134247922905,0.0872070825475763,0.05641437665114248,0.0846883353462506,0.056363705624410905,0.0846048386822758,0.08346200392271419,0.12209845999774632,0.08346200392271419,0.12209845999774632,DİYARBAKIR,BİSMİL,119815,-0.727
54988432B28826403720694,0.4711356122944458,0.44385316485602805,0.4711356122944458,0.44385316485602805,0.45235530082442954,0.4302686368083715,0.45235530082442954,0.4302686368083715,0.5326288859118061,0.5498668750885284,0.5326288859118061,0.5498668750885284,0.5394810192594723,0.556474002594551,0.5394810192594723,0.556474002594551,BURSA,YENİŞEHİR,55609,0.062
54988432B28913521474336,0.1609998387744995,0.2474184746110207,0.1609998387744995,0.2474184746110207,0.16075067698579645,0.24723824622064255,0.16075067698579645,0.24723824622064255,0.15086990497682615,0.23079520919785476,0.15086990497682615,0.23079520919785476,0.11752015870904911,0.1757718459490579,0.11752015870904911,0.1757718459490579,TOKAT,ERBAA,103409,-0.097
54988432B28918062782607,0.3836470770947537,0.44338842576173554,0.3836470770947537,0.44338842576173554,0.29954745956151557,0.3825559089527656,0.29954745956151557,0.3825559089527656,0.2800605157986676,0.3410593534576823,0.2800605157986676,0.3410593534576823,0.5561856046648622,0.6923638047771759,0.5561856046648622,0.6923638047771759,İZMİR,GAZİEMİR,137220,2.031
54988432B29112177447975,0.7328204475988963,0.825603081208325,0.7326886425989912,0.8253858904684263,0.6488294589854972,0.7648491399123704,0.6486976539855923,0.7646319491724716,0.7158708690575328,0.850530359111296,0.7156222655016041,0.8501207055299249,1.0048390840209072,1.186612524826985,1.0048390840209072,1.186612524826985,İSTANBUL,ATAŞEHİR,412125,3.545
54988432B29207959806558,0.7949754815325375,0.9101656266409033,0.7947094343252539,0.9097272290851227,0.8068235798700487,0.91873581592846,0.8065575326627652,0.9182974183726793,0.9394959702632352,1.0911262535624977,0.9394756049638585,1.091092695241925,0.8113203842531651,0.9127693489094976,0.8113203842531651,0.9127693489094976,ANKARA,ETİMESGUT,632458,1.957
54988432B2925959455693,0.6925659569206546,0.9751946200891463,0.6925659569206546,0.9751946200891463,0.6939819739257636,0.9762188801368334,0.6939819739257636,0.9762188801368334,0.7496400668291943,1.0683648530452567,0.7496400668291943,1.0683648530452567,0.5387737509428541,0.7217729514796019,0.5387737509428541,0.7217729514796019,ANKARA,KIZILCAHAMAM,27841,0.022
54988432B29479303092234,0.24371732941858465,0.34461596619862483,0.24371732941858465,0.34461596619862483,0.23363429045802256,0.33732251285073683,0.23363429045802256,0.33732251285073683,0.2253323436111646,0.31329065976429077,0.2253323436111646,0.31329065976429077,0.5895482401728963,0.8721363123606136,0.5895482401728963,0.8721363123606136,GİRESUN,KEŞAP,20859,-0.24
54988432B29488154081251,0.22697515941117113,0.3014281099645847,0.22697515941117113,0.3014281099645847,0.31225898077231434,0.3631172073547661,0.31225898077231434,0.3631172073547661,0.31758728673774816,0.37248270797525995,0.31758728673774816,0.37248270797525995,0.28697193569787516,0.39937056588978365,0.28697193569787516,0.39937056588978365,MALATYA,YEŞİLYURT,309890,1.023
54988432B29554911606653,0.5607586533101966,0.7108052189686851,0.5607586533101966,0.7108052189686851,0.5838602980306123,0.7275155350437151,0.5838602980306123,0.7275155350437151,0.6368209991681356,0.8178094857193425,0.6368209991681356,0.8178094857193425,1.1228006145740514,1.643829443368623,1.1228006145740514,1.643829443368623,BOLU,MERKEZ,222589,1.48
54988432B29564092922191,0.06998596815029715,0.05067072209461706,0.06998596815029715,0.05067072209461706,0.06992822074487388,0.05062895115541275,0.06992822074487388,0.05062895115541275,0.06993496048674733,0.05058667071420748,0.06993496048674733,0.05058667071420748,0.06993496048674734,0.05058667071420748,0.06993496048674734,0.05058667071420748,HAKKARİ,ÇUKURCA,14299,-0.386
54988432B29828557517044,0.5537825158286731,0.5856378563616976,0.5537825158286731,0.5856378563616976,0.5201184621630939,0.5612873400271846,0.5201184621630939,0.5612873400271846,0.4811010391223531,0.5156062948744122,0.4811010391223531,0.5156062948744122,0.6043003815150942,0.6654322390813543,0.6043003815150942,0.6654322390813543,ANTALYA,KUMLUCA,75588,0.515
54988432B29874817302279,0.1353970176128922,0.22310973374793713,0.1353970176128922,0.22310973374793713,0.1353970176128922,0.22310973374793713,0.1353970176128922,0.22310973374793713,0.21313180246212896,0.35120256368199165,0.21313180246212896,0.35120256368199165,0.2131741632914091,0.35127236664743855,0.2131741632914091,0.35127236664743855,KARS,AKYAKA,9382,-0.832
54988432B29894117930942,0.3236252174024073,0.46333104623469895,0.3228275515220491,0.4620166375030728,0.41906726262612004,0.532367981129906,0.41826959674576186,0.5310535723982798,0.31136839338301375,0.36515836718385314,0.3104728498935119,0.36368267390031506,0.09270777675327475,0.10122799265821189,0.09270777675327475,0.10122799265821189,BURSA,YILDIRIM,654589,1.085
54988432B29917734585763,0.11000424924805585,0.15226225851532113,0.11000424924805585,0.15226225851532113,0.10575953140503838,0.14919188938513286,0.10575953140503838,0.14919188938513286,0.11130326371643862,0.16005893670257648,0.11130326371643862,0.16005893670257648,0.11680779488362486,0.16365208789895527,0.11680779488362486,0.16365208789895527,HATAY,ANTAKYA,301855,1.146
54988432B30085289837224,0.6999281206836689,0.857173549582406,0.6999281206836689,0.857173549582406,0.6999033043778893,0.8571555989854505,0.6999033043778893,0.8571555989854505,0.7475437847073899,0.9356355298376645,0.7475437847073899,0.9356355298376645,0.74754378470739,0.9356355298376647,0.74754378470739,0.9356355298376647,KIRKLARELİ,DEMİRKÖY,9364,-0.286
54988432B30163162134141,0.2726135486086176,0.38389266259477506,0.2726135486086176,0.38389266259477506,0.2721702276808833,0.3835719913648791,0.2721702276808833,0.3835719913648791,0.3069838814866042,0.4413927772818904,0.3069838814866042,0.4413927772818904,0.35330695308083654,0.5168607611867573,0.35330695308083654,0.5168607611867573,BOLU,MENGEN,14152,-0.245
54988432B30290835875558,0.13493684371755169,0.22235145061085415,0.13493684371755169,0.22235145061085415,0.13493712063444882,0.2223516509155915,0.13493712063444882,0.2223516509155915,0.0,0.0,0.0,0.0,0.0,0.0,0.0,0.0,ÇANKIRI,ORTA,17223,-0.699
54988432B30380906676277,0.31319864852138946,0.4731105119035978,0.31319864852138946,0.4731105119035978,0.31341522556979406,0.4732671704868822,0.31341522556979406,0.4732671704868822,0.43351539506465525,0.6711004890901023,0.43351539506465525,0.6711004890901023,0.41845867720562596,0.6465599525787528,0.41845867720562596,0.6465599525787528,MANİSA,KULA,43015,-0.119
54988432B30515055342266,0.10380437116399006,0.17105078103333826,0.10380437116399006,0.17105078103333826,0.11002393513837436,0.1755496330033447,0.11002393513837436,0.1755496330033447,0.10912170584508286,0.173598284659926,0.10912170584508286,0.173598284659926,0.10090308258917313,0.16626998354705963,0.10090308258917313,0.16626998354705963,YOZGAT,AKDAĞMADENİ,39642,-0.393
54988432B3051798529844,0.006614059831803346,0.010898771288194617,0.006614059831803346,0.010898771288194617,0.006614852729503469,0.010899344821869147,0.006614852729503469,0.010899344821869147,9.03484487616492e-06,1.4887786085054305e-05,9.03484487616492e-06,1.4887786085054305e-05,0.0,0.0,0.0,0.0,ARDAHAN,GÖLE,22038,-0.831
54988432B30574350937467,0.20136921238982675,0.26994376672086734,0.20136915471168151,0.26994367167774264,0.2005094449306276,0.26932186355474574,0.20050938725248232,0.26932176851162104,0.22317366288211507,0.30784227826905264,0.22317366288211507,0.30784227826905264,0.227016955022652,0.3132118086684834,0.227016955022652,0.3132118086684834,MARDİN,ARTUKLU,198718,0.311
54988432B30601194399557,0.3339104406106451,0.4104107722572737,0.3339104406106451,0.4104107722572737,0.31721230350300894,0.3983323617237502,0.31721230350300894,0.3983323617237502,0.2879084024945674,0.35917679625501553,0.2879084024945674,0.35917679625501553,0.4379032670285944,0.5614764599504887,0.4379032670285944,0.5614764599504887,MERSİN,YENİŞEHİR,281358,1.948
54988432B30610507715485,0.06908596509367024,0.11384114325056138,0.06908596509367024,0.11384114325056138,0.06908706155594889,0.11384193636427524,0.06908706155594889,0.11384193636427524,0.07540531985955864,0.12425429402842512,0.07540531985955864,0.12425429402842512,0.04382409010232925,0.07221415395153644,0.04382409010232925,0.07221415395153644,BİTLİS,AHLAT,45637,-0.706
54988432B30800064682822,3.0730332065206647,5.035346398404922,3.0730332065206647,5.035346398404922,3.0931853020087314,5.049923191064286,3.0931853020087314,5.049923191064286,3.842190798137195,6.284779503931681,3.842190798137195,6.284779503931681,4.0057484613004615,6.47665818712312,4.0057484613004615,6.47665818712312,ÇANKIRI,ILGAZ,13948,-0.249
54988432B30848484740175,0.11024769354713765,0.18166820796563798,0.11024769354713765,0.18166820796563798,0.12230659702603476,0.19039088079215624,0.12230659702603476,0.19039088079215624,0.0025513847786636326,0.004204219477593432,0.0025513847786636326,0.004204219477593432,0.0,0.0,0.0,0.0,TRABZON,HAYRAT,7410,-0.676
54988432B31063140501282,0.2673068999833229,0.3785125493626164,0.2673068999833229,0.3785125493626164,0.335041859594915,0.4275078740737967,0.335041859594915,0.4275078740737967,0.2999597677149013,0.37291516366858357,0.2999597677149013,0.37291516366858357,0.09814722531013752,0.11116403221184282,0.09814722531013752,0.11116403221184282,İZMİR,BUCA,520941,1.227
54988432B31153885682838,0.2533138520372138,0.27032924149985194,0.25331380306257756,0.27032916079853186,0.2542555252657185,0.2710103902872281,0.2542554762910823,0.2710103095859081,0.15485245424231908,0.11307204800640838,0.15485245424231908,0.11307204800640838,0.15908521187222577,0.11507250697603855,0.15908521187222577,0.11507250697603855,ISPARTA,ULUBORLU,6287,-0.113
54988432B31165455278537,0.27720612706777764,0.3927445920459708,0.27720612706777764,0.3927445920459708,0.33543039679697495,0.4348604657072457,0.33543039679697495,0.4348604657072457,0.33305614279257884,0.4307071803892174,0.33305614279257884,0.4307071803892174,0.25528780696819703,0.36502270788247226,0.25528780696819703,0.36502270788247226,ARTVİN,MERKEZ,35710,0.913
54988432B31167647566127,0.05774120981073941,0.09514704366672247,0.05774120981073941,0.09514704366672247,0.06661020952190852,0.10156233531528688,0.06661020952190852,0.10156233531528688,0.11275835589660932,0.17375401286658868,0.11275835589660932,0.17375401286658868,0.07669561791887514,0.12638047126293883,0.07669561791887514,0.12638047126293883,MERSİN,GÜLNAR,32785,-0.278
54988432B31268227976167,0.10055759578906874,0.10982856135087452,0.10055759578906874,0.10982856135087452,0.16114496820886187,0.153653758887376,0.16114496820886187,0.153653758887376,0.12316865518010059,0.09932145936595005,0.12316865518010059,0.09932145936595005,0.05979021552407002,0.04432517922924294,0.05979021552407002,0.04432517922924294,UŞAK,EŞME,34444,-0.172
54988432B31302636835519,0.0011165642259226914,0.0018398953798991428,0.001116561577957176,0.0018398910165321235,0.007431774478361682,0.006407932014332603,0.007431771830396167,0.006407927650965583,0.0010120005963921662,0.0007320193015905586,0.0010120005963921662,0.0007320193015905586,0.0,0.0,0.0,0.0,KAHRAMANMARAŞ,ANDIRIN,31609,-0.718
54988432B31401632471854,0.3551201215589561,0.5851735670875633,0.3551201215589561,0.5851735670875633,0.36129230504793153,0.5896381469138954,0.36129230504793153,0.5896381469138954,0.003487731442479559,0.005513964425772873,0.003487731442479559,0.005513964425772873,0.0,0.0,0.0,0.0,BALIKESİR,KEPSUT,21386,-0.536
54988432B31459503377293,0.08317800880924571,0.13706227601092552,0.08317800880924571,0.13706227601092552,0.08317800880924571,0.13706227601092552,0.08317800880924571,0.13706227601092552,0.00048652094819185825,0.0008016983027220221,0.00048652094819185825,0.0008016983027220221,0.0,0.0,0.0,0.0,KARAMAN,BAŞYAYLA,3353,-0.528
54988432B3164241130289,0.9981727351567232,1.2080776913091873,0.9981727351567232,1.2080776913091873,0.9990566211828261,1.2087170403706606,0.9990566211828261,1.2087170403706606,0.960371859697652,1.1444356857712452,0.960371859697652,1.1444356857712452,0.9550902200815422,1.1370817638388477,0.9550902200815422,1.1370817638388477,MUĞLA,MARMARİS,97373,1.671
54988432B31644697369800,0.011486402806847333,0.018927509018583057,0.011486402806847333,0.018927509018583057,0.011486402806847333,0.018927509018583057,0.011486402806847333,0.018927509018583057,0.0,0.0,0.0,0.0,0.0,0.0,0.0,0.0,ELAZIĞ,ALACAKAYA,5336,-0.729
54988432B31653952568158,0.10006062553116023,0.16488176707655566,0.10006062553116023,0.16488176707655566,0.10006062553116023,0.16488176707655566,0.10006062553116023,0.16488176707655566,0.16726114244968138,0.2756160336191253,0.16726114244968138,0.2756160336191253,0.17987229067362173,0.2963969191371767,0.17987229067362173,0.2963969191371767,ERZURUM,NARMAN,11119,-0.796
54988432B31664517784670,0.4506804177095178,0.6946877761173198,0.4506804177095178,0.6946877761173198,0.4402856379184211,0.6871688285297457,0.4402856379184211,0.6871688285297457,0.5282635459846818,0.8344223466754026,0.5282635459846818,0.8344223466754026,0.421769837839282,0.6461482567502365,0.421769837839282,0.6461482567502365,DENİZLİ,KALE,18855,-0.379
54988432B31670824468199,0.4926232600294678,0.6053962460833234,0.4926232600294678,0.6053962460833234,0.45468646400588486,0.5779550893994541,0.45468646400588486,0.5779550893994541,0.8609992646295849,1.2541411557145752,0.8609992646295849,1.2541411557145752,1.5625000000000002,2.3683595616520665,1.5625000000000002,2.3683595616520665,KIRŞEHİR,MUCUR,17920,-0.281
54988432B31747989283018,0.18660623439967222,0.2772809456408171,0.1678961142898254,0.2556911828424168,0.22404502176165067,0.3043618733347498,0.20605118440167797,0.2832902256443577,0.2200726147310623,0.3017974258767217,0.20167533928285472,0.27996989665652244,0.1522973938506803,0.2255413050102628,0.12916461624414852,0.19724392941165295,KAHRAMANMARAŞ,DULKADİROĞLU,213930,0.595
54988432B31972473687163,0.4460303300624442,0.32263104573704393,0.4460303300624442,0.32263104573704393,0.4530602327551062,0.3277160471468039,0.4530602327551062,0.3277160471468039,0.46253121171725514,0.3345667737471314,0.46253121171725514,0.3345667737471314,0.44603033006244425,0.32263104573704393,0.44603033006244425,0.32263104573704393,ERZİNCAN,KEMALİYE,4484,-0.276
54988432B32118226842539,0.2510695116070296,0.3369180894481711,0.2510695116070296,0.3369180894481711,0.21904216293096843,0.31375146534416465,0.21904216293096843,0.31375146534416465,0.22674886811110573,0.33456656693956244,0.22674886811110573,0.33456656693956244,0.30808088287178903,0.4299174271665795,0.30808088287178903,0.4299174271665795,SAMSUN,TERME,71348,-0.202
54988432B32155349148151,0.1735287131749444,0.28594385368793795,0.1735287131749444,0.28594385368793795,0.1782004566394878,0.28932310702070974,0.1782004566394878,0.28932310702070974,0.11435204999379589,0.1875923598088816,0.11435204999379589,0.1875923598088816,0.11331444759206803,0.18672166254313136,0.11331444759206803,0.18672166254313136,BALIKESİR,MANYAS,17650,-0.303
54988432B32272260481073,0.28099334384684027,0.37594462906655457,0.28099334384684027,0.37594462906655457,0.2695480841118993,0.36766582857220453,0.2695480841118993,0.36766582857220453,0.4285716020070448,0.6217895730771211,0.4285716020070448,0.6217895730771211,0.5732355419041478,0.84049089201008,0.5732355419041478,0.84049089201008,RİZE,İYİDERE,8495,-0.187
54988432B32280148114029,0.8070276864937225,1.1651439244575228,0.8070276864937225,1.1651439244575228,0.8151856428045235,1.171044890822887,0.8151856428045235,1.171044890822887,0.6944340706779665,0.9703579511355158,0.6944340706779665,0.9703579511355158,0.5904140499469843,0.8039745279972674,0.5904140499469843,0.8039745279972674,BALIKESİR,ALTIEYLÜL,188858,1.245
54988432B32461225341522,0.11430854023508023,0.1883597469619282,0.11430854023508023,0.1883597469619282,0.12498813694310516,0.19608471367770644,0.12498813694310516,0.19608471367770644,0.13569494562385812,0.21909066218803988,0.13569494562385812,0.21909066218803988,0.4311273981461522,0.7104197766514911,0.4311273981461522,0.7104197766514911,KASTAMONU,SEYDİLER,4639,-0.169
54988432B32556235228389,0.09392784211177707,0.13809772140665313,0.09392784211177707,0.13809772140665313,0.09371755359174502,0.13794561155996415,0.09371755359174502,0.13794561155996415,0.07865234494194763,0.11317777398045671,0.07865234494194763,0.11317777398045671,0.07817667929520716,0.11214266121269287,0.07817667929520716,0.11214266121269287,ŞIRNAK,CİZRE,166290,-0.475
54988432B32684259878344,0.12707670178028518,0.20939936196250325,0.12707670178028518,0.20939936196250325,0.13012683586188023,0.21160564230277837,0.13012683586188023,0.21160564230277837,0.14285860913005685,0.23453218900889916,0.14285860913005685,0.23453218900889916,0.1883061858582054,0.31029444909954507,0.1883061858582054,0.31029444909954507,KONYA,HADİM,10621,-0.681
54988432B32742798326876,0.08348093052105574,0.13756143606378307,0.08348093052105574,0.13756143606378307,0.0976186144874828,0.14778777148305738,0.0976186144874828,0.14778777148305738,0.003749415392917876,0.004437316594548262,0.003749415392917876,0.004437316594548262,0.0,0.0,0.0,0.0,ORDU,ÇAMAŞ,8407,-0.776
54988432B32773336843775,0.3359483030106778,0.2619018526229187,0.3359483030106778,0.2619018526229187,0.28823021148657524,0.22738550534482704,0.28823021148657524,0.22738550534482704,0.2769768621892198,0.20034811238186986,0.2769768621892198,0.20034811238186986,0.3155071777882948,0.22821858480594814,0.3155071777882948,0.22821858480594814,NEVŞEHİR,KOZAKLI,12678,-0.13
54988432B32789090404224,0.1862579213637949,0.3008634711917767,0.1862579213637949,0.3008634711917767,0.18680570952267433,0.3012597076237631,0.18680570952267433,0.3012597076237631,0.17496623538616504,0.2817656893134097,0.17496623538616504,0.2817656893134097,0.058954539499541464,0.09109058155435297,0.058954539499541464,0.09109058155435297,GAZİANTEP,NİZİP,152660,-0.157
54988432B32797670855633,0.28549439478258193,0.3304416178925611,0.28549439478258193,0.3304416178925611,0.3111508907874968,0.3489999570415045,0.3111508907874968,0.3489999570415045,0.3111289271688569,0.3524708599455788,0.3111289271688569,0.3524708599455788,0.26580596164799697,0.29758159232956943,0.26580596164799697,0.29758159232956943,KONYA,EREĞLİ,158010,0.453
54988432B33032294423976,0.42614554845170094,0.5446564374284563,0.4109854008067778,0.5243691026450773,0.4264353257187352,0.5448660445703764,0.41127651195816034,0.5245796746373073,0.41763844869934613,0.5304965479094144,0.402406891910752,0.5100914600971487,0.4163366437173785,0.5288036695577396,0.4011048152886939,0.5083982178404589,SİVAS,MERKEZ,393912,1.138
54988432B33037798502080,0.2037081097596254,0.2687988931650408,0.2037081097596254,0.2687988931650408,0.2036506485384771,0.26875732923402795,0.2036506485384771,0.26875732923402795,0.2170395723639464,0.29078051899194085,0.2170395723639464,0.29078051899194085,0.21716312570125593,0.2909244741705252,0.21716312570125593,0.2909244741705252,KARAMAN,ERMENEK,27629,-0.275
54988432B33062852785358,0.02231340769108286,0.03676844982804586,0.02231340769108286,0.03676844982804586,0.02265526413939951,0.037015727862696364,0.02265526413939951,0.037015727862696364,0.0,0.0,0.0,0.0,0.0,0.0,0.0,0.0,BARTIN,KURUCAŞİLE,6316,-0.732
54988432B33089612553406,0.16164272519764616,0.2045901086007473,0.16164272519764616,0.2045901086007473,0.16059977111628115,0.20383569944234012,0.16059977111628115,0.20383569944234012,0.13693038212346909,0.16474243084209864,0.13693038212346909,0.16474243084209864,0.13362731342286366,0.1584257016426529,0.13362731342286366,0.1584257016426529,SİNOP,BOYABAT,44901,-0.003
54988432B33125693367385,0.6914188692390458,1.039926760816467,0.6914188692390458,1.039926760816467,0.6599500182352216,1.0171641197510366,0.6599500182352216,1.0171641197510366,0.6140831627836248,0.9489221024792447,0.6140831627836248,0.9489221024792447,0.6586419986309214,0.9859054561013689,0.6586419986309214,0.9859054561013689,BOLU,GEREDE,37196,0.024
54988432B33332852238285,0.31069112718982794,0.4800212466626242,0.31069112718982794,0.4800212466626242,0.3178796577790213,0.4852209897854281,0.31781792704511086,0.4851763375501578,0.3404167034774541,0.5216342008326491,0.3404167034774541,0.5216342008326491,0.23942195167712524,0.3629043004577261,0.23942195167712524,0.3629043004577261,MANİSA,SARUHANLI,58475,-0.192
54988432B33535114810594,0.28883667399717045,0.39651402827848065,0.28883667399717045,0.39651402827848065,0.3051930160196636,0.4083452051637184,0.3051930160196636,0.4083452051637184,0.2913955049270779,0.3893747940293305,0.2913955049270779,0.3893747940293305,0.28393364892744266,0.3879246271142249,0.28393364892744266,0.3879246271142249,MERSİN,SİLİFKE,139610,0.519
54988432B33750113115729,0.15628511098044376,0.25752952402028007,0.15628511098044376,0.25752952402028007,0.16044292554810852,0.2605370326391639,0.16044292554810852,0.2605370326391639,0.23070189473046476,0.3799657551534238,0.23070189473046476,0.3799657551534238,0.2457786486817144,0.4049986464626806,0.2457786486817144,0.4049986464626806,BALIKESİR,SAVAŞTEPE,16266,-0.426
54988432B33764412560738,0.7064538283087486,0.8616719036754774,0.7064538283087486,0.8616719036754774,0.6427382259737765,0.8155839360517964,0.6427382259737765,0.8155839360517964,0.4421681313552284,0.557742925698395,0.4421681313552284,0.557742925698395,0.32711808963035643,0.2366172078974329,0.32711808963035643,0.2366172078974329,ESKİŞEHİR,İNÖNÜ,6114,0.323
54988432B337940392373,0.6958344197762358,0.7749464264036531,0.6949567810061947,0.7735002368511579,0.5595944116959509,0.6763987418280055,0.5587167729259098,0.6749525522755105,0.6100769397193246,0.7445103622468116,0.609142334357577,0.7429703020808257,0.8194282781791733,0.9606931505440186,0.8166007264366729,0.9560338579868412,BURSA,NİLÜFER,578059,4.072
54988432B34008430678481,0.2328650033635243,0.38341249393051263,0.2328650033635243,0.38341249393051263,0.25294475828520363,0.39793695985106553,0.25294475828520363,0.39793695985106553,0.024690976425847656,0.03314704641707004,0.024690976425847656,0.03314704641707004,0.0,0.0,0.0,0.0,AYDIN,KOÇARLI,22234,-0.531
54988432B34132798290249,0.2601474823669272,0.3384838933899462,0.2601474823669272,0.3384838933899462,0.23305876136644307,0.3188895703248721,0.23305876136644307,0.3188895703248721,0.27101749019123245,0.3771307761819172,0.27101749019123245,0.3771307761819172,0.4527328404754739,0.6416112018865201,0.4527328404754739,0.6416112018865201,ZONGULDAK,KOZLU,50616,0.622
54988432B34153029371714,0.19454126804184868,0.14185240333119445,0.19454126804184868,0.14185240333119445,0.1854884488095278,0.13530414788994855,0.1854884488095278,0.13530414788994855,0.188578803801188,0.13640636650359705,0.188578803801188,0.13640636650359705,0.19357089257926297,0.1400173380324996,0.19357089257926297,0.1400173380324996,ISPARTA,SENİRKENT,10331,-0.387
54988432B34226837880284,0.5391064728728482,0.7370019310376432,0.5391064728728482,0.7370019310376432,0.6240117291205652,0.7984171975912374,0.6240117291205652,0.7984171975912374,0.5919430542402967,0.7584210409705505,0.5919430542402967,0.7584210409705505,0.39602107883591725,0.5169664593481805,0.39602107883591725,0.5169664593481805,ANTALYA,KEPEZ,649102,1.392
54988432B3445581450876,0.05850805982345329,0.09641067343625223,0.058501392313577046,0.09639968658898278,0.05932933781855451,0.09700473567942577,0.05932267030867825,0.09699374883215632,0.071476057765088,0.1169556701805411,0.071476057765088,0.1169556701805411,0.07087272675728926,0.116785402482185,0.07087272675728926,0.116785402482185,DİYARBAKIR,ERGANİ,141098,-0.572
54988432B34477640243489,0.23591810963232934,0.2783173735017271,0.23591810963232934,0.2783173735017271,0.20162664533428465,0.2535130267103693,0.20162664533428465,0.2535130267103693,0.12301904576992252,0.148726977743691,0.12301904576992252,0.148726977743691,0.24408103490358793,0.28937728538999097,0.24408103490358793,0.28937728538999097,RİZE,FINDIKLI,16388,0.018
54988432B34565722813998,0.9793384142965931,1.572470577594602,0.9793384142965931,1.572470577594602,0.9867238763088905,1.5778127688575707,0.9867238763088905,1.5778127688575707,0.9027872186620296,1.4453557983885894,0.9027872186620296,1.4453557983885894,0.46991429658305167,0.7329596181611683,0.46991429658305167,0.7329596181611683,ÇANAKKALE,GELİBOLU,44689,0.465
54988432B34660982943926,0.7001449252253173,1.0071939147559101,0.7000494585667567,1.0070366030133857,0.655857519726665,0.975159115806228,0.6557620530681041,0.9750018040637037,1.5851311037049385,2.490140671588867,1.5851311037049385,2.490140671588867,1.22900034128593,1.8721860856394847,1.22900034128593,1.8721860856394847,YALOVA,ALTINOVA,35490,0.556
54988432B34754350739794,0.041554264052771975,0.05621256077180947,0.041554264052771975,0.05621256077180947,0.04299422937592375,0.05725414356724066,0.04299422937592375,0.05725414356724066,0.024306960045531692,0.026927931034753803,0.024306960045531692,0.026927931034753803,0.03978885381575108,0.05330348481960689,0.03978885381575108,0.05330348481960689,ADIYAMAN,BESNİ,75398,-0.444
54988432B34790562397224,0.4121602607796846,0.6212720073243226,0.4121602607796846,0.6212720073243226,0.412454467230358,0.6214848182666415,0.412454467230358,0.6214848182666415,0.6620228598590873,1.03261824550731,0.6620228598590873,1.03261824550731,0.6679747839519058,1.0428079551617382,0.6679747839519058,1.0428079551617382,AYDIN,ÇİNE,47906,-0.07
54988432B34891185513050,0.6738280411090314,0.5787794871708631,0.6738280411090314,0.5787794871708631,0.6886794928954882,0.5895221185517987,0.6886794928954882,0.5895221185517987,0.6228748494256512,0.45957591363085754,0.6228748494256512,0.45957591363085754,0.5749191519942507,0.4158613321120819,0.5749191519942507,0.4158613321120819,BURDUR,YEŞİLOVA,13915,-0.336
54988432B34962882153864,0.21480326406486122,0.3194552441770659,0.21480326406486122,0.3194552441770659,0.22414797422055813,0.32621463564988346,0.22414797422055813,0.32621463564988346,0.22495852718344367,0.3265396912804301,0.22495852718344367,0.3265396912804301,0.07704052613491112,0.12694881746142953,0.07704052613491112,0.12694881746142953,MERSİN,BOZYAZI,26832,-0.211
54988432B34987359358505,0.09384003956910453,0.14440691456605356,0.09384003956910453,0.14440691456605356,0.09367572642057194,0.14428806048962337,0.09367572642057194,0.14428806048962337,0.08861168302878705,0.13595446999318858,0.08861168302878705,0.13595446999318858,0.07892602036610974,0.11983131524964032,0.07892602036610974,0.11983131524964032,SİİRT,MERKEZ,180837,0.074
54988432B35038871298949,0.17928278985897445,0.2181233714313594,0.17928278985897445,0.2181233714313594,0.16510476206477062,0.2078678537559303,0.16510476206477062,0.2078678537559303,0.1529868646488477,0.18672737907405085,0.1529868646488477,0.18672737907405085,0.2792183902949206,0.34544535356744877,0.2792183902949206,0.34544535356744877,VAN,EDREMİT,132309,-0.377
54988432B35042353333735,0.36178851050125616,0.49644434226575884,0.3617875404767864,0.49644274384132536,0.3603908751071662,0.4954333783506117,0.3603899050826965,0.4954317799261782,0.40585377755619034,0.5685618337244395,0.40585377755619034,0.5685618337244395,0.4098802718153382,0.5756909811221258,0.4098802718153382,0.5756909811221258,KIRKLARELİ,BABAESKİ,46355,0.252
54988432B35345810127315,1.2502333718727812,1.305371384689314,1.2499558332785978,1.304914051411634,0.8220567143061316,0.9956545930720706,0.8217791757119485,0.9951972597943904,0.955514729164066,1.1528702574246137,0.955514729164066,1.1528702574246137,1.6351081708919655,1.8722543611839784,1.6351081708919655,1.8722543611839784,ANKARA,GÖLBAŞI,172810,1.79
54988432B35509610678021,0.32049998651669415,0.44610952594109426,0.32049998651669415,0.44610952594109426,0.3652507524696104,0.47847949148783575,0.3652507524696104,0.47847949148783575,0.31719017224556617,0.40077439507305707,0.31719017224556617,0.40077439507305707,0.23149267354598055,0.31672293444359,0.23149267354598055,0.31672293444359,İZMİR,BAYRAKLI,296481,1.322
54988432B3557290765638,0.64204641725119,0.5159751410561565,0.64204641725119,0.5159751410561565,0.5496344769231781,0.449129998613844,0.5496344769231781,0.449129998613844,0.5710521686389323,0.41526320704276104,0.5710521686389323,0.41526320704276104,0.5887547836326171,0.4258691813614677,0.5887547836326171,0.4258691813614677,ORDU,KABADÜZ,6794,-0.744
54988432B35702566688880,0.20672049534611497,0.27968590321269676,0.20672049534611497,0.27968590321269676,0.20819144661642433,0.2807498993461025,0.20819144661642433,0.2807498993461025,0.20709816006668216,0.2779641273233189,0.20709816006668216,0.2779641273233189,0.17429953374874724,0.2267878725291522,0.17429953374874724,0.2267878725291522,ZONGULDAK,ÇAYCUMA,91796,0.08
54988432B35722603775069,0.5375579551701019,0.7228003894097873,0.528072121238696,0.7071694551386647,0.5394120838908316,0.7241415526621077,0.5299262499594255,0.7085106183909851,0.5348173754861407,0.7169888288261999,0.5248615426851064,0.7005834216419115,0.5246187434563577,0.7018313844218427,0.5146562522358031,0.6854150053695433,EDİRNE,MERKEZ,200753,2.113
54988432B35777167420059,1.5406294606420725,1.4968503033013578,1.5405976178612857,1.4968272701823704,1.2552500432220335,1.2904242966637258,1.2387492070592403,1.2784886015597798,1.1084621395050864,1.1328300727142122,1.09706824493368,1.1245884266358481,1.6012107431693585,1.5556316931327863,1.6012107431693585,1.5556316931327863,NEVŞEHİR,ÜRGÜP,39979,0.527
54988432B35906022990026,0.6025302691396967,0.7326758535476048,0.6025302691396967,0.7326758535476048,0.5971635619110478,0.7287939059565046,0.5971635619110478,0.7287939059565046,0.6512632052130218,0.8147284365092552,0.6512632052130218,0.8147284365092552,0.6647174744042103,0.8351490915384306,0.6647174744042103,0.8351490915384306,ANTALYA,KAŞ,63957,0.203
54988432B35969765693903,0.34215933371009744,0.5342103709025753,0.34215933371009744,0.5342103709025753,0.3952014169086944,0.5725777679538898,0.3952014169086944,0.5725777679538898,0.39438428156654903,0.5483746071329112,0.39438428156654903,0.5483746071329112,0.03631364718644552,0.0286059441810423,0.03631364718644552,0.0286059441810423,AYDIN,İNCİRLİOVA,58230,-0.091
54988432B36041856094312,0.13627131576695667,0.22455041857105,0.13627131576695667,0.22455041857105,0.13694346982554131,0.22503661368425495,0.13647439034680464,0.22469731029487017,0.11964395157729737,0.19709837742718214,0.11964395157729737,0.19709837742718214,0.12208769966425881,0.20117839112135114,0.12208769966425881,0.20117839112135114,KAHRAMANMARAŞ,GÖKSUN,49145,-0.502
54988432B36117430101282,0.2602418810333892,0.3609934180869291,0.2602418810333892,0.3609934180869291,0.277533745505114,0.3735012946622166,0.277533745505114,0.3735012946622166,0.28150284306455375,0.3801120889230932,0.28150284306455375,0.3801120889230932,0.21805857887393967,0.29978261286805674,0.21805857887393967,0.29978261286805674,ERZURUM,PALANDÖKEN,181922,0.378
54988432B36177439275968,0.044269826596059304,0.07294864686867128,0.044269826596059304,0.07294864686867128,0.04430417140413934,0.07297348980109013,0.04430417140413934,0.07297348980109013,0.004082895165376253,0.006727870889093342,0.004082895165376253,0.006727870889093342,0.0,0.0,0.0,0.0,MANİSA,SELENDİ,18568,-0.528
54988432B36260416662231,0.4320798324707764,0.5085343629794861,0.4320408918335214,0.5084701958703199,0.42948374335442663,0.50665651098158,0.42944480271717167,0.5065923438724139,0.40672764711480064,0.4673160742823092,0.40672764711480064,0.4673160742823092,0.4693310000946131,0.5498413685951951,0.4693310000946131,0.5498413685951951,KOCAELİ,GEBZE,414960,2.334
54988432B36267085321319,0.00011995047493065051,0.00019765663229917265,0.00011995047493065051,0.00019765663229917265,0.00013101511504436822,0.00020566011585172175,0.00013101511504436822,0.00020566011585172175,0.0,0.0,0.0,0.0,0.0,0.0,0.0,0.0,ERZURUM,TEKMAN,20826,-1.277
54988432B36427542576396,0.018055136133476035,0.029751590445216972,0.018055136133476035,0.029751590445216972,0.01987574978775261,0.03106851094943506,0.01987574978775261,0.03106851094943506,0.0,0.0,0.0,0.0,0.0,0.0,0.0,0.0,OSMANİYE,SUMBAS,13049,-0.987
54988432B36565352267385,0.42725065213376706,0.5817378172264892,0.42725065213376706,0.5817378172264892,0.4305037384451846,0.5840909007900633,0.4305037384451846,0.5840909007900633,0.5281136058041775,0.7431242119966337,0.5281136058041775,0.7431242119966337,0.39932437480085087,0.5357203759994473,0.39932437480085087,0.5357203759994473,ÇORUM,KARGI,15119,-0.583
54988432B36689852261015,0.23055525604233634,0.31212867961641183,0.23055525604233634,0.31212867961641183,0.22530499340203985,0.3083309609146458,0.22530499340203985,0.3083309609146458,0.1541827814975428,0.19206879017252446,0.1541827814975428,0.19206879017252446,0.17748248164410693,0.2130747385871188,0.17748248164410693,0.2130747385871188,TEKİRDAĞ,ÇERKEZKÖY,223975,1.034
54988432B36753420123285,0.006480041031747244,0.010677932607070758,0.006480041031747244,0.010677932607070758,0.0064811761909246346,0.010678753711753097,0.0064811761909246346,0.010678753711753097,0.0,0.0,0.0,0.0,0.0,0.0,0.0,0.0,KİLİS,MUSABEYLİ,11692,-1.243
54988432B36991847269691,0.04286091037628891,0.05851142139663241,0.04286091037628891,0.05851142139663241,0.04289974633762713,0.058539512954480066,0.04289974633762713,0.058539512954480066,0.04019538469490151,0.05399570264407579,0.04019538469490151,0.05399570264407579,0.03931590328287791,0.05266989251593892,0.03931590328287791,0.05266989251593892,ŞIRNAK,SİLOPİ,152610,-0.621
54988432B37281508268494,3.267989339784176,4.792271468747692,3.267989339784176,4.792271468747692,3.2319084865917986,4.766172787532645,3.2319084865917986,4.766172787532645,3.7421609533468647,5.569433251523979,3.7421609533468647,5.569433251523979,3.8139573594070217,5.689424374990862,3.8139573594070217,5.689424374990862,ESKİŞEHİR,SİVRİHİSAR,20189,-0.163
54988432B37425525232192,0.2040690379971196,0.15528420050425873,0.2040690379971196,0.15528420050425873,0.14826005039431656,0.11491539412892263,0.14826005039431656,0.11491539412892263,0.16066358602072847,0.11737017903809725,0.16066358602072847,0.11737017903809725,0.1957713390759593,0.14160900637087953,0.1957713390759593,0.14160900637087953,KASTAMONU,KÜRE,5108,-0.564
54988432B37474601695355,0.19615995409375214,0.2725134595268964,0.19615995409375214,0.2725134595268964,0.2143527372352829,0.28567300553579134,0.2143527372352829,0.28567300553579134,0.203612151639245,0.26870863182532556,0.203612151639245,0.26870863182532556,0.16486938680800656,0.22086871106248235,0.16486938680800656,0.22086871106248235,BARTIN,MERKEZ,163766,0.475
54988432B37568422397165,0.43690327746393454,0.5393572940385937,0.43690327746393454,0.5393572940385937,0.41013917286475,0.5199977786131703,0.41013917286475,0.5199977786131703,0.5483758180952397,0.7401731320115197,0.5483758180952397,0.7401731320115197,0.4081225023338836,0.577672114453803,0.4081225023338836,0.577672114453803,İZMİR,ALİAĞA,110892,1.154
54988432B3765894828003,0.9515289101831617,1.1265243685836954,0.9515289101831617,1.1265243685836954,0.714871900467147,0.9553411700891223,0.714871900467147,0.9553411700891223,0.28136423400647853,0.2525510910643695,0.28136423400647853,0.2525510910643695,0.7201489014261028,0.7112317416725945,0.7201489014261028,0.7112317416725945,NEVŞEHİR,ACIGÖL,19430,-0.746
54988432B37815210260305,0.03355455934439706,0.05529182941652143,0.03355455934439706,0.05529182941652143,0.033681961662173854,0.05538398445675803,0.033681961662173854,0.05538398445675803,0.01973668719212293,0.030820613634720474,0.01973668719212293,0.030820613634720474,0.0,0.0,0.0,0.0,HATAY,HASSA,57457,-0.627
54988432B37822408254427,0.00032202021839140783,0.0005306309286085675,0.00032202021839140783,0.0005306309286085675,0.00036283156684920373,0.0005601513606137951,0.00036283156684920373,0.0005601513606137951,0.0,0.0,0.0,0.0,0.0,0.0,0.0,0.0,TUNCELİ,HOZAT,5332,-0.304
54988432B38029735650586,0.703227420340694,0.9611543037035921,0.7015380871169038,0.9583705888742972,0.6756158304045858,0.9411817692476911,0.6739264971807957,0.938398054418396,1.4871679359370944,2.2992074716268935,1.4871679359370944,2.2992074716268935,1.2405099199433658,1.846498438657154,1.2405099199433658,1.846498438657154,ISPARTA,KEÇİBORLU,14033,-0.147
54988432B38192653794481,0.0243487377906625,0.040122257705671564,0.0243487377906625,0.040122257705671564,0.02456922767049587,0.04028174659176395,0.02456922767049587,0.04028174659176395,0.045896876676040636,0.07562655919331392,0.045896876676040636,0.07562655919331392,0.11611030478955009,0.1913287282372289,0.11611030478955009,0.1913287282372289,AYDIN,KARACASU,17225,-0.422
54988432B38234648965516,0.7253248577140675,0.8880063658528865,0.7253248577140675,0.8880063658528865,0.6784396288777308,0.8540924604757112,0.6784396288777308,0.8540924604757112,0.6376720152458712,0.8132864991699642,0.6376720152458712,0.8132864991699642,0.6711334552282486,0.8269493213539881,0.6711334552282486,0.8269493213539881,SAKARYA,ERENLER,92549,0.69
54988432B38360360890356,0.39963132285127806,0.5745722349028006,0.3994359385207575,0.5742502769547637,0.646332448526845,0.7530207322282424,0.6461370641963243,0.7526987742802055,0.5661069004286681,0.6347832966606209,0.5661069004286681,0.6347832966606209,0.1321355102587358,0.1515671863505348,0.1321355102587358,0.1515671863505348,İSTANBUL,SULTANGAZİ,529306,0.816
54988432B38529977657987,0.2872472362881864,0.47333135941973475,0.2872472362881864,0.47333135941973475,0.29032555887292205,0.47555802959817356,0.29032555887292205,0.47555802959817356,0.3992033064659446,0.6559158761591123,0.3992033064659446,0.6559158761591123,1.7667968419396766e-05,2.9113608256783612e-05,1.7667968419396766e-05,2.9113608256783612e-05,DENİZLİ,ÇARDAK,8497,-0.236
54988432B38557557981800,8.492401357040675e-05,0.00013993937525766834,8.492401357040675e-05,0.00013993937525766834,8.492401357040675e-05,0.00013993937525766834,8.492401357040675e-05,0.00013993937525766834,0.0,0.0,0.0,0.0,0.0,0.0,0.0,0.0,KONYA,AKÖREN,5744,-0.672
54988432B38576388688416,0.4833306919506745,0.5655419429860632,0.48302671167866124,0.5650410386179373,0.454956045252318,0.5450174599639597,0.45465190628392765,0.5445164408045862,0.5658099173302343,0.7333472112968248,0.5658099173302343,0.7333472112968248,0.9324720203582677,1.321031010755749,0.9324720203582677,1.321031010755749,BURSA,GEMLİK,124400,0.743
54988432B38658846076,0.08691495371778712,0.06286895871908674,0.08691495371778712,0.06286895871908674,0.08620090229870786,0.06235245761922811,0.08620090229870786,0.06235245761922811,0.08691495371778714,0.06286895871908675,0.08691495371778714,0.06286895871908675,0.08691495371778715,0.06286895871908675,0.08691495371778715,0.06286895871908675,ERZURUM,HINIS,23011,-0.909
54988432B38688250747899,0.22351200507303243,0.25582876175547503,0.22351200507303243,0.25582876175547503,0.20657832571864718,0.24357997437476875,0.20657832571864718,0.24357997437476875,0.2644896320587546,0.3470528059119678,0.2644896320587546,0.3470528059119678,0.28887825262384437,0.36916015410498515,0.28887825262384437,0.36916015410498515,UŞAK,BANAZ,34624,-0.264
54988432B38711157277910,1.1160240092135703,1.6917794016849803,1.1160240092135703,1.6917794016849803,1.0989073750070832,1.67939827596027,1.0989073750070832,1.67939827596027,1.946695048631951,3.0699751710177714,1.946695048631951,3.0699751710177714,1.698694128888417,2.651914104468534,1.698694128888417,2.651914104468534,BALIKESİR,SUSURLUK,37676,0.225
54988432B38730133189438,0.3744308103231107,0.549636713213192,0.3744308103231107,0.549636713213192,0.37293885995668313,0.5485575276187036,0.37293885995668313,0.5485575276187036,0.3621065030211215,0.5313551545644571,0.3621065030211215,0.5313551545644571,0.36429872495446264,0.5329408737570118,0.36429872495446264,0.5329408737570118,İZMİR,KARABURUN,13725,0.676
54988432B38814369243914,0.7953320288726998,1.2927401782706391,0.7953320288726998,1.2927401782706391,0.7910131485452943,1.2896161645376516,0.7910131485452943,1.2896161645376516,0.8229654843098017,1.3474287850665478,0.8229654843098017,1.3474287850665478,0.10631049092469254,0.1573468294270414,0.10631049092469254,0.1573468294270414,KONYA,KULU,51732,-0.125
54988432B38852323422695,0.07303797708862918,0.120353342407598,0.07303797708862918,0.120353342407598,0.07372602393603539,0.12085103339167,0.07372602393603539,0.12085103339167,0.00012500913277458398,0.00014443338318292136,0.00012500913277458398,0.00014443338318292136,0.0,0.0,0.0,0.0,KASTAMONU,DADAY,7736,-0.451
54988432B39031228995551,0.012633691420493393,0.020818032618256786,0.012633691420493393,0.020818032618256786,0.012633691420493393,0.020818032618256786,0.012633691420493393,0.020818032618256786,0.0,0.0,0.0,0.0,0.0,0.0,0.0,0.0,DENİZLİ,BEYAĞAÇ,6011,-0.57
54988432B39086486871912,2.130376437563189e-05,3.5104740720843184e-05,2.130376437563189e-05,3.5104740720843184e-05,2.130376437563189e-05,3.5104740720843184e-05,2.130376437563189e-05,3.5104740720843184e-05,0.0,0.0,0.0,0.0,0.0,0.0,0.0,0.0,BİTLİS,HİZAN,29948,-1.103
54988432B39242508990660,0.35831503992334457,0.4755405490735002,0.35831503992334457,0.4755405490735002,0.34660546896373257,0.46707056201386943,0.34660546896373257,0.46707056201386943,0.3838770420659158,0.5278969284772479,0.3838770420659158,0.5278969284772479,0.39009259656005707,0.527168760039718,0.39009259656005707,0.527168760039718,ORDU,ÜNYE,135914,0.266
54988432B39563572942554,0.03823447100162577,0.06300347522834725,0.03823447100162577,0.06300347522834725,0.03911337767621416,0.06363922253164837,0.03911337767621416,0.06363922253164837,0.0,0.0,0.0,0.0,0.0,0.0,0.0,0.0,ISPARTA,GELENDOST,13985,-0.641
54988432B39641834885080,0.5871569866792669,0.7060064481732212,0.5869503398679636,0.7056659316990583,0.6413592880321228,0.7452130760372463,0.6411526412208197,0.7448725595630834,0.48217740490658434,0.5410467343633136,0.48217740490658434,0.5410467343633136,0.4338665126035783,0.4585206817672373,0.4338665126035783,0.4585206817672373,İSTANBUL,FATİH,351786,4.226
54988432B39702519018087,0.3206500558341488,0.3505654784749657,0.3119165824025283,0.33617429788342224,0.32052476123463375,0.3504748480291368,0.31179128780301324,0.33608366743759344,0.31727193664190306,0.34523772295102473,0.3119405468112012,0.33645255924058637,0.3125408121193459,0.3372029152663761,0.31254057017016634,0.33720251657800027,KARAMAN,MERKEZ,207973,0.761
54988432B39717738295698,2.774178059332348e-05,4.57134240546281e-05,2.774178059332348e-05,4.57134240546281e-05,2.774178059332348e-05,4.57134240546281e-05,2.774178059332348e-05,4.57134240546281e-05,0.0,0.0,0.0,0.0,0.0,0.0,0.0,0.0,ADANA,ALADAĞ,15839,-0.764
54988432B39718054130595,0.08084306648771103,0.12302038182828816,0.08084306648771103,0.12302038182828816,0.09195127178791926,0.13105537777075288,0.09195127178791926,0.13105537777075288,0.1027881824760155,0.14711000575469732,0.1027881824760155,0.14711000575469732,0.09095845947129506,0.13936757142627007,0.09095845947129506,0.13936757142627007,HATAY,DEFNE,139605,0.338
54988432B39847004244827,0.10832813624916154,0.17850512560815832,0.10832813624916154,0.17850512560815832,0.130547797630065,0.1945774689087591,0.130547797630065,0.1945774689087591,0.02173374653332504,0.028852265866049664,0.02173374653332504,0.028852265866049664,1.3510112514772562e-14,1.4760269091455886e-14,1.3510112514772562e-14,1.4760269091455886e-14,BALIKESİR,BALYA,12296,-0.6
54988432B39970193514521,0.22381684771099256,0.25724571416243747,0.22381684771099256,0.25724571416243747,0.22315705881461342,0.25676846325088026,0.22315705881461342,0.25676846325088026,0.298545375237024,0.382148796381577,0.298545375237024,0.382148796381577,0.2586998856450606,0.3381891392483147,0.2586998856450606,0.3381891392483147,SAMSUN,ALAÇAM,24560,-0.417
54988432B39980691668600,0.10448233358947584,0.13695368400046662,0.10448233358947584,0.13695368400046662,0.10296384030778707,0.13585529888538417,0.10296384030778707,0.13585529888538417,0.18748114714137118,0.275370515755003,0.18748114714137118,0.275370515755003,0.2042924489201276,0.3014226556911122,0.2042924489201276,0.3014226556911122,VAN,GEVAŞ,26253,-0.794
54988432B40127483323381,0.11594671480916448,0.17941864295652613,0.11594671480916448,0.17941864295652613,0.12820978804801347,0.18828899969313173,0.12820978804801347,0.18828899969313173,0.11172981782527122,0.15630781413443393,0.11172981782527122,0.15630781413443393,0.030660792355964188,0.030819187159900032,0.030660792355964188,0.030819187159900032,AYDIN,KUYUCAK,26196,-0.224
54988432B40132817708640,0.38237164259813633,0.5145453631637302,0.38237164259813633,0.5145453631637302,0.37876292295913794,0.5119350362141284,0.37876292295913794,0.5119350362141284,0.38617263327356316,0.5236934134777966,0.38617263327356316,0.5236934134777966,0.3730966781291201,0.5098691442228089,0.3730966781291201,0.5098691442228089,ÇORUM,MERKEZ,299565,1.026
54988432B402287673455,0.43021853472399585,0.4433156392803532,0.40065388596404505,0.394598459024266,0.4013026994854731,0.4223996935865738,0.3717380507255225,0.3736825133304865,0.25173039551458803,0.23878037449234507,0.23489763388360244,0.21104303557643914,0.2932336338978081,0.21210726619527967,0.2932336338978081,0.21210726619527967,AFYONKARAHİSAR,SULTANDAĞI,13641,-0.368
54988432B40385589534090,0.2740567172030988,0.3558031045878181,0.2740053012690803,0.355718380451707,0.35235870622197063,0.412441971718025,0.35230729028795216,0.412357247581914,0.33424636826314424,0.37538748283297524,0.33424636826314424,0.37538748283297524,0.1340612281504351,0.15437760391467134,0.1340612281504351,0.15437760391467134,KOCAELİ,DARICA,235632,0.603
54988432B40899353462768,0.01769100119882228,0.029151562100787724,0.01769100119882228,0.029151562100787724,0.02324591235113304,0.03316964489303973,0.02324591235113304,0.03316964489303973,0.0016746778774102784,0.001769349076987617,0.0016746778774102784,0.001769349076987617,0.0,0.0,0.0,0.0,ANTALYA,GÜNDOĞMUŞ,6953,-0.815
54988432B4104847116325,0.08196831257506719,0.13506891596886691,0.08196831257506719,0.13506891596886691,0.08482314737161474,0.1371339287577678,0.08482314737161474,0.1371339287577678,0.08640285223602975,0.14007995667237114,0.08640285223602975,0.14007995667237114,0.06618477413032825,0.10906050661029378,0.06618477413032825,0.10906050661029378,MALATYA,AKÇADAĞ,31479,-0.514
54988432B41050600008895,0.14048918677501626,0.23150070517397817,0.14048918677501626,0.23150070517397817,0.14048918677501626,0.23150070517397817,0.14048918677501626,0.23150070517397817,0.3945095833578099,0.6500802577175055,0.3945095833578099,0.6500802577175055,0.6549860815457673,1.0792982950339831,0.6549860815457673,1.0792982950339831,GÜMÜŞHANE,KÖSE,6107,-0.629
54988432B4112577845530,0.023965364787086784,0.039490575576090085,0.023965364787086784,0.039490575576090085,0.026122744118994352,0.041051091762976714,0.026122744118994352,0.041051091762976714,0.009874466814055783,0.012773565447543312,0.009874466814055783,0.012773565447543312,0.0,0.0,0.0,0.0,KASTAMONU,HANÖNÜ,4286,-0.427
54988432B41170442786608,0.44037749294662865,0.5555415629172036,0.44037749294662865,0.5555415629172036,0.4338520756272627,0.5508214753542728,0.4338520756272627,0.5508214753542728,0.5373438232336836,0.7276417506741053,0.5373438232336836,0.7276417506741053,0.5903317111935434,0.8467509772324407,0.5903317111935434,0.8467509772324407,BİLECİK,OSMANELİ,22025,-0.154
54988432B41213332539670,0.1423815726175855,0.1070781616682945,0.004421994773893726,0.007286645555657042,0.14214258884798722,0.10690529543408822,0.004421994773893726,0.007286645555657042,0.1379595778436918,0.09979151611263745,0.0,0.0,0.1379595778436918,0.09979151611263742,0.0,0.0,ADIYAMAN,GERGER,14497,-1.289
54988432B41389891217354,0.056856791187105016,0.09368968214488348,0.056856791187105016,0.09368968214488348,0.06020371260434042,0.09611064028172406,0.06020371260434042,0.09611064028172406,0.01098226419659468,0.01162878190925962,0.01098226419659468,0.01162878190925962,0.0,0.0,0.0,0.0,KONYA,YALIHÜYÜK,1704,-0.682
54988432B41479825758135,0.018658235096106476,0.03074538817686893,0.018658203938642783,0.030745336835018486,0.01970006969128556,0.03149898756747675,0.019700038533821865,0.03149893622562631,0.0014094015570132138,0.0019436014304711937,0.0014094015570132138,0.0019436014304711937,0.0,0.0,0.0,0.0,ADANA,YUMURTALIK,17806,-0.448
54988432B41555288308569,0.1328364419802595,0.21889036940956239,0.1328364419802595,0.21889036940956239,0.17418776122758717,0.2488013832401777,0.17418776122758717,0.2488013832401777,0.053191330750713854,0.06905570283819452,0.053191330750713854,0.06905570283819452,0.0,0.0,0.0,0.0,KIRKLARELİ,PEHLİVANKÖY,3276,-0.387
54988432B41651789151995,0.29409072805259484,0.3356971635365544,0.29409072805259484,0.3356971635365544,0.21320313605434976,0.2771880294382261,0.21320313605434976,0.2771880294382261,0.10432314626000944,0.07588356131671264,0.10432314626000944,0.07588356131671264,0.16131634134537826,0.11668636950192814,0.16131634134537826,0.11668636950192814,DENİZLİ,BABADAĞ,6199,-0.43
54988432B41717304515053,0.11304452103742725,0.186276872526341,0.11304452103742725,0.186276872526341,0.11304802703832156,0.18627940855283665,0.11304802703832156,0.18627940855283665,0.14132561996227566,0.2328789953977771,0.14132561996227566,0.2328789953977771,0.14218683349921798,0.23429811914448087,0.14218683349921798,0.23429811914448087,ÇORUM,İSKİLİP,28132,-0.492
54988432B41731057290221,0.06441613012141294,0.10614610198838276,0.06441613012141294,0.10614610198838276,0.06441613012141294,0.10614610198838276,0.06441613012141294,0.10614610198838276,0.08189178160025654,0.13494280679959186,0.08189178160025654,0.13494280679959186,0.09076194654121349,0.14955923021251613,0.09076194654121349,0.14955923021251613,GAZİANTEP,İSLAHİYE,66107,-0.37
54988432B41923494384983,0.15114043806757,0.21178363847308732,0.15114043806757,0.21178363847308732,0.1541290764230061,0.2139454365683182,0.1541290764230061,0.2139454365683182,0.14367101296417137,0.19028857604754637,0.14367101296417137,0.19028857604754637,0.12093848262517132,0.16201629236590825,0.12093848262517132,0.16201629236590825,MALATYA,DARENDE,24806,-0.43
54988432B42317071313317,0.06572787098590156,0.0930665054165159,0.06572787098590156,0.0930665054165159,0.06572787098590156,0.0930665054165159,0.06572787098590156,0.0930665054165159,0.06594457358590106,0.09342359200705365,0.06594457358590106,0.09342359200705365,0.049458430189425785,0.06625741709000973,0.049458430189425785,0.06625741709000973,HAKKARİ,YÜKSEKOVA,121314,-0.477
54988432B42480062552941,0.4885754716114607,0.7642224991413225,0.4885754716114607,0.7642224991413225,0.5695273184418569,0.8227781112531252,0.5695273184418569,0.8227781112531252,0.515377890275868,0.7493374115663429,0.515377890275868,0.7493374115663429,0.3617941539776309,0.5623809277058213,0.3617941539776309,0.5623809277058213,BALIKESİR,HAVRAN,28152,-0.471
54988432B42537798985554,0.5623623247555561,0.8084239892228386,0.5623623247555561,0.8084239892228386,0.5611265007285454,0.8075300697485158,0.5611265007285454,0.8075300697485158,0.478430687786282,0.6719208622222619,0.478430687786282,0.6719208622222619,0.4604640454324525,0.6405141019153513,0.4604640454324525,0.6405141019153513,KASTAMONU,TOSYA,39091,-0.066
54988432B42778469156443,0.30144336226314267,0.4101459454226243,0.3008230097968097,0.4091237170454149,0.3167259178017229,0.4212004108762545,0.3161055653353899,0.42017818249904526,0.16929419082829172,0.18927562863008304,0.16929419082829172,0.18927562863008304,0.11123967382953741,0.12722363036496792,0.11123967382953741,0.12722363036496792,BURSA,GÜRSU,105799,0.176
54988432B42781548815333,0.0544966166444698,0.08980054246448432,0.0544966166444698,0.08980054246448432,0.0544966166444698,0.08980054246448432,0.0544966166444698,0.08980054246448432,0.060086790010930154,0.0990121345171369,0.060086790010930154,0.0990121345171369,0.06018114524719406,0.09916761483724816,0.06018114524719406,0.09916761483724816,BİNGÖL,SOLHAN,33233,-0.73
54988432B42922593275037,0.3023877797548428,0.39379206657219057,0.3023877797548428,0.39379206657219057,0.270863342932915,0.37098921812754315,0.2701820072041781,0.3704963815560266,0.23875618499886408,0.29456712736391,0.23868007687962403,0.2945120754079229,0.24091014322719737,0.26740019177137075,0.24091014322719737,0.26740019177137075,MANİSA,AHMETLİ,17612,-0.292
54988432B43283240341511,0.028366966951303155,0.04674361780875113,0.028366966951303155,0.04674361780875113,0.028366966951303155,0.04674361780875113,0.028366966951303155,0.04674361780875113,0.0,0.0,0.0,0.0,0.0,0.0,0.0,0.0,NİĞDE,ÇİFTLİK,25157,-0.977
54988432B43554953634888,0.03911469327896087,0.06445392193240031,0.03905505689847389,0.06435565199110677,0.03937154313187935,0.06463971139795728,0.03931190675139237,0.06454144145666374,0.00011862573433151887,0.00019547370000444242,0.00011862573433151887,0.00019547370000444242,0.0,0.0,0.0,0.0,ADANA,KARAİSALI,22872,-0.546
54988432B43586111700831,0.2576969518224646,0.38774130248386784,0.2576969518224646,0.38774130248386784,0.25543133776517574,0.38610249592011386,0.25543133776517574,0.38610249592011386,0.24653584559929295,0.37046417982755736,0.24653584559929295,0.37046417982755736,0.23946360153256704,0.35769604742409494,0.23946360153256704,0.35769604742409494,SİVAS,SUŞEHRİ,25056,-0.28
54988432B43626736255275,0.26979714974114194,0.33299459260082853,0.25278946643646405,0.3129448805630136,0.2511519154675132,0.31950777113092793,0.23391781376503745,0.2992942818799235,0.25322811363935865,0.3211891856451281,0.23578538433301846,0.3005151485188703,0.2824828455223626,0.35162221453098264,0.2667291666355336,0.3333615987073783,KAHRAMANMARAŞ,ONİKİŞUBAT,447591,0.686
54988432B436343701670,0.4749590653696179,0.3478865653384715,0.4749590653696179,0.3478865653384715,0.3803273178468622,0.2794357502135983,0.3803273178468622,0.2794357502135983,0.43488328277869254,0.3145679538806368,0.43488328277869254,0.3145679538806368,0.47036688617121364,0.3402346211394415,0.47036688617121364,0.3402346211394415,ESKİŞEHİR,HAN,2126,-0.687
54988432B43742920895959,0.3555757917885445,0.4743707000204414,0.3555757917885445,0.4743707000204414,0.3932576360748762,0.5016274402194714,0.3932576360748762,0.5016274402194714,0.3595147493276499,0.4528466910108465,0.3595147493276499,0.4528466910108465,0.303704555641903,0.3762556526903251,0.303704555641903,0.3762556526903251,İZMİR,KONAK,317399,3.465
54988432B43754311054552,0.25383100600413316,0.3389334055290051,0.25383100600413316,0.3389334055290051,0.25305403852507286,0.3383713948015332,0.25305403852507286,0.3383713948015332,0.2772445351735857,0.3772617990335004,0.2772445351735857,0.3772617990335004,0.27889813781858747,0.3802394933849227,0.27889813781858747,0.3802394933849227,ÇANAKKALE,ÇAN,46612,0.258
54988432B44345748787978,0.10344287201342543,0.14515737631916087,0.10344287201342543,0.14515737631916087,0.10421846259637678,0.1457183910842473,0.10421846259637678,0.1457183910842473,0.08575366790104504,0.11524341407478822,0.08575366790104504,0.11524341407478822,0.08209281961471103,0.10997636132959503,0.08209281961471103,0.10997636132959503,KASTAMONU,TAŞKÖPRÜ,36544,-0.319
54988432B44443308147205,0.018987695192302548,0.020743704762867257,0.018987695192302548,0.020743704762867257,0.38962101226577456,0.2888371652583962,0.38962101226577456,0.2888371652583962,0.3393859602472536,0.2454910347637408,0.3393859602472536,0.2454910347637408,0.0,0.0,0.0,0.0,ESKİŞEHİR,MİHALGAZİ,2861,-0.452
54988432B44474126810300,0.03781603971253755,0.062313976337262454,0.03781603971253755,0.062313976337262454,0.03815747228852127,0.06256094776860636,0.03815747228852127,0.06256094776860636,0.1305247645547854,0.21502706169828686,0.1305247645547854,0.21502706169828686,0.1435029059338451,0.23646676787588913,0.1435029059338451,0.23646676787588913,MALATYA,YAZIHAN,13937,-0.696
54988432B44685519111257,0.2330177133864475,0.28904810089305905,0.2330177133864475,0.28904810089305905,0.23090845029988885,0.2875223890535622,0.23090845029988885,0.2875223890535622,0.23167321356212503,0.2889991540603879,0.23167321356212503,0.2889991540603879,0.23957458852544558,0.30215502022183277,0.23957458852544558,0.30215502022183277,MANİSA,SALİHLİ,165007,0.616
54988432B44714852164400,0.12026122131423748,0.16472163815218827,0.12026122131423748,0.16472163815218827,0.14135886147016993,0.17998237996124733,0.14135886147016993,0.17998237996124733,0.1288145465607016,0.15272592399879142,0.1288145465607016,0.15272592399879142,0.2329362936257951,0.3504427605940977,0.2329362936257951,0.3504427605940977,MUŞ,HASKÖY,27684,-1.032
54988432B44792581222483,0.5602939696007803,0.6261755627596389,0.5601799265719596,0.6259876405273433,0.47771735449479386,0.5664446927057126,0.47760331146597323,0.5662567704734168,0.43639885096972086,0.523387224419441,0.436238772685242,0.523123444433304,0.6269847793164739,0.7215628965552059,0.6269847793164739,0.7215628965552059,İSTANBUL,PENDİK,752033,2.485
54988432B44858754124976,0.07953672946635905,0.1152068474659358,0.07953672946635905,0.1152068474659358,0.15404223117021001,0.16909956800023507,0.15404223117021001,0.16909956800023507,0.18982494592854143,0.23239722743212363,0.18982494592854143,0.23239722743212363,0.0,0.0,0.0,0.0,KONYA,AHIRLI,4536,-0.907
54988432B44904988646230,0.13913964509074817,0.22927690518807559,0.13913964509074817,0.22927690518807559,0.1393477425426096,0.2294274301501334,0.1393477425426096,0.2294274301501334,0.0,0.0,0.0,0.0,0.0,0.0,0.0,0.0,ÇANKIRI,BAYRAMÖREN,2209,-0.836
54988432B45006727271001,0.4562932405823854,0.6201908728099089,0.4562932405823854,0.6201908728099089,0.4395201932676359,0.6080582768167241,0.4395201932676359,0.6080582768167241,0.3362240250225126,0.4335058627133725,0.3362240250225126,0.4335058627133725,0.3732330602362021,0.483322756740504,0.3732330602362021,0.483322756740504,İZMİR,DİKİLİ,49138,0.609
54988432B45078999476524,0.4958163083229862,0.6246704973056983,0.4955755970754111,0.6242738488173979,0.6071462330650149,0.7051997519783987,0.6069055218174401,0.704803103490098,0.4864132673735177,0.5368575769873971,0.4864132673735177,0.5368575769873971,0.31189032563221264,0.36504967296262136,0.31189032563221264,0.36504967296262136,İSTANBUL,GÜNGÖREN,251242,1.92
54988432B4509527375863,0.9440673243962533,0.981840963753307,0.9440673243962533,0.981840963753307,0.9099359430209124,0.9571524111518853,0.9099359430209124,0.9571524111518853,1.1309900596574063,1.2879594662684548,1.1309900596574063,1.2879594662684548,1.0991545996064254,1.2548134717843515,1.0991545996064254,1.2548134717843515,ANTALYA,SERİK,147062,0.852
54988432B4527245450623,0.09854330577794318,0.08289737343690577,0.09854330577794318,0.08289737343690577,0.09834497451685287,0.08275391273960529,0.09834497451685287,0.08275391273960529,0.0859771300833978,0.062190594492515905,0.0859771300833978,0.062190594492515905,0.08597713008339782,0.062190594492515905,0.08597713008339782,0.062190594492515905,NİĞDE,ÇAMARDI,11631,-0.733
54988432B45288450631555,0.5031028286889667,0.8262971433135294,0.5031028286889667,0.8262971433135294,0.5394964046473149,0.8526220290402658,0.5394964046473149,0.8526220290402658,0.6270222092517005,1.0238453318861818,0.6270222092517005,1.0238453318861818,0.0002937562892422024,0.0002124853230872816,0.0002937562892422024,0.0002124853230872816,AKSARAY,GÜLAĞAÇ,19099,-0.688
54988432B45351721911110,0.5268991469317312,0.7306142243974668,0.5268991469317312,0.7306142243974668,0.6396235177826408,0.8121521360515639,0.6396235177826408,0.8121521360515639,0.6119502486889307,0.8107460060606221,0.6119502486889307,0.8107460060606221,0.31677768357268493,0.42108259063371656,0.31677768357268493,0.42108259063371656,SAKARYA,ADAPAZARI,284006,1.392
54988432B45520240817550,0.16571441481786028,0.2730673069470001,0.16571441481786028,0.2730673069470001,0.16572228841627168,0.27307300222626246,0.16572228841627168,0.27307300222626246,0.3111522675428124,0.5127225162744918,0.3111522675428124,0.5127225162744918,0.30974136595942403,0.5103976063011102,0.30974136595942403,0.5103976063011102,ARTVİN,MURGUL,6457,-0.165
54988432B45526631886391,0.07624309455782156,0.12563479481910433,0.07624309455782156,0.12563479481910433,0.0763470027205525,0.12570995562531634,0.0763470027205525,0.12570995562531634,0.110587195211811,0.18222764514784254,0.110587195211811,0.18222764514784254,0.08347768015526849,0.13755608005034822,0.08347768015526849,0.13755608005034822,ADIYAMAN,GÖLBAŞI,47917,-0.133
54988432B4572982362376,0.41611310757179304,0.5461534297283289,0.41611310757179304,0.5461534297283289,0.4024251008516116,0.5362523633107837,0.4024251008516116,0.5362523633107837,0.407837378392998,0.547683600350442,0.407837378392998,0.547683600350442,0.46002386075928015,0.6114668389933392,0.46002386075928015,0.6114668389933392,MANİSA,YUNUSEMRE,270355,1.581
54988432B45752355908824,0.42900424063687254,0.585387659489446,0.42875995677772444,0.5849851239850876,0.6238229007413396,0.726307556191974,0.6235786168821915,0.7259050206876152,0.5911325465530841,0.6509488223149061,0.5911325465530841,0.6509488223149061,0.25080561834292403,0.28334139521324175,0.25080561834292403,0.28334139521324175,İSTANBUL,ESENLER,419878,1.354
54988432B45816327347427,0.04794712620220208,0.07825463546691211,0.039120619530644433,0.06371015296548878,0.08843319264602206,0.10753977836901117,0.07960668597446441,0.09299529586758784,0.14474712744187132,0.22529369703454158,0.14474712744187132,0.22529369703454158,0.0011183981940913721,0.0018429174268912438,0.0011183981940913721,0.0018429174268912438,KONYA,GÜNEYSINIR,9237,-0.621
54988432B4585133817151,0.005379338723713612,0.008864174791642037,0.005379338723713612,0.008864174791642037,0.005379338723713612,0.008864174791642037,0.005379338723713612,0.008864174791642037,0.0,0.0,0.0,0.0,0.0,0.0,0.0,0.0,DİYARBAKIR,ÇÜNGÜŞ,10057,-1.092
54988432B45859142187926,0.021075953980592095,0.03472935049823388,0.021075953980592095,0.03472935049823388,0.021075953980592095,0.03472935049823388,0.021075953980592095,0.03472935049823388,0.0,0.0,0.0,0.0,0.0,0.0,0.0,0.0,GİRESUN,ÇAMOLUK,5709,-0.92
54988432B4589751730887,2.2392334627279853,3.351545723863387,2.2392334627279853,3.351545723863387,2.1985026605328404,3.322083554095496,2.1985026605328404,3.322083554095496,7.051262696477669,11.310091181316018,7.051262696477669,11.310091181316018,2.6895344253612135,4.0965616879602615,2.6895344253612135,4.0965616879602615,DÜZCE,KAYNAŞLI,20379,-0.099
54988432B45931517008549,0.04569525284287677,0.0752974908536549,0.04569525284287677,0.0752974908536549,0.04569525284287677,0.0752974908536549,0.04569525284287677,0.0752974908536549,0.0578158927815034,0.09527010766042354,0.0578158927815034,0.09527010766042354,0.057985300726265905,0.09554926123497873,0.057985300726265905,0.09554926123497873,MUŞ,BULANIK,68983,-1.036
54988432B46025215892894,0.22395727961263096,0.3395792493597012,0.22395727961263096,0.3395792493597012,0.2239572796126309,0.3395792493597012,0.2239572796126309,0.3395792493597012,0.22307912935402655,0.3381322169668012,0.22307912935402655,0.3381322169668012,0.22307912935402655,0.3381322169668011,0.22307912935402655,0.3381322169668011,MERSİN,MUT,62758,-0.179
54988432B4616590264443,0.6136518737777485,0.6087466795691228,0.6136518737777485,0.6087466795691228,0.5316246539357271,0.5494132084286542,0.5316246539357271,0.5494132084286542,0.4942029429199404,0.4918102177485951,0.4942029429199404,0.4918102177485951,0.5602951539315278,0.5205594236791141,0.5602951539315278,0.5205594236791141,BALIKESİR,ERDEK,32080,0.352
54988432B46438308523987,0.02143955100234483,0.03532849245974095,0.02143955100234483,0.03532849245974095,0.021450466502794314,0.03533638806478706,0.021450466502794314,0.03533638806478706,0.032243306033749475,0.053131121727589097,0.032243306033749475,0.053131121727589097,0.0,0.0,0.0,0.0,KIRŞEHİR,AKPINAR,6435,-0.596
54988432B46507991557572,0.36033661556536783,0.4433113834122879,0.36033661556536783,0.4433113834122879,0.3693093000663009,0.44980167429272944,0.3693093000663009,0.44980167429272944,0.3920414832086574,0.4660392885342441,0.3920414832086574,0.4660392885342441,0.3110883828539796,0.3748006233521618,0.3110883828539796,0.3748006233521618,ESKİŞEHİR,ODUNPAZARI,431652,1.95
54988432B46518682235057,0.10862858963481858,0.17900021830710236,0.10862858963481858,0.17900021830710236,0.11219555433283694,0.18158034228761216,0.11219555433283694,0.18158034228761216,0.09733879334897937,0.15800969405765786,0.09733879334897937,0.15800969405765786,0.15485136704438557,0.25516697399165816,0.15485136704438557,0.25516697399165816,TOKAT,PAZAR,12875,-0.633
54988432B46569875882636,0.1569556088636473,0.25863438295172125,0.1569556088636473,0.25863438295172125,0.15862649924171981,0.2598430028003177,0.15862649924171981,0.2598430028003177,0.027581584850965193,0.04543772816235646,0.027581584850965193,0.04543772816235646,0.0,0.0,0.0,0.0,ARDAHAN,HANAK,7668,-0.926
54988432B46575800975320,0.30498585532809463,0.3608807152203157,0.30498585532809463,0.3608807152203157,0.27771690733164733,0.34115602697543534,0.27771690733164733,0.34115602697543534,0.27950872609294286,0.3370161384920994,0.27950872609294286,0.3370161384920994,0.4798913687177236,0.5805303681493039,0.4798913687177236,0.5805303681493039,GİRESUN,TİREBOLU,32124,0.014
54988432B4660350003677,0.2839585233663962,0.3782932670756845,0.2839585233663962,0.3782932670756845,0.27590052374947793,0.3724646032657792,0.27590052374947793,0.3724646032657792,0.27619324636730347,0.3744275027284167,0.27619324636730347,0.3744275027284167,0.3345696711923519,0.4499295159733319,0.3345696711923519,0.4499295159733319,ERZURUM,YAKUTİYE,189149,1.688
54988432B46629415876767,0.3239008133219918,0.5337266504718302,0.3239008133219918,0.5337266504718302,0.3864081916138222,0.578940662760526,0.3864081916138222,0.578940662760526,0.15680938567074182,0.22296289583981416,0.15680938567074182,0.22296289583981416,0.0,0.0,0.0,0.0,AFYONKARAHİSAR,BAŞMAKÇI,9089,-0.427
54988432B46815557775592,0.715356610464858,0.8341901698216901,0.715356610464858,0.8341901698216901,0.5258270864930845,0.6970961105264474,0.5258270864930845,0.6970961105264474,1.1432708211951241,1.733560914520628,1.1432708211951241,1.733560914520628,1.3312034078807242,1.9474476816600077,1.3312034078807242,1.9474476816600077,NİĞDE,ULUKIŞLA,18780,-0.314
54988432B46858449148239,0.11997540507265526,0.19769000972922215,0.11997540507265526,0.19769000972922215,0.12936175570512443,0.2044795213747287,0.12936175570512443,0.2044795213747287,0.014765618724216297,0.02363194309843142,0.014765618724216297,0.02363194309843142,0.0,0.0,0.0,0.0,ÇANAKKALE,BAYRAMİÇ,28480,-0.229
54988432B47187297633278,0.9101595475474105,0.9804921348263596,0.9100091807841952,0.9802443576662939,0.6963009148112798,0.8257998870819232,0.6961505480480645,0.825552109921858,0.7283079401603927,0.8337945370424468,0.7283079401603927,0.8337945370424468,0.8692630158653015,0.9563723471548962,0.8692630158653015,0.9563723471548962,İSTANBUL,KAĞITHANE,446420,2.174
54988432B47223063942173,0.009179268281025861,0.015125769668249769,0.009179268281025861,0.015125769668249769,0.009179268281025861,0.015125769668249769,0.009179268281025861,0.015125769668249769,0.0,0.0,0.0,0.0,0.0,0.0,0.0,0.0,GİRESUN,ALUCRA,8473,-0.54
54988432B47270758673920,0.09911084162597099,0.1208694883088976,0.09911084162597099,0.1208694883088976,0.09800992216251175,0.12007315054030149,0.09800992216251175,0.12007315054030149,0.09571004878903525,0.11682474519448735,0.09571004878903525,0.11682474519448735,0.09838968876061789,0.11968069927088149,0.09838968876061789,0.11968069927088149,IĞDIR,MERKEZ,152455,0.033
54988432B47330192202647,0.3011032178479354,0.4271230078229383,0.3011032178479354,0.4271230078229383,0.3272531528596332,0.44603827055316264,0.3272531528596332,0.44603827055316264,0.3280454078320182,0.447764174313364,0.3280454078320182,0.447764174313364,0.31265456749235365,0.44615753745315434,0.31265456749235365,0.44615753745315434,MERSİN,ANAMUR,66952,0.316
54988432B47711735094491,0.4013853665789308,0.39173876033857197,0.4013853665789308,0.39173876033857197,0.19071823000459773,0.23935504561251222,0.19071823000459773,0.23935504561251222,0.25701421235743604,0.34900898774537836,0.25701421235743604,0.34900898774537836,0.7296607077708865,0.932525884701103,0.7296607077708865,0.932525884701103,BARTIN,AMASRA,13705,-0.102
54988432B47787159486686,0.000488681024307618,0.0008052577164783894,0.000488681024307618,0.0008052577164783894,0.000488681024307618,0.0008052577164783894,0.000488681024307618,0.0008052577164783894,5.356741305029485e-05,8.826938343196615e-05,5.356741305029485e-05,8.826938343196615e-05,0.0,0.0,0.0,0.0,MALATYA,HEKİMHAN,17116,-0.606
54988432B47827945301604,0.38565999175626486,0.4358592164945263,0.38565999175626486,0.4358592164945263,0.7668973579755095,0.7116229972224679,0.7668973579755095,0.7116229972224679,0.8924035396611834,0.8436785472474347,0.8924035396611834,0.8436785472474347,0.40809612741697243,0.4776132786277898,0.40809612741697243,0.4776132786277898,KAYSERİ,BÜNYAN,30362,-0.379
54988432B47932358770374,0.019669461164193762,0.032411705373418816,0.019669461164193762,0.032411705373418816,0.019669461164193762,0.032411705373418816,0.019669461164193762,0.032411705373418816,0.0020323633086351428,0.0033489662081411147,0.0020323633086351428,0.0033489662081411147,0.0,0.0,0.0,0.0,ERZURUM,OLUR,5985,-0.637
54988432B48034047733274,0.0,0.0,0.0,0.0,0.0,0.0,0.0,0.0,0.0,0.0,0.0,0.0,0.0,0.0,0.0,0.0,VAN,SARAY,17036,-1.237
54988432B48182517932620,0.046971515596264696,0.07740054044899308,0.046971515596264696,0.07740054044899308,0.046971515596264696,0.07740054044899308,0.046971515596264696,0.07740054044899308,0.0,0.0,0.0,0.0,0.0,0.0,0.0,0.0,KIRŞEHİR,AKÇAKENT,3301,-0.816
54988432B48183111476065,4.848203991984497e-06,7.988961063381293e-06,4.848203991984497e-06,7.988961063381293e-06,4.848203991984497e-06,7.988961063381293e-06,4.848203991984497e-06,7.988961063381293e-06,0.0,0.0,0.0,0.0,0.0,0.0,0.0,0.0,SİİRT,PERVARİ,26437,-1.345
54988432B48404533288068,0.6542252932681103,0.7162845172586051,0.6542252932681103,0.7162845172586051,0.37285180105322496,0.5127561517699549,0.37285180105322496,0.5127561517699549,0.38336071641551933,0.5231588564349231,0.38336071641551933,0.5231588564349231,1.0495164223968652,1.3438700757891935,1.0495164223968652,1.3438700757891935,KIRIKKALE,YAHŞİHAN,39137,1.778
54988432B4842956932504,0.025514218006721184,0.0420428048315029,0.025514218006721184,0.0420428048315029,0.025514504475816577,0.042043012045715894,0.025514504475816577,0.042043012045715894,0.005182038936898033,0.008539060518956927,0.005182038936898033,0.008539060518956927,0.0,0.0,0.0,0.0,ARDAHAN,ÇILDIR,8048,-0.773
54988432B4854228242513,0.13934001282076067,0.22960707487484502,0.13934001282076067,0.22960707487484502,0.14103114192695154,0.2308303341808441,0.14103114192695154,0.2308303341808441,0.09129705325697654,0.15044098905023265,0.09129705325697654,0.15044098905023265,0.10026769646918561,0.16522298243465067,0.10026769646918561,0.16522298243465067,ÇORUM,ALACA,28989,-0.339
54988432B48804901701005,0.008025749820031347,0.013224980409791899,0.008025749820031347,0.013224980409791899,0.008095074451234627,0.013275125605651826,0.008025749820031347,0.013224980409791899,0.0,0.0,0.0,0.0,0.0,0.0,0.0,0.0,DİYARBAKIR,ÇERMİK,49299,-0.887
54988432B48966185203589,0.03421791635906982,0.05638492149146365,0.03421791635906982,0.05638492149146365,0.05611620351573486,0.07222480234489309,0.05611620351573486,0.07222480234489309,0.0007780187471041999,0.0005627711504419687,0.0007780187471041999,0.0005627711504419687,0.0,0.0,0.0,0.0,KAHRAMANMARAŞ,EKİNÖZÜ,9896,-0.92
54988432B49000461137157,0.13151484616234865,0.19243690543300687,0.13151484616234865,0.19243690543300687,0.13152568749564014,0.19244474739006964,0.13152568749564014,0.19244474739006964,0.13129390139828007,0.1920728285253066,0.13129390139828007,0.1920728285253066,0.13129390139828007,0.19207282852530663,0.13129390139828007,0.19207282852530663,HAKKARİ,MERKEZ,76165,-0.077
54988432B490212621980,0.3206011536815023,0.4502580036316296,0.3206011536815023,0.4502580036316296,0.3561265746819944,0.4759549191889928,0.3561265746819944,0.4759549191889928,0.32683303587500373,0.43168892294869093,0.32683303587500373,0.43168892294869093,0.2855722902658294,0.4049163631765333,0.2855722902658294,0.4049163631765333,KARABÜK,MERKEZ,135819,0.962
54988432B49228485155322,0.1431931586647057,0.10361366962522095,0.1431931586647057,0.10361366962522095,0.14319118425871546,0.10361224146075229,0.14319118425871546,0.10361224146075229,0.14315367547061766,0.10354860848077482,0.14315367547061766,0.10354860848077482,0.14315367547061772,0.10354860848077482,0.14315367547061772,0.10354860848077482,ŞIRNAK,BEYTÜŞŞEBAP,13971,-0.723
54988432B49266888844596,0.10195214565159524,0.16799864924936458,0.10195214565159524,0.16799864924936458,0.21441593225728814,0.24934807020704403,0.21441593225728814,0.24934807020704403,0.1044566480339215,0.08195055266125256,0.1044566480339215,0.08195055266125256,0.0,0.0,0.0,0.0,YOZGAT,YENİFAKILI,5008,-0.352
54988432B49369799231556,0.7788394214159422,0.8632188826963116,0.7787757807232538,0.8631140143746047,0.5890559798544229,0.72594115495525,0.5889923391617347,0.7258362866335429,0.7300805000623601,0.9127858896935281,0.7300805000623601,0.9127858896935281,1.064268058091129,1.2550972698801433,1.064268058091129,1.2550972698801433,İSTANBUL,SARIYER,344883,3.249
54988432B49466488520604,0.009343859689400186,0.0153969864642104,0.009343859689400186,0.0153969864642104,0.009343939742915692,0.015397044370024603,0.009343939742915692,0.015397044370024603,0.0,0.0,0.0,0.0,0.0,0.0,0.0,0.0,KIRIKKALE,SULAKYURT,5564,-0.809
54988432B49471063177420,0.6030557316771238,0.7233911403836909,0.6029356695018293,0.7231932996894461,0.618073228144821,0.7342538783258555,0.6179531659695267,0.7340560376316108,0.6614636009395367,0.7950425493526557,0.6612379897044987,0.7946707829469597,0.5968649234677755,0.7502933709987927,0.5968649234677755,0.7502933709987927,İSTANBUL,ÜMRANİYE,728913,3.364
54988432B49528694857663,0.15420397110536216,0.12108149691826273,0.15420397110536216,0.12108149691826273,0.1527952112902378,0.12006248627770326,0.1527952112902378,0.12006248627770326,0.14385913230641367,0.10405889278503583,0.14385913230641367,0.10405889278503583,0.14388489208633093,0.1040775258334464,0.14388489208633093,0.1040775258334464,KÜTAHYA,DOMANİÇ,13900,-0.483
54988432B49585252089849,0.7881232760961273,0.880175434239009,0.7832589782248579,0.8723265627321585,0.5702081000475054,0.7225489313043408,0.5582108845898596,0.7095405437176608,0.5055060962000619,0.6133808968652555,0.49280540380172944,0.5983232259968305,1.2584964963197383,1.4669981416706437,1.2584964963197383,1.4669981416706437,YALOVA,TERMAL,7497,0.158
54988432B4974900305842,5.333016935507809e-05,8.78784488411872e-05,5.333016935507809e-05,8.78784488411872e-05,5.333016935507809e-05,8.78784488411872e-05,5.333016935507809e-05,8.78784488411872e-05,0.0,0.0,0.0,0.0,0.0,0.0,0.0,0.0,TUNCELİ,OVACIK,6700,-0.375
54988432B49773192126459,0.47588517444445383,0.5466603879120483,0.47588517444445383,0.5466603879120483,0.40064807720130974,0.4922384759349482,0.40064807720130974,0.4922384759349482,0.424747849192061,0.5690171583330975,0.424747849192061,0.5690171583330975,0.7735527514412585,1.0362966858646092,0.7735527514412585,1.0362966858646092,KAYSERİ,ÖZVATAN,3877,-0.325
54988432B49774996339871,0.7651838978218984,1.0976648881453859,0.7639506964080532,1.0956327958293852,0.8837482228272399,1.1834270652561325,0.8825150214133947,1.1813949729401314,0.9011643755900333,1.2158848893917416,0.9010401013135467,1.2156801079185047,0.7368916057317083,1.0532577679351651,0.7368916057317083,1.0532577679351651,AFYONKARAHİSAR,MERKEZ,331982,1.178
54988432B50131654423390,0.25038051399783806,0.3887505076050096,0.25038051399783806,0.3887505076050096,0.3044958030953397,0.42789419612826574,0.3044958030953397,0.42789419612826574,0.1783679852453775,0.241919789930636,0.1783679852453775,0.241919789930636,0.08248225855342603,0.11731926759058975,0.08248225855342603,0.11731926759058975,KOCAELİ,GÖLCÜK,181227,0.892
54988432B50302580927111,0.21401144349272164,0.30991619363706346,0.21401144349272164,0.30991619363706346,0.24189025691992128,0.33008202121355606,0.24189025691992128,0.33008202121355606,0.20379779439660922,0.26667761303624926,0.20379779439660922,0.26667761303624926,0.11437978140885077,0.14216370068368567,0.11437978140885077,0.14216370068368567,MERSİN,AKDENİZ,254292,1.183
54988432B50394805884304,0.0002865030516919614,0.00047210507814670266,0.0002865030516919614,0.00047210507814670266,0.0002865030516919614,0.00047210507814670266,0.0002865030516919614,0.00047210507814670266,0.0,0.0,0.0,0.0,0.0,0.0,0.0,0.0,VAN,ÖZALP,51357,-1.159
54988432B50445752113083,0.010048319744399613,0.016557808896476536,0.010048319744399613,0.016557808896476536,0.010768615110394685,0.01707882648543288,0.010768615110394685,0.01707882648543288,0.008162386782647727,0.013450133348068768,0.008162386782647727,0.013450133348068768,0.0,0.0,0.0,0.0,ISPARTA,SÜTÇÜLER,9228,-0.811
54988432B505648184983,0.4905893421420644,0.6282706492706046,0.4905893421420644,0.6282706492706046,0.5114882712752443,0.6433876556860164,0.5114882712752443,0.6433876556860164,0.4933102691112436,0.615169912454169,0.4933102691112436,0.615169912454169,0.5160355465741703,0.6808039068367524,0.5160355465741703,0.6808039068367524,ÇORUM,SUNGURLU,49079,-0.243
54988432B50626886861490,0.41593296335893165,0.6068321444317849,0.41593296335893165,0.6068321444317849,0.3991475532326501,0.5946906059372855,0.3991475532326501,0.5946906059372855,0.43458076055018124,0.6496472069732394,0.43458076055018124,0.6496472069732394,0.4289581633038494,0.6276688379397365,0.4289581633038494,0.6276688379397365,ANTALYA,KORKUTELİ,58381,0.081
54988432B50709390359139,0.498412848779468,0.627852397073949,0.4975477016592568,0.626426791495287,0.5433241523870768,0.6603384857359198,0.5424590052668655,0.6589128801572579,0.5544736971728396,0.6797758898056885,0.5535523276463846,0.6782576398962366,0.4904816211980478,0.617319543742505,0.4900691353274492,0.61663984182302,BURSA,OSMANGAZİ,886111,2.374
54988432B50747108890679,0.021401874019327322,0.03526640762362221,0.021401874019327322,0.03526640762362221,0.021401874019327322,0.03526640762362221,0.021401874019327322,0.03526640762362221,0.00028787457207914195,0.00047436509504964966,0.00028787457207914195,0.00047436509504964966,0.0,0.0,0.0,0.0,MUŞ,MALAZGİRT,40595,-1.027
54988432B50828281350950,0.5724981739250222,0.8622037502816216,0.5724981739250222,0.8622037502816216,0.5465513136829369,0.8434353794124811,0.5465513136829369,0.8434353794124811,0.6645449749882151,1.0379270476282918,0.6645449749882151,1.0379270476282918,0.6973113341460951,1.0907377898916732,0.6973113341460951,1.0907377898916732,ANTALYA,AKSEKİ,10609,-0.182
54988432B50977665989913,0.48110071144833566,0.6136523392886163,0.48098257145268947,0.6134576659978874,0.5472442505771067,0.6614965278102286,0.5471261105814607,0.6613018545194997,0.6511141724110429,0.8013355602218138,0.6508946849847733,0.8009738847425499,0.438432019447368,0.5343707788137807,0.438432019447368,0.5343707788137807,İSTANBUL,SANCAKTEPE,507500,1.275
54988432B51005953593095,0.0070770220894444055,0.0116616491407405,0.007061468652021427,0.01163601989614202,0.0070770220894444055,0.0116616491407405,0.007061468652021427,0.01163601989614202,0.002575372237779177,0.0042437464606165,0.002575372237779177,0.0042437464606165,0.0,0.0,0.0,0.0,ŞANLIURFA,HARRAN,101710,-1.447
54988432B51165292836212,0.15197670665289728,0.23566505788751713,0.1517992887066343,0.23537270528292722,0.18412530279489173,0.25891938498858547,0.18394788484862873,0.25862703238399554,0.19264026813445695,0.26708814499445005,0.19264026813445695,0.26708814499445005,0.18054872719285603,0.28359071491359045,0.18054872719285603,0.28359071491359045,SAMSUN,ÇARŞAMBA,143206,-0.015
54988432B51178823005905,0.14210548415593066,0.19601098124123859,0.14210548415593066,0.19601098124123859,0.14209740066586013,0.1960051341391945,0.14209740066586013,0.1960051341391945,0.14527206208452054,0.20122892747813198,0.14527206208452054,0.20122892747813198,0.1485712399095366,0.20666537430025425,0.1485712399095366,0.20666537430025425,KARS,MERKEZ,121154,0.398
54988432B512462683964,0.018761323006989808,0.030915258361274105,0.018761323006989808,0.030915258361274105,0.018803305713698572,0.03094562608215628,0.018803305713698572,0.03094562608215628,0.016540614699566695,0.02725061464433081,0.016540614699566695,0.02725061464433081,0.017000297505206336,0.028013407657667275,0.017000297505206336,0.028013407657667275,HATAY,REYHANLI,117645,-0.54
54988432B51380550593874,0.4830942327813677,0.5429468491278695,0.4830082141959096,0.5428051060966175,0.42333645753320587,0.49972173141774745,0.4232504389477479,0.4995799883864955,0.44867541239845987,0.5359782170059606,0.4486521431545245,0.5359398735113219,0.7070255915162218,0.8762340247878718,0.7070255915162218,0.8762340247878718,İSTANBUL,TUZLA,313865,2.73
54988432B51585452929549,0.5572476949567265,0.6560374704088254,0.5533497797015801,0.6496144128697428,0.5920808150495133,0.6812336178552254,0.5881828997943667,0.674810560316143,0.593800018197352,0.6919161696290321,0.5894740140347753,0.6847876991950346,0.5102424970604205,0.5818137262099162,0.5042744143666666,0.571979408111448,TRABZON,ORTAHİSAR,335116,1.807
54988432B51640107069118,0.14333384326466694,0.23618818325288873,0.14333384326466694,0.23618818325288873,0.14333384326466694,0.23618818325288873,0.14333384326466694,0.23618818325288873,0.12680940634388427,0.20895890755147656,0.12680940634388427,0.20895890755147656,0.13438602385351922,0.22144379935402428,0.13438602385351922,0.22144379935402428,ERZURUM,OLTU,29765,0.025
54988432B51915781882505,0.3228688010574543,0.40898860620027594,0.31901300473382466,0.4026349530229892,0.33338346568790195,0.41659427114422887,0.32948855229786767,0.4102123230748917,0.2557247147158587,0.28887212642506366,0.25571319236048057,0.28885669040125067,0.21517478813559318,0.23215379694212276,0.21517478813559318,0.23215379694212276,BURDUR,MERKEZ,120832,0.917
54988432B51986121551962,1.9120372422615708,3.104427352059629,1.9120372422615708,3.104427352059629,2.0655440568224153,3.215464787793191,2.0655440568224153,3.215464787793191,1.8477441582569694,2.830905213876982,1.8477441582569694,2.830905213876982,1.05089325927038,1.6854182176552632,1.05089325927038,1.6854182176552632,ADANA,POZANTI,19983,-0.185
54988432B52020069669764,0.2372400617785516,0.30923870557813743,0.22284058839625653,0.29346870594262164,0.2501864452198654,0.3186033270997255,0.23654798634488197,0.30338379878816796,0.24177396053545308,0.31457650011599037,0.2288804236609786,0.30048141427521213,0.29913812862563127,0.40080582780461876,0.2792610460498221,0.37855255008615724,DİYARBAKIR,KAYAPINAR,454311,0.857
54988432B52055893511885,0.19509282525822294,0.32035097469029467,0.1874457592848929,0.30774999659386043,0.2514595575742211,0.36112321945971315,0.2432303279127118,0.34810113977702334,0.04241837554595463,0.04277059570277946,0.04228197078453725,0.04258785987522328,0.0,0.0,0.0,0.0,ISPARTA,ATABEY,6204,-0.299
54988432B52081033175293,0.01386673964291617,0.022849872502571332,0.01386673964291617,0.022849872502571332,0.015518582471167818,0.024044714519250904,0.015518582471167818,0.024044714519250904,0.0,0.0,0.0,0.0,0.0,0.0,0.0,0.0,NİĞDE,ALTUNHİSAR,12004,-0.975
54988432B52253881676489,1.1213386027449057,1.0925622447904042,1.1213386027449057,1.0925622447904042,0.5917767534545882,0.7095096097934556,0.5917767534545882,0.7095096097934556,0.8247019366426991,0.8096904436612502,0.8247019366426991,0.8096904436612502,0.1264583618074505,0.1750800290867908,0.1264583618074505,0.1750800290867908,DÜZCE,CUMAYERİ,16162,-0.237
54988432B52278117237199,0.16096539922706113,0.23168313244068564,0.16096539922706113,0.23168313244068564,0.16011031503997764,0.23106461686701749,0.16011031503997764,0.23106461686701749,0.12118230977085148,0.16849219361631096,0.12118230977085148,0.16849219361631096,0.10892442462467088,0.14592760825249076,0.10892442462467088,0.14592760825249076,MANİSA,SOMA,110188,0.416
54988432B52458051755801,0.45293073648092486,0.6619496283565529,0.45293073648092486,0.6619496283565529,0.45377887503111314,0.6625631198815325,0.45377887503111314,0.6625631198815325,0.49691486828310333,0.7365771852539013,0.49691486828310333,0.7365771852539013,0.5591577951381312,0.8369925590774961,0.5591577951381312,0.8369925590774961,DENİZLİ,ACIPAYAM,54769,0.052
54988432B52534848164203,0.21609801724310956,0.26024072861323827,0.21609801724310956,0.26024072861323827,0.2074553354783272,0.25398914151745977,0.2074553354783272,0.25398914151745977,0.20273291629874493,0.2606092807028221,0.20273291629874493,0.2606092807028221,0.20840931589642062,0.24708565377852204,0.20840931589642062,0.24708565377852204,UŞAK,SİVASLI,19193,-0.434
54988432B52559980919488,0.00889849645590947,0.014663108612267425,0.00889849645590947,0.014663108612267425,0.00889849645590947,0.014663108612267425,0.00889849645590947,0.014663108612267425,0.0,0.0,0.0,0.0,0.0,0.0,0.0,0.0,KARAMAN,SARIVELİLER,11594,-0.631
54988432B52670947871077,0.1828232655426195,0.255413998255717,0.1828232655426195,0.255413998255717,0.20603192024750824,0.27220171880498983,0.20603192024750824,0.27220171880498983,0.15525081281965322,0.18938014046099064,0.15525081281965322,0.18938014046099064,0.07348806145661761,0.09219567709929911,0.07348806145661761,0.09219567709929911,TEKİRDAĞ,KAPAKLI,152509,0.149
54988432B52977689381309,0.6497647155327145,1.0706311268823105,0.6497647155327145,1.0706311268823105,0.6916766028442889,1.1009476213463831,0.6916766028442889,1.1009476213463831,1.1983084225210598,1.9074029733628772,1.1983084225210598,1.9074029733628772,0.3104144032283098,0.5115066496796938,0.3104144032283098,0.5115066496796938,BOLU,YENİÇAĞA,6443,-0.091
54988432B53167672259322,0.06533763137959048,0.10766456896782682,0.06533763137959048,0.10766456896782682,0.06533763137959048,0.10766456896782682,0.06533763137959048,0.10766456896782682,0.08797169999546046,0.14496140985509948,0.08797169999546046,0.14496140985509948,0.09291521486643438,0.15310742596451882,0.09291521486643438,0.15310742596451882,IĞDIR,TUZLUCA,21525,-0.953
54988432B53179569886424,0.05139775767243942,0.08469418478865415,0.05139775767243942,0.08469418478865415,0.05139775767243942,0.08469418478865415,0.05139775767243942,0.08469418478865415,0.05249849398610806,0.08650799863920315,0.05249849398610806,0.08650799863920315,0.05323679727427598,0.08772458858300328,0.05323679727427598,0.08772458858300328,VAN,BAŞKALE,37568,-1.13
54988432B53180025567005,0.48232391935264446,0.548967285424604,0.48232391935264446,0.548967285424604,0.3442185032784753,0.4490702788606764,0.3442185032784753,0.4490702788606764,0.3669521589174274,0.4859032557853075,0.3669521589174274,0.4859032557853075,0.8563069759523627,1.1086053586442846,0.8563069759523627,1.1086053586442846,İZMİR,BALÇOVA,75743,2.902
54988432B53191699702586,0.23868106348455484,0.393303113049094,0.23868106348455484,0.393303113049094,0.2411291135286249,0.39507388264143173,0.2411291135286249,0.39507388264143173,0.5793639778549735,0.9520658670977468,0.5793639778549735,0.9520658670977468,0.18910133052767214,0.3116047033327884,0.18910133052767214,0.3116047033327884,KIRIKKALE,DELİCE,10577,-0.567
54988432B53264158604699,0.08272111086154678,0.10752518526411556,0.08272111086154678,0.10752518526411556,0.0675003984903068,0.09651545337321829,0.0675003984903068,0.09651545337321829,0.04137236198007336,0.054694877037789816,0.04137236198007336,0.054694877037789816,0.12546648392269777,0.1777538546056947,0.12546648392269777,0.1777538546056947,BİNGÖL,GENÇ,31654,-0.646
54988432B53366813523086,0.006076642857623881,0.010013205563522516,0.006076642857623881,0.010013205563522516,0.006076642857623881,0.010013205563522516,0.006076642857623881,0.010013205563522516,0.0,0.0,0.0,0.0,0.0,0.0,0.0,0.0,ÇANKIRI,ŞABANÖZÜ,12493,-0.13
54988432B53536511485227,0.016751613093195446,0.027603620840134534,0.016538772910236504,0.027252898812514997,0.017757589156764696,0.02833128236335504,0.017544748973805757,0.027980560335735507,0.0013127425535883694,0.0021631616912572253,0.0013127425535883694,0.0021631616912572253,0.0,0.0,0.0,0.0,MARDİN,SAVUR,23404,-1.187
54988432B53827515712980,0.041974616805612874,0.06916655731994696,0.041974616805612874,0.06916655731994696,0.04249160598672075,0.0695405156561709,0.04249160598672075,0.0695405156561709,1.0220482752985972e-05,1.2140313179810377e-05,1.0220482752985972e-05,1.2140313179810377e-05,0.0,0.0,0.0,0.0,KONYA,TUZLUKÇU,6052,-0.686
54988432B53845687770419,0.030635909186989746,0.05047686498649048,0.030635909186989746,0.05047686498649048,0.043902141933355135,0.06007284592202834,0.043902141933355135,0.06007284592202834,0.03905466412867153,0.04550532665138327,0.03905466412867153,0.04550532665138327,0.0,0.0,0.0,0.0,IĞDIR,KARAKOYUNLU,12614,-1.008
54988432B53887880755760,0.1243841646995987,0.20496254908604877,0.1243841646995987,0.20496254908604877,0.14529098237274315,0.22008526158852806,0.14529098237274315,0.22008526158852806,0.0,0.0,0.0,0.0,0.0,0.0,0.0,0.0,YOZGAT,ÇANDIR,4360,-0.246
54988432B53975105954432,0.21696618851580632,0.30581611364194183,0.21696618851580632,0.30581611364194183,0.24582341922431036,0.3266896684050369,0.23848535129503204,0.3213817591214213,0.2727294065725837,0.39707921924729855,0.2716508134674785,0.39629903100006403,0.33006306924027984,0.4777991752331386,0.33006306924027984,0.4777991752331386,TRABZON,VAKFIKEBİR,27278,0.268
54988432B54046828010394,0.5288934204556094,0.6871941631354115,0.5288934204556094,0.6871941631354115,0.41182038066473314,0.6025106904889281,0.41182038066473314,0.6025106904889281,0.14101458320602622,0.1912919348398818,0.14101458320602622,0.1912919348398818,0.22062389055062573,0.15958582124439452,0.22062389055062573,0.15958582124439452,BİLECİK,PAZARYERİ,9671,-0.301
54988432B54174343653702,0.04014577602330098,0.06615295933084232,0.04014577602330098,0.06615295933084232,0.0407507643103246,0.06659057083514018,0.0407507643103246,0.06659057083514018,0.00043390198023404437,0.0006289031200788545,0.00043390198023404437,0.0006289031200788545,0.0,0.0,0.0,0.0,ÇORUM,MECİTÖZÜ,12911,-0.719
54988432B54271266334519,0.8297123411421939,0.8212138956341896,0.8295425807046407,0.8209341612154322,0.9632736605502952,0.9178239807479581,0.9630694315898511,0.9175193139090586,1.382494199582112,1.53707640929497,1.3824000689975582,1.5369426621467719,1.1391146659717815,1.3980638095285005,1.1391146659717815,1.3980638095285005,İSTANBUL,ARNAVUTKÖY,358469,0.771
54988432B54371486123603,0.032164127196847615,0.053000649361719485,0.03131608458955303,0.05160322891881613,0.03230429935521605,0.053102041323183836,0.03145625674792146,0.05170462088028049,0.021298705446189198,0.03501157845241897,0.020480937738948057,0.033664045555114895,0.0021155254009421506,0.0034860022566424592,0.0021155254009421506,0.0034860022566424592,MARDİN,MAZIDAĞI,37381,-1.019
54988432B54408958625108,0.33422054159248,0.35357561591418135,0.30577549032027507,0.33300020653179596,0.33019931732774527,0.35066690836173114,0.30176864692491645,0.3301019012202085,0.3523681631758991,0.3857488179623998,0.32392311190369416,0.36517340858001435,0.35556314090256147,0.38867700342148637,0.32711808963035655,0.36810159403910087,SİNOP,MERKEZ,70311,0.917
54988432B54459736325466,0.9477609685668316,0.8554119774623019,0.9477609685668316,0.8554119774623019,0.47641518645493025,0.5144692829033519,0.47641518645493025,0.5144692829033519,0.3944584416827356,0.3543057210639732,0.3944584416827356,0.3543057210639732,0.9674478529084202,0.8812761030729317,0.9674478529084202,0.8812761030729317,AFYONKARAHİSAR,İHSANİYE,27636,-0.592
54988432B54492076476235,0.5792116642023701,0.623583785337916,0.5792116642023701,0.623583785337916,0.48273574004561143,0.5537990056912377,0.48273574004561143,0.5537990056912377,0.5171034447421484,0.5124293439177372,0.5171034447421484,0.5124293439177372,0.4374490994520811,0.3821336127302874,0.4374490994520811,0.3821336127302874,MUĞLA,ORTACA,58704,0.884
54988432B54526822258807,2.4648709302384355,2.715217993344238,2.4648709302384355,2.715217993344238,1.8248805084663597,2.2522880867410047,1.8248805084663597,2.2522880867410047,1.7917690861677897,2.2568170110671266,1.7917690861677897,2.2568170110671266,2.5730653461501123,2.8934844932015564,2.5730653461501123,2.8934844932015564,KAYSERİ,PINARBAŞI,20598,-0.512
54988432B54547584341772,0.005197872870114757,0.008565151969761741,0.005197872870114757,0.008565151969761741,0.005197872870114757,0.008565151969761741,0.005197872870114757,0.008565151969761741,0.0,0.0,0.0,0.0,0.0,0.0,0.0,0.0,YOZGAT,AYDINCIK,9317,-0.928
54988432B54701256478195,0.8284205764339718,0.8095923232834661,0.8284205764339718,0.8095923232834661,0.42781865461751156,0.5198214080593387,0.42781865461751156,0.5198214080593387,0.6220036933655971,0.7496703564905566,0.6220036933655971,0.7496703564905566,1.7130016669385,2.2805806388603127,1.7130016669385,2.2805806388603127,KOCAELİ,DİLOVASI,55355,0.665
54988432B54705083603952,0.05325893896639243,0.08776107407670121,0.05325893896639243,0.08776107407670121,0.0566547005431691,0.09021736019615803,0.0566547005431691,0.09021736019615803,0.021379865872335164,0.033664796317696116,0.021379865872335164,0.033664796317696116,0.0,0.0,0.0,0.0,KARS,SELİM,20476,-0.977
54988432B54940394851011,0.47912942019544164,0.37431347935482656,0.47829610285598745,0.37294032348322004,0.2461658003802046,0.20580185309579063,0.24531957214987243,0.20441935827581084,0.3179716089448663,0.2300282525611043,0.3179716089448663,0.2300282525611043,0.4940021303068446,0.35733091037757786,0.4940021303068446,0.35733091037757786,DİYARBAKIR,EĞİL,21674,-1.166
54988432B54960387029794,0.013861565881499593,0.02284134708190491,0.013861565881499593,0.02284134708190491,0.014293946675832263,0.023154104888784624,0.014293946675832263,0.023154104888784624,0.0,0.0,0.0,0.0,0.0,0.0,0.0,0.0,GAZİANTEP,KARKAMIŞ,9087,-0.837
54988432B55011186911160,0.8861182157132041,0.9555644972092487,0.8861182157132041,0.9555644972092487,0.6078398432143933,0.7542749519159395,0.6078398432143933,0.7542749519159395,0.4491660564937774,0.5311131889006205,0.4491660564937774,0.5311131889006205,1.0820933443808456,1.1594045530830173,1.0820933443808456,1.1594045530830173,ANTALYA,AKSU,87070,0.476
54988432B55013104325920,0.30714266836802095,0.3999484927763149,0.30714266836802095,0.3999484927763149,0.3343922532164054,0.41965917490482363,0.3343922532164054,0.41965917490482363,0.16755539269330916,0.1259316990809007,0.16755539269330916,0.1259316990809007,0.11228059693484867,0.0812169127601664,0.11228059693484867,0.0812169127601664,BİLECİK,SÖĞÜT,18284,0.102
54988432B55023919833047,0.13181178136057134,0.1579486141715,0.1315917467293094,0.15758603699763243,0.13345755672608284,0.15913906735693453,0.13323752209482087,0.15877649018306692,0.12887820525362062,0.15206016927061575,0.12887820525362062,0.15206016927061575,0.12818732441007125,0.15197616633281186,0.12818732441007125,0.15197616633281186,KONYA,AKŞEHİR,93613,0.372
54988432B55107269659829,0.2892076275858701,0.3709009476730778,0.2892076275858701,0.3709009476730778,0.28805412481748316,0.3700665743595564,0.28805412481748316,0.3700665743595564,0.32180833356689864,0.42234716955353324,0.32180833356689864,0.42234716955353324,0.24410530619054627,0.2950332330570098,0.24410530619054627,0.2950332330570098,İZMİR,TORBALI,224133,0.927
54988432B55138126050611,0.05108113452334517,0.0841724472516072,0.05082365005649873,0.0837481595394023,0.12020081222469912,0.13416939229046418,0.10316434287386149,0.1216082137108372,0.06276255863316338,0.06477793068927466,0.05240605350342751,0.05728666864949373,0.0,0.0,0.0,0.0,TRABZON,DÜZKÖY,13105,-0.616
54988432B55145438477707,1.2899368482866844e-06,2.125582024234276e-06,1.2899368482866844e-06,2.125582024234276e-06,1.2899368482866844e-06,2.125582024234276e-06,1.2899368482866844e-06,2.125582024234276e-06,0.0,0.0,0.0,0.0,0.0,0.0,0.0,0.0,BİNGÖL,KİĞI,4487,-0.517
54988432B55187358367890,0.9316186554321826,0.6741640747273449,0.9316186554321826,0.6741640747273449,0.3911929181700856,0.2832531679922059,0.3911929181700856,0.2832531679922059,0.41917472126852234,0.3032053417767887,0.41917472126852234,0.3032053417767887,0.962000962000962,0.6958526258224652,0.962000962000962,0.6958526258224652,BİLECİK,İNHİSAR,2079,-0.43
54988432B55191393233977,0.003313153191641922,0.0054594756921955475,0.003313153191641922,0.0054594756921955475,0.003313153191641922,0.0054594756921955475,0.003313153191641922,0.0054594756921955475,0.0,0.0,0.0,0.0,0.0,0.0,0.0,0.0,ÇORUM,ORTAKÖY,6491,-0.697
54988432B55246961354568,0.38043601740917254,0.4678109730640375,0.38043601740917254,0.4678109730640375,0.3825635115042176,0.46934987209941864,0.3825635115042176,0.46934987209941864,0.4148678918982328,0.5225989953200822,0.4148678918982328,0.5225989953200822,0.3960500291902391,0.49628190536155764,0.3960500291902391,0.49628190536155764,RİZE,MERKEZ,153597,1.079
54988432B55251089321769,0.19891835615455133,0.2904632936866218,0.19891835615455133,0.2904632936866218,0.21874022615356378,0.30480122143550337,0.21874022615356378,0.30480122143550337,0.16081044701664393,0.21729089755439338,0.16081044701664393,0.21729089755439338,0.1129759521210955,0.1588703583569758,0.1129759521210955,0.1588703583569758,SAKARYA,AKYAZI,99561,0.153
54988432B5550622380583,0.34794445563631177,0.33021561444026915,0.34794445563631177,0.33021561444026915,0.33935227932860584,0.32400055990143517,0.33935227932860584,0.32400055990143517,0.2630066186024883,0.19024289308667663,0.2630066186024883,0.19024289308667663,0.2629848783694938,0.1902271675325319,0.2629848783694938,0.1902271675325319,ESKİŞEHİR,MİHALIÇÇIK,7605,-0.552
54988432B55561929668739,0.47019780993732524,0.5623669408530794,0.46676544990693103,0.5567110339061643,0.33398222195094945,0.463836920278967,0.33054986192055524,0.458181013332052,0.3565150740738597,0.4955909292357991,0.35628487932634134,0.4952116100326551,0.7625994812033574,1.0391321802004843,0.7625994812033574,1.0391321802004843,SAMSUN,TEKKEKÖY,59356,0.65
54988432B55663903529384,0.0005932358249902059,0.0009775450692844506,0.0005932358249902059,0.0009775450692844506,0.0005932358249902059,0.0009775450692844506,0.0005932358249902059,0.0009775450692844506,0.0,0.0,0.0,0.0,0.0,0.0,0.0,0.0,ERZİNCAN,OTLUKBELİ,2123,-0.508
54988432B55699950689124,1.0299158396095012,1.5106789268312073,1.0299158396095012,1.5106789268312073,1.0246367782899508,1.5068603769272175,1.0246367782899508,1.5068603769272175,1.156717412634797,1.723703272806443,1.156717412634797,1.723703272806443,1.0108294976621717,1.482704576219952,1.0108294976621717,1.482704576219952,BALIKESİR,KARESİ,189444,1.108
54988432B55782833722779,0.06279754433318947,0.08040273757361203,0.037836234363642265,0.06234725346042616,0.06310902645040897,0.08062804467591794,0.03870501407946116,0.06297567554147733,0.0511242770973732,0.060742100481280495,0.026180865990221448,0.04269956330982243,0.0499226199390944,0.05918719675716604,0.0249613099695472,0.04113171264398017,KAHRAMANMARAŞ,AFŞİN,80124,-0.307
54988432B55907978535703,0.17784467390032713,0.2927842062241794,0.17784467390032713,0.2927842062241794,0.18320131277574128,0.29665887098468713,0.18320131277574128,0.29665887098468713,0.12342720749356895,0.2008879666544636,0.12342720749356895,0.2008879666544636,0.18494544109487698,0.3047565511268973,0.18494544109487698,0.3047565511268973,ARTVİN,BORÇKA,21628,-0.29
54988432B5616470788648,0.16995767501264342,0.2800594303258768,0.16995767501264342,0.2800594303258768,0.16995767501264342,0.2800594303258768,0.16995767501264342,0.2800594303258768,0.060169049742388916,0.09914768363858364,0.060169049742388916,0.09914768363858364,0.0,0.0,0.0,0.0,ERZURUM,PAZARYOLU,3537,-0.612
54988432B56207670393992,0.3089396417996197,0.2331646866549197,0.3089396417996197,0.2331646866549197,0.12843966981415364,0.10260205269900653,0.12843966981415364,0.10260205269900653,0.17162807997051244,0.12414525019178686,0.17162807997051244,0.12414525019178686,0.29900589473615774,0.21628256644959878,0.29900589473615774,0.21628256644959878,AMASYA,GÖYNÜCEK,10823,-0.798
54988432B56214767138280,1.1397205376143507,1.878052782677994,1.1397205376143507,1.878052782677994,1.1511642845070913,1.8863304888748755,1.1511642845070913,1.8863304888748755,0.13628912915476551,0.20325253006053923,0.13628912915476551,0.20325253006053923,0.0,0.0,0.0,0.0,ÇANKIRI,KORGUN,4239,-0.606
54988432B56294268584472,0.1251379368969631,0.20620462898725742,0.1251379368969631,0.20620462898725742,0.1251379368969631,0.20620462898725742,0.1251379368969631,0.20620462898725742,0.22678406612776544,0.37369901866451827,0.22678406612776544,0.37369901866451827,0.15611583795176018,0.2572505927629589,0.15611583795176018,0.2572505927629589,AKSARAY,SULTANHANI,12811,-0.667
54988432B56298915275499,0.004391917419987747,0.007237083530288124,0.004391917419987747,0.007237083530288124,0.004391917419987747,0.007237083530288124,0.004391917419987747,0.007237083530288124,0.0,0.0,0.0,0.0,0.0,0.0,0.0,0.0,SİVAS,ALTINYAYLA,8245,-0.664
54988432B56342138183442,0.043813879507905835,0.07207670399686418,0.043813879507905835,0.07207670399686418,0.06521312365810716,0.08755560767858289,0.06521312365810716,0.08755560767858289,0.029159797892913748,0.03842709407847328,0.029159797892913748,0.03842709407847328,0.0,0.0,0.0,0.0,OSMANİYE,BAHÇE,22989,-0.302
54988432B56417495854630,0.013880261454786838,0.022872153996650317,0.013880261454786838,0.022872153996650317,0.014596329894321662,0.023390114085674017,0.014596329894321662,0.023390114085674017,0.0013846550829644682,0.001954692531020477,0.0013846550829644682,0.001954692531020477,0.0,0.0,0.0,0.0,KARAMAN,AYRANCI,7127,-0.683
54988432B56455899662396,0.1588573642202014,0.17400390565263427,0.1588573642202014,0.17400390565263427,0.09051589615672223,0.12456986984292101,0.09051589615672223,0.12456986984292101,0.016972058486294808,0.013956845964779866,0.016972058486294808,0.013956845964779866,0.09500150640945004,0.06871827607594376,0.09500150640945004,0.06871827607594376,SAMSUN,SALIPAZARI,19406,-0.73
54988432B56795021168307,0.10735673670523298,0.17690443530176564,0.10735673670523298,0.17690443530176564,0.1080450670583067,0.1774023313564883,0.1080450670583067,0.1774023313564883,0.08230409870450758,0.13526218312971947,0.08230409870450758,0.13526218312971947,3.07817170136145e-05,5.07226880495036e-05,3.07817170136145e-05,5.07226880495036e-05,KASTAMONU,DEVREKANİ,12033,-0.416
54988432B56881334411640,0.0,0.0,0.0,0.0,0.0,0.0,0.0,0.0,0.0,0.0,0.0,0.0,0.0,0.0,0.0,0.0,TUNCELİ,ÇEMİŞGEZEK,7505,-0.427
54988432B5693993852815,0.013245625198035236,0.021826388522882934,0.013245625198035236,0.021826388522882934,0.015141981866537908,0.023198096888463762,0.015141981866537908,0.023198096888463762,0.0037371838725863893,0.0036980877079436174,0.0037371838725863893,0.0036980877079436174,0.0,0.0,0.0,0.0,OSMANİYE,KADİRLİ,127644,0.157
54988432B57432661063863,0.13522568069288368,0.18309803574678765,0.13339495481226693,0.18008133145749786,0.12468388468674987,0.17547274562598045,0.12285315880613314,0.17245604133669065,0.12521009186208978,0.17791234500037,0.1233777348828851,0.17489295295637122,0.19431477361595986,0.2761241321218832,0.1913778471757181,0.2712846098955294,ŞANLIURFA,HALİLİYE,395975,0.096
54988432B57597376033780,0.9397003369058733,1.108278086282843,0.9396849004078199,1.1082669204647948,1.1235517314618682,1.2412649342344393,1.1125373504511058,1.2332978050413392,1.2235931066924284,1.3682169776880015,1.2099497411185782,1.358348201943877,0.8195400204440688,1.016488341029824,0.819539184367856,1.016487736263456,NEVŞEHİR,MERKEZ,163126,1.082
54988432B57660440186005,0.030337993657864607,0.04999151241872167,0.030337993657864607,0.04999151241872167,0.030341785503498024,0.04999425520780915,0.030337993657864607,0.04999151241872167,0.0,0.0,0.0,0.0,0.0,0.0,0.0,0.0,MALATYA,PÜTÜRGE,12372,-1.097
54988432B57830407060109,0.0,0.0,0.0,0.0,0.0,0.0,0.0,0.0,0.0,0.0,0.0,0.0,0.0,0.0,0.0,0.0,DİYARBAKIR,HAZRO,16024,-1.285
54988432B57845000399714,0.254622245579407,0.342431662922084,0.254622245579407,0.342431662922084,0.2535885193288205,0.3416839286117606,0.2535885193288205,0.3416839286117606,0.09212940534908534,0.07502089185029873,0.09212940534908534,0.07502089185029873,0.0834411114356043,0.06035619379552359,0.0834411114356043,0.06035619379552359,BURDUR,GÖLHİSAR,23969,0.074
54988432B57864735744186,0.46609872517101103,0.6497953162870659,0.46609872517101103,0.6497953162870659,0.48005574779478194,0.6598909723467163,0.47975329899919295,0.6596721993964797,0.4790861797607171,0.6480411347102569,0.4788177488553202,0.6478469682200448,0.8435070920022145,1.2780290167039003,0.8435070920022145,1.2780290167039003,MANİSA,ŞEHZADELER,168582,0.797
54988432B58047018778260,0.31091229968217926,0.3447869605535922,0.31091229968217926,0.3447869605535922,0.2312228711894131,0.28714450461296354,0.2312228711894131,0.28714450461296354,0.13374075475296518,0.1413292125426927,0.13374075475296518,0.1413292125426927,0.27241770715096475,0.28099852722161534,0.27241770715096475,0.28099852722161534,ARTVİN,ARHAVİ,22025,0.222
54988432B58079099572479,0.633608067563891,0.6989160789211432,0.6333407590718336,0.698475602996762,0.5998454880386765,0.6744942950091051,0.5994505882394617,0.6739615273411347,0.5730348451564977,0.6314400309445032,0.5726747225263101,0.6309471361351064,0.4906123564583361,0.5309516270470115,0.4906123564583361,0.5309516270470115,İSTANBUL,KÜÇÜKÇEKMECE,785270,2.161
54988432B58223508141681,0.9027274082407111,1.0245331542457694,0.9023176294438494,1.023857913092934,0.8546892482511511,0.9897852890265018,0.8542794694542891,0.9891100478736662,0.8557749682283684,1.0187047782562701,0.8553968859007416,1.0180817671372753,1.0171912526937985,1.1962953175537006,1.0171912526937985,1.1962953175537006,ANKARA,YENİMAHALLE,721531,4.481
54988432B58240098893835,0.3616194339549471,0.42229803595910154,0.3616194339549471,0.42229803595910154,0.32573098625268243,0.39633852910126105,0.32573098625268243,0.39633852910126105,0.3778918210841006,0.4511455043100709,0.3778918210841006,0.4511455043100709,0.38465237042023276,0.4560356719849192,0.38465237042023276,0.4560356719849192,EDİRNE,ENEZ,10399,-0.284
54988432B58451955584879,0.02810528215055609,0.04631240870791641,0.02810528215055609,0.04631240870791641,0.02810528215055609,0.04631240870791641,0.02810528215055609,0.04631240870791641,0.0,0.0,0.0,0.0,0.0,0.0,0.0,0.0,ÇORUM,OĞUZLAR,4610,-0.82
54988432B58494916258206,0.0386467719138215,0.06368287236992252,0.0386467719138215,0.06368287236992252,0.13985816603789145,0.1368930012017023,0.13985816603789145,0.1368930012017023,0.0,0.0,0.0,0.0,0.0,0.0,0.0,0.0,KIRKLARELİ,KOFÇAZ,2291,-0.677
54988432B58500670466408,0.28574916668747186,0.4708628123598069,0.28574916668747186,0.4708628123598069,0.30444675746132926,0.4843875053179929,0.30444675746132926,0.4843875053179929,0.2766125950924781,0.42907935655591994,0.2766125950924781,0.42907935655591994,2.131718811542008,3.512686060991347,2.131718811542008,3.512686060991347,BURDUR,ÇELTİKÇİ,4914,-0.528
54988432B58587024435654,0.049518681662498266,0.0815207987432251,0.049518681662498266,0.0815207987432251,0.05324979974582488,0.08421966123722531,0.05324979974582488,0.08421966123722531,0.0001852631348808485,0.00024818937342308765,0.0001852631348808485,0.00024818937342308765,0.0,0.0,0.0,0.0,ERZİNCAN,ÇAYIRLI,7491,-0.543
54988432B58590356155974,0.23358188891402998,0.2007019407952635,0.23358188891402998,0.2007019407952635,0.23503726837551522,0.20175467323508992,0.23503726837551522,0.20175467323508992,0.20286256462544017,0.14800561520836938,0.20286256462544017,0.14800561520836938,0.19922067931758047,0.14414940195869225,0.19922067931758047,0.14414940195869225,BİLECİK,GÖLPAZARI,10049,-0.446
54988432B58678972551568,0.1950667765321187,0.20019671536709913,0.1950667765321187,0.20019671536709913,0.19273598595455219,0.19851076409708335,0.19273598595455219,0.19851076409708335,0.2187299609670378,0.23911078225265928,0.2187299609670378,0.23911078225265928,0.21856968001398847,0.23892523856940132,0.21856968001398847,0.23892523856940132,BARTIN,ULUS,22876,-0.576
54988432B58741997056063,0.015584053680045826,0.02567969463854362,0.015584053680045826,0.02567969463854362,0.02109347471052406,0.029664872660450793,0.02109347471052406,0.029664872660450793,0.0017270363377003609,0.002081195649899537,0.0017270363377003609,0.002081195649899537,0.0,0.0,0.0,0.0,AYDIN,BOZDOĞAN,31624,-0.514
54988432B5885906722527,0.44277947523404104,0.48711910624544663,0.4414224759062827,0.4858476917642902,0.44976967844705745,0.4921753914810587,0.4490532418803577,0.49136732090172075,0.417974432344492,0.4762563721548051,0.4168657426271451,0.47480156517598243,0.5361131822747125,0.6100842543279317,0.5345962663819881,0.6089813037696798,İSTANBUL,BEYLİKDÜZÜ,422988,2.503
54988432B58902751390248,0.2392998525585763,0.3266314932469118,0.2392998525585763,0.3266314932469118,0.2928859962950314,0.3653924303972793,0.2928859962950314,0.3653924303972793,0.30824282045279067,0.38709109102654454,0.30824282045279067,0.38709109102654454,0.2329429281145132,0.28391594784591223,0.2329429281145132,0.28391594784591223,KAYSERİ,DEVELİ,67818,-0.139
54988432B59053260264390,0.08637933648694199,0.14233748353324185,0.08637933648694199,0.14233748353324185,0.09030238351831407,0.14517517568307833,0.09030238351831407,0.14517517568307833,0.10229177689455693,0.1601999096499085,0.10229177689455693,0.1601999096499085,0.08487523340689188,0.13985899439340807,0.08487523340689188,0.13985899439340807,SİVAS,KOYULHİSAR,11782,-0.748
54988432B5911690801414,0.00013089411533255522,0.0002156897672924625,0.00013089411533255522,0.0002156897672924625,0.00013089411533255522,0.0002156897672924625,0.00013089411533255522,0.0002156897672924625,0.0,0.0,0.0,0.0,0.0,0.0,0.0,0.0,ADANA,SAİMBEYLİ,13133,-0.946
54988432B59251116366587,0.03645252542257502,0.060067152030800916,0.03645252542257502,0.060067152030800916,0.03645252542257502,0.060067152030800916,0.03645252542257502,0.060067152030800916,0.03214294252227559,0.05296574085940064,0.03214294252227559,0.05296574085940064,0.01992739391545783,0.03283673177705741,0.01992739391545783,0.03283673177705741,AĞRI,DİYADİN,35439,-1.147
54988432B59259344726572,0.011223478931966749,0.018494258148255196,0.011223478931966749,0.018494258148255196,0.011254425805446902,0.018516643222722652,0.011254425805446902,0.018516643222722652,0.0001582846835402426,0.0002608244570202218,0.0001582846835402426,0.0002608244570202218,0.0,0.0,0.0,0.0,ERZİNCAN,KEMAH,6419,-0.604
54988432B59291188352966,0.16671362840821616,0.22540793560443265,0.16671362840821616,0.22540793560443265,0.16493076729279635,0.22411832297653964,0.16493076729279635,0.22411832297653964,0.19708560943846526,0.2787760066456711,0.19708560943846526,0.2787760066456711,0.200568377974609,0.28113153325510715,0.200568377974609,0.28113153325510715,BİTLİS,MERKEZ,74904,-0.046
54988432B59383828552044,5.91919079368687e-06,9.753753112631122e-06,5.91919079368687e-06,9.753753112631122e-06,5.91919079368687e-06,9.753753112631122e-06,5.91919079368687e-06,9.753753112631122e-06,0.0,0.0,0.0,0.0,0.0,0.0,0.0,0.0,ERZURUM,KARAYAZI,22570,-1.274
54988432B59635057977952,0.5556053243063438,0.633267200020828,0.5555751915819414,0.6332175467549211,0.4070093532605684,0.5257819679647521,0.40697922053616603,0.5257323146988454,0.6011857101578891,0.814719996110854,0.6011857101578891,0.814719996110854,1.0062842947317294,1.3565895260588499,1.0062842947317294,1.3565895260588499,ANKARA,KAHRAMANKAZAN,63143,1.538
54988432B59840106930143,0.04040959085974093,0.0665876783442637,0.04040959085974093,0.0665876783442637,0.040945749926435265,0.06697550300261097,0.040945749926435265,0.06697550300261097,0.0034323806402949152,0.005655940908294092,0.0034323806402949152,0.005655940908294092,0.0,0.0,0.0,0.0,HATAY,KUMLU,16242,-0.951
54988432B59996123139029,0.6246360764513775,0.9080918019597819,0.6246360764513775,0.9080918019597819,0.6271684841671668,0.9099235907295351,0.6271684841671668,0.9099235907295351,1.0276007605485704,1.563371846483957,1.0276007605485704,1.563371846483957,0.9245085412892584,1.4034302415745468,0.9245085412892584,1.4034302415745468,KAYSERİ,YEŞİLHİSAR,15409,-0.209
54988432B60002286024348,0.16555404446209082,0.272803045680337,0.16555404446209082,0.272803045680337,0.1734299128392181,0.27849996689698203,0.1734299128392181,0.27849996689698203,0.28258905588447125,0.45795414690378045,0.28258905588447125,0.45795414690378045,0.27525461051472616,0.4535696867446006,0.27525461051472616,0.4535696867446006,KASTAMONU,AZDAVAY,7266,-0.453
54988432B6005336917049,0.13154475416191244,0.2167619021041685,0.13154475416191244,0.2167619021041685,0.14298789867864709,0.22503917257910994,0.14298789867864709,0.22503917257910994,0.11847107904671994,0.18306847754165714,0.11847107904671994,0.18306847754165714,0.0,0.0,0.0,0.0,GİRESUN,GÖRELE,31536,-0.045
54988432B60131084551001,0.45525912757714726,0.5570890180681497,0.45525912757714726,0.5570890180681497,0.3858614994343642,0.5068910206892674,0.3858614994343642,0.5068910206892674,0.4397456941577525,0.5878628307710709,0.4397456941577525,0.5878628307710709,0.520373852000019,0.6402257200977661,0.520373852000019,0.6402257200977661,KARABÜK,SAFRANBOLU,69592,0.662
54988432B60280442746441,0.2918385880261469,0.3797248536595033,0.2918385880261469,0.3797248536595033,0.2945615499333483,0.381694477670273,0.2945615499333483,0.381694477670273,0.2412224818285018,0.29097105552273245,0.2412224818285018,0.29097105552273245,0.2035352574116991,0.2364787655852982,0.2035352574116991,0.2364787655852982,BİLECİK,MERKEZ,82863,0.821
54988432B60297346715567,0.513700151143255,0.6420930879863207,0.5134498712771409,0.6416806721497265,0.6323826739773742,0.7279407621732352,0.6321232127542492,0.7275217051048364,0.5957695125886884,0.6515479915713899,0.5957025892778478,0.6514377140901986,0.29479751074814864,0.34278541822394143,0.29479751074814864,0.34278541822394143,İSTANBUL,BAĞCILAR,707635,2.346
54988432B60464897415028,0.4173276672304877,0.5170727343945833,0.4173221033664247,0.5170635661554924,0.41267015072269775,0.5137037719717019,0.4126645868586349,0.513694603732611,0.35664829094194095,0.4274020402639699,0.35664829094194095,0.4274020402639699,0.3229527104959631,0.3615599185236084,0.3229527104959631,0.3615599185236084,AFYONKARAHİSAR,EMİRDAĞ,43350,-0.183
54988432B60562394154320,0.015061859664329493,0.024819213589069283,0.015061859664329493,0.024819213589069283,0.01589912840563487,0.02542484255948588,0.01589912840563487,0.02542484255948588,9.476342544985249e-05,6.854606287924412e-05,9.476342544985249e-05,6.854606287924412e-05,0.0,0.0,0.0,0.0,SAMSUN,AYVACIK,18557,-0.784
54988432B60654827640333,1.3922848634792948e-08,2.2942329947049794e-08,1.3922848634792948e-08,2.2942329947049794e-08,1.3922848634792948e-08,2.2942329947049794e-08,1.3922848634792948e-08,2.2942329947049794e-08,0.0,0.0,0.0,0.0,0.0,0.0,0.0,0.0,DİYARBAKIR,KULP,33973,-1.102
54988432B60755496163753,0.2994003999606231,0.39712662845779584,0.2994003999606231,0.39712662845779584,0.353194528833295,0.4360380093279569,0.353194528833295,0.4360380093279569,0.4844442712878461,0.6630927629275004,0.4844442712878461,0.6630927629275004,0.33150296552454667,0.546256776395869,0.33150296552454667,0.546256776395869,KASTAMONU,BOZKURT,9250,-0.225
54988432B60759999719935,0.004822153970219897,0.007946035351113061,0.004822153970219897,0.007946035351113061,0.004822753788130868,0.007946469222683727,0.004822753788130868,0.007946469222683727,0.0,0.0,0.0,0.0,0.0,0.0,0.0,0.0,ŞIRNAK,ULUDERE,45988,-0.81
54988432B60831632759044,0.13332409514077306,0.1573049559734879,0.13332409514077306,0.1573049559734879,0.13233482454953174,0.1565893781666504,0.13233482454953174,0.1565893781666504,0.13630155401247057,0.1624885388043387,0.13630155401247057,0.1624885388043387,0.13497098123903362,0.1600187256367652,0.13497098123903362,0.1600187256367652,ÇANAKKALE,YENİCE,29636,-0.404
54988432B60901714548003,0.3359757009158242,0.34375384382690777,0.32823503071171584,0.3331026796336079,0.18584603703688643,0.2351592322303569,0.17525518472354049,0.22244642071743265,0.21038473889644455,0.24817256740350127,0.2008027258972336,0.23763551115987167,0.3941406332566418,0.3610978426074587,0.3914269171883409,0.3591349064707462,DİYARBAKIR,SUR,97961,0.124
54988432B61004264745956,0.14749170176182372,0.21114811138555972,0.14749170176182372,0.21114811138555972,0.1476218972935378,0.21124228686582652,0.1476218972935378,0.21124228686582652,0.1641859582819577,0.23902324383063642,0.1641859582819577,0.23902324383063642,0.20823270515347525,0.30912244283422485,0.20823270515347525,0.30912244283422485,GAZİANTEP,ŞEHİTKAMİL,905880,2.375
54988432B61123808131498,0.5679640159666339,0.8245224413135336,0.5679640159666339,0.8245224413135336,0.7340597294974888,0.9446659161785678,0.7340597294974888,0.9446659161785678,0.8884074068310583,1.128423842798439,0.8884074068310583,1.128423842798439,0.5228592326239885,0.7733813110543005,0.5228592326239885,0.7733813110543005,MUĞLA,YATAĞAN,45024,0.17
54988432B61168253276741,0.7601983497121536,1.2058018357227622,0.7601983497121536,1.2058018357227622,0.856976550874552,1.2758052640573405,0.856976550874552,1.2758052640573405,0.9111472369671368,1.4229469894931661,0.9111472369671368,1.4229469894931661,0.8552965356301779,1.3620746681429678,0.8552965356301779,1.3620746681429678,AYDIN,SÖKE,123843,0.821
54988432B6129080988703,0.32529894806381493,0.4380119707692772,0.32529894806381493,0.4380119707692772,0.3696387616994604,0.4700846785581203,0.3696387616994604,0.4700846785581203,0.3503711062456777,0.43368372221130447,0.3503711062456777,0.43368372221130447,0.17556977700398388,0.22147449408145445,0.17556977700398388,0.22147449408145445,İZMİR,KARABAĞLAR,467572,1.078
54988432B61533400869276,0.3063443324527548,0.4117712357020566,0.3063443324527548,0.4117712357020566,0.3503776075781715,0.4436222122913645,0.3503776075781715,0.4436222122913645,0.3657468208909656,0.4515348650616367,0.3657468208909656,0.4515348650616367,0.18951721502025248,0.19934410946566897,0.18951721502025248,0.19934410946566897,TEKİRDAĞ,ERGENE,68648,0.687
54988432B61600421901359,0.7359651013472817,0.6621204451523144,0.7359651013472817,0.6621204451523144,0.5471000638688859,0.5255070347228259,0.5471000638688859,0.5255070347228259,0.5106239685091067,0.44158984532013523,0.5106239685091067,0.44158984532013523,0.3649691899648376,0.26458912440326754,0.3649691899648376,0.26458912440326754,KÜTAHYA,ŞAPHANE,5540,-0.516
54988432B61684087584661,0.8533182484880395,1.0732747705023957,0.8533182484880395,1.0732747705023957,0.7178383878950314,0.9752769301014712,0.7178383878950314,0.9752769301014712,0.839749033157748,1.1480174117249813,0.839749033157748,1.1480174117249813,1.1847877990615003,1.6160906744378023,1.1847877990615003,1.6160906744378023,AFYONKARAHİSAR,SİNANPAŞA,38292,-0.627
54988432B61723076415933,0.09947362760899552,0.16391113809251684,0.09947362760899552,0.16391113809251684,0.1717142754969839,0.21616560197518664,0.1717142754969839,0.21616560197518664,0.09907874143300195,0.115792089673812,0.09907874143300195,0.115792089673812,0.0,0.0,0.0,0.0,KASTAMONU,AĞLI,3176,-0.503
54988432B61743790309044,0.18675566398832572,0.2232878757508598,0.18675566398832572,0.2232878757508598,0.18836659020477994,0.22445312119447589,0.18836659020477994,0.22445312119447589,0.21589091118574916,0.266885426474194,0.21589091118574916,0.266885426474194,0.22838610955681676,0.29188355162847546,0.22838610955681676,0.29188355162847546,İZMİR,TİRE,87571,0.5
54988432B61783843665987,0.24950189734681122,0.32681581862911185,0.24841640007866084,0.32502711596231026,0.23658196036185083,0.3174703268556467,0.23549646309370037,0.31568162418884516,0.23228403125425362,0.3089169721321393,0.2312155397680009,0.30715629191027977,0.2706954762978853,0.34000100574257924,0.2699284558706506,0.33873709516082007,ADANA,YÜREĞİR,396572,0.596
54988432B62220540436660,0.1174014780147468,0.1934563475864211,0.11570943528762051,0.19066816798693684,0.20134812574556968,0.2541782154013809,0.1996560830184434,0.25139003580189667,0.08788746717460029,0.14184460402662463,0.08788746717460029,0.14184460402662463,0.0,0.0,0.0,0.0,EDİRNE,SÜLOĞLU,6101,-0.285
54988432B62353974928440,0.024111435870850805,0.03973127423534742,0.024111435870850805,0.03973127423534742,0.024111435870850805,0.03973127423534742,0.024111435870850805,0.03973127423534742,0.023661386806195377,0.03898967498331764,0.023661386806195377,0.03898967498331764,0.0236630383341221,0.03899239640187254,0.0236630383341221,0.03899239640187254,VAN,ERCİŞ,169040,-0.715
54988432B62375906766923,0.35847295775899674,0.44778182995604526,0.35847295775899674,0.44778182995604526,0.3584497595652316,0.4477650498022996,0.3584497595652316,0.4477650498022996,0.36071318149026077,0.45147331244975236,0.36071318149026077,0.45147331244975236,0.36071318149026077,0.45147331244975236,0.36071318149026077,0.45147331244975236,SİVAS,KANGAL,19406,-0.472
54988432B62800627366200,0.14565938463343753,0.2400202537427252,0.14565938463343753,0.2400202537427252,0.1461035144228656,0.24034151005367174,0.1461035144228656,0.24034151005367174,0.0036549331601916394,0.006013054954555565,0.0036549331601916394,0.006013054954555565,0.0,0.0,0.0,0.0,AYDIN,KARPUZLU,10352,-0.693
54988432B6281772994077,0.018077127205843663,0.029787827744880403,0.018077127205843663,0.029787827744880403,0.018077127205843663,0.029787827744880403,0.018077127205843663,0.029787827744880403,0.01858219320643959,0.030620084931226012,0.01858219320643959,0.030620084931226012,0.018873622225577535,0.031100307110507586,0.018873622225577535,0.031100307110507586,AĞRI,PATNOS,105968,-1.05
54988432B62899385202427,0.26720798001034424,0.2455284575206918,0.26720798001034424,0.2455284575206918,0.2403725830049421,0.22611737353138212,0.2403725830049421,0.22611737353138212,0.18229806482426894,0.16922619018366597,0.18229806482426894,0.16922619018366597,0.27808165959859826,0.265416424630798,0.27808165959859826,0.265416424630798,KIRKLARELİ,VİZE,28769,-0.032
54988432B62918956167575,0.14754543792398359,0.243104324905741,0.14751169470394693,0.24304872219771315,0.19983065065681144,0.28092424817915257,0.19979690743677478,0.2808686454711247,0.23756697185299477,0.3406511450044924,0.23756697185299477,0.3406511450044924,0.5003061730854,0.8244138536985355,0.5003061730854,0.8244138536985355,AFYONKARAHİSAR,BAYAT,7580,-0.62
54988432B63047019861929,0.0895572254643953,0.14757406832765171,0.0895572254643953,0.14757406832765171,0.11963203938392518,0.16932834827504117,0.11963203938392518,0.16932834827504117,0.002155649287112217,0.003478353471362401,0.002155649287112217,0.003478353471362401,0.0,0.0,0.0,0.0,RİZE,HEMŞİN,2299,-0.27
54988432B63110195465705,0.08831847647886111,0.14553283461943783,0.08831847647886111,0.14553283461943783,0.08925998560617004,0.14621386470605127,0.08925998560617004,0.14621386470605127,0.07992750788157904,0.13130445534761692,0.07992750788157904,0.13130445534761692,0.1946912801510268,0.3208159266973736,0.1946912801510268,0.3208159266973736,AMASYA,TAŞOVA,30034,-0.49
54988432B6320038983636,0.07869779257025743,0.1295235829714079,0.07869779257025743,0.1295235829714079,0.09098471136303753,0.13841118812248765,0.09098471136303753,0.13841118812248765,0.069361289665349,0.10692566330118508,0.069361289665349,0.10692566330118508,0.06701402268424667,0.11042695786112239,0.06701402268424667,0.11042695786112239,DENİZLİ,ÇİVRİL,59689,-0.127
54988432B63314623815647,1.278024711356448,1.7296424162256698,1.278024711356448,1.7296424162256698,1.1484356038931058,1.635905586151413,1.1484356038931058,1.635905586151413,1.5388495818281085,2.2836045671363583,1.5388495818281085,2.2836045671363583,1.5902359469051035,2.2521037949583147,1.5902359469051035,2.2521037949583147,ÇANKIRI,ATKARACALAR,5063,-0.518
54988432B63323632068596,1.7205541388602552,1.6903831323640237,1.7205541388602552,1.6903831323640237,1.7042233785614405,1.6785704597322093,1.7042233785614405,1.6785704597322093,1.925528446564156,2.0331468790884277,1.925528446564156,2.0331468790884277,2.1670149369243865,2.426069571704732,2.1670149369243865,2.426069571704732,TRABZON,ÇAYKARA,12921,-0.023
54988432B63547038185922,0.34034424058960927,0.5422954190717115,0.34034424058960927,0.5422954190717115,0.5163787036424426,0.6696279771346205,0.5163787036424426,0.6696279771346205,0.20018064358578014,0.2375940078694457,0.20018064358578014,0.2375940078694457,0.0,0.0,0.0,0.0,DÜZCE,GÖLYAKA,20840,-0.472
54988432B6366714807225,0.002053767238887857,0.0033842360040645058,0.0020242295495474204,0.0033355632480432788,0.002053767238887857,0.0033842360040645058,0.0020242295495474204,0.0033355632480432788,0.0,0.0,0.0,0.0,0.0,0.0,0.0,0.0,ELAZIĞ,KEBAN,7112,-0.416
54988432B63684136000380,0.02236196174359541,0.03684845810237457,0.022361948409710692,0.03684843613055035,0.02239090258988205,0.036869392139529986,0.022390889255997325,0.03686937016770577,0.021874628877563675,0.035936189548489206,0.021874628877563675,0.035936189548489206,0.03120756981767553,0.05142441625153473,0.03120756981767553,0.05142441625153473,MARDİN,DERİK,61553,-1.085
54988432B6368425336150,0.24012569124354557,0.3346809948299069,0.24012569124354557,0.3346809948299069,0.24180124454389781,0.3358929875511309,0.24180124454389781,0.3358929875511309,0.2079038477173934,0.2804771626148098,0.2079038477173934,0.2804771626148098,0.21963368243059947,0.3014149555107096,0.21963368243059947,0.3014149555107096,NİĞDE,MERKEZ,244326,0.575
54988432B63915674608769,0.5781562689000505,0.8005140022891993,0.5781562689000505,0.8005140022891993,0.5433761553238601,0.7753561965131471,0.5433761553238601,0.7753561965131471,0.4250661324407455,0.5866903221325898,0.4250661324407455,0.5866903221325898,0.4473558076369974,0.5894571679245977,0.4473558076369974,0.5894571679245977,BALIKESİR,İVRİNDİ,31295,-0.483
54988432B64009730200703,0.27796699053533236,0.4162046095484911,0.27796699053533236,0.4162046095484911,0.2793384348670181,0.4171966284518692,0.2793384348670181,0.4171966284518692,0.2801790120805736,0.4168470216087134,0.2801790120805736,0.4168470216087134,0.2815149148147532,0.417284292860939,0.2815149148147532,0.417284292860939,KONYA,SEYDİŞEHİR,66079,0.228
54988432B64031240079143,0.8608996092739019,1.0110372727505812,0.8608996092739019,1.0110372727505812,0.8511813069161742,1.0040076475409603,0.8511813069161742,1.0040076475409603,0.8444999244793971,0.9925738027373812,0.8444999244793971,0.9925738027373812,0.886037854783989,1.034288898719861,0.886037854783989,1.034288898719861,KAYSERİ,MELİKGAZİ,593262,1.983
54988432B64045217411376,0.1703168017073262,0.18262704483375933,0.1703168017073262,0.18262704483375933,0.16831182526163424,0.18117676756839673,0.16814823350023841,0.18105843529927568,0.1809810896144137,0.20051179749257744,0.1809702279672071,0.20050394084167164,0.18176860856130148,0.2014975459952261,0.18176860856130148,0.2014975459952261,KAHRAMANMARAŞ,ELBİSTAN,132036,0.13
54988432B64064239831257,0.3739251480077342,0.4482958799170729,0.3739251480077342,0.4482958799170729,0.3784339644691492,0.4515572818261742,0.3784339644691492,0.4515572818261742,0.7317453196146262,0.9802889954185108,0.7317453196146262,0.9802889954185108,0.5427628834621525,0.7271170276289294,0.5427628834621525,0.7271170276289294,KAYSERİ,FELAHİYE,5529,-0.552
54988432B64089683735003,0.5650591859205819,0.6592719095424132,0.5648061207470734,0.6588549040242874,0.5780018951384633,0.668633873355616,0.5777102110231528,0.6681889332582948,0.5052092196902893,0.5605887649492441,0.5052092196902893,0.5605887649492441,0.5331793929419342,0.6032578475689436,0.5331793929419342,0.6032578475689436,İSTANBUL,BAHÇELİEVLER,539035,2.423
54988432B64260003407372,0.14704115689610708,0.24199765164045384,0.14704115689610708,0.24199765164045384,0.14709879936904494,0.24203934667791957,0.14709879936904494,0.24203934667791957,0.15771811401559407,0.2598110253513325,0.15771811401559407,0.2598110253513325,0.1599708635003285,0.2636029758427076,0.1599708635003285,0.2636029758427076,ANKARA,KALECİK,12564,-0.359
54988432B64303277963843,0.2391030316866774,0.30409909969288484,0.2391030316866774,0.30409909969288484,0.23659480756639825,0.3022848038561976,0.23659480756639825,0.3022848038561976,0.3323594079070091,0.4596458682607167,0.3323594079070091,0.4596458682607167,0.34035104779501146,0.4709374711333969,0.34035104779501146,0.4709374711333969,DÜZCE,AKÇAKOCA,41134,0.257
54988432B64452586859960,0.1748823905068616,0.2881744684712572,0.1748823905068616,0.2881744684712572,0.17560945910005774,0.28870038539828,0.17560945910005774,0.28870038539828,0.19042017294154953,0.3135861341604791,0.19042017294154953,0.3135861341604791,0.1391401140948936,0.22927767802186363,0.1391401140948936,0.22927767802186363,KONYA,ALTINEKİN,14374,-0.641
54988432B64593282211695,0.4199010541006793,0.5104394387463248,0.4197403413271692,0.5103231889608593,0.4074026265862466,0.5013988411293746,0.40168491218699,0.497262996431101,0.6289646551771448,0.843749512519646,0.6209306437477105,0.8379382002965986,1.422113306964935,2.1846132091137513,1.422113306964935,2.1846132091137513,İZMİR,GÜZELBAHÇE,39474,1.882
54988432B64635925513807,0.17538253790515337,0.1306294785257459,0.17538253790515337,0.1306294785257459,0.16926021419070258,0.12620096420911314,0.16926021419070258,0.12620096420911314,0.1705232593268594,0.12334609054817315,0.1705232593268594,0.12334609054817315,0.17130620985010706,0.12391242904367493,0.17130620985010706,0.12391242904367493,KAHRAMANMARAŞ,NURHAK,11675,-0.661
54988432B64680094373147,0.10256439332618608,0.12332028166795132,0.10256439332618608,0.12332028166795132,0.09423403728905295,0.11729461189063843,0.09423403728905295,0.11729461189063843,0.11620630508456724,0.15087369428759956,0.11620630508456724,0.15087369428759956,0.12504298608830133,0.15944552387556332,0.12504298608830133,0.15944552387556332,ADANA,KOZAN,132572,0.016
54988432B64689999411335,0.5429296326177526,0.7477165042865064,0.5429296326177526,0.7477165042865064,0.593702063303922,0.7844421736027545,0.593702063303922,0.7844421736027545,0.5437757280089307,0.7142881441683017,0.5437757280089307,0.7142881441683017,0.453707613000958,0.6167756174932992,0.453707613000958,0.6167756174932992,DENİZLİ,MERKEZEFENDİ,351085,2.375
54988432B647422472855,0.08527870517502421,0.14052384270653845,0.08521966146577854,0.14042654937998267,0.08554527291629309,0.14071666149783746,0.08548622920704743,0.14061936817128168,0.150846224482593,0.24852054216745698,0.150846224482593,0.24852054216745698,0.07915400461098852,0.13043144675705978,0.07915400461098852,0.13043144675705978,ŞANLIURFA,BOZOVA,50534,-0.947
54988432B6478152958828,0.2450244939463827,0.26766835339144707,0.2450244939463827,0.26766835339144707,0.2485404183327241,0.270211557933925,0.2485404183327241,0.270211557933925,0.2536193195447199,0.27909712785919116,0.2536193195447199,0.27909712785919116,0.23331235781984933,0.24837679707188615,0.23331235781984933,0.24837679707188615,MUŞ,MERKEZ,203810,-0.303
54988432B64920064899617,0.0,0.0,0.0,0.0,0.007231077065939832,0.005230518640431262,0.007231077065939832,0.005230518640431262,0.0,0.0,0.0,0.0,0.0,0.0,0.0,0.0,ISPARTA,AKSU,4073,-0.679
54988432B6508967515470,0.2807499341172958,0.3168014704744784,0.27791886038776725,0.31213637432131347,0.19016159191359908,0.2512754073193738,0.18733051818407048,0.2466103111662089,0.12557182560467772,0.15378649804540256,0.12528768812173444,0.15331829099560967,0.2834501852594028,0.26971692486641485,0.2834501852594028,0.26971692486641485,SAMSUN,19 MAYIS,28658,-0.137
54988432B65104046804588,0.36208868053554294,0.42424960656111277,0.36208868053554294,0.42424960656111277,0.2766201296362043,0.36242688712760956,0.2766201296362043,0.36242688712760956,0.2560292497149854,0.3305520477150945,0.2560292497149854,0.3305520477150945,0.5126791617929534,0.6385105486882557,0.5126791617929534,0.6385105486882557,İZMİR,ÇİĞLİ,216430,2.046
54988432B65208484098159,0.06575022604043236,0.055356551523730084,0.06575022604043236,0.055356551523730084,0.0521635448779806,0.04552877781398276,0.0521635448779806,0.04552877781398276,0.05728595686557238,0.04143715555621363,0.05728595686557238,0.04143715555621363,0.057316444087808775,0.04145920814709993,0.057316444087808775,0.04145920814709993,DENİZLİ,ÇAMELİ,17447,-0.542
54988432B6527400252078,0.023112805836467614,0.03808571301832757,0.023112805836467614,0.03808571301832757,0.02919023285967253,0.042481751815986624,0.02919023285967253,0.042481751815986624,0.00100606361282826,0.0007277248509968544,0.00100606361282826,0.0007277248509968544,0.0,0.0,0.0,0.0,SAMSUN,ASARCIK,15673,-0.745
54988432B65496848768167,3.171803813023236,5.226557546840116,3.171803813023236,5.226557546840116,3.1786767743340145,5.231529026458322,3.1786767743340145,5.231529026458322,8.19886516488873,13.51024310744777,8.19886516488873,13.51024310744777,0.0,0.0,0.0,0.0,ANKARA,EVREN,2927,-0.478
54988432B65548594921961,0.4950220416388331,0.7711680574910386,0.4950209600484286,0.7711662752261742,0.5250008720903214,0.7928529088713989,0.5249997904999169,0.7928511266065347,0.18770101013779228,0.2416396319388934,0.18770101013779228,0.2416396319388934,0.6463937020028556,1.0205442411452414,0.6463937020028556,1.0205442411452414,BURSA,MUSTAFAKEMALPAŞA,103652,0.285
54988432B65637439254468,0.24312506108197432,0.4006260152681922,0.2431249463366641,0.4006258261887274,0.2441227542737998,0.4013476854688674,0.24412263952848956,0.40134749638940265,0.22248441504918684,0.36568235066443666,0.22248441504918684,0.36568235066443666,0.24821685997862244,0.40901637656386847,0.24821685997862244,0.40901637656386847,ELAZIĞ,KOVANCILAR,37874,-0.428
54988432B65670234538071,0.115340279522999,0.19005916497700515,0.115340279522999,0.19005916497700515,0.12872024810251523,0.199737415454128,0.12872024810251523,0.199737415454128,0.4976998692991604,0.8092215707146353,0.4976998692991604,0.8092215707146353,0.5304101838755303,0.8740198047788896,0.5304101838755303,0.8740198047788896,SİNOP,SARAYDÜZÜ,5656,-0.751
54988432B6573283101831,0.3659860535907224,0.3716501145430898,0.3659052995057352,0.3715170464540122,0.31613510407495843,0.33559098831505096,0.31605434998997123,0.33545792022597337,0.359050865521526,0.4046802871195483,0.359050865521526,0.4046802871195483,0.417222963951936,0.45607925212897416,0.417222963951936,0.45607925212897416,YALOVA,ARMUTLU,11984,0.029
54988432B6573458732183,0.16714558825173106,0.24065880146761293,0.16714558825173106,0.24065880146761293,0.18731420087817105,0.2552475416141018,0.18731420087817105,0.2552475416141018,0.12649362616791568,0.15703110280747795,0.12649362616791568,0.15703110280747795,0.09982364489402057,0.133729615959429,0.09982364489402057,0.133729615959429,ORDU,PERŞEMBE,30053,-0.418
54988432B65769294434717,0.5577908181981795,0.817913204884369,0.5573400397280288,0.8171704037043447,0.583255763022305,0.8363329876311913,0.5828049845521542,0.8355901864511672,0.9885829026871127,1.4950738826784877,0.9885829026871127,1.4950738826784877,0.573206490271481,0.8430879238989738,0.573206490271481,0.8430879238989738,BURSA,ORHANGAZİ,81997,0.486
54988432B6587538084917,0.5996511105913045,0.7159087596361199,0.5994834074897655,0.7156324153340611,0.6340583692698865,0.7407968649962684,0.6338906661683472,0.7405205206942094,0.5511440262206784,0.6219582799543931,0.5511440262206784,0.6219582799543931,0.5638583481887415,0.6087962202743491,0.5638583481887415,0.6087962202743491,İSTANBUL,BEYOĞLU,215991,3.394
54988432B66052692688505,0.12253554027006797,0.14684845348522546,0.12253554027006797,0.14684845348522546,0.12045812289537078,0.14534577688487627,0.12045812289537078,0.14534577688487627,0.06172407633713237,0.048002550637167796,0.06172407633713237,0.048002550637167796,0.05956635692161068,0.043086657406626906,0.05956635692161068,0.043086657406626906,SİNOP,DURAĞAN,16788,-0.687
54988432B66082429692342,0.18977626638275158,0.2007943731305321,0.18977626638275158,0.2007943731305321,0.18249905229134553,0.19553048178925497,0.18249905229134553,0.19553048178925497,0.22419802914668516,0.26218814031549376,0.22419802914668516,0.26218814031549376,0.2017756255044391,0.22056714114259993,0.2017756255044391,0.22056714114259993,ORDU,GÖLKÖY,24780,-0.61
54988432B66082608132209,0.7603627709305402,0.8499566135086275,0.7602444124173101,0.8497615801405443,0.6594136241018014,0.7769361783219474,0.6592952655885717,0.7767411449538637,0.7161850467653298,0.8264227566110555,0.7161850467653298,0.8264227566110555,0.9958591514810969,1.1785984705145662,0.9958591514810969,1.1785984705145662,İSTANBUL,BEŞİKTAŞ,165895,5.94
54988432B6640602467318,0.15713044720209113,0.14738914361054184,0.15713044720209113,0.14738914361054184,0.21415986057328903,0.18864073130222153,0.21415986057328903,0.18864073130222153,0.17016199926191158,0.12308890166571432,0.17016199926191158,0.12308890166571432,0.11760869973022758,0.08507093626665507,0.11760869973022758,0.08507093626665507,KÜTAHYA,EMET,17352,-0.299
54988432B66454172152747,0.1658409519701042,0.2408436170046163,0.1658409519701042,0.2408436170046163,0.16568238925593268,0.24072892244050242,0.16568238925593268,0.24072892244050242,0.29467727602153315,0.45314251740107714,0.29467727602153315,0.45314251740107714,0.07016312927556569,0.11561611450223706,0.07016312927556569,0.11561611450223706,VAN,GÜRPINAR,28505,-1.116
54988432B66516402107678,0.027397157191141167,0.04514554717772352,0.027397157191141167,0.04514554717772352,0.02831120987913138,0.04580671695634317,0.02831120987913138,0.04580671695634317,0.000573146091042676,0.0009444408305713408,0.000573146091042676,0.0009444408305713408,0.0,0.0,0.0,0.0,ADIYAMAN,TUT,9199,-0.979
54988432B66531887129041,0.024844231821095297,0.018728528960901276,0.024844231821095297,0.018728528960901276,0.023498296825275922,0.017754961950033444,0.023498296825275922,0.017754961950033444,0.023997792832951136,0.017358534779444313,0.023997792832951136,0.017358534779444313,0.02402460119162022,0.017377926305555753,0.02402460119162022,0.017377926305555753,ŞANLIURFA,HALFETİ,41624,-0.798
54988432B66575483981903,0.14592759071980252,0.23675834577973698,0.14592759071980252,0.23675834577973698,0.19136283720602287,0.26962342265717126,0.19136283720602287,0.26962342265717126,0.14472384591635884,0.19454031955550075,0.14472384591635884,0.19454031955550075,0.0,0.0,0.0,0.0,ZONGULDAK,KİLİMLİ,32441,-0.197
54988432B66595965845834,0.8288010935451194,1.0301935788838048,0.8288010935451194,1.0301935788838048,0.7849625455338433,0.9984834559724518,0.7849625455338433,0.9984834559724518,0.7809578530912178,0.989418314314668,0.7809578530912178,0.989418314314668,0.8354706925006767,1.0411254965286783,0.8354706925006767,1.0411254965286783,MUĞLA,FETHİYE,187332,1.522
54988432B66719827251090,0.023856818068851406,0.039311710267003676,0.023856818068851406,0.039311710267003676,0.023856818068851406,0.039311710267003676,0.023856818068851406,0.039311710267003676,0.0,0.0,0.0,0.0,0.0,0.0,0.0,0.0,ARDAHAN,DAMAL,4526,-0.814
54988432B6679854543098,0.32783152924275544,0.39757564550752117,0.32783152924275544,0.39757564550752117,0.31119709431587195,0.3855433132332702,0.31119709431587195,0.3855433132332702,0.32667042956059245,0.40548179623101704,0.32667042956059245,0.40548179623101704,0.3320637015415541,0.41874578994071354,0.3320637015415541,0.41874578994071354,MERSİN,MEZİTLİ,233140,1.147
54988432B66867123396579,0.03308855887803786,0.05452394514692054,0.03308855887803786,0.05452394514692054,0.03370180750530653,0.05496753167585636,0.03370180750530653,0.05496753167585636,0.0014566952154123581,0.002236397311698588,0.0014566952154123581,0.002236397311698588,0.0,0.0,0.0,0.0,GİRESUN,DERELİ,20100,-0.824
54988432B66869796973700,0.4637330673024466,0.623923803749536,0.46351982711182194,0.6235724225818161,0.6346232996438039,0.7475353401193152,0.6344100594531792,0.7471839589515952,0.4212162799711914,0.475320529632088,0.4212162799711914,0.475320529632088,0.21554086710413112,0.2366982355600272,0.21554086710413112,0.2366982355600272,İSTANBUL,GAZİOSMANPAŞA,478395,1.46
54988432B66916600910791,0.6327788510069968,0.8426253530200936,0.6327788510069968,0.8426253530200936,0.799297051464246,0.9630744290734006,0.799297051464246,0.9630744290734006,0.9114189921693998,1.056976304514334,0.9114189921693998,1.056976304514334,0.9896204475887369,1.2547616338180279,0.9896204475887369,1.2547616338180279,SAKARYA,ARİFİYE,55589,1.148
54988432B66992053729181,0.02072242594161372,0.03414680039454986,0.02072242594161372,0.03414680039454986,0.021063131146530363,0.034393245690175656,0.021063131146530363,0.034393245690175656,0.001994026203838993,0.003285793611029779,0.001994026203838993,0.003285793611029779,0.0,0.0,0.0,0.0,ELAZIĞ,KARAKOÇAN,28320,-0.483
54988432B67026781349893,1.0878898765651064,1.0350404229415922,1.0876181693732532,1.034592698757555,0.6585448482766516,0.7244785034431757,0.658147908517367,0.7239401936835231,0.5869624632314115,0.6389692591906676,0.5864610820490693,0.6382292035998499,1.3722379818174202,1.4225602683131853,1.3722379818174202,1.4225602683131853,İSTANBUL,BAŞAKŞEHİR,536797,3.468
54988432B67060937110843,0.25998216065092367,0.31927894799672385,0.25933639724197005,0.31821484699379243,0.2545132704733461,0.31532308751350085,0.25386750706439254,0.31425898651056955,0.2643922151305021,0.3336345257182817,0.2643922151305021,0.3336345257182817,0.23919511565920662,0.28666338206497355,0.23919511565920662,0.28666338206497355,TRABZON,ARAKLI,49230,-0.24
54988432B67214587682111,0.03862119803195311,0.06364073124986575,0.03862119803195311,0.06364073124986575,0.04181412719686239,0.06595030081499996,0.04181412719686239,0.06595030081499996,0.00037606488721063705,0.0006196867430078764,0.00037606488721063705,0.0006196867430078764,0.0,0.0,0.0,0.0,ADIYAMAN,ÇELİKHAN,14530,-0.631
54988432B67228037605884,0.1667118906426741,0.24999544583680322,0.1667118906426741,0.24999544583680322,0.16083237761832161,0.24574256591447627,0.16083237761832161,0.24574256591447627,0.26341622016266975,0.4103890738359176,0.26341622016266975,0.4103890738359176,0.08029333832936328,0.10756567054114285,0.08029333832936328,0.10756567054114285,MANİSA,KIRKAĞAÇ,37363,-0.219
54988432B67289676642995,0.34364564383061513,0.3175853076697846,0.34364564383061513,0.3175853076697846,0.3401995614758272,0.3150926225789174,0.3401995614758272,0.3150926225789174,0.3912648134760814,0.37427291000751906,0.3912648134760814,0.37427291000751906,0.33428722880212375,0.33306901531892474,0.33428722880212375,0.33306901531892474,KONYA,YUNAK,20259,-0.559
54988432B67392778171164,0.2694208243971345,0.3775576522437843,0.2694208243971345,0.3775576522437843,0.26812535795204895,0.3766205910940713,0.26812535795204895,0.3766205910940713,0.23396767720293454,0.3195413031393933,0.23396767720293454,0.3195413031393933,0.24643732681221417,0.33907825787761464,0.24643732681221417,0.33907825787761464,TUNCELİ,MERKEZ,41045,1.084
54988432B67500599414022,0.9370476226215403,1.489468874165836,0.9370476226215403,1.489468874165836,0.9410665686226262,1.4923759337617821,0.9410665686226262,1.4923759337617821,0.9806043536687229,1.560203482049483,0.9806043536687229,1.560203482049483,1.0043126366160573,1.6003094201945176,1.0043126366160573,1.6003094201945176,ÇANKIRI,ÇERKEŞ,16927,-0.232
54988432B67540218019421,0.2615102023796514,0.34284198109809766,0.2615102023796514,0.34284198109809766,0.27842632605203954,0.3550780697727752,0.27842632605203954,0.3550780697727752,0.26371735944192487,0.3278094819951528,0.26371735944192487,0.3278094819951528,0.13477868926179265,0.15554498919505733,0.13477868926179265,0.15554498919505733,MERSİN,TOROSLAR,322971,0.396
54988432B6759828088489,0.1464973697679648,0.1455163525579783,0.1464973697679648,0.1455163525579783,0.08188642666918708,0.09878075021654799,0.08188642666918708,0.09878075021654799,0.05060008061034433,0.050807650102565,0.05060008061034433,0.050807650102565,0.103890706976261,0.07514817978727886,0.103890706976261,0.07514817978727886,MUŞ,KORKUT,19251,-1.22
54988432B67777118952628,1.093040912181189,1.3792017421217428,1.093040912181189,1.3792017421217428,1.0998417167389654,1.3841210279604916,1.0998417167389654,1.3841210279604916,1.1891356126591304,1.5526685549757921,1.1891356126591304,1.5526685549757921,1.2275237861994235,1.6195033371345906,1.2275237861994235,1.6195033371345906,BALIKESİR,AYVALIK,75815,0.907
54988432B67849230922765,0.08551555208249474,0.14091412346306037,0.08551555208249474,0.14091412346306037,0.08553964096004951,0.14093154788295362,0.08553964096004951,0.14093154788295362,0.06340123900928843,0.10443453828051755,0.06340123900928843,0.10443453828051755,0.06693352367247025,0.11029431008644426,0.06693352367247025,0.11029431008644426,YOZGAT,SARIKAYA,30785,-0.411
54988432B67949060177809,0.3778493321825989,0.5070382902001972,0.3778493321825989,0.5070382902001972,0.3634371292719218,0.49661338457596466,0.3634371292719218,0.49661338457596466,0.27312765543267165,0.3493577624193843,0.27312765543267165,0.3493577624193843,0.3231030738000299,0.41701511496944205,0.3231030738000299,0.41701511496944205,İZMİR,BORNOVA,452479,3.028
54988432B67969855832244,0.6058190906104316,0.873177626876032,0.6058190906104316,0.873177626876032,0.5930458657857273,0.8639382577011785,0.5930458657857273,0.8639382577011785,0.6377898116908002,0.9364129522004482,0.6377898116908002,0.9364129522004482,0.6871743688756055,1.000108241277266,0.6871743688756055,1.000108241277266,MUĞLA,MİLAS,152275,0.681
54988432B67997917440066,0.06765932241575898,0.09754093506783014,0.06765932241575898,0.09754093506783014,0.0676218379695783,0.09751382111334088,0.0676218379695783,0.09751382111334088,0.06015854692912303,0.0851943154981376,0.06015854692912303,0.0851943154981376,0.0603554938588285,0.08550554999504867,0.0603554938588285,0.08550554999504867,İZMİR,ÖDEMİŞ,132548,0.336
54988432B68103092763105,0.044926764169833676,0.060944314816799114,0.044926764169833676,0.060944314816799114,0.03777417704810647,0.055770570998783214,0.03777417704810647,0.055770570998783214,0.03377698194125389,0.045639499472708546,0.03377698194125389,0.045639499472708546,0.04295901709768878,0.05755042169185093,0.04295901709768878,0.05755042169185093,HATAY,ALTINÖZÜ,69834,-1.038
54988432B68104406742537,0.47421786353717715,0.5283761405305922,0.4711723678843481,0.5233577159285387,0.39219875491401424,0.4690485365494759,0.3891516465338512,0.4640289453991608,0.35089925028008295,0.38692276729139313,0.3481477456288042,0.38238878655107755,0.4629059445571014,0.49969869956234686,0.4629059445571014,0.49969869956234686,TRABZON,AKÇAABAT,131162,0.405
54988432B68279142747121,0.15547910854173597,0.18310317639676127,0.15547910854173597,0.18310317639676127,0.15096789297545463,0.17984003912201402,0.15096789297545463,0.17984003912201402,0.18529478317640993,0.2266445415165061,0.18529478317640993,0.2266445415165061,0.24001920153612286,0.3215438153795279,0.24001920153612286,0.3215438153795279,ORDU,GÜRGENTEPE,12499,-0.859
54988432B68378780511422,0.2600659008911625,0.2078140616540114,0.2600659008911625,0.2078140616540114,0.2721690888378183,0.21656876715449802,0.2721690888378183,0.21656876715449802,0.24112104076386576,0.1744122053761666,0.24112104076386576,0.1744122053761666,0.238758456028651,0.17270325615816617,0.238758456028651,0.17270325615816617,ESKİŞEHİR,SEYİTGAZİ,12565,-0.31
54988432B68476887974785,0.00018878386080775224,0.00031108157080052783,0.00018878386080775224,0.00031108157080052783,0.00019795595384936593,0.0003177161016164008,0.00019795595384936593,0.0003177161016164008,0.0001500605599314223,0.000212590600940371,0.0001500605599314223,0.000212590600940371,0.0,0.0,0.0,0.0,DİYARBAKIR,LİCE,24060,-1.022
54988432B68647212812297,1.909727060788912,2.1677878978430547,1.909727060788912,2.1677878978430547,1.9190083809355982,2.174501436862535,1.9190083809355982,2.174501436862535,1.9072323067180847,2.1525898521654074,1.9072323067180847,2.1525898521654074,1.845342152146844,2.076046658893452,1.845342152146844,2.076046658893452,MUĞLA,BODRUM,207196,2.483
54988432B6867596275120,0.03383325755876497,0.05575107353799408,0.03383325755876497,0.05575107353799408,0.03383325755876497,0.05575107353799408,0.03383325755876497,0.05575107353799408,0.0,0.0,0.0,0.0,0.0,0.0,0.0,0.0,GİRESUN,ÇANAKÇI,5783,-0.637
54988432B68766699896789,0.012264456904143512,0.020209601087889557,0.012264456904143512,0.020209601087889557,0.01416169688437756,0.021581948387122202,0.01416169688437756,0.021581948387122202,0.00011446488537840875,9.053302095728842e-05,0.00011446488537840875,9.053302095728842e-05,0.0,0.0,0.0,0.0,BİTLİS,MUTKİ,26748,-1.257
54988432B69064282981007,0.2903754636672417,0.2753487167126932,0.2876738126727627,0.270896885758917,0.11913195092572991,0.15148163892059782,0.11643029993125094,0.1470298079668216,0.10301892588567452,0.12435364993951861,0.10078417983166862,0.12067119366467645,0.3522203904682394,0.3773022193126221,0.35210333065921834,0.377109325973583,BATMAN,BEŞİRİ,31864,-0.792
54988432B69245819346506,0.7168045640623053,0.6552169302197824,0.7168045640623053,0.6552169302197824,0.6584650025326758,0.6130176615254097,0.6584650025326758,0.6130176615254097,0.7262909973530127,0.6003256031136333,0.7262909973530127,0.6003256031136333,0.43680786840029323,0.348794509769121,0.43680786840029323,0.348794509769121,SAKARYA,FERİZLİ,36015,-0.139
54988432B69251305297416,0.035687347286720954,0.058806277211177926,0.035687347286720954,0.058806277211177926,0.035687347286720954,0.058806277211177926,0.035687347286720954,0.058806277211177926,0.02370141325071023,0.03905563130596073,0.02370141325071023,0.03905563130596073,0.0,0.0,0.0,0.0,ERZURUM,ŞENKAYA,14918,-1.119
54988432B69475506510516,0.000882717886768091,0.0014545590158746456,0.000882717886768091,0.0014545590158746456,0.0012603029673186022,0.0017276809566531184,0.0012603029673186022,0.0017276809566531184,0.0,0.0,0.0,0.0,0.0,0.0,0.0,0.0,MANİSA,KÖPRÜBAŞI,12217,-0.412
54988432B69574392637180,0.00597659157303113,0.00984833918861868,0.00597659157303113,0.00984833918861868,0.008064764362680998,0.011358795597962096,0.008064764362680998,0.011358795597962096,0.0,0.0,0.0,0.0,0.0,0.0,0.0,0.0,BURSA,HARMANCIK,6089,-0.372
54988432B69584017445691,0.044786622420217456,0.07380023267730129,0.044786622420217456,0.07380023267730129,0.049235551775174934,0.07701831591841009,0.049235551775174934,0.07701831591841009,0.03747713908303305,0.055899650207782536,0.03747713908303305,0.055899650207782536,0.0285295044540053,0.047011450140594734,0.0285295044540053,0.047011450140594734,AĞRI,HAMUR,14336,-1.275
54988432B6966801542176,1.4054935790681624,1.5000383451315416,1.4054935790681624,1.5000383451315416,1.4133650104717952,1.505732056913083,1.4133650104717952,1.505732056913083,1.407173557907073,1.4964063709383524,1.407173557907073,1.4964063709383524,1.3835566083735296,1.4637787731184722,1.3835566083735296,1.4637787731184722,AFYONKARAHİSAR,SANDIKLI,54376,0.052
54988432B69685064161896,0.3329347467213011,0.46859921010323086,0.3283522794932284,0.4610481350412453,0.3914443274776454,0.510921460301805,0.3868618602495727,0.5033703852398195,0.3965525341576624,0.516202497649507,0.39169986679890545,0.5082061817670185,0.29453910148227735,0.39730998012821733,0.29453910148227735,0.39730998012821733,SAMSUN,CANİK,100247,0.553
54988432B69692013830482,1.489123301886801,2.275598190700653,1.489113465420796,2.275581981988304,1.4587189178654218,2.2536055199097786,1.4587090813994166,2.2535893111974294,1.7847186115381162,2.785445278684015,1.7847186115381162,2.785445278684015,1.4161913586042767,2.156952450853592,1.4161913586042767,2.156952450853592,BURSA,KARACABEY,86543,0.56
54988432B6973395963202,0.6850271605938043,0.9305403163934255,0.6812770251874385,0.9243607732485006,0.6973929599765708,0.9394849789361679,0.690047046295932,0.9307044698329308,0.5265393313887319,0.6600001577864731,0.5201387638905818,0.6524117810479786,0.4812528755273745,0.5963197110206944,0.4812528755273745,0.5963197110206944,YALOVA,MERKEZ,157901,1.137
54988432B69784551217741,0.004507779840216783,0.007428003789718051,0.00450777871092171,0.007428001928844543,0.004509596353286916,0.0074293177441106355,0.004509595223991841,0.007429315883237127,0.00015911917656022436,0.0002621995502001539,0.00015911917656022436,0.0002621995502001539,0.0,0.0,0.0,0.0,MARDİN,DARGEÇİT,26675,-0.866
54988432B69862067996452,0.01581578698147899,0.02606154909955622,0.01581578698147899,0.02606154909955622,0.01581578698147899,0.02606154909955622,0.01581578698147899,0.02606154909955622,0.0,0.0,0.0,0.0,0.0,0.0,0.0,0.0,ISPARTA,YENİŞARBADEMLİ,2353,-0.421
54988432B6991575510752,0.3251058361115062,0.3404096960235971,0.28989580829558426,0.31494091659532164,0.28439495774760615,0.31096193793598037,0.25676741868078495,0.2909778668549361,0.36392279987313486,0.4059220776853349,0.32893622654452603,0.3806149315587822,0.4929403894229078,0.6169706067673599,0.45773036160698577,0.5915018273390844,KONYA,SARAYÖNÜ,28401,-0.386
54988432B69940512809265,0.057085873943404,0.09406716898813314,0.057085873943404,0.09406716898813314,0.057612144728148566,0.09444784106843589,0.057612144728148566,0.09444784106843589,0.0,0.0,0.0,0.0,0.0,0.0,0.0,0.0,YOZGAT,ÇAYIRALAN,11777,-0.398
54988432B69998185816997,0.04876662851833466,0.059245689389625586,0.04876662851833466,0.059245689389625586,0.048939117922147904,0.0593704576687761,0.048939117922147904,0.0593704576687761,0.04500940228818147,0.05331548755806375,0.04500940228818147,0.05331548755806375,0.04567513559805882,0.05415146963141505,0.04567513559805882,0.05415146963141505,SAMSUN,VEZİRKÖPRÜ,87575,-0.537
54988432B70012419752472,0.5056307832278164,0.651184528046691,0.5056307832278164,0.651184528046691,0.4809466068835837,0.6333295054387387,0.4809466068835837,0.6333295054387387,0.4492099476752798,0.5853715985236478,0.4492099476752798,0.5853715985236478,0.5637613421238287,0.7274403040633134,0.5637613421238287,0.7274403040633134,KOCAELİ,BAŞİSKELE,131387,1.562
54988432B70042500930466,0.34440164513399296,0.41807502451324363,0.34440164513399296,0.41807502451324363,0.3628325832105509,0.43140683722813705,0.3628325832105509,0.43140683722813705,0.38392715204241135,0.460342211644979,0.38392715204241135,0.460342211644979,0.3912914534576144,0.47342989023753773,0.3912914534576144,0.47342989023753773,KÜTAHYA,GEDİZ,48539,-0.083
54988432B70258579646367,0.20091097041742825,0.29976859202601974,0.20091097041742825,0.29976859202601974,0.2652705226758228,0.34632235361749447,0.2652705226758228,0.34632235361749447,0.2607846873103963,0.3279246605923242,0.2607846873103963,0.3279246605923242,0.1425761282510651,0.21553929706693248,0.1425761282510651,0.21553929706693248,RİZE,PAZAR,32144,0.199
54988432B70315199389199,0.21642649354600824,0.16305854708559975,0.21637516671979667,0.16297396978299675,0.19766718851273465,0.1494892138087844,0.19761586168652306,0.14940463650618144,0.1977058068238692,0.1430082819590786,0.1977058068238692,0.1430082819590786,0.21042387484670522,0.15220775407880638,0.21042387484670522,0.15220775407880638,BURSA,ORHANELİ,18963,-0.354
54988432B70364934790471,1.0978018754886982,1.670618006815895,1.0978018754886982,1.670618006815895,1.1560971354815208,1.7127852304895945,1.1560971354815208,1.7127852304895945,0.7199764863657119,1.0255938527879533,0.7199764863657119,1.0255938527879533,0.3917526733395798,0.5095646987211437,0.3917526733395798,0.5095646987211437,DÜZCE,MERKEZ,267249,1.032
54988432B70424898114793,0.007543601863343407,0.012430488004122282,0.007543601863343407,0.012430488004122282,0.009549215305183562,0.013881226033517215,0.009549215305183562,0.013881226033517215,0.0,0.0,0.0,0.0,0.0,0.0,0.0,0.0,ADIYAMAN,SİNCİK,15801,-1.202
54988432B7043343413230,0.9098852237800257,0.8469793406178684,0.9098852237800257,0.8469793406178684,0.8671858963030891,0.8160932601259344,0.8671858963030891,0.8160932601259344,1.006031108921112,1.0181673426628162,1.006031108921112,1.0181673426628162,1.0398027541174228,1.0552368646774561,1.0398027541174228,1.0552368646774561,BOLU,MUDURNU,18101,-0.461
54988432B70515567552987,0.46522922882128576,0.6522803400121244,0.4596571466380844,0.6482498367469153,0.5236836259901141,0.6945626737804745,0.5189069408863012,0.6911075120878067,0.731967695326822,1.0692634483581118,0.7271201487822059,1.0657570298355656,0.28548025218588485,0.36683795583727613,0.2799038159747387,0.36280430313469847,MANİSA,TURGUTLU,179326,0.489
54988432B70702003005022,0.34966431163752454,0.48281205385197207,0.34966431163752454,0.48281205385197207,0.34960881568813157,0.4827719114782812,0.34960881568813157,0.4827719114782812,0.3330719831902037,0.45580122796705497,0.3330719831902037,0.45580122796705497,0.33014801636066843,0.4507638675789633,0.33014801636066843,0.4507638675789633,YOZGAT,MERKEZ,109042,0.812
54988432B70812604960370,0.059006762891726364,0.0600924574491462,0.0590066382759061,0.06009225210487075,0.0411337098164382,0.04716418460414345,0.04113358520061793,0.047163979259868,0.030637359014633266,0.02216119064398276,0.030637359014633266,0.02216119064398276,0.04047927461139896,0.02928023010615498,0.04047927461139896,0.02928023010615498,KONYA,BOZKIR,24704,-0.574
54988432B70813006049679,0.4392412725363401,0.5580917445041298,0.4385802506262846,0.5570025002581765,0.3945629749573673,0.5257741981443634,0.3939019530473116,0.5246849538984104,0.34711599969171086,0.45087280926587214,0.34660725057620567,0.45003448297400805,0.31329220632469756,0.3448168778065639,0.31329220632469756,0.3448168778065639,BURSA,MUDANYA,112225,1.037
54988432B70826700680977,0.05146282948686661,0.08480141133948449,0.05146282948686661,0.08480141133948449,0.054879121613706776,0.08727254800248085,0.054879121613706776,0.08727254800248085,0.004103416258087231,0.0065070654807756236,0.004103416258087231,0.0065070654807756236,0.0,0.0,0.0,0.0,KİLİS,POLATELİ,4968,-1.155
54988432B70965233026524,0.3229117892178532,0.43025455548505176,0.3229117892178532,0.43025455548505176,0.3536514390566885,0.4524897370515284,0.3536514390566885,0.4524897370515284,0.38944290533438114,0.5000604292494448,0.38944290533438114,0.5000604292494448,0.172454042773027,0.13823722204696068,0.172454042773027,0.13823722204696068,RİZE,DEREPAZARI,6772,-0.37
54988432B70975944471904,0.006880945251352495,0.011338550065797084,0.006880945251352495,0.011338550065797084,0.006880945251352495,0.011338550065797084,0.006880945251352495,0.011338550065797084,0.0,0.0,0.0,0.0,0.0,0.0,0.0,0.0,ÇORUM,UĞURLUDAĞ,5992,-0.923
54988432B71029132182367,0.06958126879111963,0.09128111806366021,0.06362248582954595,0.0814621242375225,0.06615495467346535,0.08880273210580922,0.060152060260775825,0.07895183075535475,0.09069082140209392,0.12197800126968869,0.06594290951651821,0.08119792997303359,0.07583992719366987,0.10159961949664333,0.05055995146244658,0.05994280346046428,DİYARBAKIR,ÇINAR,79114,-1.256
54988432B71099254802304,0.32318859272712774,0.4789693748284075,0.32318859272712774,0.4789693748284075,0.3242043412892211,0.47970410517902784,0.3242043412892211,0.47970410517902784,0.3287309517038012,0.48791125107565775,0.3287309517038012,0.48791125107565775,0.3284643326377618,0.48766283756146594,0.3284643326377618,0.48766283756146594,KONYA,KARAPINAR,51756,-0.161
54988432B71168384186260,0.15529560663567157,0.2558990002849957,0.15529560663567157,0.2558990002849957,0.1553404199724492,0.255931415510448,0.1553404199724492,0.255931415510448,0.3787590319621645,0.6241262050343609,0.3787590319621645,0.6241262050343609,0.1716474155256109,0.28284381629388344,0.1716474155256109,0.28284381629388344,KONYA,DERBENT,3954,-0.936
54988432B71225398808763,0.006947179954996998,0.011447692847193113,0.006947179954996998,0.011447692847193113,0.006947853353872533,0.011448179942730724,0.006947853353872533,0.011448179942730724,0.0012130048705817993,0.0019988120749026535,0.0012130048705817993,0.0019988120749026535,0.0,0.0,0.0,0.0,AĞRI,TUTAK,25920,-1.254
54988432B71285314938898,0.006349098769446496,0.010462163502305109,0.006349098769446496,0.010462163502305109,0.006374845734369924,0.010480787281133417,0.006374845734369924,0.010480787281133417,0.0,0.0,0.0,0.0,0.0,0.0,0.0,0.0,ADANA,TUFANBEYLİ,16027,-0.521
54988432B71286228514784,0.011340087449469424,0.018652407046014677,0.011340087449469424,0.018652407046014677,0.012705882109997785,0.019640339323011728,0.012705882109997785,0.019640339323011728,0.007250819421672133,0.010541055736523712,0.007250819421672133,0.010541055736523712,0.0010168576337672877,0.0016755969956296494,0.0010168576337672877,0.0016755969956296494,HATAY,YAYLADAĞI,42019,-0.863
54988432B71345383711908,0.7462219289866819,0.6710545265297874,0.7461355256023825,0.6709121494198197,0.3907606174914555,0.41393556641173784,0.390665140597591,0.4137866260802083,0.6622395095747913,0.7522562595301175,0.6622394592564619,0.7522561766146348,0.8296419381581134,0.8804622466402359,0.8296419381581134,0.8804622466402359,İSTANBUL,ÇATALCA,81143,0.761
54988432B71616500059418,0.7116964044239381,0.7581065395915529,0.7114343521104947,0.7576747248964347,0.5424322188296206,0.6356711859319073,0.5421166239307654,0.6352006418070655,0.4754638568607369,0.53124033282652,0.4752874708145361,0.5310083598916132,1.2080029919717,1.2382590087544747,1.2080029919717,1.2382590087544747,İSTANBUL,BAKIRKÖY,218204,4.465
54988432B71738622898176,0.10083694665725526,0.07293927644877007,0.10083694665725526,0.07293927644877007,0.09752627847168883,0.07054454168118575,0.09752627847168883,0.07054454168118575,0.09337602567911948,0.06754250278765962,0.09337602567911948,0.06754250278765962,0.10083694665725523,0.07293927644877007,0.10083694665725523,0.07293927644877007,MALATYA,ARAPGİR,9917,-0.393
54988432B72028378604273,0.09999633674922719,0.1281236167291753,0.09999633674922719,0.1281236167291753,0.06913141529659651,0.10579782134333274,0.06913141529659651,0.10579782134333274,0.03521835682447,0.049938326079365,0.03521835682447,0.049938326079365,0.04781422905293337,0.06127660456783302,0.04781422905293337,0.06127660456783302,GAZİANTEP,OĞUZELİ,36644,-0.389
54988432B72030220276956,1.1512265878626995,1.2159153938825664,1.1507596907892195,1.2151460321670107,0.9152416469631828,1.0452183288422887,0.9147747498897029,1.0444489671267332,1.020712177798032,1.1922202966033826,1.0201563656247992,1.1913044189262363,1.59008139414483,1.9289788298890358,1.5879809906573203,1.9255177458037025,ANKARA,ÇANKAYA,952198,6.901
54988432B72106000461584,0.166461913177145,0.2742990487006764,0.166461913177145,0.2742990487006764,0.19980441553717376,0.2984169744982335,0.19980441553717376,0.2984169744982335,0.22352946840867832,0.3186339377243668,0.22352946840867832,0.3186339377243668,0.1698946653075093,0.2799556017572432,0.1698946653075093,0.2799556017572432,YOZGAT,BOĞAZLIYAN,35316,-0.197
54988432B72271864351662,0.648488454381737,0.8226149842435364,0.648488454381737,0.8226149842435364,0.6170535629546573,0.7998769074577508,0.6170535629546573,0.7998769074577508,0.6353335223857051,0.8152595331852519,0.6353335223857051,0.8152595331852519,0.6592249748927889,0.8314621567483814,0.6592249748927889,0.8314621567483814,DENİZLİ,PAMUKKALE,343071,1.227
54988432B72298129420798,0.7759196580274468,0.9534735521423849,0.7759196580274468,0.9534735521423849,0.7715876795755426,0.9503400640276809,0.7715876795755426,0.9503400640276809,0.7874866283208747,0.9858902786187477,0.7874866283208747,0.9858902786187477,0.8205368655491736,1.0269946197866477,0.8205368655491736,1.0269946197866477,SİVAS,GÜRÜN,17062,-0.475
54988432B7232586942515,0.00039078792607697094,0.0006439476413595657,0.00039078792607697094,0.0006439476413595657,0.00039229712442620046,0.000645039303089315,0.00039229712442620046,0.000645039303089315,0.0,0.0,0.0,0.0,0.0,0.0,0.0,0.0,SİİRT,ERUH,18339,-1.098
54988432B72387127190617,0.31438690820016235,0.416370718077156,0.3014669674724069,0.4030560494443497,0.3166218134713228,0.41798731178426274,0.3037018866638131,0.4046726532205104,0.3161499746347657,0.4178773858580226,0.30321018348299483,0.4045300073258779,0.3139509041691291,0.4156522624937769,0.30101111301735833,0.4023048839616321,ELAZIĞ,MERKEZ,463686,1.135
54988432B72818442943555,0.12981268528355921,0.21390776666532654,0.12981268528355921,0.21390776666532654,0.12981268528355921,0.21390776666532654,0.12981268528355921,0.21390776666532654,0.10825593428544034,0.17838614986419746,0.10825593428544034,0.17838614986419746,0.05364519070865297,0.08839754690966865,0.05364519070865297,0.08839754690966865,SİVAS,ŞARKIŞLA,37282,-0.178
54988432B72902905976460,0.42583004881697556,0.6175111475369353,0.42583004881697556,0.6175111475369353,0.44918933307008585,0.6344078242835475,0.44918933307008585,0.6344078242835475,0.46606498780655986,0.6634871370146015,0.46606498780655986,0.6634871370146015,0.45701592935231594,0.668570188625393,0.45701592935231594,0.668570188625393,GÜMÜŞHANE,MERKEZ,54697,0.655
54988432B73072447730570,0.34375072719321614,0.48083658933800977,0.34375072719321614,0.48083658933800977,0.6083818985122892,0.672254584444617,0.6083818985122892,0.672254584444617,0.5859541133686045,0.7631192066630722,0.5859541133686045,0.7631192066630722,0.3339686551166046,0.4729633476545216,0.3339686551166046,0.4729633476545216,MUĞLA,DALAMAN,53327,0.548
54988432B73173192257924,0.15728152459003764,0.19215312442533702,0.15728152459003764,0.19215312442533702,0.1615234594798075,0.1952214805374501,0.1615234594798075,0.1952214805374501,0.14863397078246224,0.17521877411132047,0.14863397078246224,0.17521877411132047,0.1075552879120563,0.12032397826983028,0.1075552879120563,0.12032397826983028,VAN,İPEKYOLU,362816,0.404
54988432B73242449830307,0.04481912041592431,0.07385378348142779,0.04325781553731317,0.07128103614985645,0.046209466674556644,0.07485947488204699,0.04461888862213036,0.07226555312792302,0.006402037121449484,0.009244347829353891,0.006402037121449484,0.009244347829353891,0.0,0.0,0.0,0.0,SİVAS,ULAŞ,7603,-0.595
54988432B73294820193521,0.7372252309474882,1.1019365784442323,0.7352746081626201,1.0987223057974091,0.7642722280639257,1.1215007210048995,0.7623216052790577,1.1182864483580761,0.9308857619369746,1.3949532935278743,0.9308857619369746,1.3949532935278743,0.4090984853693639,0.5772697182719454,0.4090984853693639,0.5772697182719454,YALOVA,ÇİFTLİKKÖY,58589,0.828
54988432B73322112171643,0.4972487874223751,0.6789045173648617,0.49680034314734,0.6781655625151329,0.6198192751193903,0.7675645074078061,0.6193708308443553,0.7668255525580774,0.5669217584832793,0.6881307545673725,0.5663781992098004,0.6872350674472261,0.296585438651446,0.33065590805549894,0.296585438651446,0.33065590805549894,ANKARA,ALTINDAĞ,418072,2.528
54988432B73440266741351,0.3274018284891608,0.4588269012433749,0.3274018284891608,0.4588269012433749,0.3262520822015528,0.4579952451381693,0.3262520822015528,0.4579952451381693,0.3382517221156575,0.47776085612088376,0.3382517221156575,0.47776085612088376,0.35228789885708334,0.4996832890340683,0.35228789885708334,0.4996832890340683,YOZGAT,SORGUN,80068,-0.038
54988432B73618387821891,0.2957612568388778,0.4873609214564718,0.2957612568388778,0.4873609214564718,0.2957612568388778,0.4873609214564718,0.2957612568388778,0.4873609214564718,0.0,0.0,0.0,0.0,0.0,0.0,0.0,0.0,ANTALYA,İBRADI,3256,-0.264
54988432B73640437939057,0.22480609094217247,0.30369942532759703,0.20877399479791975,0.285663722567177,0.25325046834800946,0.3242743472762895,0.2380390646235547,0.30683228318970307,0.24783015776539488,0.32118960761353094,0.23422540224815555,0.30632280192378053,0.16657179093901955,0.22580782753785358,0.15507191187430117,0.21326787664977034,DİYARBAKIR,BAĞLAR,402275,0.017
54988432B73654359915704,0.2291950355882789,0.32423989364056044,0.22558346580402908,0.318288681515048,0.24361958622805632,0.33467373085639907,0.2400080164438065,0.3287225187308866,0.18031083726127844,0.20480381700152242,0.18031083726127844,0.20480381700152242,0.05784309672250111,0.041882969303873474,0.05784309672250111,0.041882969303873474,EDİRNE,HAVSA,17302,-0.198
54988432B7371544527763,0.08429495028998844,0.1389027930383612,0.08429495028998844,0.1389027930383612,0.08481162396099774,0.13927652315388764,0.08481162396099774,0.13927652315388764,0.13986843065222085,0.23015210102512737,0.13986843065222085,0.23015210102512737,0.13956247165137295,0.22997364668966666,0.13956247165137295,0.22997364668966666,AĞRI,ELEŞKİRT,28661,-1.013
54988432B7377784075511,0.21921486970489298,0.2591922660240412,0.21921486970489298,0.2591922660240412,0.21929728683750924,0.2592518815342217,0.21929728683750924,0.2592518815342217,0.2208602264457927,0.2617908616115377,0.2208602264457927,0.2617908616115377,0.22073836984713863,0.26170271800514167,0.22073836984713863,0.26170271800514167,KASTAMONU,ARAÇ,18121,-0.565
54988432B73997329760660,0.3873354846047873,0.5042401804379947,0.3873354846047873,0.5042401804379947,0.3854578308958247,0.502882000648809,0.3854578308958247,0.502882000648809,0.8622522976293102,1.290532604017824,0.8622522976293102,1.290532604017824,0.9680421571645728,1.464571251584597,0.9680421571645728,1.464571251584597,TUNCELİ,MAZGİRT,7257,-0.58
54988432B74105915560914,0.9124726487660699,1.203011455785493,0.9124726487660699,1.203011455785493,0.9154065988593146,1.2051336957385277,0.9154065988593146,1.2051336957385277,1.381235485069451,1.9571461049980368,1.381235485069451,1.9571461049980368,1.6057832501838876,2.345178227856788,1.6057832501838876,2.345178227856788,MUĞLA,ULA,27649,0.355
54988432B74200485211602,0.24371600880984298,0.2924135531192933,0.24371600880984298,0.2924135531192933,0.23967314473510268,0.2894891926525429,0.23967314473510268,0.2894891926525429,0.23740595132041228,0.28458753983380836,0.23740595132041228,0.28458753983380836,0.27557970158655165,0.34491914103381344,0.27557970158655165,0.34491914103381344,ERZURUM,PASİNLER,25401,-0.765
54988432B74224800333323,0.244162803758332,0.3080998968024661,0.24069506210350053,0.3023856873541599,0.18920641383063744,0.26834780741019865,0.18573867217580595,0.2626335979618924,0.6018066902383242,0.9815202070799854,0.6015813534726532,0.9811488929500374,1.1263003025802112,1.7497741258206807,1.1263003025802112,1.7497741258206807,EDİRNE,LALAPAŞA,5932,-0.351
54988432B7423640406971,0.3095675068887188,0.3811592190218201,0.3095675068887188,0.3811592190218201,0.31735101450115527,0.3867893321133471,0.31735101450115527,0.3867893321133471,0.38892476843526946,0.4898402006577204,0.38892476843526946,0.4898402006577204,0.3312813468484515,0.4115191187801947,0.3312813468484515,0.4115191187801947,RİZE,ARDEŞEN,43519,0.078
54988432B74473203693004,0.5388539686771577,0.7969443999158754,0.5388539686771577,0.7969443999158754,0.5801188255620914,0.8267928721646386,0.5801188255620914,0.8267928721646386,0.7224157623587761,1.060467539399106,0.7224157623587761,1.060467539399106,0.7008410505038517,1.063915889897164,0.7008410505038517,1.063915889897164,BİLECİK,BOZÜYÜK,81332,0.608
54988432B74566589804455,0.12376156835872296,0.20393662321047026,0.12376156835872296,0.20393662321047026,0.12376293380870983,0.2039376108934314,0.12376293380870983,0.2039376108934314,0.12781510904963542,0.21061612324843712,0.12781510904963542,0.21061612324843712,0.17227270769628322,0.283874184408137,0.17227270769628322,0.283874184408137,SİİRT,BAYKAN,23219,-1.061
54988432B7457666939336,0.35885666842652536,0.4544302401917226,0.32895104644477113,0.42813200132652984,0.3773524761114675,0.4678089756115958,0.3629113886610105,0.45269683466707694,0.40155867746807883,0.5001181960768042,0.3793023201084854,0.4737315320005367,0.3140198138963906,0.3940123754142515,0.2642363718692089,0.3349901850302821,YALOVA,ÇINARCIK,40174,0.141
54988432B74694372837116,0.11733461127014615,0.19334616331613608,0.11733461127014615,0.19334616331613608,0.11733461127014615,0.19334616331613608,0.11733461127014615,0.19334616331613608,0.18218349679329907,0.30020536773589024,0.18218349679329907,0.30020536773589024,0.6388285271911113,1.052673575275445,0.6388285271911113,1.052673575275445,KIRIKKALE,KARAKEÇİLİ,3062,-0.423
54988432B74865173574888,0.0005838387036408724,0.0009620603172625032,0.0005838387036408724,0.0009620603172625032,0.0005874629782057808,0.0009646818956936175,0.0005874629782057808,0.0009646818956936175,0.0,0.0,0.0,0.0,0.0,0.0,0.0,0.0,ARTVİN,ŞAVŞAT,16151,-0.405
54988432B75065207924044,0.35664994167024816,0.4491593266862809,0.35664994167024816,0.4491593266862809,0.35116727289161914,0.4451934996062451,0.35116727289161914,0.4451934996062451,0.3236537144564101,0.4218525349191645,0.3236537144564101,0.4218525349191645,0.39852695716704184,0.5043761118185822,0.39852695716704184,0.5043761118185822,ESKİŞEHİR,TEPEBAŞI,398129,1.477
54988432B75072745188363,0.5388521690564272,0.5739089714983339,0.5388521690564272,0.5739089714983339,0.2797393549945235,0.3864826183331655,0.2797393549945235,0.3864826183331655,0.617817008686253,0.9021918424053311,0.617817008686253,0.9021918424053311,1.6983695652173911,2.4845833873352534,1.6983695652173911,2.4845833873352534,KIRIKKALE,BALIŞEYH,5888,-0.527
54988432B75199317168320,0.5766021464381923,0.49087881338576755,0.5766021464381923,0.49087881338576755,0.5211806263806409,0.45079027732141275,0.5211806263806409,0.45079027732141275,0.6018999063535888,0.5294562003086171,0.6018999063535888,0.5294562003086171,0.595668159824133,0.5226923178533575,0.595668159824133,0.5226923178533575,KAYSERİ,TOMARZA,20156,-0.674
54988432B75263721717029,0.4348809391790807,0.4315166521225961,0.4348809391790807,0.4315166521225961,0.3380080311214648,0.3614447186156493,0.3380080311214648,0.3614447186156493,0.3281222347149401,0.3441905736905849,0.3281222347149401,0.3441905736905849,0.349598585176214,0.29202669607893744,0.349598585176214,0.29202669607893744,MALATYA,BATTALGAZİ,274563,0.813
54988432B75303442304473,0.3109883671615539,0.40995312493212904,0.3109883671615539,0.40995312493212904,0.31834259498042644,0.41527272329096526,0.31834259498042644,0.41527272329096526,0.266369876785172,0.3454900472070487,0.266369876785172,0.3454900472070487,0.27026792702687974,0.35196088609792103,0.27026792702687974,0.35196088609792103,GİRESUN,BULANCAK,70397,0.063
54988432B75596931390993,0.0001783439172800042,0.0002938784369214726,0.0001783439172800042,0.0002938784369214726,0.0001783439172800042,0.0002938784369214726,0.0001783439172800042,0.0002938784369214726,0.0,0.0,0.0,0.0,0.0,0.0,0.0,0.0,ELAZIĞ,ARICAK,12340,-1.07
54988432B75676722749160,0.03450184913649814,0.05685279122368672,0.03450184913649814,0.05685279122368672,0.03575818446159591,0.057761547315847386,0.03575818446159591,0.057761547315847386,0.00040570838755174505,0.0005775109864972679,0.00040570838755174505,0.0005775109864972679,0.0,0.0,0.0,0.0,DÜZCE,YIĞILCA,13492,-0.88
54988432B75798552461852,0.24746941789551422,0.2908615360234502,0.24746383002685923,0.29085232822914414,0.25325965240058085,0.29504983732836554,0.2532540645319259,0.2950406295340595,0.24670143545818893,0.2918883830072717,0.24670143545818893,0.2918883830072717,0.23948142160757038,0.28346619067583734,0.23948142160757038,0.28346619067583734,MARDİN,MİDYAT,125791,-0.36
54988432B75808003725453,0.2097576921619262,0.2851131736577651,0.2093358270189487,0.28441801639812486,0.1901062367043738,0.2708985133595799,0.18968437156139628,0.2702033560999396,0.20363030451011074,0.29583752484572967,0.20363030451011074,0.29583752484572967,0.31949898488253625,0.4648608326123666,0.31949898488253625,0.4648608326123666,TRABZON,ÇARŞIBAŞI,15004,-0.34
54988432B75995786409497,0.20258847238741204,0.2980843710018325,0.20258847238741204,0.2980843710018325,0.20741047780868388,0.30157231463875245,0.20741047780868388,0.30157231463875245,0.19843548978262573,0.28755231760074307,0.19843548978262573,0.28755231760074307,0.20939867429626888,0.3093896805292147,0.20939867429626888,0.3093896805292147,MANİSA,AKHİSAR,181472,0.543
54988432B76021463807070,0.41208913320134005,0.5228541451433583,0.41207077766896655,0.5228238985543798,0.44088410893656743,0.5436826684685064,0.440865753404194,0.543652421879528,0.5311796505529348,0.6922022484521255,0.5311796505529348,0.6922022484521255,0.4678794123979732,0.6274644142876964,0.4678794123979732,0.6274644142876964,İSTANBUL,SİLİVRİ,240029,1.312
54988432B76024124703750,0.14291443901498005,0.2354970810991624,0.14291443901498005,0.2354970810991624,0.14291443901498005,0.2354970810991624,0.14291443901498005,0.2354970810991624,0.08956551074156585,0.14758772096207554,0.08956551074156585,0.14758772096207554,0.0013650231984595393,0.0022493107140571667,0.0013650231984595393,0.0022493107140571667,ELAZIĞ,PALU,17872,-0.737
54988432B76125229912177,0.325675781254666,0.44209921487813425,0.325675781254666,0.44209921487813425,0.3251350648595653,0.44170809372730563,0.3251350648595653,0.44170809372730563,0.34787264024635894,0.48272108899609845,0.34787264024635894,0.48272108899609845,0.3440300953045131,0.4723443742487546,0.3440300953045131,0.4723443742487546,İZMİR,BERGAMA,107549,0.379
54988432B76166578755153,0.43565401054388314,0.5717082443416349,0.43565401054388314,0.5717082443416349,0.4088231874078342,0.5523004688095153,0.4088231874078342,0.5523004688095153,0.3974275545333299,0.5394775618804151,0.3974275545333299,0.5394775618804151,0.406295467861663,0.5206868387348252,0.406295467861663,0.5206868387348252,KIRKLARELİ,LÜLEBURGAZ,157136,1.12
54988432B76227245488219,1.2015455271358713,1.1495141514221114,1.1081853282362526,1.081983096758216,0.8176980175094173,0.871862352682315,0.8011486477379495,0.8598915513358905,0.8067368215631732,0.8932244926106901,0.7968016673241317,0.8860380100204776,1.1363524694363474,1.087745916010198,1.0428783905334178,1.0201324875208462,NEVŞEHİR,AVANOS,32093,-0.044
54988432B76333131904133,0.20371364665571332,0.2826359627732207,0.20371364665571332,0.2826359627732207,0.20312465300736868,0.282209920811744,0.20312465300736868,0.282209920811744,0.1704419748188994,0.22829284948140205,0.1704419748188994,0.22829284948140205,0.1719308657472695,0.23026370294600929,0.1719308657472695,0.23026370294600929,MANİSA,ALAŞEHİR,104565,0.038
54988432B76430100737170,0.22855511533844236,0.3173483067869143,0.22855511533844236,0.3173483067869143,0.21661537619134788,0.30871183014570636,0.21625336738566728,0.30844997512897143,0.2679820612358175,0.3946465887058844,0.2679820612358175,0.3946465887058844,0.137777545732,0.18527144966467549,0.137777545732,0.18527144966467549,TRABZON,BEŞİKDÜZÜ,23246,0.17
54988432B76534692680801,0.1275695825912811,0.19086920367652951,0.12754598522800156,0.1908303195007089,0.12957551476520243,0.192320172257207,0.1295519174019229,0.19228128808138642,0.12405239013455575,0.18479375826775493,0.12405239013455575,0.18479375826775493,0.12553439293659815,0.1875155801625975,0.12553439293659815,0.1875155801625975,SAMSUN,BAFRA,143387,0.256
54988432B76630597783829,4.768676542946163e-05,7.85791424792392e-05,4.768676542946163e-05,7.85791424792392e-05,4.768676542946163e-05,7.85791424792392e-05,4.768676542946163e-05,7.85791424792392e-05,0.0,0.0,0.0,0.0,0.0,0.0,0.0,0.0,DİYARBAKIR,KOCAKÖY,15088,-1.131
54988432B76667969574644,0.09953992297660895,0.16342323091711494,0.09953992297660895,0.16342323091711494,0.11085169006386765,0.17160547099927528,0.11085169006386765,0.17160547099927528,0.07405115934175491,0.11618333384744371,0.07405115934175491,0.11618333384744371,0.11094469407000611,0.18281673844157473,0.11094469407000611,0.18281673844157473,ORDU,ULUBEY,18027,-0.73
54988432B76694666867888,0.2451963470287835,0.3708086782717432,0.2451963470287835,0.3708086782717432,0.3453891211868771,0.44328199975505056,0.3453891211868771,0.44328199975505056,0.4245968635519418,0.544745094238732,0.4245968635519418,0.544745094238732,0.07182876023559832,0.08515865092966479,0.07182876023559832,0.08515865092966479,ARTVİN,HOPA,27844,0.502
54988432B7673990663622,0.3795078737921084,0.28194267640848714,0.3795078737921084,0.28194267640848714,0.3295529642599223,0.24580835186644934,0.3295529642599223,0.24580835186644934,0.3714710252600296,0.26869940733374914,0.3714710252600296,0.26869940733374914,0.3714710252600298,0.26869940733374914,0.3714710252600298,0.26869940733374914,BİLECİK,YENİPAZAR,2692,-0.501
54988432B7686376545923,0.11105875691091319,0.1615590250594689,0.11105875691091319,0.1615590250594689,0.11109932163449697,0.1615883670981326,0.11109932163449697,0.1615883670981326,0.11553047711161739,0.16905923829974803,0.11553047711161739,0.16905923829974803,0.11598775169342121,0.16968111469599587,0.11598775169342121,0.16968111469599587,TOKAT,REŞADİYE,43108,-0.657
54988432B76895088825803,0.45168255816561587,0.4309167504491,0.45168255816561587,0.4309167504491,0.2148792214689604,0.25962770797127743,0.2148792214689604,0.25962770797127743,0.22275994563567453,0.3078030331943874,0.22275994563567453,0.3078030331943874,0.6293384865754175,0.7875870332908955,0.6293384865754175,0.7875870332908955,OSMANİYE,TOPRAKKALE,22358,-0.084
54988432B7698417663735,0.8204987632230065,0.624362717522842,0.8204987632230065,0.624362717522842,0.1380680807945151,0.13073412351192693,0.1380680807945151,0.13073412351192693,0.3177865181349396,0.31810514586685085,0.3177865181349396,0.31810514586685085,1.382571451667495,1.3663323273030945,1.382571451667495,1.3663323273030945,BOLU,SEBEN,4438,-0.425
54988432B77006112817305,0.47162208207373,0.6027646039319086,0.47151948913901714,0.602595549378479,0.4945413069915166,0.61934296868498,0.4944387140568036,0.6191739141315504,0.5456375226960707,0.7163571085556153,0.5455768251450246,0.7162570899976604,0.7120201152299895,0.9817633314135333,0.7120201152299895,0.9817633314135333,İSTANBUL,ÇEKMEKÖY,315959,1.45
54988432B7739562354117,0.0874204657776031,0.12735702653120037,0.0874204657776031,0.12735702653120037,0.12631524256264323,0.15549112787383684,0.12631524256264323,0.15549112787383684,0.02888105653348133,0.02335241533496597,0.02888105653348133,0.02335241533496597,0.0,0.0,0.0,0.0,KONYA,HALKAPINAR,3947,-0.765
54988432B77407650026764,0.33016218745130227,0.41709120844736736,0.33010215630552014,0.4169922880044495,0.41197607117369955,0.47627036529410166,0.41191604002791743,0.4761714448511838,0.43883851050197853,0.5165945688307694,0.43883851050197853,0.5165945688307694,0.28634236718493816,0.34757425970900585,0.28634236718493816,0.34757425970900585,KOCAELİ,ÇAYIROVA,162262,0.962
54988432B77479397394986,0.00013262232950866392,0.00021853755088097125,0.00013262232950866392,0.00021853755088097125,0.00013262232950866392,0.00021853755088097125,0.00013262232950866392,0.00021853755088097125,0.0,0.0,0.0,0.0,0.0,0.0,0.0,0.0,BATMAN,SASON,28150,-1.063
54988432B77607425257095,0.1213693893092277,0.1812331047614703,0.1213693893092277,0.1812331047614703,0.1236127117651838,0.18285578694496482,0.1236127117651838,0.18285578694496482,0.15537965992907282,0.23536095540107885,0.15537965992907282,0.23536095540107885,0.14205986808726534,0.21532726202336386,0.14205986808726534,0.21532726202336386,BALIKESİR,BİGADİÇ,49275,-0.138
54988432B7766374171238,0.083926891211031,0.13829629841567695,0.083926891211031,0.13829629841567695,0.08682643238650067,0.14039364906326282,0.08682643238650067,0.14039364906326282,0.08890469416785207,0.14649881507318047,0.08890469416785207,0.14649881507318047,0.08890469416785206,0.1464988150731805,0.08890469416785206,0.1464988150731805,KASTAMONU,CİDE,22496,-0.533
54988432B77763600838598,0.31433291328756063,0.461374895203268,0.31433291328756063,0.461374895203268,0.31911838725531716,0.46483641422227406,0.31911838725531716,0.46483641422227406,0.2804462547299527,0.4008654693790788,0.2804462547299527,0.4008654693790788,0.20811909309044607,0.2863537300576597,0.20811909309044607,0.2863537300576597,KIRŞEHİR,MERKEZ,163368,0.686
54988432B77928955362752,0.7071074399351315,1.0730023544204663,0.7071074399351315,1.0730023544204663,0.7385389155515603,1.0957379604178592,0.7385389155515603,1.0957379604178592,0.8101789408312889,1.2147196627812094,0.8101789408312889,1.2147196627812094,0.578756801508955,0.8613643887012528,0.578756801508955,0.8613643887012528,TEKİRDAĞ,MALKARA,50123,0.068
54988432B77963946080728,0.3245587568755312,0.4698221164483204,0.3242662358606429,0.4693400948580518,0.3085117100853321,0.45821466480666107,0.3082191890704439,0.45773264321639245,0.4214039494112952,0.6398503839720252,0.4214039494112952,0.6398503839720252,0.45168818458990484,0.6747041189639872,0.45168818458990484,0.6747041189639872,SİVAS,YILDIZELİ,26567,-0.762
54988432B78096221215444,0.19295969740631522,0.2105252991240151,0.19295969740631522,0.2105252991240151,0.17923747141464524,0.20059948057953914,0.17923747141464524,0.20059948057953914,0.2744634212378671,0.35202515776987414,0.2744634212378671,0.35202515776987414,0.40896487309974333,0.5018328835677438,0.40896487309974333,0.5018328835677438,SAMSUN,YAKAKENT,8916,-0.538
54988432B78199019874123,0.16641808496355892,0.152351331239074,0.16641808496355892,0.152351331239074,0.22053569778617263,0.19149670060287466,0.22053569778617263,0.19149670060287466,0.15317163572702988,0.1108084025740636,0.15317163572702988,0.1108084025740636,0.12823875990054384,0.09276007128246597,0.12823875990054384,0.09276007128246597,KÜTAHYA,ASLANAPA,7813,-0.782
54988432B78675491052886,0.26178934007750215,0.30280498529816285,0.26178934007750215,0.30280498529816285,0.34765301585643466,0.36491351388971666,0.34765301585643466,0.36491351388971666,0.22471301331370241,0.16254364241546582,0.22471301331370241,0.16254364241546582,0.1380548077586802,0.09986039960550185,0.1380548077586802,0.09986039960550185,ESKİŞEHİR,ÇİFTELER,14487,-0.202
54988432B78684581776772,0.06148776725488559,0.10101982343316171,0.06148776725488559,0.10101982343316171,0.08580808901457525,0.11861165590090345,0.08580808901457525,0.11861165590090345,0.11655860876080164,0.16741852463237536,0.11655860876080164,0.16741852463237536,0.0,0.0,0.0,0.0,DENİZLİ,ÇAL,17277,-0.232
54988432B78726151143019,0.18969881155337895,0.2642067099203921,0.18969881155337895,0.2642067099203921,0.18809429486459475,0.2630461007368585,0.18809429486459475,0.2630461007368585,0.21159546548796604,0.30138056259969903,0.21159546548796604,0.30138056259969903,0.22733774527645842,0.32425018543514966,0.22733774527645842,0.32425018543514966,HATAY,ARSUZ,115077,-0.064
54988432B78779774927417,0.1708579208374744,0.2462990817513033,0.1708579208374744,0.2462990817513033,0.18220718175348116,0.25450844257472793,0.18220718175348116,0.25450844257472793,0.19077756803894555,0.2791230483484072,0.19077756803894555,0.2791230483484072,0.1906141588197172,0.27885377958579505,0.1906141588197172,0.27885377958579505,DENİZLİ,BULDAN,26231,-0.011
54988432B78813645008161,0.10810575054861672,0.1781386742984374,0.10810575054861672,0.1781386742984374,0.11725431455624924,0.1847561856509984,0.11725431455624924,0.1847561856509984,0.03668380405952954,0.051247236419739155,0.03668380405952954,0.051247236419739155,0.0,0.0,0.0,0.0,KASTAMONU,İNEBOLU,19678,-0.236
54988432B78882156403317,0.15144493869064746,0.24955379774573203,0.15144493869064746,0.24955379774573203,0.15144527187611245,0.24955403875170795,0.15144527187611245,0.24955403875170795,0.17104176049203956,0.28184580662080816,0.17104176049203956,0.28184580662080816,0.17193947730398904,0.28332508114565574,0.17193947730398904,0.28332508114565574,ERZURUM,HORASAN,34896,-0.778
54988432B78938998312930,0.5101074691514825,0.575617783883857,0.5101074691514825,0.575617783883857,0.3660472269877565,0.4714134205350512,0.3660472269877565,0.4714134205350512,0.4066227816503199,0.5345113670206477,0.4066227816503199,0.5345113670206477,1.184334328627035,1.6668385847283407,1.184334328627035,1.6668385847283407,ORDU,GÜLYALI,8881,-0.145
54988432B78941092059801,0.09881072348267772,0.16282215514296625,0.09881072348267772,0.16282215514296625,0.0988153939249615,0.16282553345510445,0.0988153939249615,0.16282553345510445,0.11196549259787479,0.18447108973066909,0.11196549259787479,0.18447108973066909,0.058109003415633034,0.09575310083628744,0.058109003415633034,0.09575310083628744,YOZGAT,SARAYKENT,12605,-0.587
54988432B78961906506617,0.2594921944428539,0.19313504660439865,0.2594921944428539,0.19313504660439865,0.27455444386597033,0.20403015609583594,0.27455444386597033,0.20403015609583594,0.24505194090256444,0.17733921034945313,0.24505194090256444,0.17733921034945313,0.253613999492772,0.18344884720833185,0.253613999492772,0.18344884720833185,ORDU,MESUDİYE,11829,-0.842
54988432B79088719689200,0.10029947956727442,0.16527535521713363,0.10029947956727442,0.16527535521713363,0.10791461924847423,0.1707836812505565,0.10791461924847423,0.1707836812505565,0.14187104490252844,0.23377569681933785,0.14187104490252844,0.23377569681933785,0.1418741576221891,0.23378288599604646,0.1418741576221891,0.23378288599604646,KONYA,DOĞANHİSAR,14097,-0.616
54988432B79162079631621,0.6881919515696425,0.7885162069365942,0.6880764979225756,0.7883259602612137,0.6548090742903153,0.7643690763931782,0.6546936206432487,0.7641788297177978,0.6893157588572384,0.8133818670005543,0.6891317534978352,0.8130786595335924,0.6949860471286168,0.7859519962361233,0.6949860471286168,0.7859519962361233,İSTANBUL,ÜSKÜDAR,514294,3.045
54988432B79254890835341,0.4030526735517271,0.5344906592285684,0.4030526735517271,0.5344906592285684,0.39145630136710746,0.5261025532355162,0.39145630136710746,0.5261025532355162,0.40642605214486777,0.5516872513319426,0.40642605214486777,0.5516872513319426,0.4456592544860011,0.6100335871552786,0.4456592544860011,0.6100335871552786,TEKİRDAĞ,ÇORLU,306939,1.577
54988432B79409783151776,0.27221231373057786,0.2663023024952472,0.27221231373057786,0.2663023024952472,0.21701883088939838,0.226378714598374,0.21701883088939838,0.226378714598374,0.2531688768233347,0.2801062345615003,0.2531688768233347,0.2801062345615003,0.3302381211220343,0.3609982046028586,0.3302381211220343,0.3609982046028586,MANİSA,GÖLMARMARA,15140,-0.543
54988432B79438437943955,0.05289978157683097,0.07090736570718627,0.05289978157683097,0.07090736570718627,0.05290023745268487,0.07090769545988145,0.05290023745268487,0.07090769545988145,0.05277091267293467,0.0706950131211131,0.05277091267293467,0.0706950131211131,0.05277091267293468,0.07069501312111312,0.05277091267293468,0.07069501312111312,AĞRI,DOĞUBAYAZIT,113699,-0.647
54988432B79616482779548,0.07409045735099846,0.1220876390357817,0.07409045735099846,0.1220876390357817,0.07409045735099846,0.1220876390357817,0.07409045735099846,0.1220876390357817,0.07916089451810807,0.13044280007465933,0.07916089451810807,0.13044280007465933,0.0,0.0,0.0,0.0,BİNGÖL,KARLIOVA,25265,-1.017
54988432B79652739540199,1.25554804332374,1.2096600831262594,1.255547880349833,1.2096598145748123,1.2283796158582858,1.1900081052820992,1.2283794528843788,1.1900078367306524,1.407529139132829,1.4686505798841125,1.407529139132829,1.4686505798841125,1.4156408135216774,1.4719789097187148,1.4156408135216774,1.4719789097187148,İSTANBUL,ŞİLE,50090,0.698
54988432B7974453528026,0.41790742831677435,0.5329718403495826,0.41783669005225405,0.5328552765164849,0.44989834932291634,0.5561121149063772,0.449827611058396,0.5559955510732797,0.5118209532818705,0.6416627319874783,0.5118158646103715,0.6416543467795669,0.6316185100666112,0.8701983004831444,0.6316185100666112,0.8701983004831444,İSTANBUL,BEYKOZ,246833,1.732
54988432B79784154417408,0.15601923004710147,0.2430090237264001,0.15601923004710147,0.2430090237264001,0.16098946674966583,0.246604188801126,0.16098946674966583,0.246604188801126,0.11316166738064519,0.1682668671981755,0.11316166738064519,0.1682668671981755,0.17442879952500348,0.27334465605452146,0.17442879952500348,0.27334465605452146,MUĞLA,SEYDİKEMER,65648,-0.505
54988432B79821561664997,2.895526538326676,4.7713026949615625,2.895526538326676,4.7713026949615625,2.8961203360526575,4.771732211898813,2.8961203360526575,4.771732211898813,0.0004073907930224755,0.0006713061555201558,0.0004073907930224755,0.0006713061555201558,0.0,0.0,0.0,0.0,AKSARAY,SARIYAHŞİ,4717,-0.491
54988432B79971827749664,0.4578285273230352,0.7522601493749089,0.4578285273230352,0.7522601493749089,0.4928504469355508,0.777592862840208,0.4928504469355508,0.777592862840208,0.7480345736700029,1.2088269904144002,0.7480345736700029,1.2088269904144002,2.718637730004111e-06,1.966496165605181e-06,2.718637730004111e-06,1.966496165605181e-06,NEVŞEHİR,DERİNKUYU,21107,-0.615
54988432B80108419437417,0.29288545416254363,0.4826221201095843,0.29288545416254363,0.4826221201095843,0.2954672470517592,0.4844896310916456,0.2954672470517592,0.4844896310916456,0.36622882585035393,0.6012240678849616,0.36622882585035393,0.6012240678849616,0.4567103803745024,0.7525758924513561,0.4567103803745024,0.7525758924513561,ÇANAKKALE,LAPSEKİ,30654,-0.056
54988432B8015815916555,0.43631107849449297,0.6033760373754558,0.43631107849449297,0.6033760373754558,0.4239875223740081,0.5944619310235524,0.4239875223740081,0.5944619310235524,0.4791520050865217,0.6894373296854165,0.4791520050865217,0.6894373296854165,0.5716502044233033,0.8273194556096416,0.5716502044233033,0.8273194556096416,ANTALYA,GAZİPAŞA,55850,0.152
54988432B80335300627236,0.4348855424074363,0.5430961484194673,0.4348855424074363,0.5430961484194673,0.3345441579649527,0.47051533135070667,0.3345441579649527,0.47051533135070667,0.5202473035934394,0.8151499437913381,0.5202473035934394,0.8151499437913381,0.6618294259112631,0.8905102403506241,0.6618294259112631,0.8905102403506241,DENİZLİ,SARAYKÖY,30883,0.078
54988432B80355579984190,0.23126294175937245,0.3773447754238561,0.23126294175937245,0.3773447754238561,0.27893818447945107,0.4118301284992691,0.27893818447945107,0.4118301284992691,0.24439722577826914,0.3589759306060194,0.24439722577826914,0.3589759306060194,0.09213779458852027,0.15182637831462475,0.09213779458852027,0.15182637831462475,KIRIKKALE,BAHŞILI,7353,-0.005
54988432B80433190891515,0.20559776364770727,0.3387878338484433,0.20559776364770727,0.3387878338484433,0.20560083136522156,0.3387900528475628,0.20560083136522156,0.3387900528475628,0.18162299988643593,0.29928177046719473,0.18162299988643593,0.29928177046719473,0.0,0.0,0.0,0.0,ELAZIĞ,MADEN,9139,-0.592
54988432B80507521007844,0.10675608039582782,0.17591466261970742,0.10675608039582782,0.17591466261970742,0.10675608039582782,0.17591466261970742,0.10675608039582782,0.17591466261970742,0.2000491952347333,0.32964479921499085,0.2000491952347333,0.32964479921499085,0.27110451077825654,0.4467310749084197,0.27110451077825654,0.4467310749084197,GİRESUN,DOĞANKENT,7327,-0.593
54988432B80615389544588,0.5762771138926857,0.729055364535444,0.5762768136271368,0.7290548697522662,0.5652488864514452,0.7210782196818749,0.5652485861858966,0.7210777248986973,0.5877899601140121,0.7675812758743902,0.5877899601140121,0.7675812758743902,0.560769639627113,0.6939823054823039,0.560769639627113,0.6939823054823039,BURDUR,BUCAK,68312,0.439
54988432B8063224387677,0.012509985751586792,0.017641588454318867,0.012509985751586792,0.017641588454318867,0.05015858814823021,0.044874283504601035,0.05015858814823021,0.044874283504601035,0.02742728303443027,0.01983921812197228,0.02742728303443027,0.01983921812197228,0.001063845789454454,0.0007695209415615063,0.001063845789454454,0.0007695209415615063,BURSA,BÜYÜKORHAN,9148,-0.752
54988432B80643331900802,0.7550956673598448,0.8456904589937035,0.7549454045713513,0.8454428531651257,0.6689595831137641,0.7833848867871757,0.6688093203252705,0.7831372809585977,0.6489473617453946,0.7368588990207936,0.6489473617453946,0.7368588990207936,0.7524116679187408,0.8811425937111538,0.7524116679187408,0.8811425937111538,İSTANBUL,ŞİŞLİ,261959,6.959
54988432B8068662711190,0.940880780918808,1.2316396121918478,0.940880780918808,1.2316396121918478,0.8807570794862711,1.1881498058729696,0.8807570794862711,1.1881498058729696,0.7686480569140038,1.033593651518816,0.7686480569140038,1.033593651518816,0.8716695710779103,1.109082525120467,0.8716695710779103,1.109082525120467,MUĞLA,MENTEŞE,126288,1.555
54988432B80772091068357,0.7812794342649342,1.0505494121488057,0.7812794342649342,1.0505494121488057,0.8187723827373095,1.0776695166755854,0.8187723827373095,1.0776695166755854,0.8002465024180088,1.0582243286165012,0.8002465024180088,1.0582243286165012,0.7165710142464373,0.9790811020599463,0.7165710142464373,0.9790811020599463,BALIKESİR,EDREMİT,176251,1.072
54988432B80891618089015,0.10430763718187579,0.17188007217456483,0.10430763718187579,0.17188007217456483,0.10430763718187579,0.17188007217456483,0.10430763718187579,0.17188007217456483,0.10070934578304538,0.1659507404204797,0.10070934578304538,0.1659507404204797,0.10008507231146473,0.1649220509376103,0.10008507231146473,0.1649220509376103,ERZURUM,AŞKALE,19983,-0.578
54988432B80955885520909,1.789124418619234,1.6561159749365444,1.789124418619234,1.6561159749365444,0.8534284734333081,0.9792907885305364,0.8534284734333081,0.9792907885305364,1.2982927804454005,1.380421851376661,1.2982927804454005,1.380421851376661,1.9862185480702645,1.9793808583480914,1.9862185480702645,1.9793808583480914,SAKARYA,SAPANCA,47505,0.695
54988432B81043238073761,0.08309391026042427,0.13692369685189423,0.08309391026042427,0.13692369685189423,0.08565457495199189,0.13877592498872682,0.08565457495199189,0.13877592498872682,0.004701814906130208,0.007641351806453413,0.004701814906130208,0.007641351806453413,0.0,0.0,0.0,0.0,ORDU,İKİZCE,12537,-0.979
54988432B81083365712780,0.44406701233944257,0.5792302667702953,0.4439428352406043,0.579025645428202,0.545546653341514,0.6526344289781308,0.5454224762426756,0.6524298076360374,0.4421479505284132,0.5121896695823338,0.4421479505284132,0.5121896695823338,0.25156680391546565,0.2861376135896334,0.25156680391546565,0.2861376135896334,ANKARA,SİNCAN,605366,1.05
54988432B81091968456381,0.2418649507002753,0.35578221394203907,0.2418649507002753,0.35578221394203907,0.256710297906571,0.3665204296432586,0.256710297906571,0.3665204296432586,0.28183269784965476,0.404220040588149,0.28183269784965476,0.404220040588149,0.21740676406626544,0.32377830424406445,0.21740676406626544,0.32377830424406445,GİRESUN,MERKEZ,143915,1.145
54988432B81190990661925,0.15225125749903698,0.25088246493373517,0.15225125749903698,0.25088246493373517,0.17907256373309613,0.27028335652134655,0.17356019194278208,0.26629604410034724,0.18430068839419086,0.30244481675209955,0.18413792396133433,0.30232708292181504,0.12688941853413027,0.20909075313254702,0.12688941853413027,0.20909075313254702,KONYA,KADINHANI,31478,-0.526
54988432B81237191806076,0.7745150034678597,0.8281018253395767,0.7745150034678597,0.8281018253395767,0.7748466518065978,0.8283417194524479,0.7748466518065978,0.8283417194524479,0.7383879044760342,0.7739852697176502,0.7383879044760342,0.7739852697176502,0.7465508381729865,0.7820172809027183,0.7465508381729865,0.7820172809027183,AYDIN,DİDİM,103141,0.842
54988432B81292966390728,0.5360386810895941,0.8792691259336252,0.5360386810895941,0.8792691259336252,0.6760739761855911,0.9805620888821129,0.6760739761855911,0.9805620888821129,0.6623320184224736,0.9276707998782961,0.6623320184224736,0.9276707998782961,0.042392000331372026,0.06969138241186926,0.042392000331372026,0.06969138241186926,AFYONKARAHİSAR,KIZILÖREN,1977,-0.64
54988432B81439827862263,0.0005295061914865467,0.0008725301892410281,0.0005295061914865467,0.0008725301892410281,0.0005305296395681346,0.0008732704889528753,0.0005305296395681346,0.0008732704889528753,0.0,0.0,0.0,0.0,0.0,0.0,0.0,0.0,ERZURUM,ÇAT,14015,-1.131
54988432B81567150601582,0.10481129233473659,0.15422472042461577,0.10481129233473659,0.15422472042461577,0.10428737664962098,0.1538457518792632,0.10428737664962098,0.1538457518792632,0.09633352022685951,0.14087664469470582,0.09633352022685951,0.14087664469470582,0.09725064834303582,0.14176615008317658,0.09725064834303582,0.14176615008317658,AĞRI,MERKEZ,150035,-0.231
54988432B81711897085768,0.13084784599161012,0.13426905681329415,0.13084784599161012,0.13426905681329415,0.13872333653142258,0.13996570472554754,0.13872333653142258,0.13996570472554754,0.08974221350005585,0.06511041240470808,0.08974221350005585,0.06511041240470808,0.08798944126704797,0.06364617725846482,0.08798944126704797,0.06364617725846482,UŞAK,ULUBEY,11365,-0.261
54988432B81810188934288,1.1157572682300494e-05,1.838565659945739e-05,1.1157572682300494e-05,1.838565659945739e-05,1.1157572682300494e-05,1.838565659945739e-05,1.1157572682300494e-05,1.838565659945739e-05,0.0,0.0,0.0,0.0,0.0,0.0,0.0,0.0,BİNGÖL,YEDİSU,2842,-0.968
54988432B81913319762602,0.2027271050080083,0.2775429417450523,0.20181369177723613,0.276037802368186,0.21725734384980747,0.2880532273385956,0.21634393061903523,0.28654808796172926,0.22777047964516148,0.30214785583739395,0.2269309547456334,0.30076447103239046,0.12765490483075945,0.17639844679267797,0.12765490483075945,0.17639844679267797,ADANA,SARIÇAM,263080,0.862
54988432B81969335457168,0.3274919014940063,0.49248697174671463,0.3274919014940063,0.49248697174671463,0.31491511277501905,0.4833896924297394,0.31491511277501905,0.4833896924297394,0.35185974144201193,0.5435574848769894,0.35185974144201193,0.5435574848769894,0.03361969974309293,0.024318433421245043,0.03361969974309293,0.024318433421245043,AYDIN,BUHARKENT,13137,-0.293
54988432B81976291496552,0.08379203461451856,0.11925645979887277,0.08379203461451856,0.11925645979887277,0.08344534022935794,0.11900568229676914,0.08344534022935794,0.11900568229676914,0.06106619499823303,0.08353035762754718,0.06106619499823303,0.08353035762754718,0.06076318561127767,0.08140193122475736,0.06076318561127767,0.08140193122475736,BİTLİS,GÜROYMAK,49372,-1.002
54988432B82014905265154,0.3524981470416858,0.3063477970411424,0.3524981470416858,0.3063477970411424,0.30526346839804375,0.27218112105810344,0.30526346839804375,0.27218112105810344,0.2553795969847684,0.18669409955564256,0.2553795969847684,0.18669409955564256,0.3630962848508075,0.3107774357034811,0.3630962848508075,0.3107774357034811,ANKARA,AYAŞ,13136,0.032
54988432B82471311142852,0.2804478465129204,0.3253489208273375,0.2804478465129204,0.3253489208273375,0.3100806606968337,0.3467834852143579,0.3100806606968337,0.3467834852143579,0.44527614663933734,0.5514627791079594,0.44527614663933734,0.5514627791079594,0.37369207772795227,0.5006198490818037,0.37369207772795227,0.5006198490818037,ANKARA,GÜDÜL,8028,-0.493
54988432B82480836109015,0.4267945886758818,0.5070387814306132,0.426457751870234,0.5065044418044254,0.5511800145350461,0.597011586674085,0.5505357189773631,0.5962548502017538,0.6101599796399642,0.6721330546788922,0.6090474557242178,0.6706663623874897,0.44891163560921576,0.5550686672061325,0.4485417039145114,0.5544590868522552,İSTANBUL,AVCILAR,440663,1.64
54988432B82856135372204,0.11885359028746742,0.19584916530316793,0.11885359028746742,0.19584916530316793,0.11885954953720981,0.19585347585975255,0.11885954953720981,0.19585347585975255,2.866796106164911e-06,2.073664868300285e-06,2.866796106164911e-06,2.073664868300285e-06,0.0,0.0,0.0,0.0,DENİZLİ,BAKLAN,5266,-0.532
54988432B82883997351457,0.15022518804151974,0.2004485286523849,0.15022518804151974,0.2004485286523849,0.14348566753114653,0.19557357194322225,0.14348566753114653,0.19557357194322225,0.1523244287467805,0.20239104793095666,0.1523244287467805,0.20239104793095666,0.1578751285521134,0.2069861930184622,0.1578751285521134,0.2069861930184622,MARDİN,NUSAYBİN,119559,-0.395
54988432B82979993724988,3.1700024731596486,2.8031354733527456,3.1700024731596486,2.8031354733527456,2.991082968574549,2.6737160527968316,2.991082968574549,2.6737160527968316,3.4052074611201406,3.3031807916093863,3.4052074611201406,3.3031807916093863,3.4858660535656907,3.322176490225828,3.4858660535656907,3.322176490225828,ANTALYA,KEMER,52339,1.501
54988432B83102483310447,0.43981334845785885,0.31848031163212626,0.43981334845785885,0.31848031163212626,0.28691165537318136,0.20788058374373863,0.28691165537318136,0.20788058374373863,0.2673429510181607,0.19337953059232782,0.2673429510181607,0.19337953059232782,0.4467277194549923,0.3231354945465503,0.4467277194549923,0.3231354945465503,ESKİŞEHİR,SARICAKAYA,4477,-0.525
54988432B83298049825125,1.55236227291548,1.4302754878351043,1.55236227291548,1.4302754878351043,1.2286397676394953,1.1961144378652846,1.2286397676394953,1.1961144378652846,1.6641934501448972,1.8445875405921206,1.6641934501448972,1.8445875405921206,2.2102214062016707,2.50265727508022,2.2102214062016707,2.50265727508022,BURDUR,KARAMANLI,8097,-0.034
54988432B83441396702588,0.279308569116927,0.36713800102001887,0.279308569116927,0.36713800102001887,0.277311127764635,0.36569317418010827,0.277311127764635,0.36569317418010827,0.2893348642505371,0.3847190176575597,0.2893348642505371,0.3847190176575597,0.2920825485713135,0.3881872028799749,0.2920825485713135,0.3881872028799749,ÇANKIRI,MERKEZ,99287,0.704
54988432B83485436335892,0.4511880978170488,0.517823081160382,0.4491990650435403,0.5145455158170879,0.34013122343326774,0.43749133440739635,0.3381421906597592,0.4342137690641021,0.30494017345068325,0.3873298622417055,0.3047604857212632,0.3870337694460481,0.6295882222377677,0.8061479808402131,0.6295882222377677,0.8061479808402131,TRABZON,ARSİN,31493,-0.083
54988432B83633646725804,0.009975048790218037,0.01643707165006505,0.009975048790218037,0.01643707165006505,0.010026360981884867,0.016474187749443786,0.010026360981884867,0.016474187749443786,0.0,0.0,0.0,0.0,0.0,0.0,0.0,0.0,İZMİR,KİRAZ,43340,-0.599
54988432B83968093361276,0.2516028095236369,0.2183904228901198,0.2516028095236369,0.2183904228901198,0.16168850803469723,0.15335191953984056,0.16168850803469723,0.15335191953984056,0.1940570609247535,0.14036900246233308,0.1940570609247535,0.14036900246233308,0.21258503401360546,0.153771004367018,0.21258503401360546,0.153771004367018,UŞAK,KARAHALLI,9408,-0.609
54988432B83996271763455,0.32380960858223956,0.41735182171044916,0.32380960858223956,0.41735182171044916,0.32098915695951147,0.4153116796053952,0.32098915695951147,0.4153116796053952,0.30408006879291527,0.3896100883055496,0.30408006879291527,0.3896100883055496,0.28206822180019325,0.3617244519788146,0.28206822180019325,0.3617244519788146,İZMİR,KARŞIYAKA,339624,2.222
54988432B84046531787884,0.25180001856605005,0.41492077218876494,0.25180001856605005,0.41492077218876494,0.2627017362229949,0.4228064076061988,0.2627017362229949,0.4228064076061988,0.2984694559935658,0.4700869154538604,0.2984694559935658,0.4700869154538604,0.10238965186623696,0.16871958015894234,0.10238965186623696,0.16871958015894234,AYDIN,KÖŞK,28307,-0.306
54988432B84066107129786,0.0030109977599293617,0.004961578329990553,0.0030109977599293617,0.004961578329990553,0.0030109977599293617,0.004961578329990553,0.0030109977599293617,0.004961578329990553,0.00022104131822848358,0.0003642360114478194,0.00022104131822848358,0.0003642360114478194,0.0,0.0,0.0,0.0,VAN,ÇATAK,16361,-1.064
54988432B84070698117276,0.6507915521274075,0.7827245262634465,0.6507915521274075,0.7827245262634465,0.656947900875491,0.7871776522072319,0.656947900875491,0.7871776522072319,0.653654203797225,0.7811257523824262,0.653654203797225,0.7811257523824262,0.6327642176583228,0.7543190282149085,0.6327642176583228,0.7543190282149085,ANTALYA,ALANYA,371547,1.676
54988432B84158817868170,0.011760506203844997,0.019379181714198848,0.011760506203844997,0.019379181714198848,0.011760506203844997,0.019379181714198848,0.011760506203844997,0.019379181714198848,0.0012700424985067381,0.002092799743200713,0.0012700424985067381,0.002092799743200713,0.0,0.0,0.0,0.0,KARS,DİGOR,17557,-1.164
54988432B84437905813511,0.21733700229403088,0.3026766423214537,0.21624504817227563,0.30087729993071993,0.23388504988830397,0.31464648728580674,0.23279309576654872,0.3128471448950732,0.22967212557599176,0.30789264535464894,0.22852184959144642,0.3059971991094274,0.1800719184267498,0.24506280361416868,0.1800719184267498,0.24506280361416868,ADANA,ÇUKUROVA,380653,1.529
54988432B8459545237186,0.13529401798691235,0.18462206733598088,0.13529401798691235,0.18462206733598088,0.13192225267048166,0.18218313864279623,0.13192225267048166,0.18218313864279623,0.13832547271086054,0.1936850534966404,0.13832547271086054,0.1936850534966404,0.1521697964158095,0.21093091745957618,0.1521697964158095,0.21093091745957618,AYDIN,NAZİLLİ,162156,0.756
54988432B84703414085242,9.963540786850228e-07,1.6418108547238793e-06,9.963540786850228e-07,1.6418108547238793e-06,0.00010146253305267776,7.431289665071986e-05,0.00010146253305267776,7.431289665071986e-05,0.0,0.0,0.0,0.0,0.0,0.0,0.0,0.0,KASTAMONU,DOĞANYURT,5057,-1.113
54988432B84747582634168,0.5750469031158715,0.7413624054727015,0.5750469031158715,0.7413624054727015,0.5126803649019019,0.6962502682775575,0.5126803649019019,0.6962502682775575,0.7084381216916059,1.0127400489743834,0.7084381216916059,1.0127400489743834,0.7003219944973846,0.9422389510133488,0.7003219944973846,0.9422389510133488,SAMSUN,HAVZA,38103,-0.124
54988432B84759555585504,0.17318957746824773,0.28538501953812045,0.17318957746824773,0.28538501953812045,0.18483896747405243,0.293811475378568,0.18483896747405243,0.293811475378568,0.0006644548325818142,0.0010394450463957526,0.0006644548325818142,0.0010394450463957526,0.0,0.0,0.0,0.0,ÇORUM,DODURGA,5036,-0.511
54988432B84830435055173,0.159398920307724,0.2378579907517198,0.159398920307724,0.2378579907517198,0.17101593662453987,0.24626102944667558,0.17101593662453987,0.24626102944667558,0.08191012711478021,0.10472332315544278,0.08191012711478021,0.10472332315544278,0.0006741129183958792,0.0004876120325190993,0.0006741129183958792,0.0004876120325190993,ZONGULDAK,ALAPLI,43217,-0.17
54988432B84852030517373,0.04094403329663029,0.05889751122010751,0.04094403329663029,0.05889751122010751,0.0409041354112054,0.058868651531360484,0.0409041354112054,0.058868651531360484,0.04163133270320488,0.06008178392610073,0.04163133270320488,0.06008178392610073,0.041719395346896775,0.06017516728405273,0.041719395346896775,0.06017516728405273,ŞANLIURFA,VİRANŞEHİR,215727,-0.803
54988432B84880544185271,0.25547574407578266,0.4209777013166401,0.25547574407578266,0.4209777013166401,0.25547574407578266,0.4209777013166401,0.25547574407578266,0.4209777013166401,0.2554767835472951,0.42097941417720713,0.2554767835472951,0.42097941417720713,0.2554767835472951,0.4209794141772072,0.2554767835472951,0.4209794141772072,SİVAS,DİVRİĞİ,15657,-0.218
54988432B84889548595985,0.0,0.0,0.0,0.0,0.0,0.0,0.0,0.0,0.0,0.0,0.0,0.0,0.0,0.0,0.0,0.0,VAN,BAHÇESARAY,11438,-1.244
54988432B84935584659514,0.4630774151454616,0.6570055751155929,0.4630774151454616,0.6570055751155929,0.4820741805623842,0.670746672702443,0.4820741805623842,0.670746672702443,0.3557363150457552,0.4550281544790523,0.3557363150457552,0.4550281544790523,0.31956954368088103,0.408413137733715,0.31956954368088103,0.408413137733715,AMASYA,SULUOVA,46928,0.061
54988432B84973807429467,0.08255459020875996,0.09553660887058521,0.08253489277335278,0.09550415106873185,0.08508571577814601,0.09736747021409177,0.08506601834273884,0.09733501241223842,0.11149286999542614,0.13667397140616047,0.11149286999542614,0.13667397140616047,0.08288138757356717,0.10259410753426883,0.08288138757356717,0.10259410753426883,ANKARA,ÇUBUK,101437,0.298
54988432B85224967015288,0.25427927097313063,0.22888173627356478,0.25427927097313063,0.22888173627356478,0.2844119886215949,0.25067790023502023,0.2844119886215949,0.25067790023502023,0.16956003491918348,0.12264935295661865,0.16956003491918348,0.12264935295661865,0.20565552699228795,0.14875862304214962,0.20565552699228795,0.14875862304214962,ESKİŞEHİR,ALPU,9725,-0.401
54988432B85329501367983,0.01101352023189818,0.018148284281945294,0.01101352023189818,0.018148284281945294,0.013526958156630192,0.01996635146571261,0.013526958156630192,0.01996635146571261,0.00018935312801795072,0.00031201961993881775,0.00018935312801795072,0.00031201961993881775,0.0,0.0,0.0,0.0,DİYARBAKIR,DİCLE,35948,-1.122
54988432B85338768534815,0.6410607698473271,0.9380260562317894,0.6410607698473271,0.9380260562317894,0.6414387069044202,0.9382994327708594,0.6414387069044202,0.9382994327708594,0.7690900902579445,1.1407491932620508,0.7690900902579445,1.1407491932620508,0.8106147873202781,1.2174203321266905,0.8106147873202781,1.2174203321266905,AFYONKARAHİSAR,DİNAR,46878,-0.132
54988432B85449040916206,0.0003525687672895405,0.0005809693978836786,0.0003525687672895405,0.0005809693978836786,0.00035411551285555767,0.0005820882189723327,0.00035411551285555767,0.0005820882189723327,0.0,0.0,0.0,0.0,0.0,0.0,0.0,0.0,ŞIRNAK,GÜÇLÜKONAK,12562,-0.959
54988432B85482798443397,0.07913364164994652,0.11674538003385077,0.07913364164994652,0.11674538003385077,0.07900127676684035,0.11664963537754135,0.07900127676684035,0.11664963537754135,0.08714717649080117,0.12995957265483868,0.08714717649080117,0.12995957265483868,0.08860666026729676,0.13235519699118545,0.08860666026729676,0.13235519699118545,KİLİS,MERKEZ,135430,0.193
54988432B85515105263219,0.37534170558175495,0.48224134579042877,0.37534170558175495,0.48224134579042877,0.3418435077971685,0.45801079945059947,0.3418435077971685,0.45801079945059947,0.36532251422571516,0.491847386441667,0.36532251422571516,0.491847386441667,0.44411547002220564,0.5949631603891516,0.44411547002220564,0.5949631603891516,KAYSERİ,SARIOĞLAN,13510,-0.613
54988432B85612149706662,0.04271843705468774,0.07039223821494191,0.04270822746877123,0.07037541466863588,0.04271843705468774,0.07039223821494191,0.04270822746877123,0.07037541466863588,0.03649881010648386,0.06014342079717087,0.03649881010648386,0.06014342079717087,0.05226162167812068,0.08611767602723529,0.05226162167812068,0.08611767602723529,GAZİANTEP,NURDAĞI,38269,-0.45
54988432B85758697491434,0.15982230947745504,0.1874279219915124,0.1598197125333548,0.18742364269853398,0.1703530950665929,0.19504524785045227,0.17035049812249264,0.19504096855747383,0.16759913577605606,0.18560954014970119,0.16759913577605606,0.18560954014970119,0.23336444843993995,0.2997361467184195,0.23336444843993995,0.2997361467184195,ADANA,CEYHAN,156081,0.103
54988432B85980099192103,0.27709050049421985,0.2316606262257085,0.27709050049421985,0.2316606262257085,0.22770939094247086,0.19594135347556646,0.22770939094247086,0.19594135347556646,0.20757409564606893,0.1501463981986082,0.20757409564606893,0.1501463981986082,0.24330900243309006,0.17599484295436804,0.24330900243309006,0.17599484295436804,AFYONKARAHİSAR,HOCALAR,8220,-0.772
54988432B86025337203985,0.1070027038417959,0.08885016040668807,0.10700247042865488,0.08884977578415601,0.10877510266345754,0.09013220525152126,0.10877486925031653,0.0901318206289892,0.09597717838837505,0.06990031655931438,0.09597717838837505,0.06990031655931438,0.09461633077869241,0.06843966359565262,0.09461633077869241,0.06843966359565262,TUNCELİ,PERTEK,10569,-0.465
54988432B86036130950643,0.2869165513542927,0.47278645061113467,0.2869165513542927,0.47278645061113467,0.2869165513542927,0.47278645061113467,0.2869165513542927,0.47278645061113467,0.014682768987177871,0.024194540892899276,0.014682768987177871,0.024194540892899276,0.0,0.0,0.0,0.0,SİVAS,GÖLOVA,2998,-0.594
54988432B86037969006851,0.3409286253430363,0.44869847315730266,0.3409286253430363,0.44869847315730266,0.344446861070314,0.4512433495823702,0.344446861070314,0.4512433495823702,0.3511535193751872,0.4616821434885238,0.3511535193751872,0.4616821434885238,0.31138486268464505,0.4030349124471831,0.31138486268464505,0.4030349124471831,AKSARAY,MERKEZ,327575,0.96
54988432B86248275111612,0.3619532658409645,0.510099832664305,0.3619532658409645,0.510099832664305,0.4078447736360523,0.5432949410514545,0.4078447736360523,0.5432949410514545,0.22223072203713098,0.26416228587211077,0.22223072203713098,0.26416228587211077,0.3334356444402302,0.4756785897448153,0.3334356444402302,0.4756785897448153,SAMSUN,LADİK,15942,-0.26
54988432B86259306109163,0.47842747437015926,0.7648020670846383,0.47842747437015926,0.7648020670846383,0.47114957576468386,0.7595376806077727,0.47114957576468386,0.7595376806077727,0.5094688832072692,0.8175974656890204,0.5094688832072692,0.8175974656890204,0.5738961336161872,0.9225405169769054,0.5738961336161872,0.9225405169769054,DENİZLİ,TAVAS,40104,-0.165
54988432B86310086710434,0.1441667963821612,0.17895281636515162,0.1441667963821612,0.17895281636515162,0.14643925829007748,0.180596576244992,0.14643925829007748,0.180596576244992,0.15221486775840318,0.1883498394648945,0.15221486775840318,0.1883498394648945,0.12321811775217052,0.15202701671816057,0.12321811775217052,0.15202701671816057,VAN,TUŞBA,167758,-0.19
54988432B86380728470389,0.2062624585219307,0.33988313047333346,0.2062624585219307,0.33988313047333346,0.21781089971253068,0.3482365661184709,0.21781089971253068,0.3482365661184709,0.004371511491397676,0.007020605311134086,0.004371511491397676,0.007020605311134086,0.0,0.0,0.0,0.0,BAYBURT,AYDINTEPE,5982,-0.598
54988432B86465154282957,0.02849120776737364,0.04694834414528953,0.02849120776737364,0.04694834414528953,0.028613007306101817,0.047036446478027,0.028613007306101817,0.047036446478027,0.0,0.0,0.0,0.0,0.0,0.0,0.0,0.0,KİLİS,ELBEYLİ,5273,-0.835
54988432B86482877826828,0.4983628627042743,0.5250579654091249,0.4983628627042743,0.5250579654091249,0.28820095778753285,0.37303970434628486,0.28820095778753285,0.37303970434628486,0.23364607323696174,0.30293480589751987,0.23364607323696174,0.30293480589751987,0.5372471891959298,0.5257517175070269,0.5372471891959298,0.5257517175070269,GİRESUN,PİRAZİZ,15109,-0.168
54988432B86685660972424,0.05191259470546957,0.08554254286468904,0.05191259470546957,0.08554254286468904,0.05191259470546957,0.08554254286468904,0.05191259470546957,0.08554254286468904,0.05267704859967372,0.08680222426539827,0.05267704859967372,0.08680222426539827,0.03986446083316723,0.0656894029078387,0.03986446083316723,0.0656894029078387,VAN,ÇALDIRAN,50170,-1.22
54988432B8670840315207,0.06596873839901578,0.1014835880425714,0.06596873839901578,0.1014835880425714,0.0806546729097931,0.1121064943551858,0.0806546729097931,0.1121064943551858,0.05772317969902898,0.08261096701439415,0.05772317969902898,0.08261096701439415,0.06015625587463437,0.09217494573262343,0.06015625587463437,0.09217494573262343,HATAY,DÖRTYOL,132987,0.323
54988432B86746221394106,0.2798815885766852,0.33030766055810273,0.2798815885766852,0.33030766055810273,0.17883966789224873,0.257220118441549,0.17883966789224873,0.257220118441549,0.16919466157053703,0.24574557062353733,0.16919466157053703,0.24574557062353733,0.4571540676214165,0.608560332334674,0.4571540676214165,0.608560332334674,HATAY,BELEN,37876,0.064
54988432B86802398359191,0.1006493402147598,0.16585186212463815,0.1006493402147598,0.16585186212463815,0.1006493402147598,0.16585186212463815,0.1006493402147598,0.16585186212463815,0.0015166715136553603,0.002499199639405558,0.0015166715136553603,0.002499199639405558,0.0,0.0,0.0,0.0,AKSARAY,AĞAÇÖREN,7480,-0.563
54988432B86910929123877,0.055521289709966025,0.0914890178744462,0.055421833417005094,0.09132513193786293,0.055581559714394733,0.09153261350739943,0.055482103421433795,0.09136872757081616,0.05372599572819169,0.08805348059259728,0.05372599572819169,0.08805348059259728,0.03402459978564502,0.05606637083217821,0.03402459978564502,0.05606637083217821,BATMAN,KOZLUK,58781,-0.885
54988432B86957506981644,0.444664461172088,0.7327264018688996,0.444664461172088,0.7327264018688996,0.7630084154532474,0.9629969371919506,0.7630084154532474,0.9629969371919506,0.9577258793708525,1.280945352247182,0.9577258793708525,1.280945352247182,0.0,0.0,0.0,0.0,RİZE,İKİZDERE,6287,-0.5
54988432B870340746196,0.4291296457303313,0.5306675837131619,0.42881335554838346,0.530146394845596,0.3728599682156954,0.4899655424477356,0.3725436780337475,0.4894443535801696,0.2696945020748861,0.3108942820195025,0.26966404844748154,0.3108440999636368,0.4354555850398041,0.5407919104178003,0.4354555850398041,0.5407919104178003,ANKARA,PURSAKLAR,168881,0.447
54988432B8708369070409,0.37556896019080127,0.28287831591130946,0.37556896019080127,0.28287831591130946,0.2557144982014901,0.19618293265688222,0.2557144982014901,0.19618293265688222,0.23400741529535155,0.17043098122602013,0.23400741529535155,0.17043098122602013,0.3634381246592767,0.26288889861619213,0.3634381246592767,0.26288889861619213,KÜTAHYA,ÇAVDARHİSAR,5503,-0.562
54988432B87097212821795,0.3512090785708308,0.44800560511865023,0.3512090785708308,0.44800560511865023,0.293827460889955,0.40649925438265344,0.2933949166940892,0.4061863783811041,0.12258507739626653,0.13273084502401344,0.12258286083100453,0.13272924169634667,0.14168988806498845,0.10248979424868268,0.14168988806498845,0.10248979424868268,NEVŞEHİR,GÜLŞEHİR,21173,-0.385
54988432B87156479266793,0.16265599528687413,0.26802758613720556,0.16265599528687413,0.26802758613720556,0.16265913769500603,0.26802985916294714,0.16265913769500603,0.26802985916294714,0.36070422909884176,0.5943751637579253,0.36070422909884176,0.5943751637579253,1.0730261771413803e-13,1.7681525701773272e-13,1.0730261771413803e-13,1.7681525701773272e-13,TUNCELİ,PÜLÜMÜR,3580,-0.492
54988432B8720609877048,0.22865522288342696,0.3250643746165557,0.22865522288342696,0.3250643746165557,0.22209079578866053,0.32031606976932137,0.22209079578866053,0.32031606976932137,0.21609552093509984,0.3013785451588406,0.21609552093509984,0.3013785451588406,0.2826606711330472,0.41345228091445085,0.2826606711330472,0.41345228091445085,KIRKLARELİ,PINARHİSAR,17694,0.002
54988432B8721285077518,0.15877869818216878,0.22574971536868776,0.15877869818216878,0.22574971536868776,0.1783070614076846,0.23987533827890317,0.1783070614076846,0.23987533827890317,0.16750813933285813,0.22472781997185717,0.16750813933285813,0.22472781997185717,0.14363189041595503,0.20109207421619288,0.14363189041595503,0.20109207421619288,OSMANİYE,MERKEZ,284895,0.515
54988432B87255554726822,0.066664109693608,0.10985036470159253,0.066664109693608,0.10985036470159253,0.06943754836208967,0.11185650051252388,0.06943754836208967,0.11185650051252388,0.027353385178698918,0.045073418838312666,0.027353385178698918,0.045073418838312666,0.0,0.0,0.0,0.0,ÇANKIRI,YAPRAKLI,7002,-0.893
54988432B87330314310527,0.24601207858206972,0.33067687471096746,0.24601207858206972,0.33067687471096746,0.24776028062707156,0.3319414170882977,0.24776028062707156,0.3319414170882977,0.277423824071745,0.37838389996534716,0.277423824071745,0.37838389996534716,0.3303036980514878,0.4602484853585178,0.3303036980514878,0.4602484853585178,YOZGAT,YERKÖY,33000,0.079
54988432B87370140672235,0.044096486593748846,0.03415104282856348,0.04406336144004001,0.03409645858177109,0.04368108396217264,0.033850565985635364,0.04364795880846381,0.03379598173884296,0.041657987919183515,0.030132839181106128,0.041657987919183515,0.030132839181106128,0.04165798791918351,0.030132839181106125,0.04165798791918351,0.030132839181106125,ADANA,KARATAŞ,24005,-0.564
54988432B87552585727000,0.33574713161285263,0.3055493361415905,0.33574713161285263,0.3055493361415905,0.2562312375988676,0.24803240442339017,0.2562312375988676,0.24803240442339017,0.35573140701930867,0.40585323051765665,0.35573140701930867,0.40585323051765665,0.45923269212714996,0.5033966552921133,0.45923269212714996,0.5033966552921133,KÜTAHYA,HİSARCIK,10799,-0.514
54988432B87659764102191,0.14030506910887486,0.20811658758981133,0.14030506910887486,0.20811658758981133,0.14399772463878596,0.21078762862640432,0.14399772463878596,0.21078762862640432,0.14958492552427635,0.22451811599409843,0.14958492552427635,0.22451811599409843,0.007488986089955229,0.012312042872010575,0.007488986089955229,0.012312042872010575,KIRŞEHİR,ÇİÇEKDAĞI,13350,-0.697
54988432B87892506897385,0.1869949636274885,0.2507827390007228,0.1869949636274885,0.2507827390007228,0.19305989200853169,0.25516973704550217,0.19305989200853169,0.25516973704550217,0.18897376142771144,0.251486025909566,0.18897376142771144,0.251486025909566,0.18610806675075994,0.24932129376716147,0.18610806675075994,0.24932129376716147,ANKARA,BEYPAZARI,48359,0.269
54988432B88005070896558,0.5336565774984217,0.6530166160975857,0.5335164314493775,0.6527856808211717,0.5686694016633909,0.6783427504727296,0.5685292556143468,0.6781118151963158,0.5913230685694666,0.7032694413857895,0.5910744650135377,0.7028597878044185,0.439710915196557,0.516338677430946,0.43789803140012856,0.5133513736611282,İSTANBUL,MALTEPE,525044,2.685
54988432B88117784045273,3.9660937052047016e-05,6.535403262112433e-05,3.9660937052047016e-05,6.535403262112433e-05,3.9660937052047016e-05,6.535403262112433e-05,3.9660937052047016e-05,6.535403262112433e-05,0.0,0.0,0.0,0.0,0.0,0.0,0.0,0.0,BİNGÖL,ADAKLI,7491,-1.097
54988432B88177358385570,0.005178268071564123,0.008532846816650327,0.005178268071564123,0.008532846816650327,0.012127765539515828,0.013559688007289315,0.012127765539515828,0.013559688007289315,0.0003093729129015513,0.00022378143297602444,0.0003093729129015513,0.00022378143297602444,0.0,0.0,0.0,0.0,ORDU,KORGAN,26428,-0.704
54988432B88316498186109,0.5740670797275217,0.898771385647302,0.574057788691074,0.8987560757039614,0.5510975039863816,0.8821566001898583,0.5510882129499339,0.882141290246518,1.226837991480407,1.9937269024924595,1.226837991480407,1.9937269024924595,1.1221070513426583,1.8256307757277563,1.1221070513426583,1.8256307757277563,ANKARA,BALA,20109,-0.611
54988432B8852789210155,0.6351070828153181,0.8217842083074298,0.6351070828153181,0.8217842083074298,0.6455864322465672,0.8293643283974119,0.6455864322465672,0.8293643283974119,0.5441402869830131,0.6771047858364773,0.5441402869830131,0.6771047858364773,0.6953650898238174,0.8989046142426483,0.6953650898238174,0.8989046142426483,ANTALYA,KONYAALTI,199414,2.465
54988432B88681826210305,0.46098492067508945,0.733908606062953,0.46098492067508945,0.733908606062953,0.7067283446157964,0.9116643605603932,0.7067283446157964,0.9116643605603932,0.808319719617967,1.0167423676448697,0.808319719617967,1.0167423676448697,0.1374240351188705,0.20915732425225764,0.1374240351188705,0.20915732425225764,DÜZCE,ÇİLİMLİ,19022,-0.196
54988432B88727338828677,0.9987255291789096,1.5506277531381638,0.9987255291789096,1.5506277531381638,1.063064103011588,1.5971663402202596,1.063064103011588,1.5971663402202596,0.970805060465859,1.437688220818047,0.970805060465859,1.437688220818047,0.9801353122474762,1.5155614794038645,0.9801353122474762,1.5155614794038645,ÇANKIRI,KURŞUNLU,9130,-0.173
54988432B8876383914528,0.28760966198578286,0.3951533389907383,0.28760966198578286,0.3951533389907383,0.2852421172726107,0.3934408020282115,0.2852421172726107,0.3934408020282115,0.31229903042981777,0.43588664503814667,0.31229903042981777,0.43588664503814667,0.31243786746953733,0.43606571957770973,0.31243786746953733,0.43606571957770973,KAYSERİ,YAHYALI,35207,-0.395
54988432B88783696627318,0.09756833970341,0.10039595701785886,0.09756833970341,0.10039595701785886,0.10317697965054085,0.10445290393232552,0.10317697965054085,0.10445290393232552,0.07176968556280788,0.05325498384407956,0.07176968556280788,0.05325498384407956,0.06514445783524966,0.04712151425311569,0.06514445783524966,0.04712151425311569,SİNOP,GERZE,30701,-0.106
54988432B88821463332228,0.3954422495959955,0.5606760250607254,0.3954422495959955,0.5606760250607254,0.40852173227382194,0.5701369224249381,0.40852173227382194,0.5701369224249381,0.3858707809266101,0.5401793993289458,0.3858707809266101,0.5401793993289458,0.15324501947065705,0.15047648944007305,0.15324501947065705,0.15047648944007305,KOCAELİ,DERİNCE,147892,0.68
54988432B88890114136269,0.18034107195735563,0.25384792986011073,0.18034107195735563,0.25384792986011073,0.18030152928163337,0.25381932710832533,0.18030152928163337,0.25381932710832533,0.1541754105848351,0.2107316644867301,0.1541754105848351,0.2107316644867301,0.14058106841611998,0.1883306536283374,0.14058106841611998,0.1883306536283374,SİVAS,ZARA,21340,-0.4
54988432B8890840155709,0.19781541913287842,0.26888381147060975,0.19781541913287842,0.26888381147060975,0.2127267787359802,0.27966977650002006,0.2127267787359802,0.27966977650002006,0.1912630983991447,0.2479938635618177,0.1912630983991447,0.2479938635618177,0.13111982959154733,0.16536659243862334,0.13111982959154733,0.16536659243862334,ANTALYA,FİNİKE,52436,0.315
54988432B88923492741350,0.1990866501669463,0.2895332186733659,0.1990866501669463,0.2895332186733659,0.22516794411829044,0.30839883066105145,0.22516794411829044,0.30839883066105145,0.21626328279051613,0.3009320690669675,0.21626328279051613,0.3009320690669675,0.2040537535684712,0.29629088715055885,0.2040537535684712,0.29629088715055885,KOCAELİ,KANDIRA,54260,-0.235
54988432B88971047069977,0.9946820371590266,1.3423932746229608,0.9946820371590266,1.3423932746229608,0.957871840684606,1.3157670311101808,0.957871840684606,1.3157670311101808,0.8868022899060618,1.2032465648073558,0.8868022899060618,1.2032465648073558,1.0246568792297062,1.30283559278806,1.0246568792297062,1.30283559278806,BALIKESİR,BURHANİYE,68370,0.586
54988432B8910528917269,0.5140081879912043,0.6861434432494714,0.5140081879912043,0.6861434432494714,0.5304748942756022,0.6980544508879795,0.5304748942756022,0.6980544508879795,0.605571316471102,0.8098372877342807,0.605571316471102,0.8098372877342807,0.5619462693303436,0.7795152476641183,0.5619462693303436,0.7795152476641183,KOCAELİ,İZMİT,381254,2.023
54988432B89158159538815,0.4176759904585537,0.34458148273984246,0.4167267477458296,0.34301730287360965,0.2892572196536521,0.2516912025850137,0.28830717711155324,0.25012644417115715,0.28778809308497694,0.21090742642974838,0.28778809308497694,0.21090742642974838,0.37174721189591076,0.2688991838447779,0.37174721189591076,0.2688991838447779,ELAZIĞ,SİVRİCE,8070,-0.647
54988432B89273666554884,0.42703754658127163,0.323757209699043,0.4263122208638973,0.32256200443871297,0.40929925781272214,0.3109264171065716,0.40857387970832215,0.3097311739526731,0.3866124961591614,0.2920777042062893,0.3866124961591614,0.2920777042062893,0.4112654502805141,0.29776765491896956,0.4112654502805141,0.29776765491896956,ISPARTA,EĞİRDİR,29200,-0.087
54988432B893295612098,0.4449346009601779,0.6675677612639145,0.4449346009601779,0.6675677612639145,0.44019075613448194,0.6641363542187605,0.44019075613448194,0.6641363542187605,0.45224572930202517,0.6784259724220988,0.45224572930202517,0.6784259724220988,0.45848640955447073,0.6821042119110142,0.45848640955447073,0.6821042119110142,ANKARA,POLATLI,131894,0.581
54988432B89494188716886,0.1677975580760701,0.23276739930748988,0.1677975580760701,0.23276739930748988,0.16802836229952708,0.23293434895856857,0.16802836229952708,0.23293434895856857,0.19617227061586087,0.2793717694533864,0.19617227061586087,0.2793717694533864,0.1986811356992157,0.28365793517131427,0.1986811356992157,0.28365793517131427,ŞIRNAK,MERKEZ,105697,-0.333
54988432B89533170865064,0.21211374925573348,0.2865729855348309,0.21211374925573348,0.2865729855348309,0.20975643455132628,0.2848678483346147,0.20975643455132628,0.2848678483346147,0.2163527879305267,0.29471405056924277,0.2163527879305267,0.29471405056924277,0.23562183330269423,0.3193005345187036,0.23562183330269423,0.3193005345187036,ZONGULDAK,EREĞLİ,173884,0.612
54988432B89555629027377,0.571477772590101,0.5078146812246315,0.571477772590101,0.5078146812246315,0.5078519792485734,0.4617916759309058,0.5078519792485734,0.4617916759309058,0.5000244028428613,0.4704913687166029,0.5000244028428613,0.4704913687166029,0.6592160462029042,0.5845738767204774,0.6592160462029042,0.5845738767204774,ANKARA,HAYMANA,25798,-0.578
54988432B89638439219394,0.7004851549060431,0.7936611128684804,0.7003519910300444,0.7934416829471815,0.6341116023225623,0.7456505466895096,0.6339784384465638,0.7454311167682106,0.6380046520919289,0.7566027160300273,0.637756048536,0.756193062448656,0.6234684812187283,0.706454146427988,0.6234684812187283,0.706454146427988,İSTANBUL,KADIKÖY,458573,4.91
54988432B89653427211969,0.1510607929003543,0.11364425615807615,0.1510607929003543,0.11364425615807615,0.12625562412345867,0.09570171502852268,0.12625562412345867,0.09570171502852268,0.12002063700131714,0.0868482743732871,0.12002063700131714,0.0868482743732871,0.14632718759145452,0.10584413294446192,0.14632718759145452,0.10584413294446192,ADIYAMAN,SAMSAT,6834,-0.84
54988432B8973824492298,0.0008246381992886852,0.0013588542223854588,0.0008246381992886852,0.0013588542223854588,0.0008246381992886852,0.0013588542223854588,0.0008246381992886852,0.0013588542223854588,0.0,0.0,0.0,0.0,0.0,0.0,0.0,0.0,HAKKARİ,DERECİK,24869,-1.135
54988432B89770527018948,0.5538800477070253,0.692615826782215,0.5538800477070253,0.692615826782215,0.4291676309675323,0.6024064963462697,0.4291676309675323,0.6024064963462697,0.37737403656763996,0.5032349440559563,0.37737403656763996,0.5032349440559563,0.48404754988154913,0.5776828919766517,0.48404754988154913,0.5776828919766517,AFYONKARAHİSAR,İSCEHİSAR,25220,-0.392
54988432B89902778138642,0.1741682662227585,0.2517933172584925,0.1741682662227585,0.2517933172584925,0.17457793578643208,0.2520896471509376,0.17457793578643208,0.2520896471509376,0.1707896012199247,0.24365112210087805,0.1707896012199247,0.24365112210087805,0.14257343249264495,0.199731970604484,0.14257343249264495,0.199731970604484,BİTLİS,TATVAN,105045,-0.128
54988432B89911278235882,0.10950327270624144,0.15664754542407755,0.10950327270624144,0.15664754542407755,0.11092691924995893,0.15767732421310116,0.11092691924995893,0.15767732421310116,0.08817863511283086,0.12204985825514618,0.08817863511283086,0.12204985825514618,0.08973681413073085,0.12407600590516073,0.08973681413073085,0.12407600590516073,TOKAT,TURHAL,77707,0.037
54988432B9007948244439,0.9343682781157547,0.7547280125410442,0.9343682781157547,0.7547280125410442,0.8367014822685318,0.6840818291894221,0.8367014822685318,0.6840818291894221,1.0435070721382247,0.9958214297271877,1.0435070721382247,0.9958214297271877,1.1322241497080454,1.0806611608073313,1.1322241497080454,1.0806611608073313,SAKARYA,TARAKLI,7064,-0.437
54988432B90144731477668,0.024450844925239166,0.04029055881259512,0.024450844925239166,0.04029055881259512,0.024511295592947947,0.040334285126309384,0.024511295592947947,0.040334285126309384,0.026749476276260852,0.04398831116379369,0.026749476276260852,0.04398831116379369,0.026127397188692066,0.043053212936801324,0.026127397188692066,0.043053212936801324,ŞIRNAK,İDİL,76548,-0.842
54988432B90296339099195,0.7923916994885486,0.7771992675948651,0.7923916994885486,0.7771992675948651,0.7442344604226251,0.7423652678588549,0.7442344604226251,0.7423652678588549,0.786496406867038,0.7804334665879138,0.786496406867038,0.7804334665879138,0.34301394923393563,0.24811529998026055,0.34301394923393563,0.24811529998026055,ÇANAKKALE,ECEABAT,8746,0.058
54988432B9057851226548,0.028803952337764175,0.04746369048792788,0.028803952337764175,0.04746369048792788,0.030005448426855312,0.04833277923267349,0.030005448426855312,0.04833277923267349,0.0302970807754253,0.048705491914346144,0.0302970807754253,0.048705491914346144,0.029246393554094863,0.048192753385434814,0.029246393554094863,0.048192753385434814,ADIYAMAN,KAHTA,136769,-0.512
54988432B9062232449039,0.46433853065735603,0.5400809333836698,0.4588122765922852,0.5309746687493444,0.3998281066040845,0.4934180403684498,0.39430185253901356,0.48431177573412426,0.3659270227410486,0.4393509279786508,0.36017867384653723,0.4298786913374314,0.472252656577069,0.5532729141516853,0.4569846053884129,0.5281139343188344,SAMSUN,ATAKUM,261809,1.734
54988432B9070985819609,0.389343805677312,0.552268502706871,0.389343805677312,0.552268502706871,0.3800208288625017,0.5455248318028693,0.3800208288625017,0.5455248318028693,0.3263350803651069,0.4599680493132276,0.3263350803651069,0.4599680493132276,0.37375568672608067,0.52648530412289,0.37375568672608067,0.52648530412289,AYDIN,EFELER,310241,1.518
54988432B90803924076576,0.18372786516693876,0.30275020677833225,0.1835241428284195,0.3024145093050283,0.18543834349148094,0.3039874621248023,0.1852277055681808,0.3036467623406702,0.19797768829992402,0.3261663918909378,0.19796857808792706,0.3261541873160302,0.02837715934180171,0.04676041302012637,0.02837715934180171,0.04676041302012637,BURDUR,AĞLASUN,7347,-0.476
54988432B90807122868998,0.17380975031143844,0.28640695192896226,0.17380975031143844,0.28640695192896226,0.17443863671414903,0.2868618498676919,0.17443863671414903,0.2868618498676919,0.1348818023677211,0.2222607524468744,0.1348818023677211,0.2222607524468744,0.0,0.0,0.0,0.0,MERSİN,AYDINCIK,11271,-0.186
54988432B90947496422305,0.18764664824713365,0.2084039539009458,0.18764664824713365,0.2084039539009458,0.18858695342175935,0.2090841131218646,0.18858695342175935,0.2090841131218646,0.1888086977038073,0.20998648198157352,0.1888086977038073,0.20998648198157352,0.18833885133125833,0.20954457906774301,0.18833885133125833,0.20954457906774301,KÜTAHYA,TAVŞANLI,100882,0.309
54988432B91005720032741,0.5430175907771078,0.6170552409510884,0.5430175907771078,0.6170552409510884,0.41263283954977886,0.5227428908677473,0.41263283954977886,0.5227428908677473,0.37957648893746554,0.4606668372821153,0.37957648893746554,0.4606668372821153,0.8860135839790723,1.186132768919239,0.8860135839790723,1.186132768919239,ANTALYA,DÖŞEMEALTI,97121,1.216
54988432B91142232694102,0.834726011488958,1.1265002465974263,0.834726011488958,1.1265002465974263,0.8106747435966454,1.1091030312324706,0.8106747435966454,1.1091030312324706,0.7407132933282456,0.9954786383168742,0.7407132933282456,0.9954786383168742,0.8326507798351686,1.1227232744017805,0.8326507798351686,1.1227232744017805,EDİRNE,KEŞAN,85259,0.623
54988432B91196125429368,0.09924909619903247,0.14468181230487373,0.09921810644731398,0.14463074681335314,0.09705183434088566,0.14309244753913505,0.09702084458916718,0.14304138204761446,0.07420313154645301,0.10539109579694994,0.07420313154645301,0.10539109579694994,0.0816143314766073,0.11562291771993745,0.0816143314766073,0.11562291771993745,ŞANLIURFA,SURUÇ,98022,-0.91
54988432B9128675861083,0.33852658566170535,0.5139496680563272,0.33852658566170535,0.5139496680563272,0.3382206548077954,0.5137283763981874,0.3382206548077954,0.5137283763981874,0.37370894835977,0.5719259554930113,0.37370894835977,0.5719259554930113,0.3797228023542814,0.5818335631357693,0.3797228023542814,0.5818335631357693,ARDAHAN,MERKEZ,42136,0.088
54988432B91293750640231,0.20788326206825633,0.3048665237980985,0.20788326206825633,0.3048665237980985,0.21250910571009007,0.3082125760079827,0.21250910571009007,0.3082125760079827,0.232810138594416,0.33624413673562265,0.232810138594416,0.33624413673562265,0.20360031846656032,0.2978203751542173,0.20360031846656032,0.2978203751542173,KONYA,CİHANBEYLİ,49126,-0.159
54988432B91546860150128,0.17084267898530747,0.21552119247611096,0.17084267898530747,0.21552119247611096,0.1728388298278795,0.21696508584026347,0.1728388298278795,0.21696508584026347,0.21416333523700742,0.2869057787284923,0.21416333523700742,0.2869057787284923,0.21416333523700756,0.2869057787284924,0.21416333523700756,0.2869057787284924,YOZGAT,ŞEFAATLİ,14008,-0.362
54988432B91560004091691,0.013419455328996223,0.022112829058426764,0.013419455328996223,0.022112829058426764,0.01347873332541372,0.022155707133491073,0.01347873332541372,0.022155707133491073,0.0,0.0,0.0,0.0,0.0,0.0,0.0,0.0,KARABÜK,OVACIK,3986,-0.776
54988432B91646102966816,0.5821381269171263,0.8572654641082005,0.5821381269171263,0.8572654641082005,0.7019285930519489,0.943914556677746,0.7019285930519489,0.943914556677746,0.7914924771530918,1.026596786727623,0.7914924771530918,1.026596786727623,0.7960187444625536,1.1886668809140262,0.7960187444625536,1.1886668809140262,İZMİR,SELÇUK,38578,0.69
54988432B91709779235115,0.4165359728407274,0.5329348662147846,0.4165359728407274,0.5329348662147846,0.3314038269738223,0.47135548159528345,0.3314038269738223,0.47135548159528345,0.3127910443088334,0.4346875544410563,0.3127910443088334,0.4346875544410563,0.5959389063061815,0.8262259759542671,0.5959389063061815,0.8262259759542671,KAYSERİ,İNCESU,29780,-0.295
54988432B91755987711190,0.03311488762830209,0.05456733015321487,0.03311488762830209,0.05456733015321487,0.03311488762830209,0.05456733015321487,0.03311488762830209,0.05456733015321487,2.886196806870474e-05,4.755928989263818e-05,2.886196806870474e-05,4.755928989263818e-05,0.0,0.0,0.0,0.0,KARS,ARPAÇAY,13770,-0.943
54988432B91769619824833,1.1647788150883773,1.367653108100759,1.1647788150883773,1.367653108100759,1.1314992286742092,1.3435806918482673,1.1314992286742092,1.3435806918482673,0.5856283555201269,0.42360771458809093,0.5856283555201269,0.42360771458809093,0.5128595237111125,0.37097119477940765,0.5128595237111125,0.37097119477940765,ESKİŞEHİR,GÜNYÜZÜ,5008,-0.541
54988432B9177912033932,0.0506051010712583,0.08338803044078891,0.0506051010712583,0.08338803044078891,0.05065096575965388,0.08342120614966368,0.05065096575965388,0.08342120614966368,0.0,0.0,0.0,0.0,0.0,0.0,0.0,0.0,İZMİR,BEYDAĞ,11904,-0.481
54988432B9192246794602,0.0003599318646117911,0.0005931024471346175,0.0003599318646117911,0.0005931024471346175,0.0003599318646117911,0.0005931024471346175,0.0003599318646117911,0.0005931024471346175,0.0,0.0,0.0,0.0,0.0,0.0,0.0,0.0,SİVAS,DOĞANŞAR,2770,-0.625
54988432B91961372611243,0.012038424749708088,0.019837141083351335,0.012038424749708088,0.019837141083351335,0.012349581155595231,0.020062212586011464,0.012349581155595231,0.020062212586011464,0.1049409644989829,0.07590787180822624,0.1049409644989829,0.07590787180822624,0.0,0.0,0.0,0.0,KONYA,EMİRGAZİ,7647,-0.733
54988432B91991689904144,0.1632935094970687,0.19685622876890696,0.1632935094970687,0.19685622876890696,0.1581115521782525,0.19310791795672447,0.1581115521782525,0.19310791795672447,0.2152523981496104,0.25805763791690817,0.2152523981496104,0.25805763791690817,0.19429435968165876,0.24831269231004136,0.19429435968165876,0.24831269231004136,TEKİRDAĞ,SARAY,51468,0.125
54988432B92019352916706,0.05087801806495617,0.08383774815889487,0.05087801806495617,0.08383774815889487,0.07626937401600253,0.10220430121823662,0.07626937401600253,0.10220430121823662,0.010434751798716634,0.00948714245155499,0.010434751798716634,0.00948714245155499,0.0,0.0,0.0,0.0,GİRESUN,YAĞLIDERE,14688,-0.576
54988432B92026614951064,0.5304294564304833,0.6927306182289907,0.5304294564304833,0.6927306182289907,0.43840457473410077,0.6261654503145686,0.43840457473410077,0.6261654503145686,0.3202765964404472,0.437322013933653,0.3202765964404472,0.437322013933653,0.1327117836969593,0.0959955829680551,0.1327117836969593,0.0959955829680551,AFYONKARAHİSAR,EVCİLER,7038,-0.525
54988432B9206806134552,0.4898886093960788,0.42350370979814095,0.4898886093960788,0.42350370979814095,0.30504460141402934,0.2897988660375697,0.30504460141402934,0.2897988660375697,0.28989977427569863,0.27037830476902397,0.28989977427569863,0.27037830476902397,0.5403317488443096,0.47855267782708777,0.5403317488443096,0.47855267782708777,ARTVİN,ARDANUÇ,10889,-0.454
54988432B92152901818020,0.35570218837445833,0.4559164772899032,0.35570218837445833,0.4559164772899032,0.27435615964754284,0.39707573811630026,0.27435615964754284,0.39707573811630026,0.11025859533252831,0.11681648166439786,0.11025859533252831,0.11681648166439786,0.14981273408239698,0.1083653639763974,0.14981273408239698,0.1083653639763974,RİZE,KALKANDERE,13350,-0.453
54988432B92223927432104,0.19038157569613698,0.3137143152260496,0.19038157569613698,0.3137143152260496,0.19038157569613698,0.3137143152260496,0.19038157569613698,0.3137143152260496,0.19253910950661854,0.3172695397243099,0.19253910950661854,0.3172695397243099,0.1925391095066185,0.31726953972430977,0.1925391095066185,0.31726953972430977,ANTALYA,ELMALI,41550,-0.15
54988432B92272966578930,0.24101119696212744,0.31586851336750527,0.24101119696212744,0.31586851336750527,0.21850729586431905,0.29959056844987497,0.21850729586431905,0.29959056844987497,0.205682961196343,0.27446469499744475,0.205682961196343,0.27446469499744475,0.1816423973955892,0.22799170881639644,0.1816423973955892,0.22799170881639644,ERZURUM,AZİZİYE,71827,0.062
54988432B92286094750173,0.19469970343413792,0.32082980674056316,0.19469970343413792,0.32082980674056316,0.19469995996480208,0.3208299922991471,0.19469995996480208,0.3208299922991471,0.13023529370856793,0.21460414871897635,0.13023529370856793,0.21460414871897635,0.10384215991692627,0.17111305004601599,0.10384215991692627,0.17111305004601599,GÜMÜŞHANE,KELKİT,38520,-0.429
54988432B92573303470858,0.26743592284231604,0.32945790663993063,0.26743592284231604,0.32945790663993063,0.22514348021586714,0.29886614174933485,0.22514348021586714,0.29886614174933485,0.2699060802145235,0.36916567940201644,0.2699060802145235,0.36916567940201644,0.39194379856706135,0.511947240734108,0.39194379856706135,0.511947240734108,MERSİN,ERDEMLİ,157566,0.331
54988432B92605767261652,0.03169425315254333,0.052226382138053425,0.03169315014437827,0.05222456458060374,0.058263717663005074,0.07144510683438393,0.05826261465484003,0.07144328927693425,0.0027185837887667035,0.002650130109331207,0.0027185837887667035,0.002650130109331207,0.0,0.0,0.0,0.0,ADANA,İMAMOĞLU,27196,-0.434
54988432B92706545600609,0.24115159589315907,0.3096924209170624,0.24115159589315907,0.3096924209170624,0.2585852150636039,0.3223028341666604,0.2585852150636039,0.3223028341666604,0.2691916570091962,0.34085456271373993,0.2691916570091962,0.34085456271373993,0.22956594138180292,0.3003612517664193,0.22956594138180292,0.3003612517664193,AMASYA,MERKEZ,151433,0.651
54988432B92712728908494,0.2523883346496433,0.3442622459819294,0.2523883346496433,0.3442622459819294,0.25118052942691976,0.34338859359600443,0.25118052942691976,0.34338859359600443,0.24319390195547863,0.33236600320086507,0.24319390195547863,0.33236600320086507,0.21759795406356247,0.29213287341990113,0.21759795406356247,0.29213287341990113,ZONGULDAK,MERKEZ,115279,1.189
54988432B92775377874874,0.11966622757481833,0.19718824419878195,0.11966622757481833,0.19718824419878195,0.11969138834803453,0.19720644396240153,0.11969138834803453,0.19720644396240153,0.23028532248995906,0.37946845427340065,0.23028532248995906,0.37946845427340065,0.23086690522913542,0.38042679717029537,0.23086690522913542,0.38042679717029537,KARABÜK,EFLANİ,8663,-0.658
54988432B92870291656697,0.1701597446877903,0.24927145477190712,0.1701597446877903,0.24927145477190712,0.16589538526515157,0.2461868781249963,0.16589538526515157,0.2461868781249963,0.21669932126659305,0.3315182742555598,0.21669932126659305,0.3315182742555598,0.2356426311182926,0.35717534626678976,0.2356426311182926,0.35717534626678976,TEKİRDAĞ,HAYRABOLU,29706,-0.182
54988432B9289353120970,0.20517448952096534,0.3380903548390474,0.20517448952096534,0.3380903548390474,0.2051774446255214,0.3380924923808444,0.2051774446255214,0.3380924923808444,0.054208358195356326,0.08932554480968975,0.054208358195356326,0.08932554480968975,0.0004459485941567872,0.0007348424201783447,0.0004459485941567872,0.0007348424201783447,KARABÜK,ESKİPAZAR,12570,-0.383
54988432B93214958535035,0.05609182394699658,0.07899234149050649,0.05591328935975018,0.07869814886405423,0.05788676669931069,0.08029069323518753,0.05770823211206429,0.07999650060873525,0.03927623946939446,0.04992157900485548,0.039274380209475476,0.04991851528164499,0.05798685167625218,0.0821151954435077,0.05798685167625218,0.0821151954435077,KONYA,ÇUMRA,68803,-0.233
54988432B93266011015625,0.5032659785364567,0.5394324880995103,0.5032659785364567,0.5394324880995103,0.4066432539899837,0.4695415220344297,0.4066432539899837,0.4695415220344297,0.30940825931362764,0.2901016222538489,0.30940825931362764,0.2901016222538489,0.3070456807665787,0.22234382533583974,0.3070456807665787,0.22234382533583974,GÜMÜŞHANE,TORUL,9779,-0.368
54988432B93269367761582,0.4488507001578557,0.6823494997281947,0.4488507001578557,0.6823494997281947,0.4485679132080873,0.682144948954009,0.4485679132080873,0.682144948954009,0.3555165958970419,0.5307890941129829,0.3555165958970419,0.5307890941129829,0.13320415545357964,0.16026535917741375,0.13320415545357964,0.16026535917741375,NİĞDE,BOR,62594,0.116
54988432B93270610822610,0.06386039703042232,0.10523035462443174,0.06376133827365879,0.10506712375541732,0.06386088338027844,0.10523070642015526,0.06376182462351491,0.10506747555114085,0.016604149908718516,0.027360628251329244,0.016604149908718516,0.027360628251329244,0.14925393951146376,0.24594342838806105,0.14925393951146376,0.24594342838806105,ELAZIĞ,BASKİL,13397,-0.714
54988432B93290960432341,0.11281372912481381,0.18589656930340318,0.11281372912481381,0.18589656930340318,0.12174498855774056,0.19235689582467486,0.12174498855774056,0.19235689582467486,0.03309508221415109,0.04748080618424695,0.03309508221415109,0.04748080618424695,0.0,0.0,0.0,0.0,ERZİNCAN,ÜZÜMLÜ,13960,-0.63
54988432B93447432062077,0.32631461496080216,0.5010305023615484,0.32631461496080216,0.5010305023615484,0.38956639976377416,0.5467829727661067,0.38956639976377416,0.5467829727661067,0.35365607527303033,0.4902480796954326,0.35365607527303033,0.4902480796954326,0.18853103226374177,0.2786453462281965,0.18853103226374177,0.2786453462281965,KIRIKKALE,MERKEZ,192821,0.726
54988432B93570541264630,0.22128857413830613,0.32818027153677487,0.22128857413830613,0.32818027153677487,0.2437774724166952,0.3444473643329417,0.2437774724166952,0.3444473643329417,0.1327835989069851,0.16914538027655493,0.1327835989069851,0.16914538027655493,0.0969471198503439,0.08765635856774875,0.0969471198503439,0.08765635856774875,SAKARYA,KARAPÜRÇEK,13734,-0.453
54988432B93591493775599,0.22470946768084757,0.29649480358961317,0.22470946768084757,0.29649480358961317,0.21369747668426547,0.28852940318651316,0.21369747668426547,0.28852940318651316,0.28366516553264925,0.3859062467051521,0.28366516553264925,0.3859062467051521,0.32277513585967677,0.4566384725103254,0.32277513585967677,0.4566384725103254,ZONGULDAK,GÖKÇEBEY,21070,-0.17
54988432B93613395519692,0.061613246202640186,0.10152745753173989,0.061613246202640186,0.10152745753173989,0.061613246202640186,0.10152745753173989,0.061613246202640186,0.10152745753173989,0.08691604663208886,0.14322188453183618,0.08691604663208886,0.14322188453183618,0.0,0.0,0.0,0.0,KONYA,TAŞKENT,5669,-0.71
54988432B93760304684016,0.17662402826325255,0.29104437168599934,0.17662402826325255,0.29104437168599934,0.17662402826325255,0.29104437168599934,0.17662402826325255,0.29104437168599934,0.18210006027216136,0.30006787947843755,0.18210006027216136,0.30006787947843755,0.15526744817948915,0.25585260025512513,0.15526744817948915,0.25585260025512513,ERZURUM,TORTUM,12881,-0.592
54988432B93817562876661,0.08873890941844434,0.146225631867583,0.08777869555269888,0.14464337353054893,0.09003226781748769,0.14716116818579195,0.0890382138276212,0.1455544319738306,0.19834331601995472,0.3259316360684341,0.19833136045667754,0.3259156196938834,0.22346368715083795,0.3682276361884097,0.22346368715083795,0.3682276361884097,SİVAS,HAFİK,8950,-0.742
54988432B93840376788897,0.9592515731528288,0.9818303757365546,0.9590852297245874,0.9815562719295434,0.7026355760846714,0.7962100671908041,0.7024692326564301,0.7959359633837929,0.6925404207113122,0.7921398908760933,0.6925404207113122,0.7921398908760933,1.1533892386142015,1.23025760331579,1.1533892386142015,1.23025760331579,İSTANBUL,EYÜPSULTAN,425216,1.839
54988432B93890673668777,0.1830351666878126,0.23201463696181274,0.1830351666878126,0.23201463696181274,0.18324307670140996,0.23216502634250072,0.18324307670140996,0.23216502634250072,0.18540271940756906,0.24051706589213384,0.18540271940756906,0.24051706589213384,0.196821228250204,0.2547009538625618,0.196821228250204,0.2547009538625618,ZONGULDAK,DEVREK,56900,-0.038
54988432B94080378973677,0.40453873215358865,0.33615421658004413,0.40453873215358865,0.33615421658004413,0.3768029465732683,0.3160918465953295,0.3768029465732683,0.3160918465953295,0.3579714610548198,0.2589346486997085,0.3579714610548198,0.2589346486997085,0.3564427018356799,0.25782883783370253,0.3564427018356799,0.25782883783370253,ESKİŞEHİR,BEYLİKOVA,5611,-0.424
54988432B94200918295696,0.4589890043459574,0.5348069860620606,0.42224288474701843,0.47425604406547317,0.5523545746073207,0.6023419260403392,0.5156084550083817,0.5417909840437521,0.5749308539187505,0.640927467004331,0.5262130755079403,0.5606494020834097,0.32675467259181806,0.316908498621956,0.32675467259181806,0.316908498621956,AFYONKARAHİSAR,BOLVADİN,45906,-0.045
54988432B94235279152789,0.48821152112235294,0.7394912170617398,0.48821152112235294,0.7394912170617398,0.48694114527967847,0.7385723049183801,0.48694114527967847,0.7385723049183801,0.4919939077776592,0.7458375655918916,0.4919939077776592,0.7458375655918916,0.5381064086749452,0.8217089444054045,0.5381064086749452,0.8217089444054045,ÇORUM,OSMANCIK,42673,-0.194
54988432B9428918047476,0.37337699074015057,0.5378009393589629,0.37337699074015057,0.5378009393589629,0.42338967399018296,0.5739770538730016,0.42338967399018296,0.5739770538730016,0.41869511047118685,0.5656605536709441,0.41869511047118685,0.5656605536709441,0.4238358989653431,0.6227456526361222,0.4238358989653431,0.6227456526361222,SAKARYA,GEYVE,51708,-0.043
54988432B94361787420306,0.08507037510714824,0.14018055253076522,0.08102506182793895,0.13351460977542468,0.08858640765826589,0.14272383531302302,0.08390089289127926,0.13559480997884732,0.06662178258517797,0.1036851364366212,0.06345032850571622,0.09993621802989239,0.07415425614917731,0.1221927678866683,0.07415425614917731,0.1221927678866683,KAHRAMANMARAŞ,TÜRKOĞLU,81055,-0.477
54988432B94555839005307,0.6106713405159924,1.0062756373227955,0.6106713405159924,1.0062756373227955,0.6106713405159924,1.0062756373227955,0.6106713405159924,1.0062756373227955,0.730334777797762,1.203459283624592,0.730334777797762,1.203459283624592,0.5892751915144372,0.9710186634903559,0.5892751915144372,0.9710186634903559,SİVAS,İMRANLI,6788,-0.587
54988432B94612974297738,0.13545703316955918,0.17694288344943063,0.13545703316955918,0.17694288344943063,0.1370792554897692,0.17811629980323343,0.13707871206779476,0.1781159067250321,0.09793148359278059,0.11832846847044637,0.09793148359278059,0.11832846847044637,0.05003627630031772,0.03619318028282767,0.05003627630031772,0.03619318028282767,İZMİR,BAYINDIR,39971,-0.304
54988432B94698647501880,0.4313900501590413,0.554597013952023,0.4313900501590413,0.554597013952023,0.44492391573692086,0.5643865840999646,0.44492391573692086,0.5643865840999646,0.44400742378841224,0.5715700529011113,0.44400742378841224,0.5715700529011113,0.5060295607528006,0.6779075350201551,0.5060295607528006,0.6779075350201551,AMASYA,MERZİFON,77077,0.547
54988432B94777693463903,0.27114750330208326,0.32252716850282637,0.27114750330208326,0.32252716850282637,0.26137209287902385,0.3154562348134987,0.26137209287902385,0.3154562348134987,0.13481485275018032,0.09791124066080166,0.13481485275018032,0.09791124066080166,0.13442667025137783,0.09723602695825413,0.13442667025137783,0.09723602695825413,KONYA,HÜYÜK,14878,-0.506
54988432B94880790490903,0.07024066002539454,0.08533450754938479,0.07024066002539454,0.08533450754938479,0.08334668671465746,0.0948146052270977,0.08334668671465746,0.0948146052270977,0.06974887634470527,0.08018043528138409,0.06974887634470527,0.08018043528138409,0.06569654764642117,0.07788843006555159,0.06569654764642117,0.07788843006555159,KÜTAHYA,SİMAV,60886,-0.027
54988432B94897839100366,0.33427711805560434,0.3203496504257999,0.33427711805560434,0.3203496504257999,0.33435933798260825,0.32040912328950844,0.33435933798260825,0.32040912328950844,0.29676501195596366,0.25873986241190045,0.29676501195596366,0.25873986241190045,0.28495102404274264,0.2390450686995655,0.28495102404274264,0.2390450686995655,ANTALYA,DEMRE,28075,0.18
54988432B95082960881175,0.824664959224698,1.3588983179076801,0.824664959224698,1.3588983179076801,0.824664959224698,1.3588983179076801,0.824664959224698,1.3588983179076801,0.9125018921987554,1.5036376561485494,0.9125018921987554,1.5036376561485494,0.9129085265656381,1.5043077158509528,0.9129085265656381,1.5043077158509528,ERZİNCAN,REFAHİYE,10954,-0.391
54988432B95140172364371,0.007630937596459631,0.012084336279541887,0.007630937596459631,0.012084336279541887,0.057207547657897755,0.04794502213464987,0.057207547657897755,0.04794502213464987,0.0275466420838712,0.019925555154106215,0.0275466420838712,0.019925555154106215,0.0,0.0,0.0,0.0,DENİZLİ,BEKİLLİ,6243,-0.231
54988432B95156445816279,0.3431187747726034,0.47857162030477735,0.3400476137047063,0.47351090375255184,0.4531691543968619,0.5581753303416317,0.4500979933289649,0.5531146137894062,0.5030398132320973,0.6186606979114954,0.4996318214427662,0.6130449454072064,0.46184886424982,0.6794890259657655,0.46184886424982,0.6794890259657655,TRABZON,YOMRA,51660,0.48
54988432B95277821649488,0.16522621314995914,0.24937962026200758,0.16522621314995914,0.24937962026200758,0.1840135764984341,0.2629692492069982,0.1840135764984341,0.2629692492069982,0.18667845661873417,0.26620948642462794,0.18667845661873417,0.26620948642462794,0.12728085962512434,0.1902821863201282,0.12728085962512434,0.1902821863201282,HATAY,İSKENDERUN,228149,1.056
54988432B95310559341669,0.20158459329079867,0.20653213791954084,0.20158459329079867,0.20653213791954084,0.19208071678105432,0.19965761524646322,0.19208071678105432,0.19965761524646322,0.24143882032166192,0.27656070923059495,0.24143882032166192,0.27656070923059495,0.2492240070688991,0.2850018394310983,0.2492240070688991,0.2850018394310983,OSMANİYE,DÜZİÇİ,88274,-0.269
54988432B95455201540726,0.4595586716639947,0.6431361755013958,0.4595586716639947,0.6431361755013958,0.4648808273321858,0.646985897220014,0.4648808273321858,0.646985897220014,0.46693233784446003,0.6597797868304166,0.46693233784446003,0.6597797868304166,0.4777745831629237,0.677082972783007,0.4777745831629237,0.677082972783007,TEKİRDAĞ,SÜLEYMANPAŞA,226582,1.314
54988432B95500955332095,0.10549762935867844,0.1567526110556341,0.10549762935867844,0.1567526110556341,0.1044281588171991,0.15597902151266707,0.1044281588171991,0.15597902151266707,0.11167521445021626,0.16850634193699493,0.11167521445021626,0.16850634193699493,0.11538341939907319,0.17304260047110603,0.11538341939907319,0.17304260047110603,HATAY,KIRIKHAN,108200,-0.206
54988432B95701093255845,0.20417456116041097,0.22932998599244572,0.20417456116041097,0.22932998599244572,0.1436504009336281,0.18555051228806868,0.1436504009336281,0.18555051228806868,0.1954570225565279,0.2294998298127816,0.1954570225565279,0.2294998298127816,0.16259396024501213,0.16069382859434764,0.16259396024501213,0.16069382859434764,HATAY,ERZİN,43103,-0.24
54988432B95842578753435,0.39287948378479143,0.4740492682435138,0.39287948378479143,0.4740492682435138,0.4155166735892673,0.49042362605488404,0.4155166735892673,0.49042362605488404,0.38422560627446056,0.4422705411633238,0.38422560627446056,0.4422705411633238,0.2641404221501895,0.28405266398183454,0.2641404221501895,0.28405266398183454,KONYA,MERAM,349685,1.053
54988432B95867498741596,0.08218361282663067,0.06279013836503536,0.08218361282663067,0.06279013836503536,0.07860387507987364,0.06020077514272063,0.07860387507987364,0.06020077514272063,0.07856693903205532,0.056830515756006644,0.07856693903205532,0.056830515756006644,0.07856693903205529,0.05683051575600662,0.07856693903205529,0.05683051575600662,MANİSA,GÖRDES,25456,-0.362
54988432B95928924596257,0.050303874116938326,0.08289166304096789,0.050303874116938326,0.08289166304096789,0.05854015515481182,0.08884928472077895,0.05726443721675285,0.08792650843253004,0.013396270790423393,0.013906789255927227,0.011208540651519478,0.012324319152590973,0.0,0.0,0.0,0.0,TRABZON,ŞALPAZARI,10575,-0.527
54988432B95992453735660,0.0811977192136361,0.10094040565173452,0.0811977192136361,0.10094040565173452,0.08060692267701493,0.10051305959120713,0.08060692267701493,0.10051305959120713,0.10662875422072148,0.1428461399832493,0.10662875422072148,0.1428461399832493,0.1066287542207215,0.14284613998324933,0.1066287542207215,0.14284613998324933,TOKAT,ALMUS,28135,-0.626
54988432B96002875694716,0.05943287060260128,0.09793459390614656,0.059379705347882915,0.09784698720672302,0.060578456531342834,0.09876324066234314,0.06052529127662446,0.09867563396291959,0.0634097657031882,0.10359837814007647,0.0634097657031882,0.10359837814007647,0.06592609684543627,0.10863425335024121,0.06592609684543627,0.10863425335024121,SİİRT,KURTALAN,60674,-0.746
54988432B96055728964295,0.06174644735432803,0.10174694887661544,0.06174644735432803,0.10174694887661544,0.06840272743454542,0.10656169455253962,0.06840272743454542,0.10656169455253962,0.06189864617624842,0.09505561946569252,0.06189864617624842,0.09505561946569252,0.42231179830166565,0.6958932666233673,0.42231179830166565,0.6958932666233673,SİİRT,TİLLO,4090,-1.092
54988432B96253439504552,0.12349486423279557,0.2034971431718828,0.12349486423279557,0.2034971431718828,0.12349486423279557,0.2034971431718828,0.12349486423279557,0.2034971431718828,0.0020448992210012383,0.003369623118607809,0.0020448992210012383,0.003369623118607809,0.0,0.0,0.0,0.0,KASTAMONU,PINARBAŞI,5782,-0.63
54988432B96395317243392,0.0028924201228158683,0.004766183885480039,0.0028924201228158683,0.004766183885480039,0.002963452116240012,0.004817564082687727,0.002963452116240012,0.004817564082687727,0.0,0.0,0.0,0.0,0.0,0.0,0.0,0.0,ERZİNCAN,İLİÇ,8543,-0.301
54988432B96423732732859,0.46118372993289664,0.7599471613798064,0.46118372993289664,0.7599471613798064,0.47265601627786336,0.7682455112699433,0.47265601627786336,0.7682455112699433,0.9024728306752449,1.4861034875350518,0.9024728306752449,1.4861034875350518,0.9540195930528756,1.5720512988321185,0.9540195930528756,1.5720512988321185,BURDUR,ÇAVDIR,12539,-0.448
54988432B96595900966368,0.11892456030104245,0.19596611101668487,0.0997204367351342,0.16432119762647812,0.12449369830170151,0.19999448464041353,0.10528957473579331,0.1683495712502068,0.27157092758684553,0.4368866502737873,0.08112704212430315,0.12306965985121046,0.42743100686113905,0.7043287940732386,0.0,0.0,KARAMAN,KAZIMKARABEKİR,4679,0.022
54988432B96614579404360,0.1530709272782954,0.13878609965504224,0.1530709272782954,0.13878609965504224,0.13762849968713642,0.12761599254201994,0.13762849968713642,0.12761599254201994,0.10518796229787844,0.07608653490080396,0.10518796229787844,0.07608653490080396,0.12271444348999876,0.08876411885414806,0.12271444348999876,0.08876411885414806,SİNOP,TÜRKELİ,16298,-0.194
54988432B96920408348513,0.5043927503937309,0.5317372769018579,0.5043927503937309,0.5317372769018579,0.34724168797533594,0.4180638152795598,0.34724168797533594,0.4180638152795598,0.30078048821943343,0.400146572995308,0.30078048821943343,0.400146572995308,0.9716074705818849,1.3016224166345853,0.9716074705818849,1.3016224166345853,ARTVİN,KEMALPAŞA,9263,-0.432
54988432B96933409073399,1.347357288897827,1.5438711062615136,1.347357288897827,1.5438711062615136,1.2325517677358133,1.4608278178293095,1.2325517677358133,1.4608278178293095,1.245381563672582,1.4503501817134354,1.245381563672582,1.4503501817134354,1.3719110396541763,1.590461720119649,1.3719110396541763,1.590461720119649,AYDIN,KUŞADASI,141431,1.495
54988432B96952912352901,0.15914877617386583,0.14478693532582038,0.15914877617386583,0.14478693532582038,0.1574617029465814,0.14356660979442085,0.1574617029465814,0.14356660979442085,0.13287636519098356,0.10141090999598901,0.13287636519098356,0.10141090999598901,0.1270567308303157,0.09190506378787276,0.1270567308303157,0.09190506378787276,BALIKESİR,SINDIRGI,31482,-0.477
54988432B97004073269629,0.1728982907937077,0.23889636506495174,0.1728982907937077,0.23889636506495174,0.17005233898298486,0.2368377776843981,0.17005233898298486,0.2368377776843981,0.15795554383398058,0.21612429763075994,0.15795554383398058,0.21612429763075994,0.16673259548577532,0.2280008812392515,0.16673259548577532,0.2280008812392515,MARDİN,KIZILTEPE,275217,-0.201
54988432B9710176470958,0.35676437196189936,0.49496414234306635,0.35676437196189936,0.49496414234306635,0.3734748307963863,0.50705146565976,0.3734748307963863,0.50705146565976,0.38287573474028574,0.5225869470006278,0.38287573474028574,0.5225869470006278,0.3718858803717138,0.5199254775091855,0.3718858803717138,0.5199254775091855,BALIKESİR,BANDIRMA,169476,1.072
54988432B97142079698078,0.4461648084383092,0.5806620484956192,0.4461648084383092,0.5806620484956192,0.4440662950700222,0.5791441123444862,0.4440662950700222,0.5791441123444862,0.44898372085482946,0.587187040621254,0.44898372085482946,0.587187040621254,0.44118355781507956,0.5808456430826588,0.44118355781507956,0.5808456430826588,KASTAMONU,MERKEZ,158953,0.892
54988432B97259494958593,0.798353911264386,0.910045490733728,0.798353911264386,0.910045490733728,0.6742143804883591,0.8202505509457356,0.6742143804883591,0.8202505509457356,0.5860682004281774,0.6695097447879297,0.5860682004281774,0.6695097447879297,0.5457016279159399,0.495275171932258,0.5457016279159399,0.495275171932258,DENİZLİ,HONAZ,34468,0.636
54988432B97290216608091,0.49953497033615424,0.8231430514084747,0.49953497033615424,0.8231430514084747,0.5414765270696341,0.8534810069167195,0.5414765270696341,0.8534810069167195,0.627102248260411,0.9996791215359878,0.627102248260411,0.9996791215359878,0.16202760508012334,0.2669921130212554,0.16202760508012334,0.2669921130212554,DENİZLİ,SERİNHİSAR,14661,-0.064
54988432B9750170463020,0.7642610109219192,1.0510806205520806,0.7642610109219192,1.0510806205520806,0.7650767669236213,1.05167068852315,0.7650767669236213,1.05167068852315,0.7410754745985063,1.0121640146852902,0.7410754745985063,1.0121640146852902,0.7238283328459878,0.9844547832377717,0.7238283328459878,0.9844547832377717,ÇANAKKALE,MERKEZ,208613,1.846
54988432B97522403673638,0.2444186277568114,0.30495592958169754,0.2444186277568114,0.30495592958169754,0.2443377140864076,0.3048974015840765,0.2443377140864076,0.3048974015840765,0.23286713967034695,0.28608834897829294,0.23286713967034695,0.28608834897829294,0.2327401984639147,0.2857119957338947,0.2327401984639147,0.2857119957338947,ÇANAKKALE,BİGA,94526,0.426
54988432B97580121786260,0.26621659547635657,0.3333979610129868,0.26621659547635657,0.3333979610129868,0.2670996901543319,0.33403673766165126,0.2670996901543319,0.33403673766165126,0.2581633333251979,0.3201188986642641,0.2581633333251979,0.3201188986642641,0.25267793588940296,0.3110887049525227,0.25267793588940296,0.3110887049525227,TOKAT,MERKEZ,201969,1.015
54988432B97639118870532,0.04641173965873083,0.07647813120702032,0.04641173965873083,0.07647813120702032,0.04641173965873083,0.07647813120702032,0.04641173965873083,0.07647813120702032,0.04938823130933826,0.08138284972577409,0.04938823130933826,0.08138284972577409,0.0742236869387924,0.1223071772382038,0.0742236869387924,0.1223071772382038,AĞRI,TAŞLIÇAY,17431,-1.124
54988432B97717565208806,1.0771008685698462,1.662231929356349,1.0771008685698462,1.662231929356349,1.0764028090236308,1.6617269957986898,1.0764028090236308,1.6617269957986898,1.0642797878801475,1.6411051132013739,1.0642797878801475,1.6411051132013739,0.32076518797797154,0.41592787262024006,0.32076518797797154,0.41592787262024006,ANKARA,ŞEREFLİKOÇHİSAR,32831,0.115
54988432B97750786537608,0.13057202878380048,0.16622921509135208,0.12411870856879803,0.155595313545043,0.13287366857728167,0.16789408046805607,0.12642034836227925,0.15726017892174698,0.1408835334571403,0.17976701375620838,0.13835999861354187,0.17560868592162782,0.15878056525881232,0.21271176820306556,0.15878056525881232,0.21271176820306556,BATMAN,GERCÜŞ,18894,-0.962
54988432B97753800028148,0.14498795094989517,0.23891385278201252,0.14498795094989517,0.23891385278201252,0.14498795094989517,0.23891385278201252,0.14498795094989517,0.23891385278201252,0.21717628207192574,0.3578671327013081,0.21717628207192574,0.3578671327013081,0.21766338357729764,0.35866978765699153,0.21766338357729764,0.35866978765699153,GÜMÜŞHANE,ŞİRAN,18377,-0.515
54988432B97910607288533,0.19001524636638356,0.27929687201564884,0.19001524636638356,0.27929687201564884,0.1943114785915341,0.282404503497426,0.1943114785915341,0.282404503497426,0.1392705620447378,0.20501993462358753,0.1392705620447378,0.20501993462358753,0.26703687230612094,0.4007867577164285,0.26703687230612094,0.4007867577164285,SAKARYA,HENDEK,93990,0.328
54988432B97960602645981,0.48039051972626334,0.6337948808869673,0.48015406874751587,0.6334052525491879,0.6431234786769131,0.7515059448739858,0.6428870276981654,0.7511163165362065,0.562673072130009,0.6259467561889112,0.562673072130009,0.6259467561889112,0.25213507336086793,0.28981983623295904,0.25213507336086793,0.28981983623295904,İSTANBUL,BAYRAMPAŞA,272978,2.266
54988432B97969826728737,0.21822463880563575,0.2949747811513763,0.21822463880563575,0.2949747811513763,0.22670692589714506,0.30111034855593455,0.22670692589714506,0.30111034855593455,0.22324864504974892,0.2962032547387325,0.22324864504974892,0.2962032547387325,0.20024028834601523,0.26588033843624154,0.20024028834601523,0.26588033843624154,ORDU,FATSA,129844,0.363
54988432B98025236452990,4.199660026362182,3.3872341280145264,4.192696905554868,3.3757601675332407,0.5982725903795558,0.7822108453766445,0.5908189650294545,0.770382083925755,0.9794114941345367,1.4002633891547864,0.9785266331142274,1.3990779773763544,5.460731600812662,5.4652514150507505,5.460731600812662,5.4652514150507505,ISPARTA,GÖNEN,7065,-0.034
54988432B98169837554418,9.66781968377246e-05,0.0001593081379189962,9.66781968377246e-05,0.0001593081379189962,9.66781968377246e-05,0.0001593081379189962,9.66781968377246e-05,0.0001593081379189962,0.0,0.0,0.0,0.0,0.0,0.0,0.0,0.0,ADANA,FEKE,15586,-0.954
54988432B98216013465603,0.056333873743250155,0.09282800901701466,0.056333873743250155,0.09282800901701466,0.059032263534172714,0.09477985906257015,0.059032263534172714,0.09477985906257015,0.0,0.0,0.0,0.0,0.0,0.0,0.0,0.0,ORDU,ÇATALPINAR,12888,-0.854
54988432B98307515925592,0.020455617853776833,0.033707149045586804,0.020455617853776833,0.033707149045586804,0.020511654257587355,0.03374768235092997,0.020511654257587355,0.03374768235092997,0.0,0.0,0.0,0.0,0.0,0.0,0.0,0.0,KAHRAMANMARAŞ,ÇAĞLAYANCERİT,22440,-0.84
54988432B98311610120765,0.10834088249610566,0.17852612911187993,0.10834088249610566,0.17852612911187993,0.13371004591112381,0.19687662944874126,0.13371004591112381,0.19687662944874126,0.11586640120051418,0.15805836386614772,0.11586640120051418,0.15805836386614772,0.08009233288585214,0.13197764160879225,0.08009233288585214,0.13197764160879225,SAKARYA,KOCAALİ,24966,-0.253
54988432B98497297447828,0.085470212775376,0.14083941250621712,0.085470212775376,0.14083941250621712,0.085474040970395,0.14084218158822576,0.085474040970395,0.14084218158822576,0.07081133548873271,0.11668424080356325,0.07081133548873271,0.11668424080356325,0.0,0.0,0.0,0.0,BAYBURT,DEMİRÖZÜ,8139,-0.724
54988432B98585505562385,0.4523207900042724,0.5330103948581694,0.4523207900042724,0.5330103948581694,0.4293138861909801,0.5163686085576394,0.4292544194439271,0.516325593951916,0.4283962574624518,0.5139041589986915,0.42839451912452436,0.5139029015914132,0.4795912873940817,0.5829173959134186,0.4795912873940817,0.5829173959134186,KONYA,SELÇUKLU,703449,2.562
54988432B98751035289582,0.3058291547109863,0.4161807756948496,0.3058291547109863,0.4161807756948496,0.31467259970072364,0.4225775826217632,0.31467259970072364,0.4225775826217632,0.3261976973195522,0.4386615074912596,0.3261976973195522,0.4386615074912596,0.28681314647716744,0.3851861561143811,0.28681314647716744,0.3851861561143811,ORDU,ALTINORDU,239714,1.121
54988432B98936853989480,0.5873877477358658,0.6390675600712578,0.5752730938791892,0.6303045608331238,0.5467162441102226,0.6096482832597409,0.5383175498262279,0.6035731817766388,0.6516837682820428,0.7929253202568953,0.6435786493362804,0.7870625732079932,0.6836184700883948,0.7853880163863507,0.6714264704785389,0.7765690699635754,İZMİR,URLA,82021,1.768
54988432B98947703445317,1.0391253169042858,1.4123213137133006,1.0391253169042858,1.4123213137133006,0.9572356888324399,1.3530873680393858,0.9572356888324399,1.3530873680393858,1.0808262339907584,1.4894206398156375,1.0808262339907584,1.4894206398156375,1.1879541152360567,1.6206461179649378,1.1879541152360567,1.6206461179649378,BALIKESİR,GÖMEÇ,19020,0.062
54988432B99023740963316,0.0002792299821444801,0.0004601203783440221,0.0002792299821444801,0.0004601203783440221,0.0002792299821444801,0.0004601203783440221,0.0002792299821444801,0.0004601203783440221,0.0,0.0,0.0,0.0,0.0,0.0,0.0,0.0,GAZİANTEP,ARABAN,32540,-0.736
54988432B99037585062650,0.36997126092053434,0.4517407691921503,0.36997126092053434,0.4517407691921503,0.3618161148558754,0.4458418355868707,0.3618161148558754,0.4458418355868707,0.39490171238956645,0.49369050311222906,0.39490171238956645,0.49369050311222906,0.39854247324071973,0.4988209463334031,0.39854247324071973,0.4988209463334031,ARTVİN,YUSUFELİ,17564,-0.29
54988432B9927108056692,0.6634542919617133,0.5286585104219643,0.6634542919617133,0.5286585104219643,0.28584487768546213,0.2555189681154049,0.28584487768546213,0.2555189681154049,0.16385689713215376,0.13048519772488962,0.16385689713215376,0.13048519772488962,0.7104834214623093,0.5139202287277782,0.7104834214623093,0.5139202287277782,KÜTAHYA,DUMLUPINAR,2812,-0.226
54988432B9941685819623,0.014115555191869484,0.023259875410006382,0.014115555191869484,0.023259875410006382,0.014233506412641787,0.023345194105034144,0.014233506412641787,0.023345194105034144,0.00033336709436430537,0.0005486283334279581,0.00033336709436430537,0.0005486283334279581,0.0,0.0,0.0,0.0,SİİRT,ŞİRVAN,18773,-1.277
54988432B99449067758267,0.24676001525845853,0.2967723124395268,0.24676001525845853,0.2967723124395268,0.231239208430298,0.2855455105829109,0.231239208430298,0.2855455105829109,0.16440441474521483,0.20499531277142036,0.16440441474521483,0.20499531277142036,0.19654088050314467,0.21484488040540978,0.19654088050314467,0.21484488040540978,SAKARYA,KAYNARCA,25440,-0.351
54988432B99760089985669,1.086005868954195,0.9050187857229078,1.086005868954195,0.9050187857229078,0.8125271743520441,0.707201033701558,0.8125271743520441,0.707201033701558,0.8937138954811982,0.9290525770190448,0.8937138954811982,0.9290525770190448,1.4850836871785664,1.5734652458878926,1.4850836871785664,1.5734652458878926,ESKİŞEHİR,MAHMUDİYE,7407,-0.351
54988432B99817490386194,0.1740422383772079,0.286790050104741,0.1740422383772079,0.286790050104741,0.1740422383772079,0.286790050104741,0.1740422383772079,0.286790050104741,0.19262061785229248,0.3174038506982305,0.19262061785229248,0.3174038506982305,0.19299430666795328,0.3180196221061727,0.19299430666795328,0.3180196221061727,AKSARAY,ORTAKÖY,31089,-0.212
