shapeID,ENERJIK_NOM,ENERJIK_K1,ENERJIK_K1g,ENERJIK_NOM3,ENERJIK_K13,ENERJIK_NOM3p5,ENERJIK_K13p5,ENERJIK_NOM3p8,ENERJIK_K13p8,ENERJIK_NOM3Y25,ENERJIK_K13Y25,ENERJIK_NOM3KIS,ENERJIK_K13KIS,ENERJIK_NOM3Y26,ENERJIK_K13Y26,il_ad,ilce_ad,nufus,sege_skor
54988432B10253984912437,0.10716884375625596,0.12470002444160373,8.241697790988857,0.10036754647425024,0.11909089645598281,0.06286177856038715,0.07968089845837029,0.02842339862813231,0.03972722298184162,0.097245400066552,0.11620656330249288,0.10164215480954919,0.12022390673616341,0.09955327379633963,0.11835243049704285,MANİSA,DEMİRCİ,35629,-0.192
54988432B10287230279323,0.5448533307608457,0.7478602641332043,44.14935308931922,0.5427505780701345,0.7450925293987103,0.5006208173509634,0.6932874154381853,0.43237457524001827,0.6128106849938465,0.5417918633081066,0.743823761065449,0.5432202721712822,0.745718102409332,0.5428181170257041,0.7451823323338835,KAYSERİ,HACILAR,13701,0.963
54988432B10558365680808,0.1227907936356093,0.20233696249547317,10.533829157278358,0.11981487678569654,0.19743319114403668,0.10761908528989807,0.17733673819813467,0.09765367078812519,0.16091554210846043,0.11816327548453544,0.19471165168137783,0.12046521922800676,0.19850483756363257,0.11914092464585137,0.19632264022400378,SİVAS,AKINCILAR,4641,-0.511
54988432B10626729870430,0.35487916148046234,0.41822979149153583,23.853419215948247,0.33921274610584295,0.4039710564800244,0.2112596501725824,0.26663428496371516,0.08489759616478872,0.11903446896348167,0.3309461643189025,0.3957640975875961,0.3424922603754861,0.40714524320529305,0.33736145468620987,0.4021558953091208,İZMİR,SEFERİHİSAR,63712,0.924
54988432B10630286252901,0.2575192665405414,0.3309856502495411,20.24478190501063,0.25367616759503103,0.32778041581343936,0.22064514537760802,0.29532284914157886,0.18179344553068313,0.2539590575566474,0.2536135097912607,0.32773410935065594,0.25389831083501324,0.3279731061952904,0.2546192005066631,0.3286143944745185,TEKİRDAĞ,MURATLI,30410,0.193
54988432B10710239542127,0.0,0.0,0.0,0.0,0.0,0.0,0.0,0.0,0.0,0.0,0.0,0.0,0.0,0.0,0.0,TOKAT,YEŞİLYURT,8045,-0.729
54988432B10923405291908,0.18654149281070034,0.17724411063559461,7.042809296975396,0.1846918592171042,0.17582676758488366,0.16832062729966407,0.1622931792161646,0.14905650740006654,0.1459356808604955,0.18384790147353022,0.17515573834805548,0.1851345162631207,0.176174588484622,0.18456823387819646,0.1757288533167888,KARS,SARIKAMIŞ,35518,-0.804
54988432B10954011235531,0.563684639414143,0.6849680279732143,37.62501775319971,0.5569382837193209,0.6778784808640353,0.4338951703947304,0.5429350045360912,0.1766884362195107,0.2785572402945174,0.5583853320868962,0.6794762019551563,0.5566887211984651,0.6776016704005131,0.5599617501676136,0.6811960707135926,İSTANBUL,ZEYTİNBURNU,275471,2.382
54988432B10964336547790,0.38069975405727324,0.35359029903731115,13.862750367235229,0.3731400542564757,0.34736536663110384,0.23184587947104193,0.23046335820750422,0.04695919635235314,0.0729423355868953,0.3760229422712423,0.349727964805228,0.37214300227323255,0.3465486522381778,0.3777315877391023,0.3511300366609606,ANKARA,AKYURT,46956,0.705
54988432B11094776022203,0.2618550433087056,0.42491181136707157,25.44009917359409,0.26097072787852893,0.42393576656229304,0.2500092135591312,0.4077977652858329,0.23244444722660956,0.38029765537364746,0.2602689736666164,0.4230184213301308,0.26124962860510753,0.4242791213412072,0.2607347786525852,0.4236341266062421,BURDUR,KEMER,2727,-0.549
54988432B11123047057176,0.19498697488530045,0.32130317800170505,24.706530182886603,0.1942451156659275,0.32008072852806907,0.1763296877898791,0.290559351958066,0.145512020799937,0.23977742486631387,0.19337270834625894,0.31864315945717947,0.19452365400168797,0.3205397091985872,0.19397211086240754,0.31963086611529856,AYDIN,YENİPAZAR,11596,-0.296
54988432B11153156770264,0.32663983424488124,0.371319097273293,22.521137965952455,0.32418984462147843,0.3691891278770543,0.29468437653956464,0.3399184965104532,0.25374299886158136,0.29795742086319676,0.3219362997379588,0.3670603729440904,0.32489186027752487,0.3698335201158859,0.3233360948983672,0.3683909182846788,GİRESUN,ESPİYE,39182,-0.178
54988432B11210263033857,0.4071142290889612,0.3934819588814812,13.55342927805812,0.40169661112766847,0.38926372293843853,0.357945221645349,0.3524533680816346,0.29713090406617754,0.30139024605347153,0.39781381267535965,0.3860768459837308,0.40304689689634643,0.39034875422836324,0.4001206903477338,0.38798009032423425,TRABZON,TONYA,13332,-0.469
54988432B11239792936467,0.36377229561116986,0.5991248069576512,52.63411698003532,0.36321840591243326,0.5982120971698814,0.35193675172367705,0.5796220144077411,0.32667096901040704,0.5379901786371359,0.3624095972041243,0.5968793270789877,0.3634337598781095,0.5985669614555946,0.36290744857364177,0.597699695860898,DENİZLİ,BOZKURT,11176,-0.311
54988432B11310133229622,0.08450596664938405,0.13925050973545883,11.817124119476055,0.08389019101428813,0.13823582314622004,0.06921716932961612,0.11405734404039108,0.04528273224710863,0.07461773171338706,0.08327588939355808,0.13722356546537612,0.08408631715498732,0.13855900346292033,0.08373432186754315,0.13797897905583387,MANİSA,SARIGÖL,34786,-0.3
54988432B11333989170250,1.1522744117238293,0.9188165105239152,23.89631402240281,1.1516977538165185,0.9178662928706339,1.1332064537346593,0.8941214531563082,1.0016120920666536,0.7852587222504483,1.1508533998161214,0.9164756680040042,1.151921783934969,0.9182354447930003,1.151373537647469,0.9173321192045709,DENİZLİ,GÜNEY,9043,-0.457
54988432B11359051677875,0.029398380962573894,0.04844320107502682,3.810264062491685,0.029272405713881122,0.048235616708028194,0.027635474970067617,0.04553825166369456,0.02535352512846912,0.04177801210627086,0.029219528459603863,0.048148484581109034,0.029296779889521198,0.04827578092976113,0.02927429316048143,0.048238726877778464,AKSARAY,GÜZELYURT,10419,-0.755
54988432B11506112394599,0.04613346347176401,0.07601958251017923,5.530266379484745,0.04605278943585141,0.07588664632746145,0.04432718745065984,0.07304316715592064,0.04184518536834173,0.06895327778087514,0.046004444078533234,0.0758069819449708,0.04607477883357166,0.07592288086760966,0.04605249163784832,0.0758861556103515,HAKKARİ,ŞEMDİNLİ,43034,-0.633
54988432B11733036150032,0.2058158520003496,0.3391472039080607,29.272388189417505,0.20537761131695725,0.3384250627271616,0.19378729464261063,0.3193263224974394,0.17105428059241737,0.28186643747598533,0.2052340138227105,0.3381884400948977,0.2054614746525434,0.3385632542974319,0.20545251907748185,0.3385484971336275,KIRŞEHİR,BOZTEPE,5049,-0.584
54988432B11866351639272,0.24041262967709504,0.3527073610648821,23.791430480819372,0.23947588306232767,0.3515026415945781,0.22054977927229844,0.3267962811614265,0.19442078255913356,0.29215087152054225,0.23812471406188587,0.34975691630476485,0.23985125198479515,0.351987028601458,0.23896572552496376,0.3508436996800094,TRABZON,OF,43591,-0.06
54988432B11894887373653,0.0478709241058352,0.07888260258476791,6.036932542596811,0.047648876161655834,0.07851670783628256,0.043269246021659054,0.07129987151539095,0.03741346363352667,0.06165060395739064,0.04748642153066752,0.0782490120619964,0.04770601329438402,0.07861085947045338,0.04762797499230877,0.07848226649916705,OSMANİYE,HASANBEYLİ,4914,-0.58
54988432B11965473551698,0.017925959160232947,0.029538730216721903,2.4299126402613513,0.017766654689764468,0.029276225335759937,0.014775572337492734,0.02434746398636698,0.010947777650843477,0.01803995242934162,0.01775564744684359,0.02925808739534829,0.017780472648914525,0.029298994826855544,0.017818261324589475,0.029361263712220736,BOLU,GÖYNÜK,14257,-0.441
54988432B12089273300588,0.33857354335811957,0.4515795981820222,21.854299861687124,0.33019901465484386,0.4440976577387722,0.2490486223464048,0.359515859067798,0.15832268924572512,0.25946458052132565,0.33263479267023394,0.4464044831554104,0.32940463964045036,0.44333492941343355,0.3342368434000437,0.44788674258272926,ANKARA,NALLIHAN,26083,-0.102
54988432B12282198097688,2.9186886532651615,3.1173294604039308,153.78584802223807,2.843444346047601,3.0565845651134556,1.8873271673303973,2.1739144641779524,0.5128952702847698,0.8155074274772697,2.799495484892892,3.0191650926781985,2.860136325386201,3.0705392917156744,2.833831897144477,3.0484770670731884,İZMİR,ÇEŞME,51902,1.998
54988432B12649673902080,0.06658618761701467,0.10970658641287896,9.420162105300188,0.06644633159837149,0.10947701272694406,0.06313620461871515,0.1040260583752392,0.05751299840074306,0.09476268519198477,0.06625008839712693,0.1091541345818465,0.06649972729491364,0.1095648077440995,0.06637548044814666,0.10936046721842861,GİRESUN,GÜCE,8194,-0.805
54988432B12652451571712,0.13337399510225312,0.21977615948114476,17.699255606176102,0.13215291174705654,0.21776403552845283,0.10109315002669479,0.1665831802195362,0.051153800042384664,0.08429218685068691,0.13103790979190602,0.21592671448750272,0.1325280845966456,0.21838225235521186,0.1319177599368218,0.21737654798480688,İZMİR,KINIK,28604,-0.297
54988432B12770771460380,0.7527476558429339,0.8859703763395451,53.7567812673275,0.7476660135781966,0.8819144226428538,0.6468718064987586,0.7943245514567693,0.49662063953062713,0.6444889341771755,0.7472224118780921,0.8816112905630881,0.7481364485505493,0.8822742044840782,0.7492516629226428,0.88321857639421,SAKARYA,PAMUKOVA,31536,-0.024
54988432B12859589940172,0.09973573466512407,0.16434640584115756,12.005868788602013,0.09947489160113199,0.16391658376986448,0.094026571282327,0.15493873981781045,0.08636830327590263,0.14231930280207963,0.09919851087286233,0.1634611584452565,0.09956362370455349,0.16406279818668323,0.09939757618175131,0.1637891819781799,VAN,MURADİYE,41402,-1.112
54988432B12971115509737,0.275649894608895,0.328774287383426,15.209152774097268,0.2741225208358395,0.32723000395002677,0.24468641261875285,0.297337717780302,0.2060286580037109,0.25780842287896494,0.2724352468511434,0.32549593878010386,0.2746770316356759,0.3277928900884069,0.2736106575086088,0.32669433389783287,KÜTAHYA,ALTINTAŞ,14739,-0.516
54988432B13012659541885,0.32076925025436365,0.5285695599543403,38.92065576109956,0.32021551491575784,0.5276571045240708,0.30836774527032795,0.5081341284814502,0.29132064573874106,0.4800435995708284,0.31986385085267377,0.5270776259146698,0.3203706312588462,0.5279127081305355,0.32020098888477994,0.5276331682589961,TUNCELİ,NAZIMİYE,3095,-0.744
54988432B13089930907673,0.1970758898677108,0.29567089429900717,19.607121385269757,0.194813670647611,0.2936095283231639,0.17810452573864186,0.27274133173022397,0.15947259930185523,0.24703837873861312,0.19318918677741564,0.291855485444666,0.1953852230380524,0.2941864083360698,0.1941809882183315,0.29294383107254385,TOKAT,NİKSAR,63594,-0.169
54988432B13153830049799,1.4313602305698072,1.3753248187936895,56.504765092370256,1.4266267205305845,1.3713359851920186,1.3938694109518859,1.332602646342494,1.3462388089649304,1.2670534933467132,1.425480613956992,1.3702874991661476,1.4271916299073637,1.3718437064313087,1.4268424118223009,1.3715507199061467,DÜZCE,GÜMÜŞOVA,17344,-0.134
54988432B13184104417142,0.06931932511216458,0.11422567824632136,9.782655167202371,0.0691999099348191,0.11402890368737809,0.06566418055991267,0.10820266280446943,0.05695824747065154,0.09385686370329736,0.06903975040343002,0.11376498982106552,0.06924709620280227,0.11410665810082005,0.06914566563387539,0.11393951891543654,EDİRNE,MERİÇ,12329,-0.806
54988432B13336850419353,0.10153348872789887,0.16730877855335943,13.91744556385199,0.1009955904228203,0.16642241968264443,0.09035684236002386,0.14889169197866967,0.07612826521943565,0.12544557689122512,0.10066060539303724,0.16587042509574648,0.10113049996758164,0.16664472614952552,0.1009824292752888,0.16640073249799783,ŞANLIURFA,HİLVAN,41969,-0.84
54988432B13359639505311,0.13435225200226805,0.1791789218002298,10.238930470045652,0.13252310453268126,0.1776832012255251,0.12181470317799856,0.16681968323150456,0.11101525818491803,0.154652625261692,0.13188467321171746,0.17711396627619894,0.1328362584493673,0.17795507038471858,0.13245929097203502,0.17762717196938715,BİNGÖL,MERKEZ,175438,0.214
54988432B13394167497593,0.03795214398879465,0.0625382515050102,4.7216929412625,0.03784244556987532,0.06235748840203229,0.035595187052664685,0.05865441385668936,0.03237422359768642,0.0533468501339297,0.03775260049197056,0.06220944000507863,0.037875629292659786,0.06241216916004111,0.037825848056802794,0.06233013871008356,MARDİN,ÖMERLİ,14112,-0.858
54988432B13587691087198,0.17883207732968345,0.2285690338602572,12.386081274433575,0.1704538861286785,0.22142901388278924,0.11307185841223807,0.16081902085308458,0.05683640909675308,0.09365609615582829,0.16646873720362912,0.21767336230559237,0.17208428292388936,0.2229177538138902,0.16954788096299103,0.22058853416063037,İZMİR,FOÇA,37711,0.844
54988432B13628237636764,0.49794926968831643,0.489086894490215,22.488967126727864,0.4964397191662779,0.48781312901390406,0.4590411648425751,0.45589743833861673,0.39345894852782487,0.39902610203740196,0.49412824527727206,0.48585873295661514,0.49703388905767576,0.48831480827025087,0.49556040718369126,0.4870700741819697,AMASYA,GÜMÜŞHACIKÖY,22319,-0.269
54988432B13760722847594,0.007844026134604578,0.012925532727811348,1.0503132627615503,0.007816250999692402,0.01287976434188733,0.0072492162523016,0.011945393897496203,0.006468884475447476,0.010659548625285412,0.007786460050944436,0.012830674260285528,0.007825618862998002,0.0128952008819585,0.007807720915872858,0.012865708310496243,YOZGAT,KADIŞEHRİ,9854,-0.847
54988432B13849312279861,0.2767096688742894,0.4038026779376603,28.50186045954313,0.2734825130309577,0.4005515149889796,0.23426472040717009,0.351255139681755,0.1806559874660217,0.2787345156266334,0.27183378593395063,0.39869241837824787,0.27410622481500124,0.4012358211759248,0.2732801819349007,0.4003269166129444,KONYA,ILGIN,53167,-0.121
54988432B13977847971239,0.15158698276283303,0.19848060044859,13.729202395931283,0.15078973268741547,0.19753067790185672,0.1350844349385213,0.17867460569082658,0.11411815386836906,0.15331550926562296,0.15002189372445462,0.1966145112346048,0.15103577771819449,0.1978239824107324,0.15059700101435308,0.19730084692214675,MALATYA,DOĞANŞEHİR,36037,-0.59
54988432B14215635599319,0.06514624612939694,0.05191477807705773,1.3842776724665362,0.06455744762167552,0.05148124951882656,0.05342599647151383,0.04317703578458111,0.03901697679575436,0.032219056230539486,0.06437992179652174,0.05135299938631164,0.06466509917123804,0.05155942385088733,0.06466138058620988,0.05155948505875598,KIRŞEHİR,KAMAN,33354,-0.126
54988432B14217813536294,0.08584189887382518,0.1414518837993434,5.33408211930891,0.08576918477616621,0.1413320641515074,0.08417623137392612,0.13870716579176084,0.08182200731129526,0.13482783142341992,0.08571790513967424,0.14124756460900553,0.08578881302313635,0.14136440794336236,0.0857641444752834,0.14132375864960053,MALATYA,KALE,7462,-0.717
54988432B14260044534811,0.16431636792646456,0.26965078984808827,19.98778617331877,0.16381126585595823,0.2688377320728544,0.1544771301737605,0.2535522016128033,0.14161492630333647,0.23247793905512873,0.16312318482995103,0.2677155497187696,0.16400972679468614,0.26916011968911263,0.1635468815667017,0.26840708616738984,RİZE,GÜNEYSU,15013,-0.195
54988432B14282860472632,5.320815509643655e-05,8.767739146755436e-05,0.006384978611572386,5.3110116908949716e-05,8.751584231165008e-05,5.1018984064858285e-05,8.407003456564267e-05,4.801952127100661e-05,7.91274637681352e-05,5.299017050968163e-05,8.731819239530378e-05,5.3146478564331496e-05,8.757575972633095e-05,5.307112986444438e-05,8.745159873175034e-05,ERZURUM,KARAÇOBAN,19922,-1.172
54988432B14340726912856,0.5119147117636447,0.47504428777484703,17.417401487064517,0.5084478063179579,0.4721883148126825,0.44159362553724574,0.41670045306229114,0.35414789346339715,0.34360974672280437,0.5047113245819287,0.4691046360195095,0.509699450840153,0.47322018886788675,0.5073491507335796,0.471282052859544,KÜTAHYA,PAZARLAR,4713,-0.592
54988432B14406336237626,0.11485117286822404,0.1579606900053987,10.67171158544868,0.11402160765242705,0.15698264503307088,0.09959167869986323,0.14027718313679666,0.0790765675663674,0.11527428012182143,0.11315019817516492,0.15603240199444673,0.11430389764438144,0.15729681962113426,0.1137388035123573,0.15668546343789824,EDİRNE,UZUNKÖPRÜ,59085,0.1
54988432B1446118549854,0.1388824967257943,0.22885317131084504,17.714708361078735,0.13782504714366542,0.22711068614477456,0.12156756396162169,0.20032130179860141,0.1006937254421347,0.16592500093106494,0.13718858472510398,0.226061911487479,0.13805705921807576,0.2274929999731042,0.13775185516941219,0.22699007904296362,ÇANKIRI,ELDİVAN,6198,-0.573
54988432B14467270081386,0.06493281880000587,0.09331211828051238,7.493682572282835,0.06346767914986032,0.09192811236298191,0.05244227242608161,0.0778813555177062,0.0404312016798712,0.06118012453702143,0.06277441832695646,0.09116452782324226,0.0637283380026662,0.09220286097544178,0.06332534773470729,0.09177523915460205,KAHRAMANMARAŞ,PAZARCIK,66777,-0.388
54988432B14556173736384,0.29037169932539586,0.282767941480745,11.817108062038484,0.2795279055910646,0.2746578231834972,0.2250619527036697,0.23001012993956882,0.1760246343838227,0.18723100128999773,0.2726157038544908,0.26928508322277317,0.28211898449555545,0.27663579276603506,0.2766269652761978,0.2724188747564129,TRABZON,MAÇKA,24931,-0.15
54988432B14645765693693,0.47191536113976007,0.6526802262530764,47.080282498599516,0.46985047041394196,0.6506600878070152,0.39997724974465737,0.5762759133121671,0.24609011254596205,0.38449411943357786,0.4701214269665656,0.6509237803490793,0.4698824954872731,0.650690395590115,0.47079291169041854,0.6515754355569404,KOCAELİ,KARAMÜRSEL,59488,0.328
54988432B1484249621136,0.3592513552465068,0.4421157256980971,25.44649915597699,0.3541335558616031,0.4373267863508593,0.2962665712038397,0.3755021361337573,0.2161237984358181,0.2881104486717471,0.3516629220624969,0.4348294544402755,0.35507942291931227,0.43826568137685373,0.35382903141301586,0.4370225575641735,KONYA,KARATAY,395499,1.481
54988432B14970064024432,0.0,0.0,0.0,0.0,0.0,0.0,0.0,0.0,0.0,0.0,0.0,0.0,0.0,0.0,0.0,ARDAHAN,POSOF,5976,-0.492
54988432B150490693817,0.010735377440727077,0.017689955397187172,1.594634480038722,0.01066913381381214,0.017580797911859496,0.009377783264132172,0.015452886364072823,0.007668573402969368,0.012636418440579418,0.01062806894931231,0.01751313046137587,0.010685695012571014,0.017608087764404135,0.010667518998015452,0.01757813698823797,ŞANLIURFA,AKÇAKALE,131351,-1.258
54988432B15058920594435,0.15884236065434976,0.19991378160052606,12.05720574797959,0.1549540028817066,0.19661716255853556,0.12693792120041417,0.16695032505236373,0.09722013961951124,0.13298458781825426,0.15511393482945923,0.19676464555645704,0.1550638704104949,0.1967185780466359,0.15602231379144,0.19758872465041333,SAKARYA,KARASU,75887,0.159
54988432B15496700745430,0.852392290180505,1.3314429147746252,107.79328574377007,0.8502360666858313,1.3287989330533643,0.7928425137705877,1.2507559533473505,0.6706410742031266,1.0699646597727601,0.8474507505667787,1.3253444736083115,0.8510684043667552,1.3298175537552475,0.8492874032690539,1.3276303284953486,EDİRNE,İPSALA,25278,-0.408
54988432B15523271257274,0.01538017207481624,0.025343734722580565,1.7477194943532175,0.015337870085557112,0.025274028714819038,0.01466506350050308,0.024165365461360718,0.013694119347310614,0.02256542555631615,0.015306522590899006,0.02522237372780277,0.015349213770684692,0.025292721050980908,0.015330752483869446,0.02526230019785865,DİYARBAKIR,SİLVAN,86752,-0.824
54988432B15558909248688,0.6051010925407325,0.8308204502204188,62.74124102116694,0.6021853764185934,0.8271471068982793,0.4903414552537799,0.6989021584892593,0.24546933313763244,0.40442157177628674,0.5994232390791955,0.8237266796707334,0.6030883768436448,0.8282744255251993,0.6016072404538159,0.8264205774850583,İZMİR,KEMALPAŞA,122840,0.983
54988432B15641118678695,0.15767702826349186,0.23975441317183244,17.0130862263224,0.15707218648361104,0.23892631837954095,0.14494166124978838,0.2219734569233112,0.12763049018419353,0.19735892409363429,0.1562193997187765,0.2377498361808529,0.15730919256432474,0.23925224130867995,0.15675068934523245,0.2384833419099548,TRABZON,SÜRMENE,25281,0.056
54988432B15644410313065,0.3657163036352402,0.5008190311938807,32.33847299816046,0.3625508588177703,0.4976191459104927,0.32413046822566144,0.4521633773227171,0.2705997172734889,0.38677383783222474,0.3599179128987317,0.494676124229811,0.36341160830948965,0.49855101357090864,0.36165429570034235,0.49662934723427243,SAMSUN,İLKADIM,330290,1.343
54988432B15919915720396,0.16826595595067373,0.2772717840678811,17.94141703313294,0.16772643321915187,0.27638274843694155,0.15796283791037163,0.2602941137818371,0.1445962101017408,0.23826833489786087,0.16702918219497553,0.27523380518027224,0.1679240435179728,0.276708374377107,0.1674652743654735,0.27595240600150717,GİRESUN,EYNESİL,12548,-0.35
54988432B16159073535028,0.27599347386998324,0.28448870902058254,15.004279121898268,0.2733093124860068,0.28239856655292406,0.2226164571979952,0.2407957283948292,0.15308511183444626,0.17792081419335334,0.26592989799418904,0.276584777307261,0.27491423988366964,0.2836501653491448,0.2695490491531481,0.27944757023740024,MUĞLA,KAVAKLIDERE,10854,-0.34
54988432B1626041363194,0.07370568182932483,0.08802574208404923,4.705949264704086,0.07152149062120834,0.08635535422829918,0.06115979860671215,0.0769962174542014,0.05203892226822109,0.06775295671938635,0.0704446686107497,0.08547729870518354,0.07195200661621351,0.08669724324551041,0.07116451587830011,0.08606776149748822,ORDU,KUMRU,27638,-0.606
54988432B16266988631438,0.2783561322183297,0.4096251307762344,31.360457312987627,0.2758692216956942,0.4069292881857659,0.24451518555799728,0.36588670874221113,0.19958397071303977,0.3048152555731895,0.27378897381990663,0.4043760836804473,0.2765856722270795,0.4077756499555045,0.27518185151135444,0.4060978698449308,UŞAK,MERKEZ,265371,1.204
54988432B16312548829707,0.14790039297799412,0.14571782134434402,4.518261400489021,0.14621536860507386,0.1443810720952582,0.11582539140727152,0.11996032445094236,0.07816685585333664,0.08932494296215983,0.1450316219408695,0.1434393910763236,0.14663673720578102,0.14471585374256093,0.14607484392906042,0.14426935801015142,KONYA,ÇELTİK,9482,-0.544
54988432B16358110737710,0.35099223611354397,0.4812267559133748,31.091217102755518,0.3427763590829487,0.4747943165036918,0.2984635648123188,0.43019821136945613,0.2506863096158799,0.3727874666657342,0.3383069588353556,0.47095951016418486,0.3448563652497279,0.47650534424857516,0.34117650790754184,0.47344530161907217,BURDUR,TEFENNİ,9514,-0.325
54988432B16406650788150,1.464422747140298,1.2528274511086455,40.842462522634186,1.4615758430297376,1.2498731980782198,1.3958761502487576,1.1851601118050108,1.2273624306249096,1.0362558287004873,1.4617619779771143,1.2500657855114736,1.4616998610877836,1.2499989198604038,1.462720241994661,1.2510466999483159,SAKARYA,SÖĞÜTLÜ,15288,-0.077
54988432B17114220369178,0.7459965743024153,1.133956394450558,95.06145210288018,0.7312303556426843,1.116768310249127,0.3577367881070189,0.5712766516107721,0.010573792159466765,0.01742369215361525,0.726100690591433,1.1102272532769786,0.7336935916251721,1.1198487176211782,0.733108151354496,1.11912089557768,BOLU,DÖRTDİVAN,6214,-0.784
54988432B17229261486281,1.5178939894805103e-08,2.501214057896239e-08,7.697291535409618e-07,1.513747358122062e-08,2.494381161318124e-08,1.4879268024277461e-08,2.4518335675250823e-08,1.4599369609183143e-08,2.4057113840611122e-08,1.5122782895181892e-08,2.4919604026422965e-08,1.514463970818675e-08,2.495562009100154e-08,1.5136010040208433e-08,2.49413999629742e-08,DİYARBAKIR,HANİ,32285,-1.267
54988432B17351022548299,0.31206374976512574,0.40423366889542484,26.024511626846497,0.3021764465191247,0.3963005804098613,0.2498558202445171,0.3435241476983155,0.19801446904732417,0.28317899039488814,0.30202659684335925,0.39618083347537286,0.3026653351269901,0.3967153274026654,0.30426505078944627,0.398079883471223,TEKİRDAĞ,MARMARAEREĞLİSİ,33623,0.287
54988432B17518540104638,0.7134285424159066,0.7630789765012285,40.4433426908611,0.7020911877344482,0.7529932794599854,0.5412293503594897,0.6011138088971668,0.34239062265387876,0.40634720423002274,0.6900811132803992,0.7420128246738835,0.705843697480636,0.7563894624155649,0.6977599425978869,0.7490492794052147,AFYONKARAHİSAR,ÇAY,29140,-0.328
54988432B17530851783527,0.0002476327028485932,0.00040805379153765754,0.02973021150282699,0.0002472388968747706,0.00040740487070087,0.0002387764375062455,0.0003934602721428541,0.0002265482960507116,0.0003733105123292635,0.00024685611364183124,0.0004067741133423257,0.00024737837636705707,0.0004076347076126127,0.0002471450962676939,0.0004072503043090893,KARS,KAĞIZMAN,42717,-0.784
54988432B17532401262571,0.38847757854607134,0.43018123608454145,24.801368419093073,0.3844487690962455,0.42698769703324835,0.34324410020419294,0.39060448762413774,0.27849873829104105,0.3297700534156149,0.381580467213066,0.4245756729387564,0.3854345763726878,0.4277993679135681,0.38345346186043283,0.42615776556980495,SAMSUN,KAVAK,25370,-0.331
54988432B1769560269502,0.05308622265747704,0.08747646891792131,6.395819977431846,0.05302233299637142,0.08737119034140735,0.05146330601145137,0.0848021965655929,0.04828630374813111,0.07956707291528815,0.05292745429601267,0.0872148474473865,0.053046209908488774,0.08741053516302265,0.0529847966442559,0.08730933723951478,AMASYA,HAMAMÖZÜ,3628,-0.665
54988432B17723605206621,0.7175660212104289,0.8885889118117958,49.878289470283555,0.7078161211809478,0.8800731148460584,0.6140679810908215,0.7841754857911527,0.4888577294291177,0.6499540501040049,0.7005953811457265,0.8731901471200898,0.7109122973150266,0.8829255014689774,0.7052743335931507,0.8776800710016874,ANTALYA,MURATPAŞA,510887,3.173
54988432B17733923685340,0.410627658238414,0.6766284311927927,54.5779762825835,0.4092769445270008,0.6744033067494039,0.3835334801889382,0.6319851728555512,0.348074702760687,0.5735573578171849,0.40809357017694003,0.6724535622749436,0.4096865592310563,0.6750781706142159,0.4090030072067929,0.6739519706321363,BATMAN,HASANKEYF,7152,-0.697
54988432B17876819529278,0.12817506125348885,0.21054084078956106,15.200495819836995,0.12778196329193955,0.2099319704444997,0.12120668419469867,0.1992526380383579,0.11166143813089138,0.1836404547937716,0.12750500055822445,0.20948970034465758,0.12788767172582752,0.21009955186499168,0.1277299968666253,0.20984927807733775,MARDİN,YEŞİLLİ,21166,-0.936
54988432B18155993888482,0.0006169521287703108,0.0010166252374827825,0.07657235171533082,0.0006131051294287035,0.0010102860801367295,0.000552989809213474,0.0009112269330162337,0.0004751182063197898,0.0007829086517538802,0.0006110162678277707,0.0010068440149876073,0.0006139653496340426,0.0010117035670530702,0.0006130009626667584,0.0010101144322014006,ŞANLIURFA,CEYLANPINAR,93105,-0.835
54988432B18249389019037,0.0010046077809021845,0.0016554114593499763,0.1027900963273294,0.0009981125899047858,0.0016447085623466262,0.0008923079361020186,0.0014703616782319468,0.0007262295472214977,0.0011966946080283918,0.0009980079917858255,0.0016445362036131533,0.0009985142224491301,0.0016453703799524564,0.0010000637056907095,0.001647923647369794,BURSA,KELES,10939,-0.392
54988432B18439797691554,0.0,0.0,0.0,0.0,0.0,0.0,0.0,0.0,0.0,0.0,0.0,0.0,0.0,0.0,0.0,ELAZIĞ,AĞIN,2532,-0.622
54988432B18592908532301,0.04446213025792573,0.05313246948326659,3.1953195946932187,0.044139006439834344,0.05277933034266373,0.037958150300054914,0.045978010642294266,0.029928908013490203,0.03708894751052815,0.04392826675689034,0.05254263646443937,0.0442201618920531,0.05286834068159264,0.0441241815087222,0.052759257680497405,ŞANLIURFA,BİRECİK,91837,-0.66
54988432B18647546937138,0.1397308359749221,0.20995004630627823,16.846335276235248,0.1354666504639379,0.20543481162627975,0.09729584024180607,0.15258171712157564,0.05512777488523697,0.09063050114419469,0.13664037639673118,0.2068114391600582,0.13509080078947852,0.20498401009890654,0.13744231395570403,0.2077208776606162,ANKARA,ELMADAĞ,45644,0.462
54988432B18669123151161,0.08760074315728548,0.1443501402506697,10.756684286351438,0.08730518877622141,0.14386312022297773,0.0811377022959482,0.1337002208418267,0.07233931910372465,0.11920208073477015,0.08687745594546308,0.143158294077851,0.08742292396281282,0.14405712646178773,0.08714454684370727,0.14359841144708396,TRABZON,KÖPRÜBAŞI,4271,-0.482
54988432B18726314643148,0.09079607901376548,0.1320828098195178,9.394337508972045,0.08947671241073947,0.13091359329037955,0.08036469414147353,0.11991808102506073,0.07050761780865335,0.10668998777646928,0.08855876150262543,0.1299574569939954,0.0898040276362973,0.13123288403446645,0.08911715635038829,0.13054835994694988,TOKAT,ZİLE,52729,-0.186
54988432B18782972179490,0.00396008745811463,0.00652550605600911,0.546114824778369,0.0038942909920680457,0.006417085410709674,0.0027434833138084837,0.004520763030658044,0.0013537551555347276,0.0022307430225294066,0.003919267623639844,0.006458242370575931,0.0038856857926225915,0.006402905602387663,0.003934284959836722,0.006482988217563992,BOLU,KIBRISCIK,3783,-0.655
54988432B18897698290342,0.10167108379985823,0.16753551028210145,13.721149123336065,0.1012267616924814,0.16680334801720875,0.09230203994168168,0.152097024874344,0.08020159424751042,0.1321576845206547,0.10082663282131207,0.16614400819211245,0.10138623123485856,0.1670661249067441,0.10113807855905592,0.16665721429406383,ERZURUM,KÖPRÜKÖY,12903,-1.189
54988432B19023122389933,0.2557305718032529,0.3383624443983377,20.03550437549468,0.2529359681267758,0.33581561043936564,0.2266562350914671,0.3069514143400239,0.1943325040432976,0.2694857168844988,0.2516912038431219,0.3345604971041792,0.25345877170287673,0.3363286048517931,0.252788953926718,0.33566610064261293,ADANA,SEYHAN,782204,2.043
54988432B19168401993834,0.48735024338294797,0.7385957879683656,55.77963266114729,0.48322429235433245,0.7342368325555763,0.43263367276103,0.6692731877904158,0.3532750902238901,0.5576321714511733,0.48001907739575256,0.7305464000942059,0.4843969508093444,0.7355444063454284,0.48219225393511017,0.7330774938294325,AYDIN,GERMENCİK,44697,-0.282
54988432B19253807136892,0.6696721938295935,0.8039201848190995,46.4058082792045,0.6556056107314431,0.7918090583837661,0.5011832831872499,0.6384034134202251,0.2767230567615758,0.40047494453561455,0.6567806488527684,0.7928701709704131,0.6557776133253077,0.791971636695276,0.6601790774090183,0.7959361596557398,KOCAELİ,KARTEPE,154377,0.837
54988432B19331703481644,0.4165779382053903,0.5828923663090446,43.723724089183165,0.41291038548137576,0.5783466089719818,0.364698110190218,0.5056210970758973,0.2911751234401267,0.39521714793746704,0.41093480050977244,0.5755724621617919,0.41365023471973994,0.5793579051519471,0.41266925428543794,0.578013088110273,KONYA,BEYŞEHİR,80353,0.369
54988432B1936830285057,0.4012632784703921,0.5388480959617714,33.63795758614622,0.3968853596063718,0.5338370848750705,0.3160841654073576,0.43537542039617283,0.14614763316244225,0.23971048963441355,0.3978655217941659,0.5349912178024664,0.39672070289439415,0.5336449449463782,0.39894594621982793,0.5362650103457095,İSTANBUL,SULTANBEYLİ,378908,0.684
54988432B19409093219384,0.9297004604679163,0.9099824640819596,33.62538901974611,0.9127980539879267,0.8968687364983969,0.7475476090564741,0.7596690260389782,0.5425301921180156,0.5855931863362006,0.8999472805612874,0.8865261450547558,0.9182642309236385,0.901204678852798,0.9082854992997992,0.8932561876221501,ANTALYA,MANAVGAT,266480,1.538
54988432B19462176511596,0.37278264397675437,0.4941478212072843,31.61090301538747,0.3687435755739933,0.49042976004436706,0.3313613795155718,0.44997402915070095,0.2851716762874951,0.3967713635112658,0.36608367157723276,0.4877656003848489,0.3697721842130454,0.4914298902343757,0.36791560053966677,0.4896107467431846,KÜTAHYA,MERKEZ,277000,1.23
54988432B19525680012961,0.00010394323197830083,0.00017127959847596075,0.011528648525162031,0.00010341842551268375,0.00017041481258276044,9.497024662940835e-05,0.00015649374567498352,8.379803913740306e-05,0.00013808397356283427,0.00010274934394806662,0.00016931228748753142,0.00010359913779303335,0.00017071259365256995,0.00010315506488212837,0.00016998084201827655,ÇANKIRI,KIZILIRMAK,6830,-0.715
54988432B19751816948051,0.0011131452300334021,0.0018342614946334746,0.14898013219968287,0.0011091983012499979,0.0018277576716873515,0.0010286279082476104,0.001694992273692221,0.0009177589771801604,0.0015123003789409006,0.0011057482321001394,0.0018220725833227197,0.0011104012373759605,0.0018297398922968676,0.0011084829343667262,0.0018265788767798075,YOZGAT,ÇEKEREK,18426,-0.619
54988432B19771634656837,0.0055307892748828,0.009113737837734701,0.7157292754903681,0.0055092287242764024,0.009078209959868105,0.005060629069345795,0.008338999072246207,0.004381523751064102,0.007219956648565749,0.005493352509602007,0.00905204883688786,0.005514735031057093,0.009087283354994775,0.0055070888509818495,0.009074683836697751,GAZİANTEP,YAVUZELİ,23436,-1.049
54988432B19879435718056,0.02179125666150143,0.03590803961192725,2.973229139897731,0.021701980496164328,0.035760928679725294,0.019935870628770364,0.03285069986353051,0.017574989350287673,0.028960395610605757,0.021604102360416856,0.03559964326006561,0.021734497859395917,0.03581451139802066,0.021672747300530957,0.035712757674120056,KARABÜK,YENİCE,18984,-0.448
54988432B199390104970,0.5533708402405456,0.734515486492477,48.2920758264309,0.548139642121033,0.7293175477955706,0.4845267622043896,0.6554397435239733,0.38791147815418564,0.5385342828679418,0.5483997820495692,0.7296001033845728,0.5483047421727885,0.729490029948196,0.5497640704128375,0.7310302740748916,SAKARYA,SERDİVAN,168855,1.527
54988432B19989775131060,0.20956686155905166,0.29295417580443134,22.8389439366972,0.2084714699914896,0.2919364371872271,0.18558104115748708,0.2682051747155925,0.14172472695504248,0.2130293581689041,0.2071094805118878,0.29069071435959476,0.2088755025071656,0.29230503960339027,0.207989870768333,0.29149714327451387,AFYONKARAHİSAR,ŞUHUT,35303,-0.488
54988432B20130561704636,0.6120746669546889,0.5718135047965659,21.722370231762312,0.6025957159300029,0.5632991849776069,0.4414777629298951,0.4195965047643647,0.06486986549080594,0.10689377560218957,0.5959481059614672,0.5572820309026983,0.6050145656642819,0.56548432180814,0.6011676072199786,0.5620061304417929,İZMİR,MENDERES,112853,0.903
54988432B20226026057781,0.039416359684051404,0.06495101346740645,5.716992357042649,0.03925345657291222,0.06468257867915368,0.0359653673582804,0.05926440387626854,0.031488273338496575,0.05188696475442382,0.039029629954121195,0.06431375299743193,0.039315479969412793,0.06478478199000468,0.03917199616523754,0.06454834669836326,GÜMÜŞHANE,KÜRTÜN,11327,-0.705
54988432B20261833520035,0.2510009658714521,0.41360407823874,31.700973937035332,0.25057729616074087,0.4129059473786934,0.23867464746297173,0.39329254060892976,0.21565631792383363,0.35536250739739783,0.250056234197359,0.4120473317461932,0.2507291963178989,0.41315625129392947,0.2504170609301688,0.41264190877385365,SİVAS,GEMEREK,21342,-0.478
54988432B20396107752960,0.518985423046984,0.5700462845460598,29.27047329375413,0.5034437032757255,0.5567763248604521,0.3247533828503464,0.38694927363995435,0.09937213828411089,0.15659041898234563,0.49426206108587983,0.5484861998460734,0.50694703080083,0.559889282802827,0.5014284682648362,0.5549710048145549,İZMİR,NARLIDERE,61320,1.632
54988432B20434166663535,0.7346606363649685,0.8890037371703774,46.47655678467476,0.7288958468726754,0.8836121857638289,0.6578807708313301,0.8098446238740749,0.5511230887557145,0.7000412905403908,0.7268196384624436,0.8815199276554462,0.729973870609822,0.8846829184151698,0.7290478568149593,0.883763947257067,KAYSERİ,TALAS,173657,0.631
54988432B20444305553089,0.11907057602156983,0.17846607191393443,12.91738945197813,0.11802285595210281,0.17732357961713235,0.10558416693790307,0.16053982395041697,0.08956369456522213,0.13789342586101044,0.11755431308074056,0.17674702280213403,0.11822415530113722,0.17756489028086334,0.11800371858183314,0.1773004020532042,ŞANLIURFA,KARAKÖPRÜ,312031,0.446
54988432B20591788095048,1.3666586819798907,1.2906375152135,47.18350105503812,1.3477793393376543,1.275677690009077,1.139290381138743,1.105821247212465,0.8865321601146792,0.8935692378906692,1.324852728324212,1.257479350268857,1.3549173070852354,1.2813317567393008,1.337400814725766,1.2674859634227442,ÇANAKKALE,AYVACIK,35411,0.133
54988432B20612067222805,0.06095343777960505,0.10044021289235726,7.313174395478607,0.060779548702423455,0.10015367522413043,0.05716618170621805,0.0941995016192001,0.052110650753844814,0.08586890331929302,0.06058567053925065,0.09983419916677226,0.06083886869045219,0.10025142380802363,0.060721806970529625,0.10005852732016546,ORDU,AKKUŞ,20465,-1.012
54988432B20693988968005,0.09355180809580979,0.15415641617431622,13.065733951534018,0.09316798701363165,0.1535239486284177,0.08541520673130762,0.14074877251973153,0.0748510980666677,0.12334103700970163,0.09247075461898405,0.15237503606983369,0.09333932128941863,0.1538062764472033,0.09286790715317918,0.15302947143128995,KASTAMONU,ÇATALZEYTİN,7185,-0.448
54988432B20916998387085,0.885992713083492,1.0295796684292198,51.82093728303332,0.8786551807005712,1.022934688380311,0.7926442377659937,0.9367190851449777,0.662985183186271,0.8077992930358949,0.8760610427854255,1.0204219188003807,0.8800088849810174,1.024228090761851,0.8788451556899022,1.0231166660114666,KAYSERİ,KOCASİNAN,421472,1.558
54988432B20934882721919,0.21066316564635898,0.28609680880266414,18.6800862861627,0.20763783295956353,0.2834176647951115,0.17845032289479587,0.25090268716607583,0.13567460510029097,0.1994078388412788,0.20572561220733201,0.2814843416825186,0.20834337575808712,0.2841003568603071,0.20703217352206293,0.28281417349479,BALIKESİR,GÖNEN,75730,0.326
54988432B21001477531,0.023174421610958396,0.03818724464201971,2.9035890088654472,0.02305762040650968,0.03799477743642369,0.02073686094443858,0.03417058666173421,0.017621110426248657,0.02903639478074437,0.022916843473471553,0.03776280257758457,0.023099063488540874,0.03806306812081755,0.023011522188381546,0.037918815931848836,SİNOP,DİKMEN,4810,-1.014
54988432B21059504662364,0.4689132681290555,0.6742719531093188,45.523325614563845,0.4631612169729216,0.6675625029887262,0.3684924055004142,0.5448847704685846,0.19952512481419346,0.32321304437403314,0.4650292707031364,0.6698438229356134,0.4625312699561621,0.6667857579853731,0.4661961155062698,0.6712442198328846,ANKARA,KEÇİÖREN,931722,1.365
54988432B21435707194985,0.3529135157350341,0.5815374808092861,42.09230818683967,0.3521600539259174,0.5802959123716276,0.334148376036963,0.5506159332331831,0.30391148133866436,0.5007910135677485,0.3510445537779274,0.5784577703992145,0.35246207654710116,0.5807935908861636,0.35174423699037144,0.5796107214611248,TRABZON,DERNEKPAZARI,3717,-0.374
54988432B21454530006409,0.35045989636142394,0.4533622966239798,28.26144020777202,0.3439460448829757,0.4470064948756978,0.27087433431820485,0.36547661302320206,0.16782275161666488,0.24684584417922434,0.34386441286312813,0.44691944199597516,0.3442826757880145,0.44735709254884387,0.34562699154216125,0.4487393707420249,BURSA,İNEGÖL,306004,1.018
54988432B21829167543516,0.2984711020931516,0.26837473800438916,9.598511378966641,0.29355052134848264,0.2645968156556319,0.21291285514808644,0.2007916516216501,0.09799069213392742,0.10685332683897103,0.2934781494248079,0.2645385421500589,0.29384911281902026,0.26482917880082146,0.2950113378501254,0.2657314741908527,BURSA,İZNİK,45510,0.099
54988432B2183648295887,0.11697003680365362,0.1719558332632745,13.337886428785573,0.11527757681850836,0.17059177515464402,0.10465793737837277,0.15879177122151897,0.09081006519336196,0.1402474160376017,0.11454995533982998,0.16993675201454403,0.1156136511957717,0.17088139474567862,0.11510928020232195,0.17044327443359425,ISPARTA,YALVAÇ,44596,-0.1
54988432B21974085302576,0.1450383853569036,0.16114628557127592,8.75973057047916,0.1437973153895132,0.16009722455347017,0.13166986007716477,0.14819804813822998,0.11640469048160677,0.13280280504091785,0.1432983289954258,0.15963976621219136,0.14400839071274305,0.16028710198082174,0.14377228447740795,0.1600744904515167,ADIYAMAN,MERKEZ,296876,0.542
54988432B22127329253106,0.25364290409419216,0.41795751337229137,38.046435614128825,0.25230083221568483,0.41574602227179713,0.225696916535846,0.3719075932677581,0.19006741556840615,0.3131966363015947,0.2510925039288749,0.4137549163589547,0.2527823585887716,0.4165394904204027,0.25203142186710015,0.41530208286898457,ERZURUM,İSPİR,13984,-0.381
54988432B22219772223336,0.39298300109766476,0.48574645599810756,33.51640292134685,0.38253593658196244,0.4769178792787918,0.29893199098598927,0.389867766019994,0.2021940943740552,0.27895184018524416,0.37485670918537756,0.4696972012960816,0.3852545625890236,0.4793693781726675,0.37963408750065814,0.4742313307003039,AFYONKARAHİSAR,DAZKIRI,11723,-0.088
54988432B22317545762154,0.10180672149599045,0.16775901661040743,10.810074308596194,0.10141581792645946,0.16711487840960507,0.09465837032897913,0.15597983008379976,0.08488141730048283,0.13986918432873258,0.10088270445486693,0.16623640407685047,0.10155574765004877,0.16734545722089536,0.10120021985494324,0.16675961188172572,ÇORUM,BOĞAZKALE,3587,-0.604
54988432B22429834730887,0.16116307979726388,0.25027641187393157,19.28900135444405,0.15961877599892105,0.24859270720405333,0.14175139177242746,0.2234292408226653,0.1170047693303424,0.18639841078982577,0.15855405497898858,0.24725140616591867,0.16001104787452947,0.2490652089842066,0.15931531836991844,0.2482192783636093,MERSİN,TARSUS,358510,0.613
54988432B22474177192054,0.34397046664906195,0.3917763707558796,24.53354238997952,0.33293995238998214,0.38342001865259884,0.281058422006942,0.3372084051743029,0.23196138965864782,0.28576520429568525,0.3293755481275036,0.38071853889685225,0.3348162885732924,0.38484916262298857,0.3325368758906175,0.38318830024348466,NEVŞEHİR,HACIBEKTAŞ,10564,-0.211
54988432B22642598779433,0.1355821287219458,0.22341476328981974,17.741565746960994,0.13514805230779744,0.22269948406953594,0.12653317972152614,0.20850373616546702,0.1144291851970888,0.18855854798300176,0.13524323444211814,0.222856326967705,0.13512806829675042,0.2226665540429923,0.13536609408850564,0.22305877738705068,KIRIKKALE,KESKİN,15841,-0.48
54988432B22653723739411,0.5370913972142625,0.5570968383275797,25.591386065591408,0.5306636821544563,0.5512930986289049,0.4428355037216426,0.46535894637684555,0.2467033364011524,0.28737381284027647,0.5305844508817295,0.5512172720080246,0.5310030954434715,0.5516172993567269,0.532363194325463,0.5529049074191185,BURSA,KESTEL,77374,0.777
54988432B22713208717881,0.2775151322027318,0.4000811545919343,30.153026473187598,0.2732402945785689,0.39627456491539187,0.24346688336496333,0.36016365231048375,0.21128070375120145,0.31683936730464574,0.27018999642584623,0.3930756380776243,0.2743738966506257,0.3973853656053819,0.27202604003052483,0.39503308344762017,ERZİNCAN,TERCAN,16145,-0.527
54988432B22762038949408,0.0008228873072433096,0.001355969069780532,0.12333530042815467,0.0008187947231309515,0.0013492252332636904,0.0007372381277957613,0.001214834752650254,0.0006274947858251323,0.0010339976246296107,0.000814827061926337,0.001342687247046782,0.0008200626844109123,0.0013513146035361106,0.0008177953340489977,0.001347578421273911,MALATYA,ARGUVAN,6859,-0.877
54988432B22791175863711,0.12673638169461954,0.2088385761709061,16.14191350541288,0.12615534786920388,0.20788113778435557,0.11460926525108478,0.18885528725842088,0.09909219243325951,0.16328596493530714,0.1258326611891399,0.2073494086477589,0.12629648496296414,0.2081137061227576,0.12616619670213505,0.20789901469382838,AKSARAY,ESKİL,27946,-0.542
54988432B2283015809064,0.8171071844265053,0.9986884769190801,60.67078951130219,0.8115308748528656,0.993630868927839,0.7267642815150125,0.9087625752031403,0.6029688820700643,0.7770780978174253,0.8036034806919377,0.9860768330389567,0.8138129175529779,0.995758951028355,0.8080175943425714,0.9903056461545552,ÇANAKKALE,EZİNE,31894,0.043
54988432B23049550027928,0.01421595133290631,0.023425310045797895,1.535365841250765,0.014168247108081091,0.02334670213340033,0.013569401403527283,0.02235991299982363,0.012783018246000536,0.021064096149549454,0.014140813139760535,0.02330149592815622,0.014181465789788964,0.023368484123937036,0.014163621719179946,0.02333908033120402,KARS,SUSUZ,8417,-1.064
54988432B23191513902101,0.020255975973831688,0.03337817542811135,3.030494091534435,0.020218294867312706,0.0333160837972099,0.019049090199982986,0.03138944651506093,0.016607962321225234,0.027366910415842972,0.020193559215220855,0.03327532392783025,0.020227976510910912,0.03333203739030613,0.020217317943882065,0.03331447400453983,ŞANLIURFA,SİVEREK,277399,-0.797
54988432B23223928850559,0.7810772232857777,0.6315071404887176,17.681093921802344,0.7567455518752413,0.6136914082223083,0.6315855551102635,0.5187363500836656,0.5170158289432021,0.42975279599806,0.7407921687045501,0.601833085552402,0.762886461082577,0.6182231540716775,0.7499612747464519,0.6086625165176034,RİZE,ÇAMLIHEMŞİN,7051,-0.287
54988432B23323224712482,0.19942301136410173,0.2411259089625146,12.248670937839394,0.19732016739183963,0.23928958158895705,0.181464820705915,0.22354283533504243,0.1629178241600794,0.20436879850397419,0.19625701258547829,0.23830284268260213,0.19775027316862645,0.23968083766945739,0.19705644022257038,0.23904782776443534,BATMAN,MERKEZ,517785,0.367
54988432B23399506189072,0.21444480116381912,0.3206423547647858,23.55237581924472,0.21323494508123295,0.31939821648795697,0.19936807354021646,0.30160746885066786,0.1810170049979724,0.27665270663112695,0.21210470501453624,0.3180660940935564,0.21361176470078536,0.31982115653627957,0.21280245912663054,0.31889714454387086,ERZİNCAN,MERKEZ,169506,0.724
54988432B23414498187301,0.34862805038028455,0.3987224307619498,20.828749616241126,0.345388095821428,0.39594906809529046,0.31942707365230416,0.3693068264526726,0.2854832853330449,0.3339283031380444,0.34286305295216757,0.3935414052852828,0.34628266705803773,0.39676418569309807,0.3443482063873882,0.394973373483035,RİZE,ÇAYELİ,42032,0.054
54988432B23567974096892,0.5229263607744017,0.7130348047015667,50.44592767577111,0.5177760932787409,0.7080476824341287,0.46275531801368425,0.6434206557428881,0.3896611281156014,0.5528977404022929,0.5147935108868147,0.7048262359390378,0.5190279603102588,0.7093568617537931,0.5171095682103904,0.7073333734173816,ISPARTA,MERKEZ,273638,1.551
54988432B23570910336885,2.5864351830884815,2.257276010464759,82.0757462895981,2.583488847224023,2.2538226528358787,2.523943354226343,2.180768750032842,2.2915257538863747,1.9501067904040519,2.579812578436087,2.2495427383864,2.584574454502556,2.2550824488460797,2.5821915399077406,2.252315719057814,AFYONKARAHİSAR,ÇOBANLAR,14457,-0.801
54988432B23630404748183,0.02816326109630812,0.04640794749730618,3.3795913315569743,0.028047148206404436,0.04621661450926961,0.025698093817146786,0.04234579882524087,0.022493544995656926,0.03706528344203652,0.027863470825769062,0.045913947491845034,0.028093369789468574,0.04629277929688946,0.027973760214396647,0.04609568440574275,ÇORUM,BAYAT,13312,-0.868
54988432B23635827316109,0.31351759729108986,0.47886299258499154,36.24117689163618,0.3111126686247554,0.4757984481652397,0.26317946491198757,0.4071973249415352,0.171107706726971,0.2696792579848698,0.3113706094178614,0.4761460294646943,0.31114653811911164,0.475844007587497,0.3120624052302096,0.4770681980684407,KOCAELİ,KÖRFEZ,183077,0.55
54988432B23701812134716,0.1216344212559714,0.1801272686998944,11.528019657132715,0.12094661542581618,0.17928228486908443,0.10755770222520594,0.16238027318144213,0.08849464987696422,0.1373084115251651,0.12015845490099475,0.17830972607703247,0.12120482034113234,0.1795999030556387,0.12069673116764056,0.17897441745440074,AYDIN,SULTANHİSAR,19791,-0.265
54988432B23708733321039,0.4561009325031188,0.6315905834333932,41.20749150480337,0.44832933547746934,0.6236883356090358,0.34764738705187037,0.5026186024445543,0.17898659070540074,0.29178628417162644,0.4506140567769192,0.6261719722331154,0.44757748184420676,0.6228577371019801,0.45210170626717894,0.6277454995765864,ANKARA,MAMAK,690329,0.779
54988432B24237027631041,0.2477228582657966,0.303955528008022,17.220133416600767,0.24655597245123353,0.3027573064725117,0.22683859510441357,0.2812571022387864,0.1963206119264064,0.24854256426738067,0.24583798520147315,0.3019764160838981,0.24683743374518605,0.30306020975443576,0.24645420123071843,0.3026471927879212,DİYARBAKIR,YENİŞEHİR,232622,0.466
54988432B24385589746851,0.0,0.0,0.0,0.0,0.0,0.0,0.0,0.0,0.0,0.0,0.0,0.0,0.0,0.0,0.0,BİNGÖL,YAYLADERE,1889,-0.451
54988432B24416647543453,1.1125466156658257,1.3721974715706078,73.54169883213923,1.093555311871796,1.3563165493965121,0.910733944056876,1.1740825288328185,0.6784481623568163,0.9255410190726433,1.063231062027742,1.3280874238664881,1.1020080255915603,1.363725336359599,1.0773378463857048,1.3414414280560978,MUĞLA,DATÇA,26067,0.923
54988432B24437456666423,0.15210599842523498,0.11002417106464563,1.6731659826775847,0.14338825370273756,0.10371828801876809,0.10851727481274788,0.07849475583525785,0.08236404064525563,0.05957710669762517,0.13856046502629937,0.1002261611289697,0.14529744821063095,0.10509928249174669,0.14141672993656026,0.10229220837461435,TOKAT,SULUSARAY,6536,-0.911
54988432B24535022405738,0.07375130390018836,0.12152877564688283,9.340395063865422,0.0735218469989363,0.12115067228059348,0.06880677740128502,0.1133810925580723,0.06226977684277454,0.10260930097925605,0.07357452501359317,0.12123747609674597,0.07351046183970252,0.121131911602625,0.07364037318397129,0.12134598194140833,KIRIKKALE,ÇELEBİ,2587,-0.608
54988432B24536505693490,0.13377632342996712,0.09862071968497767,1.7070364508593294,0.12621811845528727,0.09314802157563236,0.09588425623646832,0.07109072971653438,0.0730501710724845,0.05440985734949885,0.12202760434507479,0.09010928570062038,0.1278743684752002,0.09434818870035476,0.12450723822095022,0.09190775191824221,TOKAT,ARTOVA,7589,-0.583
54988432B24577207429015,0.06576419047683575,0.10836746101295477,9.004139491298366,0.06550932381876563,0.10794748697493108,0.060565340908023735,0.09980069962084283,0.053690988363067675,0.0884730131397444,0.06507046578273788,0.10722432850883225,0.06561894085172985,0.10812811596861255,0.06532117275466429,0.10763744813835886,KASTAMONU,İHSANGAZİ,4976,-0.49
54988432B24627803634340,0.05736368794283893,0.09452495608372921,7.402904866121929,0.05722307189553013,0.09429324633539896,0.05427917859540726,0.08944224398724819,0.05013094058275714,0.08260669993433903,0.05708714953862614,0.09406927093775799,0.0572692729104482,0.09436937723044367,0.0571896913880192,0.09423824131184347,BİTLİS,ADİLCEVAZ,28769,-0.832
54988432B24762133254880,0.062294228447135926,0.10264959278948173,8.282364438583121,0.062173665755715216,0.10245092733541893,0.05900582964436253,0.09723090784147626,0.05273899530943036,0.0869043012104007,0.06198518545782745,0.1021403459812661,0.06221993702634258,0.10252717399913325,0.06209949629844616,0.10232870951884311,ÇORUM,LAÇİN,4094,-0.789
54988432B24776068854278,0.05557385568209302,0.09157563706482591,5.8157995716359006,0.055503373562742916,0.09145949531252268,0.05398857262916372,0.08896337804989399,0.05179770288089266,0.08535322197089756,0.055409719632689265,0.09130517061787942,0.0555308120646934,0.09150470898836684,0.055470720758607706,0.09140568941217737,SİNOP,ERFELEK,12565,-0.585
54988432B24795897015329,0.07777177771129377,0.12815378746288072,11.61609477553044,0.07702210782040932,0.1269184674188877,0.06278828915346701,0.10346371524644746,0.04420909451974475,0.07284857141933428,0.07648957825874762,0.1260409552638199,0.07721082704438084,0.12722944247990264,0.07695866828242853,0.12681393056366358,KONYA,DEREBUCAK,5353,-0.621
54988432B2483198976675,0.10144754959376613,0.15147160339533167,10.712723892095166,0.10052313527174223,0.15049533760275086,0.09026090725220161,0.13683217563449002,0.07700065397554852,0.11826444993546541,0.1001278685146428,0.150020213926153,0.10069456517919176,0.15069556636485704,0.10050689867518746,0.15047615941249243,ŞANLIURFA,EYYÜBİYE,414516,-0.568
54988432B25026961514665,0.025760509343717094,0.04244864829534259,3.3861399517346165,0.025605085345290112,0.04219253772866654,0.023412496894820254,0.03857954954009545,0.020563561941847847,0.03388502132943608,0.025512135191963468,0.04203937273045492,0.02563914958670759,0.04224866942171984,0.02559148013489104,0.04217011880893524,HATAY,SAMANDAĞ,122952,-0.029
54988432B25326258827765,1.3732358151545707,2.2628436171927517,203.25694614869587,1.3653262414529455,2.2498100739601035,1.0325384579237327,1.7014361504660964,0.4308479664046204,0.7099593238102616,1.3654192843542188,2.2499633917901134,1.3654534264811038,2.250019651824294,1.3683839326371356,2.2548485945864476,ANKARA,ÇAMLIDERE,10203,-0.526
54988432B25362626597569,0.381252303440579,0.5476207324967611,36.840613478783155,0.3773686934285682,0.5438452584811462,0.33682002400245437,0.4958745211156663,0.2839570303836665,0.4283527903211782,0.3760505697943495,0.5417274753580337,0.37788697366915597,0.5445505556313167,0.37757886120975054,0.5435880323202815,TEKİRDAĞ,ŞARKÖY,34458,0.097
54988432B25487476963014,0.08689372430434669,0.14318510138338142,10.525283404414601,0.08663511404650429,0.14275895857175264,0.08130946021879468,0.1339832467541473,0.07391914621007736,0.12180534933906002,0.08628274602649527,0.1421783199689861,0.0867346043537991,0.14292290055779033,0.08650836342275414,0.14255009652725667,TOKAT,BAŞÇİFTLİK,8445,-0.936
54988432B26148640442068,0.0023663801088809637,0.0038993653283288777,0.354858751552348,0.002354602771431982,0.00387995841177467,0.0021199170852929904,0.0034932389561170545,0.0018041365440196384,0.002972889883970516,0.0023431914959525855,0.0038611546989690344,0.0023582503829688507,0.003885969014173119,0.0023517309057509627,0.0038752260978821744,MALATYA,KULUNCAK,7414,-0.873
54988432B26216305629532,0.5177858267104075,0.5458617552876589,25.774438959122854,0.5100514785262414,0.5386114708373028,0.38948685824339574,0.4185615759308759,0.10617853852326552,0.1616781054255742,0.5116343937797644,0.540172492349764,0.5097803666260883,0.5383427192820531,0.5133850703857781,0.5418766812281837,İSTANBUL,BÜYÜKÇEKMECE,283239,1.891
54988432B26373171559037,0.08184465205048898,0.11475179245392973,7.703060541469065,0.08026242462629558,0.11338961896917818,0.07059235979046768,0.10243530720617941,0.060575752961902735,0.08966490666884142,0.07964700079596855,0.1127931681136883,0.08051566582260064,0.113626433704987,0.08016637423574931,0.11329839649107099,HATAY,PAYAS,44530,-0.028
54988432B26387222249237,0.14775732095639812,0.208307036787077,13.997245930658677,0.1460881578859489,0.20674307302016515,0.130305778845191,0.1880768708356707,0.10948922039648427,0.161841612772071,0.14534005733468316,0.2059492879501497,0.14637995940581,0.2070430602864543,0.14598954743057152,0.2066403192007105,GAZİANTEP,ŞAHİNBEY,957792,0.854
54988432B2651757206264,0.1630713207946059,0.26871196726378027,24.460698119190877,0.1622062017993419,0.26728640802993153,0.14505966100807183,0.23903201795484214,0.12209950348849936,0.20119784168333504,0.16142946494696864,0.26600648654140463,0.16251627718732337,0.2677973560439573,0.16203389835924695,0.2670024832041031,ERZURUM,UZUNDERE,8263,-0.561
54988432B26639415415250,0.017486180486474368,0.028814054706580133,1.232229103281675,0.017462166046314825,0.028774483263688984,0.01696090278784713,0.027948492306826857,0.016255251855880427,0.02678570752525804,0.017432992613486152,0.02872641073634921,0.0174707793725148,0.028788676463428833,0.017452678796456424,0.028758849996226923,ORDU,AYBASTI,19784,-0.464
54988432B26755452490814,0.23510676798563593,0.27332695434645404,17.943335999720407,0.23094280614085705,0.26974045562842186,0.19360956735791104,0.23128200565121415,0.15067847545532753,0.18458901185426183,0.22869962302770305,0.26761664132823687,0.23190810278833043,0.2706282398144324,0.23044220181360978,0.26927298767646823,ISPARTA,ŞARKİKARAAĞAÇ,24310,-0.249
54988432B26897526032895,0.030975524556150418,0.051042047736857714,2.0054772458143666,0.03093932253860359,0.05098239337638203,0.030181251485019208,0.04973322973962609,0.02910507998948492,0.047959894255071724,0.03089922817460627,0.05091632513474757,0.030951609450187573,0.05100263997871064,0.030927457620626785,0.05096284214299878,ORDU,KABATAŞ,9949,-0.805
54988432B26930911195610,0.13754570533583368,0.22515040970155725,13.79832533748337,0.13722605677653973,0.22473135940476502,0.13140870831089377,0.21557611425256207,0.12132915823218354,0.1992898611310937,0.1370685918430216,0.22449804618723831,0.1372972854715976,0.2248335961091511,0.13722662463624333,0.2247302350157279,KAYSERİ,AKKIŞLA,5440,-0.812
54988432B26980759759875,0.006129173876025171,0.010099767156500346,0.9170011734523126,0.0061114625100841275,0.010070582036997075,0.005744109288634757,0.009465250539494343,0.005230934775960585,0.008619631995544524,0.006099186082375249,0.010050352710193628,0.00611652784615573,0.010078928792355531,0.00611030426241467,0.010068673454860613,MUŞ,VARTO,28804,-0.844
54988432B27026287555316,0.31508043270452296,0.4788339328397621,35.345766983855036,0.3139766092863352,0.4773765609299771,0.29532240139228333,0.4501878411863483,0.27000308918296434,0.41269997502773414,0.3131463715656661,0.47620696318670347,0.3143130577689467,0.47784302301556725,0.3138081009432942,0.47714072065413393,BAYBURT,MERKEZ,68715,0.161
54988432B27102438634757,0.2650816601078818,0.38531898008077453,26.304466835464535,0.26052356909753027,0.3797071985890832,0.18914750885890685,0.2849992840017496,0.09516635460647051,0.15681416779119803,0.2571981303505882,0.3753654179114653,0.26172164204877085,0.38125109988569433,0.25980508163442223,0.3787717276976733,İZMİR,MENEMEN,220510,0.838
54988432B27162920946888,0.08403936027360188,0.06085295398294722,0.9319679928147874,0.08054188525903973,0.05832299750168374,0.06655014569678862,0.048200140407587334,0.056054766249489324,0.04060540264235918,0.07866204607543588,0.0569631078240161,0.08131466004801571,0.05888201329418599,0.07979596722832692,0.05778340105558866,SİNOP,AYANCIK,23818,0.146
54988432B271913105949,0.25141411516300816,0.34143990974663985,21.31491779350091,0.24958215172380835,0.33978855750500375,0.23336804826146476,0.32114989943076727,0.21163430476331635,0.29521431244539137,0.2496219880713178,0.33982386468420234,0.2496540624020629,0.3398621264167929,0.25006561630475205,0.34026349832412073,KIRKLARELİ,MERKEZ,114710,0.85
54988432B2727016024210,0.6436740826295478,0.9603130219539185,66.81232329637824,0.6276710249384452,0.9411459667569513,0.5336154167448227,0.8149717076729918,0.4408339138477659,0.6836938610121196,0.623244401056644,0.9356017750347391,0.6301401566683357,0.9442021285073046,0.6280110957003097,0.9415685238260961,KAYSERİ,SARIZ,9213,-0.67
54988432B27415936221667,0.0006783806297686751,0.0011178482684173646,0.0873804148676347,0.0006772088823526672,0.0011159174411464658,0.0006521713599341733,0.001074660144206077,0.0006161875106026795,0.0010153652853892529,0.0006759650162055398,0.0011138677752838314,0.0006776269926549715,0.0011166064111095351,0.0006768628956090393,0.0011153473177300708,IĞDIR,ARALIK,18477,-0.852
54988432B2751478310709,0.0863167322483153,0.14223432309988998,10.895172591438289,0.08608981732371103,0.1418604084501845,0.08103898959720737,0.1335375602136837,0.07312314915575191,0.12049369053013079,0.08582205615605806,0.1414191865985046,0.08616927262085507,0.14199133637240324,0.0860057312562371,0.1417218498581507,ORDU,ÇAYBAŞI,11656,-0.932
54988432B2777192469074,0.5033888908508303,0.5542415253091049,26.913444313129272,0.4961175866880736,0.5473386852737365,0.36723868099547907,0.4209118950567071,0.12609081009981066,0.19288996320758164,0.49767697454189036,0.5488773409636729,0.495848752058844,0.5470724861121562,0.4993767103355368,0.5505389861169511,İSTANBUL,ESENYURT,1003905,2.479
54988432B2790906472505,0.29483284194660125,0.4401716990697672,34.405443269336246,0.2931143498286194,0.4379492368843613,0.2581631103396282,0.39148283981517096,0.19920009614217132,0.3081921790567968,0.28873424278278736,0.4324000877060545,0.29406765073448804,0.4391557702508558,0.29090704740198786,0.4351638348413913,MUĞLA,KÖYCEĞİZ,41810,0.205
54988432B28277823667542,0.27119949349542927,0.2204658729650617,6.1464927238000655,0.2591738432162849,0.211653725760556,0.2091026133941773,0.1731611938034369,0.17006863534654063,0.14185210753950217,0.2505647857122253,0.2052207351015493,0.26232705421773056,0.21398520533326185,0.2549697770165599,0.20852416151571615,KASTAMONU,ŞENPAZAR,4083,-0.859
54988432B28290030678848,0.199459863357338,0.21839337372334972,7.381709988956815,0.1882766822116599,0.2086328272487467,0.1420040256972475,0.16705311275975807,0.10617465888097201,0.13401473780290307,0.18328537206991494,0.20423278085133295,0.19043935995438735,0.21053149389572784,0.18672716393726907,0.20727010951118974,MERSİN,ÇAMLIYAYLA,8383,-0.505
54988432B28558182878988,0.3431183658319918,0.565396849904571,41.17420389983901,0.34201504048064113,0.5635787697893871,0.3192823849105711,0.5261194754781737,0.2877405391088902,0.4741442330186127,0.34093993198428685,0.5618071859347301,0.3423575651150335,0.5641431882775396,0.3417459248330275,0.5631353160003373,MALATYA,DOĞANYOL,4002,-0.973
54988432B28682407811483,0.08925394499791865,0.14707431711215582,13.388091749687801,0.08861601374299113,0.14602312207887014,0.07582236414737657,0.12494150739291875,0.05779850307537441,0.0952414525779646,0.08685072491249889,0.14311424618261231,0.08899831998368458,0.14665309344068514,0.0877195795203333,0.1445459610286057,BURDUR,ALTINYAYLA,5060,-0.663
54988432B2869647225389,0.24090292706622146,0.33948611034568105,18.60055217196588,0.23436598948971302,0.33390395186591787,0.19381421311373306,0.2878400948376521,0.15294544125493728,0.23606435741774667,0.23074881643410214,0.3303545094963939,0.23578888238699638,0.33522965648005837,0.2331917756708617,0.3327773849590702,BALIKESİR,DURSUNBEY,32168,-0.456
54988432B2872798866020,0.7695494970024307,0.7667588830795548,37.75931178800496,0.7681592074672249,0.7648885356538313,0.7126944789381785,0.7073064280024653,0.6096053161620907,0.6089481686939836,0.7648353903520512,0.7609136158154415,0.7688419280454916,0.7657683596404464,0.7668184823706237,0.763242728095546,KASTAMONU,ABANA,4474,0.084
54988432B28758296950663,0.21183884487732918,0.34907200403172817,15.962045763486456,0.2114753191843228,0.3484729796070612,0.20472622137563637,0.33735169021913713,0.19527126772377965,0.3217716410492507,0.21101464949961188,0.3477138794989964,0.21160545323428726,0.34868741692444816,0.21130677110134413,0.3481952429288087,GİRESUN,ŞEBİNKARAHİSAR,19130,-0.204
54988432B28761186895791,0.4956543071675401,0.6084143256776652,34.1738565021368,0.48842193327759853,0.6013507759930027,0.37267448452448315,0.4786467893265012,0.1568652003039597,0.25214637365360293,0.48988082317779036,0.6028442630114627,0.4881776040701855,0.601102430244113,0.4915250219016544,0.6045202787973761,İSTANBUL,KARTAL,475630,2.321
54988432B28793494841069,0.06865705549131296,0.09770258953532819,6.92699378933599,0.06752524278716011,0.09682583504195613,0.06131093673075412,0.09053885594373494,0.053940505445187026,0.08135852449212407,0.06711882405420866,0.09648578502982745,0.06771165539889318,0.09697744002694707,0.06746177140999336,0.09677299782938002,DİYARBAKIR,BİSMİL,119815,-0.727
54988432B28826403720694,0.48814107298934567,0.471875080514079,20.00386186157054,0.47772549690857613,0.46332142247333874,0.3782624302468628,0.37323798928817514,0.19463451843972704,0.21378899920293504,0.47758373787710845,0.46317962949154357,0.47823481051756106,0.4637654585322837,0.4802516360539658,0.4654689655921658,BURSA,YENİŞEHİR,55609,0.062
54988432B28913521474336,0.15349767524861435,0.23505626947309644,17.239072177701274,0.1519435558361105,0.2335201337105208,0.1383671263456277,0.21524772459289385,0.12240351048582632,0.1920168939787182,0.1507049573252437,0.23204665469985167,0.15235865382445257,0.23397971403936277,0.1514631096547373,0.23296019821570685,TOKAT,ERBAA,103409,-0.097
54988432B28918062782607,0.382631684379249,0.4387753979377541,23.630532171519782,0.37004467379074263,0.428202802349978,0.2583186449606597,0.31546962225775343,0.08052138979804098,0.13268464960002324,0.3636724817591909,0.422368029412831,0.3725875074592996,0.43046802132027334,0.3686149332922258,0.42691163398751597,İZMİR,GAZİEMİR,137220,2.031
54988432B29112177447975,0.7349955664664714,0.8272115322216884,42.08583497032894,0.7235697030222112,0.8166700898699759,0.5564106678049112,0.6475134783703512,0.20662063413807,0.3093718718590795,0.7258743876073489,0.8189000903747071,0.7231778939802069,0.8162897354520658,0.7284488343128178,0.8213616418039903,İSTANBUL,ATAŞEHİR,412125,3.545
54988432B29207959806558,0.7766380429661949,0.8865880808900207,47.92568684193129,0.7609774343469677,0.872831847229928,0.5576387098415995,0.6723132121187056,0.20262868896839445,0.3172163891457505,0.7655166962468319,0.8770079797870771,0.7594835431512166,0.8714423480264248,0.7684788408870373,0.8796826682359974,ANKARA,ETİMESGUT,632458,1.957
54988432B2925959455693,0.7399834199144684,1.0533300009865252,74.19303277477051,0.7199248168697333,1.0344139974706492,0.5160347570423942,0.7773500078256186,0.250603206865031,0.41094871568197094,0.7254793178497757,1.040143263279664,0.7181244571908405,1.0325106835224414,0.7292006155731496,1.0438425522535808,ANKARA,KIZILCAHAMAM,27841,0.022
54988432B29479303092234,0.2819009204479369,0.37004035228385107,24.573905980854576,0.28080297316530944,0.3688380631413181,0.2585588087760508,0.34374805373781536,0.2270439953705623,0.3070626303057394,0.2793096867234006,0.3671891789980103,0.2812170173989852,0.3692933750639206,0.28025911584873925,0.36823860355451066,GİRESUN,KEŞAP,20859,-0.24
54988432B29488154081251,0.22598531479991102,0.2989182590852988,19.825301753634342,0.2238741190061808,0.2968171522379642,0.20387915765573222,0.2724486637611563,0.17869457371157987,0.24049438898274234,0.22260552557120947,0.29540737528077504,0.2243347430379289,0.29731194017824203,0.2235371880049182,0.2964486007498366,MALATYA,YEŞİLYURT,309890,1.023
54988432B29554911606653,0.9835736192910693,1.4125087119820676,103.57027647460177,0.9656834478159426,1.394762594493056,0.5690215852710451,0.8932003665876929,0.10275334611463273,0.16923206902447352,0.9600489024031441,1.388854198820537,0.968457123884867,1.3976400339778579,0.9677900022463765,1.3969485588881725,BOLU,MERKEZ,222589,1.48
54988432B29564092922191,0.0699384442317857,0.05059241129433001,0.7697026147588262,0.0667886168048712,0.04831401324678822,0.05418920097628574,0.03920024618857533,0.04473954926587504,0.03236477285658077,0.06593948438696025,0.0476997994376617,0.06725781239325059,0.04865340216063028,0.0667827225011428,0.04830974964734897,HAKKARİ,ÇUKURCA,14299,-0.386
54988432B29828557517044,0.568855089151948,0.6041683045800094,29.734199782984014,0.5568942095434003,0.5935206513608137,0.4529430622179624,0.4929545836257215,0.33667377273303467,0.37766658789343893,0.5481431455847136,0.5853673059675751,0.5606863451362921,0.5969902780698612,0.5537978717743423,0.5906549107731894,ANTALYA,KUMLUCA,75588,0.515
54988432B29874817302279,0.1412528128261289,0.23275902243938373,16.950337539135464,0.14099183711528443,0.2323289817901307,0.1354261203182583,0.22315768972924344,0.1274439877711352,0.21000458267616898,0.14079409643446886,0.23200314100408,0.14108251445293313,0.23247840160023028,0.14096475497875452,0.23228435533988046,KARS,AKYAKA,9382,-0.832
54988432B29894117930942,0.3017646656788451,0.429957131090128,27.874885177534317,0.2976023593236786,0.42563693520587326,0.24677635742278806,0.36234000298871055,0.1693873161378207,0.2616906402986831,0.29755004610106894,0.4255777940701251,0.297826277448788,0.42588939180873436,0.2987202711841624,0.426884688620019,BURSA,YILDIRIM,654589,1.085
54988432B29917734585763,0.11436226123434907,0.15926847451776024,11.00347641033141,0.1131001853968231,0.15799101625780276,0.10084596437926005,0.14303093670442885,0.08624767884166668,0.12432129469391472,0.11248744967316497,0.1573052731530362,0.11333675529044818,0.15824895436991845,0.11300790029626265,0.15788920962600855,HATAY,ANTAKYA,301855,1.146
54988432B30085289837224,0.6808183251114724,0.8256840716215247,38.63422705046135,0.6624521078142012,0.8117134823755321,0.5766359602079152,0.7354784581933305,0.5024093083963038,0.6620472150305838,0.6628562022577305,0.8120339922587579,0.6630507268484508,0.8121880923533538,0.6667584929054624,0.8151013500601847,KIRKLARELİ,DEMİRKÖY,9364,-0.286
54988432B30163162134141,0.3225376570868617,0.4661585407253404,23.735850070223446,0.30564013072729224,0.4495570789734485,0.1809883929126629,0.2891240086845744,0.11229807212742374,0.18504686007478569,0.30183644469714915,0.4452597933982418,0.307635957332454,0.45176241435980274,0.3071489150931806,0.4512276152627314,BOLU,MENGEN,14152,-0.245
54988432B30290835875558,0.20996002743552677,0.3459760535699536,23.4625204719229,0.20973664305211664,0.34560795661194993,0.20121663265095427,0.3315685243877649,0.18193549727342417,0.29979670949640747,0.20955654643486588,0.34531119004329036,0.20979618507756595,0.34570607107325063,0.20971494663853193,0.34557220485653084,ÇANKIRI,ORTA,17223,-0.699
54988432B30380906676277,0.2802436303993458,0.41880661770787014,34.02906302036869,0.27847701777664635,0.41679856954212996,0.23618254831031654,0.3624491231156638,0.15145881309056128,0.24096019759180762,0.27680542531240676,0.41485321749928494,0.27902769212085865,0.4174314527152394,0.278076106563583,0.4163315527650529,MANİSA,KULA,43015,-0.119
54988432B30515055342266,0.10565717496321245,0.17410386572914407,14.368590056975885,0.10527065004239922,0.17346694274745666,0.09739769445311316,0.16049373952405208,0.08658641155624791,0.14267870569893804,0.1049428677050704,0.17292681689167314,0.10538680638872877,0.1736583473438032,0.10520690240489915,0.1733618982000918,YOZGAT,AKDAĞMADENİ,39642,-0.393
54988432B3051798529844,0.0019907627525478006,0.0032804160350571746,0.24477275612317495,0.001986961220024584,0.003274151798783418,0.001906561513755461,0.003141667661574415,0.0017921085197928504,0.00295306988106303,0.001983092392302134,0.0032677766722238343,0.0019884828648536585,0.0032766591935448337,0.0019859398511215976,0.0032724687680341356,ARDAHAN,GÖLE,22038,-0.831
54988432B30574350937467,0.20301081498952048,0.2731905219211461,16.97236236592714,0.1998753513107493,0.27058029264693173,0.18007317431540887,0.2501117414375173,0.15884946634687688,0.22564756104346664,0.19853774961119328,0.2693614019755313,0.20046612062016458,0.271102584085913,0.19960524603906113,0.2703379872021902,MARDİN,ARTUKLU,198718,0.311
54988432B30601194399557,0.319221284510299,0.38738045502280505,21.944347639609134,0.3151226400853104,0.3835409079303442,0.2692527252654932,0.3353338690780616,0.21102375481182972,0.27231450990214373,0.3122441482731943,0.38065833196800203,0.31617921214617495,0.38457729186422657,0.3142930303266717,0.38271747668819317,MERSİN,YENİŞEHİR,281358,1.948
54988432B30610507715485,0.08684505375247084,0.14310490113922655,11.409593531368643,0.08662438789508524,0.14274128381916626,0.08201563062593678,0.13514688753660978,0.07553618093979998,0.12446992935987747,0.08641118567709356,0.14238996522345984,0.08669687480480438,0.1428607291024729,0.08657201403287319,0.14265498119109146,BİTLİS,AHLAT,45637,-0.706
54988432B30800064682822,3.7600173735312006,6.1670962601268835,555.2844968266279,3.7494362148008467,6.151367001841666,3.55882247759847,5.844096417116549,3.260440163320084,5.3575361861953885,3.7413549677425717,6.139252991522016,3.7522894787563397,6.155624424955489,3.747744559116619,6.149168477875929,ÇANKIRI,ILGAZ,13948,-0.249
54988432B30848484740175,0.12458814420077739,0.20529867031678467,14.54379113077718,0.12418283169420033,0.20463078880047492,0.1159005379132698,0.1909830704617391,0.10447325630310175,0.17215298245495175,0.12359523307724732,0.20366253282785177,0.12434556724963522,0.20489894748730958,0.12396125567482538,0.20426567169849402,TRABZON,HAYRAT,7410,-0.676
54988432B31063140501282,0.2770685910886441,0.391894822747672,26.236134740112224,0.2731260694540964,0.38726963841533596,0.206042576310196,0.3003875919303561,0.09351456684779313,0.15409504935046792,0.27030579902461593,0.3837474216265732,0.27414554096512184,0.38852244115039786,0.2725232246983731,0.3865226523384174,İZMİR,BUCA,520941,1.227
54988432B31153885682838,0.25292292777435077,0.2696861277525042,14.894526320065912,0.2412553989416443,0.2605405932511792,0.18336163570514968,0.20546391865960215,0.1321378846419658,0.15129777730465108,0.23612362142528862,0.25593287454935004,0.2435652390527382,0.2624778039379151,0.2399306899089015,0.2592691178500566,ISPARTA,ULUBORLU,6287,-0.113
54988432B31165455278537,0.27584141148957964,0.390676741189615,27.307691474528546,0.27412139233895083,0.3889813298940263,0.2554340834527451,0.3659940004225508,0.23197753593599765,0.335652054609772,0.27241476533643816,0.3870502681150566,0.2747103681571349,0.38961240535578845,0.27342150712523045,0.3882032692382268,ARTVİN,MERKEZ,35710,0.913
54988432B31167647566127,0.1504309608250897,0.24788294608592887,21.409923569386578,0.1501104388232918,0.2473547839465977,0.14150731898194627,0.23317840243506407,0.12311961028489307,0.20287879270980871,0.14976676622298382,0.24678847381877503,0.1502211152418383,0.24753715861562237,0.15001690775724505,0.2472006617095592,MERSİN,GÜLNAR,32785,-0.278
54988432B31268227976167,0.1363581890556467,0.1598835390377761,9.433606569049848,0.1353443428476897,0.15887308968652608,0.11568245981663108,0.1385702295805581,0.08545756650864866,0.10496637385370705,0.13416710821507277,0.15768934448573219,0.13571154526671006,0.15923849622786937,0.1349648921236107,0.15849026185511986,UŞAK,EŞME,34444,-0.172
54988432B31302636835519,0.0020260769220412362,0.0033353653609837905,0.20922356340825124,0.0020183572596712985,0.003322678932928145,0.0018665830238014333,0.003073215806565202,0.001663032401186932,0.0027386016868861888,0.0020120397017361503,0.0033122968878489235,0.0020204409358434393,0.0033261032191183788,0.002017193235242738,0.003320766244517384,KAHRAMANMARAŞ,ANDIRIN,31609,-0.718
54988432B31401632471854,0.4101616843403352,0.67587208197165,57.132187160776304,0.4087483194967371,0.673543112992101,0.3727840624994005,0.6142805387893283,0.2994136079923748,0.4933793338836972,0.40716312193424714,0.6709309948499114,0.40924237453815737,0.6743572261143211,0.4082822253724407,0.6727750743912025,BALIKESİR,KEPSUT,21386,-0.536
54988432B31459503377293,0.0829224795947021,0.13664121019997363,12.420331132334695,0.08263175524977405,0.13616214919601277,0.07667991613719571,0.1263545975739047,0.0684704285179609,0.11282685058784359,0.08229145892039051,0.13560140255046088,0.08273122611214753,0.13632605914034604,0.08252449798956846,0.1359854086799445,KARAMAN,BAŞYAYLA,3353,-0.528
54988432B3164241130289,0.9877649086498284,1.190930626210413,65.81295111909408,0.9697842280663752,1.176345505341188,0.8240380852941559,1.0341795545402142,0.6193551758206192,0.8183261380140293,0.945143982693515,1.1542743433079605,0.9772667852833226,1.1826482149033795,0.9563579850771801,1.164518789472859,MUĞLA,MARMARİS,97373,1.671
54988432B31644697369800,0.01699454054592686,0.02800392123267294,2.4482513345324164,0.01692286676731727,0.027885815841991336,0.015476138719902088,0.025501870352236774,0.013504494193640791,0.022252957687428927,0.01687620261738048,0.02780892178441514,0.01694157748640249,0.027916647714265445,0.016919938937706363,0.027880991309690226,ELAZIĞ,ALACAKAYA,5336,-0.729
54988432B31653952568158,0.11140361092332633,0.18357295020134515,8.186252318713004,0.1112321779769418,0.1832904597913066,0.10764636692758288,0.17738169339011287,0.10257667137252495,0.16902775439342135,0.11107646142723465,0.1830338671531685,0.11129394242762627,0.18339223640640676,0.11119774969548654,0.18323372822628162,ERZURUM,NARMAN,11119,-0.796
54988432B31664517784670,0.44811717916516147,0.6895337649777217,51.745772045011314,0.4429384022385059,0.6847676012502422,0.39797748775936787,0.6257502532242474,0.33381704824375413,0.5313280477606163,0.4386312647203457,0.6799284117984767,0.4443114283273363,0.6861857786445168,0.44112310004737393,0.6827638986684391,DENİZLİ,KALE,18855,-0.379
54988432B31670824468199,0.5678804462622978,0.7294063766939362,52.021908034611506,0.5647717363244424,0.7262816982738729,0.5021029204481076,0.660383335790186,0.41093496123134826,0.5577496793067318,0.56381247528734,0.7253125520613357,0.565349303668089,0.7268640879870437,0.5653125161872555,0.7268265068882399,KIRŞEHİR,MUCUR,17920,-0.281
54988432B31747989283018,0.17947765946208882,0.27039930911662435,19.937340269155168,0.17787038260564397,0.26845321225693963,0.15907899089113783,0.24147417832373477,0.1329947252777718,0.20372176000018152,0.17694056314439277,0.26719902861756467,0.1781995050987227,0.2688853317516965,0.17768473156782377,0.2682062117789202,KAHRAMANMARAŞ,DULKADİROĞLU,213930,0.595
54988432B31972473687163,0.4460391293155286,0.3226455453105753,4.907516341570793,0.44333556390533185,0.32068991275724257,0.3903748028864476,0.28238056559710956,0.3201910637524829,0.23161290129687032,0.4396163885477311,0.31799963649873153,0.44443212846016983,0.3214831152873086,0.4419696719072557,0.31970189117963893,ERZİNCAN,KEMALİYE,4484,-0.276
54988432B32118226842539,0.2526065927261656,0.3387900110422994,23.43737066574861,0.25173402187976135,0.3376260385649913,0.2297427492552505,0.30987381727063995,0.191731551511106,0.2638733931516773,0.25065496600872156,0.3362037450521097,0.2520453159195961,0.3380396197751447,0.2513884971760339,0.33717011855915785,SAMSUN,TERME,71348,-0.202
54988432B32155349148151,0.16712805513974355,0.27539672986481106,22.41729318583092,0.16640333407883576,0.27420252096869685,0.14809542538014336,0.24403440717076133,0.11598872400268602,0.19112838514648478,0.16563854875950382,0.27294229343947357,0.1666447566309977,0.2746003415579774,0.16619603106995942,0.27386092319992034,BALIKESİR,MANYAS,17650,-0.303
54988432B32272260481073,0.2960235839886302,0.39081043160265144,24.12159038938462,0.289958925234773,0.3859014853001523,0.2565853352638925,0.35124590712064163,0.22437751365405384,0.31342679218254615,0.285880508168365,0.3821954989383273,0.29150742607705465,0.3872340491426111,0.28823447875583574,0.3843666247572375,RİZE,İYİDERE,8495,-0.187
54988432B32280148114029,0.6945926282131435,0.9818396624508592,70.35181068062218,0.68583061804737,0.9739014562949958,0.5928332686382606,0.865467863124302,0.4512003929730808,0.6811463147232039,0.6798944524256239,0.9678221001606123,0.6879838447583625,0.9760144614626095,0.68397259108804,0.9720331665429626,BALIKESİR,ALTIEYLÜL,188858,1.245
54988432B32461225341522,0.13686283288070653,0.22552513151586104,18.62012510349176,0.1363866089039997,0.22474040075501633,0.1271267647611434,0.20948185667713445,0.11374571810670822,0.187432318149814,0.1355664591654231,0.22338894270200058,0.13659106410352645,0.22507730585037242,0.13603253406312096,0.2241569496209511,KASTAMONU,SEYDİLER,4639,-0.169
54988432B32556235228389,0.07890946158639406,0.11335015355457985,8.447560753321586,0.07839228830645222,0.11282285147298253,0.07265711336203527,0.10549576064261036,0.06545909511674103,0.0958479729445599,0.07802655036076261,0.11239620505268731,0.07852382725990896,0.11297009307550818,0.07828499001782344,0.11269986592306566,ŞIRNAK,CİZRE,166290,-0.475
54988432B32684259878344,0.1332363851559449,0.21954940324217298,15.98836621871339,0.1323411920202109,0.2180742872781152,0.11497042404311143,0.1894504114594588,0.09214113176625675,0.1518318773784105,0.13170152859069828,0.21702023793520508,0.13256716068202729,0.21844664265833025,0.13226561806771966,0.21794975510808756,KONYA,HADİM,10621,-0.681
54988432B32742798326876,0.08817489510954503,0.14529623855813567,9.284460374553209,0.08792100732190355,0.14487787752108167,0.08333284652647421,0.1373174204924957,0.07703120757546723,0.12693346216518228,0.08766551522359665,0.14445687287095763,0.08800131913437788,0.14501021682525445,0.08784461776127152,0.14475200137673067,ORDU,ÇAMAŞ,8407,-0.776
54988432B32773336843775,0.3527250568193392,0.289546900803424,8.096424923721337,0.3507651710258955,0.2880561590693357,0.31190155451479357,0.25812856316932226,0.2595460344027467,0.21712195698063644,0.34934655439550066,0.2869719378568744,0.3513594831021449,0.28850739084749305,0.35059091300270456,0.28792111798325254,NEVŞEHİR,KOZAKLI,12678,-0.13
54988432B32789090404224,0.056414720482425705,0.08690542035459334,6.518235005308244,0.055721345478177774,0.08621696799987041,0.04961005319128359,0.07796308215556587,0.04190657653302023,0.06663146125100772,0.05541498884356418,0.08585961100542783,0.05584158642673702,0.086351562315587,0.05568079465055547,0.08617076194946949,GAZİANTEP,NİZİP,152660,-0.157
54988432B32797670855633,0.28482418900362505,0.3292464304869664,19.766416217757317,0.2821833317758344,0.3264604784028445,0.24537127775187506,0.28175043011613,0.1918797535756769,0.21718004492962215,0.2807402238029998,0.32478805600705996,0.2827208917716321,0.3270706892034539,0.2820077999232787,0.32625941465135466,KONYA,EREĞLİ,158010,0.453
54988432B33032294423976,0.42176877292437726,0.5376717477172278,31.19160948638684,0.41732114555968947,0.5338271685566273,0.3797392201586977,0.49385738205441243,0.33084658080750945,0.4384360183203075,0.41398533717377023,0.5306080630710026,0.41846780704628656,0.5348863666180672,0.4160327016260774,0.5326043801429672,SİVAS,MERKEZ,393912,1.138
54988432B33037798502080,0.20553583090654287,0.2718133774934585,20.775786899437293,0.20471240660326975,0.2707889221338096,0.18804323822707722,0.24994559395451588,0.16528388408975564,0.2213567128030423,0.20374619460133883,0.2695853046364127,0.20499482446097245,0.2711404753341354,0.2044059861196575,0.270407344097992,KARAMAN,ERMENEK,27629,-0.275
54988432B33062852785358,0.02269441466017708,0.03739628022585978,3.1470502992942904,0.022606117878569823,0.03725078314045486,0.020825886767360958,0.03431728507503082,0.018403322218923747,0.030325337978128492,0.022449638708522346,0.036992933842280466,0.022645257927016764,0.037315278843106495,0.022539530480597838,0.03714105918276052,BARTIN,KURUCAŞİLE,6316,-0.732
54988432B33089612553406,0.16026404200643407,0.2023182003621417,9.747983964601765,0.15882184826016862,0.2009364298654808,0.148710453778896,0.19052381362221552,0.13761266179217915,0.17871156118431367,0.15784509971971977,0.1999680538440035,0.15918363343346953,0.20128994283744917,0.15845032979194743,0.20057015262510988,SİNOP,BOYABAT,44901,-0.003
54988432B33125693367385,0.7897919783933864,1.2020170027847128,99.55286380111637,0.7695934270490457,1.1742426423719046,0.3685115257576471,0.5850073063801743,0.016310612992207586,0.02687693263939793,0.7632853609813754,1.1652602094038786,0.7726731219365787,1.1786102047129294,0.7719415676675068,1.177575081906605,BOLU,GEREDE,37196,0.024
54988432B33332852238285,0.24419144173573046,0.3671318849454726,27.633188303685607,0.2422908100849914,0.36466447193405693,0.20010340978790678,0.3069161772564943,0.12970809695988722,0.2061379814317975,0.24055045206090148,0.3623930143312527,0.24286837212869525,0.36541410149439263,0.2418804564220023,0.3641308696489886,MANİSA,SARUHANLI,58475,-0.192
54988432B33535114810594,0.2739313593109603,0.3713332681819613,28.46880683633587,0.2710522291919424,0.3684225765896458,0.23269141286724107,0.32346524295697804,0.18116700087861995,0.259292849314609,0.2687818914309156,0.3659251082549721,0.2718584867118205,0.36928790860503447,0.270406824615726,0.36772002035710716,MERSİN,SİLİFKE,139610,0.519
54988432B33750113115729,0.1791117110465265,0.29514362182614967,22.62684873745143,0.17797215028567595,0.29326583232660636,0.15646955991117054,0.25783346241235156,0.12325014136084682,0.20309388425403407,0.17686975867764496,0.2914492908510995,0.17833138323205283,0.29385778308322336,0.17765219024407708,0.29273859619578413,BALIKESİR,SAVAŞTEPE,16266,-0.426
54988432B33764412560738,0.7524260284734849,0.9374475708487886,65.23341198267039,0.746845106568153,0.9315519997933511,0.6446079541803524,0.8240112162596473,0.4932433245592305,0.6513477675548819,0.7450211325188623,0.9288885668886999,0.7477797843946472,0.9327274302714447,0.7476517369842277,0.9318852649836589,ESKİŞEHİR,İNÖNÜ,6114,0.323
54988432B337940392373,0.6765155143820756,0.7388918074088945,37.2935182351983,0.660663355353374,0.7260400481239577,0.5102496683266584,0.5864081636598103,0.2879703491517735,0.37036693406730054,0.660485972029108,0.7258887116623091,0.6614255529326413,0.7266891158714197,0.6645232028840914,0.7293049178781171,BURSA,NİLÜFER,578059,4.072
54988432B34008430678481,0.29528852524397353,0.4862312471536241,37.4813657172826,0.2942935726748191,0.48459394566100994,0.27505067260512894,0.452897209032855,0.2400278994828622,0.395251403609219,0.29325075097934317,0.48287665806476543,0.29463820639465665,0.4851613602638835,0.29395968456372934,0.48404414800521756,AYDIN,KOÇARLI,22234,-0.531
54988432B34132798290249,0.25382945080231356,0.33109564784357054,18.899778500970058,0.25102760290127124,0.32867934304888163,0.22666812238378195,0.30295695812591467,0.19823239960373656,0.2709258883402848,0.249137981828777,0.3268629235302883,0.2517619499537626,0.32935793434682437,0.2504022124312479,0.3280877042025885,ZONGULDAK,KOZLU,50616,0.622
54988432B34153029371714,0.19331742774021554,0.13986146152042142,2.130595694297847,0.1800702001072019,0.13027895329953873,0.1270769434776241,0.09194175883535868,0.08732907925884165,0.06318404847862297,0.17501239162693794,0.1266200918060109,0.1825263907687702,0.1320557154050765,0.17887236758820688,0.12941238998367274,ISPARTA,SENİRKENT,10331,-0.387
54988432B34226837880284,0.5440926903078245,0.7437732759316324,46.219820142873445,0.5385309960663816,0.7383408082942928,0.4798366054811385,0.6687531806237214,0.3947602452111551,0.5650311225531851,0.5343190807456228,0.7336923987911915,0.5403140869119101,0.7402215867813009,0.5370566517434573,0.7367394185254352,ANTALYA,KEPEZ,649102,1.392
54988432B3445581450876,0.06424570005833959,0.10586526414819004,8.479263508010485,0.06408490376081015,0.10560030100674173,0.06040856136485278,0.09954235536222701,0.05442023030501635,0.08967467162805151,0.06396238815377857,0.10539841750187062,0.06413097682900022,0.10567622106877904,0.06406790055465382,0.10557228280615442,DİYARBAKIR,ERGANİ,141098,-0.572
54988432B34477640243489,0.24116956209971105,0.2856704702630485,16.952483668147856,0.2343934982147327,0.28043473940291813,0.2015996059541556,0.25011632633751396,0.1724755265256999,0.21991510564759922,0.23006869368864938,0.27682402167686365,0.2360816430869563,0.2817946934128367,0.2325442471021986,0.278911512352163,RİZE,FINDIKLI,16388,0.018
54988432B34565722813998,0.9166154559292837,1.4691395864237473,121.10406853821173,0.9096075396215393,1.460421166525398,0.8197916440520882,1.3237382785486305,0.696148060031708,1.1284841384687798,0.9006603601945592,1.4477008860484761,0.9123087960398111,1.464053724795789,0.905617551647751,1.4548462414666241,ÇANAKKALE,GELİBOLU,44689,0.465
54988432B34660982943926,1.0602490699880935,1.5946324545773778,129.04812217866407,1.0503435295539483,1.5864186080013756,0.9387967444227606,1.4438437428293336,0.6563191077128839,1.014931217778299,1.051253386352986,1.5872046974653908,1.0503787501623225,1.5864638456220534,1.0534008536596238,1.5891013222027788,YALOVA,ALTINOVA,35490,0.556
54988432B34754350739794,0.03697843099092773,0.04867241761280779,2.7549561452570943,0.03626306466857396,0.048106875797473664,0.03252991523439922,0.044408331126365407,0.029027336427255968,0.04047647287176155,0.0360399617973069,0.04791494736208938,0.036364452727179974,0.04819209519777871,0.036251465543496085,0.04809710462143431,ADIYAMAN,BESNİ,75398,-0.444
54988432B34790562397224,0.5209814678601546,0.8005896242549116,64.4069388217197,0.5168038539538784,0.7959501178428625,0.44915673197564804,0.7010742988986791,0.34158242102358505,0.5409526872034066,0.5130445683860703,0.7912038574918825,0.5181006269803117,0.7975160356256654,0.5155920565429418,0.7944467719516064,AYDIN,ÇİNE,47906,-0.07
54988432B34891185513050,0.6636431248036672,0.561935302471685,18.198029045172078,0.6575622884974368,0.5572242455542393,0.5437137609283146,0.46847124160355047,0.3974530601331361,0.35300621782929065,0.6504352716250363,0.5516694429414344,0.660083016670532,0.5591755858917057,0.65524395045639,0.5554096393834045,BURDUR,YEŞİLOVA,13915,-0.336
54988432B34962882153864,0.1813205745743498,0.2987334087083516,24.86279472081962,0.18027717369505378,0.2970143218869194,0.15892415913907557,0.26183338079285656,0.12875797125541252,0.21213164099711687,0.17919834059112713,0.29523689116574015,0.18063290282185518,0.2976004138481812,0.1799798704279997,0.2965245122744495,MERSİN,BOZYAZI,26832,-0.211
54988432B34987359358505,0.08904463247281581,0.13650495321322045,10.121681607213302,0.08887863519735356,0.1362718577077415,0.08533793550610512,0.13125812769819056,0.08014967556133613,0.12383169010307447,0.08872517917049888,0.13605606064125134,0.08893135616969795,0.13634593674398515,0.08884376580283367,0.13622284406159468,SİİRT,MERKEZ,180837,0.074
54988432B35038871298949,0.1659403234393245,0.19649772496893902,10.774495371926513,0.16525455862320948,0.1958254582380581,0.15603710357197423,0.18559705458550954,0.1430674434882304,0.1709619760560794,0.16472328950839685,0.19526193755333557,0.1654399494132585,0.19601762887763957,0.16510077145513963,0.19566390557016985,VAN,EDREMİT,132309,-0.377
54988432B35042353333735,0.3610941370542564,0.4953002773308813,31.537140610230207,0.3569157170204226,0.491935244616005,0.3286937379212983,0.46310092507722483,0.29491795579857666,0.4233144417592058,0.357000298062147,0.491995497506988,0.3570703189441134,0.49207281451184076,0.3579566314011793,0.49281071937060533,KIRKLARELİ,BABAESKİ,46355,0.252
54988432B35345810127315,1.20117222835232,1.232471060501748,60.464658771345995,1.1793179400854201,1.2138619634369159,0.8313093731858641,0.8930881637993,0.20088758444400368,0.3128728696072073,1.1859659236405549,1.2197215673103625,1.1771025060274547,1.211892614857694,1.1902191750617699,1.2234176667370187,ANKARA,GÖLBAŞI,172810,1.79
54988432B35509610678021,0.2971218666247523,0.4060212029582129,26.50532462290053,0.2907998441060488,0.39959259657329055,0.20875840800689657,0.3013999983740203,0.09471219360397583,0.15528777402587307,0.28687015753647377,0.3952060068742165,0.29227409020189554,0.4011970041324968,0.289943913905063,0.39864837905220357,İZMİR,BAYRAKLI,296481,1.322
54988432B3557290765638,0.6468875358590798,0.528821036807555,14.467191657952956,0.6430593888903435,0.5258942924907279,0.5680491945929111,0.4683016567287936,0.4684786221508641,0.39144034446324516,0.6388743951849926,0.5226919152100864,0.6443533502775314,0.526883927666603,0.6418153909897362,0.5249425754185034,ORDU,KABADÜZ,6794,-0.744
54988432B35702566688880,0.21123528866728858,0.28741363377392337,19.14207872050721,0.2092550464285891,0.28559509482643314,0.1898355739909724,0.26343973948105304,0.16609019382104295,0.2346015803780311,0.20782785990093305,0.2841112761693647,0.20979578792637496,0.2861332674913881,0.20878522119065893,0.2851136818023633,ZONGULDAK,ÇAYCUMA,91796,0.08
54988432B35722603775069,0.5384519288747754,0.7245666533209946,51.264779204103995,0.5318649379207125,0.7181078681332111,0.455742196873053,0.6329226423645947,0.3545615931218072,0.5107577859654188,0.5260694497034752,0.7120345028804772,0.5338617789838918,0.7201498379819109,0.5297777229290603,0.7159409693639784,EDİRNE,MERKEZ,200753,2.113
54988432B35777167420059,1.5173127741400088,1.486718902571071,57.16567167128738,1.499426843366236,1.472448806005136,1.340619253374948,1.3390954507748694,1.145650729112545,1.1716808222821782,1.4916440133311815,1.4660951166623684,1.5031220811827652,1.4754458288812973,1.4984249116422734,1.4716360469298648,NEVŞEHİR,ÜRGÜP,39979,0.527
54988432B35906022990026,0.583012079257926,0.7005134158178914,37.78379402238469,0.570102152282255,0.6900286272456874,0.4774211434518708,0.6017471075060019,0.3740413333592802,0.49355338234962254,0.561591182706691,0.6825275990344061,0.5739386511391302,0.693288819740947,0.567024213570495,0.6873348638765279,ANTALYA,KAŞ,63957,0.203
54988432B35969765693903,0.33210464310677945,0.5166551355446488,35.72683509203554,0.3304077600933052,0.5142918618507049,0.30072504483159695,0.4731012961365062,0.25579660733712545,0.40861864444733825,0.32865072668630935,0.5118832461320795,0.3309974098445686,0.5151024008271583,0.3298464940362314,0.5135220543040452,AYDIN,İNCİRLİOVA,58230,-0.091
54988432B36041856094312,0.13861867559297414,0.22841844192213076,17.408385556325488,0.13782273937774553,0.22710688336500134,0.12242435293771312,0.2017331346713199,0.1021921340251888,0.16839410657242135,0.1371613260882019,0.22601699419661994,0.13803876320775263,0.22746285146567172,0.13769601929355937,0.22689807164416914,KAHRAMANMARAŞ,GÖKSUN,49145,-0.502
54988432B36117430101282,0.26205317075473594,0.36413233237181325,25.598269093992357,0.25926688306415147,0.36136665093823095,0.231404431223972,0.3267567310125306,0.1967856025421983,0.28193661525294444,0.2576657430976147,0.3595554851562759,0.25998841251094035,0.3621508307557191,0.25889255000760725,0.3609506895884091,ERZURUM,PALANDÖKEN,181922,0.378
54988432B36177439275968,0.05909702547032689,0.09738118202630361,7.85635969857171,0.058770158077267216,0.09684256383277051,0.051681105525119495,0.08516109067095537,0.039187827485574395,0.06457443384361582,0.05842995033066862,0.09628196315558564,0.058880011127605325,0.09702358174028754,0.058675438667157076,0.09668648342019556,MANİSA,SELENDİ,18568,-0.528
54988432B36260416662231,0.39014660709698645,0.43825668915373434,22.96710756810394,0.38511656188311616,0.4336726467958657,0.3150470422545751,0.3615592622170961,0.1622794201906512,0.21107111159149816,0.38566539846414866,0.43425584885800744,0.38513923316843807,0.4336708390394259,0.3869193709076833,0.4354324651350084,KOCAELİ,GEBZE,414960,2.334
54988432B36267085321319,0.00011645193820951108,0.00019189167816560041,0.016281231388175704,0.00011601317046333399,0.00019116866848080342,0.00010727174671112265,0.0001767643872025423,9.527346134482861e-05,0.00015699338854466098,0.00011565285324574092,0.00019057493104183092,0.00011615877254611124,0.00019140859431147753,0.00011594556252111036,0.00019105726285123563,ERZURUM,TEKMAN,20826,-1.277
54988432B36427542576396,0.023478047321875518,0.03868756475775097,2.6627480728154116,0.023331414479233873,0.038445940421725965,0.021433566321273707,0.035318630790526315,0.019010670609274024,0.03132613799612228,0.02325349952049584,0.03831755069789376,0.02336280541210018,0.038497666987032775,0.023322786945869426,0.03843172381115522,OSMANİYE,SUMBAS,13049,-0.987
54988432B36565352267385,0.45408728120252967,0.6259597156980079,37.90339791184398,0.4519136414892842,0.623486992207189,0.4082530595004759,0.572430432215196,0.347315691687433,0.4987766071796622,0.44850648890294914,0.6195911347662906,0.4527750495120392,0.6244681589042592,0.4505502233794322,0.621930767334458,ÇORUM,KARGI,15119,-0.583
54988432B36689852261015,0.2040548480803296,0.2622561112041859,15.880241836280545,0.2019667332584003,0.26025369957180566,0.17982045547660708,0.23516481851737728,0.1468488314900057,0.19710189640446676,0.20193598104808777,0.26022906473151075,0.20208981756299074,0.2603772512176765,0.20250042894771186,0.26080392509408795,TEKİRDAĞ,ÇERKEZKÖY,223975,1.034
54988432B36753420123285,0.01350702569127464,0.022257129136497966,1.8172439521625134,0.013439960988885466,0.02214661866767277,0.012128820692282176,0.019986097205392815,0.010364256067957222,0.017078414669579833,0.013391693144707534,0.022067082012781937,0.0134569541002154,0.02217462023381665,0.013434034467834345,0.02213685283562507,KİLİS,MUSABEYLİ,11692,-1.243
54988432B36991847269691,0.038827303034328846,0.051864767903263706,3.264553832478617,0.038721473491237474,0.05173679821999302,0.03652572915993546,0.049062947442342617,0.03345715969826505,0.045301398487609,0.03860950884494224,0.051601186182112485,0.03875745722357619,0.051780341300386425,0.03869013287941504,0.051698855812635586,ŞIRNAK,SİLOPİ,152610,-0.621
54988432B37281508268494,3.354040115734854,4.9346285277697355,400.6160259626386,3.3366484900689595,4.915444478627318,3.017134394938277,4.5130728939275615,2.4929002413766628,3.7984537786682786,3.3350133836505624,4.913552661228345,3.338393642046349,4.917454554795188,3.3414316821811374,4.92093211071676,ESKİŞEHİR,SİVRİHİSAR,20189,-0.163
54988432B37425525232192,0.2026826152874,0.15299753635904806,3.1875126749224196,0.19102200006565878,0.14453341651817359,0.14386645313118587,0.10983146438527895,0.10811231285701108,0.08316650338578523,0.18277074026128579,0.13851141130297517,0.1940633154589023,0.14674649698235329,0.18698346363407573,0.1415891260827063,KASTAMONU,KÜRE,5108,-0.564
54988432B37474601695355,0.1955676256122318,0.2715770085333932,16.986232952889424,0.1943173188429766,0.2704432449918084,0.18260887396231942,0.25711692202524966,0.16835811031925793,0.23984013649926034,0.19330099964537217,0.26939807118439724,0.19468500649202708,0.2708034263792683,0.19392837045523723,0.27005182542370976,BARTIN,MERKEZ,163766,0.475
54988432B37568422397165,0.47424894161248116,0.6160814448489991,36.806470059678446,0.4638023070527693,0.6051339675634029,0.33072530795648863,0.44831544380982213,0.1364252665377136,0.22480410152566332,0.45731853101909337,0.5976786223595095,0.46625358740237743,0.6078849083420111,0.46238396799283893,0.60352158300696,İZMİR,ALİAĞA,110892,1.154
54988432B3765894828003,0.6855874279495949,0.6820027744365422,27.823866488467253,0.6844721281082656,0.6806474346140646,0.6521170449406076,0.6472152492093973,0.5850701054387835,0.5848289142247368,0.6836601598096073,0.6796967090644185,0.6848059951231326,0.6810441715512697,0.6843770220432441,0.6805359897692594,NEVŞEHİR,ACIGÖL,19430,-0.746
54988432B37815210260305,0.019154814980562745,0.031563661782587335,2.6158938166824655,0.019039945886173654,0.031374378344023804,0.016811786142136693,0.027702775113727665,0.01388192856090404,0.022874901085238354,0.018956382309832685,0.031236680722634805,0.019069315543961435,0.03142277421451508,0.019029296207539976,0.03135682960472103,HATAY,HASSA,57457,-0.627
54988432B37822408254427,0.0005342173392342928,0.000880293306466047,0.07967457642302685,0.0005328352993701151,0.0008780159553724853,0.0005039488084266294,0.0008304162562288932,0.00046331967755907906,0.0007634668157605226,0.0005319615994813144,0.0008765762563820445,0.0005332214799776652,0.0008786523109883487,0.0005327991626453229,0.0008779564086026299,TUNCELİ,HOZAT,5332,-0.304
54988432B38029735650586,0.62921450819144,0.8391944450991643,60.59579784255901,0.6211773066235734,0.8316239474372185,0.5381563330083147,0.7347682441437414,0.4304701625821416,0.5989832763535321,0.6160573443272566,0.8259113682386913,0.6231797524392172,0.8337060368275472,0.6198272197572909,0.8300184537129979,ISPARTA,KEÇİBORLU,14033,-0.147
54988432B38192653794481,0.023731295192293358,0.03910403691347129,2.926921158280093,0.023592208000048256,0.03887491075238595,0.02081453386983202,0.0342980647013394,0.016996075888986953,0.02800613127644549,0.023426305676386674,0.03860157235291667,0.02364491550664079,0.03896174875340786,0.0235383355298628,0.03878615554813763,AYDIN,KARACASU,17225,-0.422
54988432B38234648965516,0.6957784523056214,0.836662302622811,49.84257620486288,0.6884064687048943,0.8300267668791564,0.6179051072788662,0.7528487137464231,0.5148812016938912,0.6334535578231975,0.6887308084035917,0.8303439649023425,0.6886232112250387,0.8302347633864127,0.6905176841854913,0.832046711552319,SAKARYA,ERENLER,92549,0.69
54988432B38360360890356,0.39827830650907675,0.57269985743534,35.448665171235845,0.39403115699466573,0.567526111241119,0.31844059064659236,0.4687678282369196,0.17875269532041935,0.29204897756713283,0.3949893051403063,0.5687490920034094,0.39386545721003957,0.5673135817930429,0.39602355135310263,0.5700533804863296,İSTANBUL,SULTANGAZİ,529306,0.816
54988432B38529977657987,0.31413016971208346,0.5176295590722366,45.51208649429129,0.3135880318383424,0.5167362141611185,0.3026838764064076,0.49876814323860624,0.27954933703945634,0.46064661730294054,0.31282484051187287,0.5154786132430971,0.3137976214818236,0.5170815798890926,0.31330190141674363,0.516264723109797,DENİZLİ,ÇARDAK,8497,-0.236
54988432B38557557981800,8.670843323460991e-05,0.00014287977529892478,0.008478845322148857,8.352508128089582e-05,0.00013763418851022805,6.884110060104793e-05,0.00011343765096752249,5.626390910203136e-05,9.271271997483853e-05,8.245498921341896e-05,0.00013587087082074146,8.398051812376631e-05,0.00013838466584380088,8.33844061169632e-05,0.00013740238134842125,KONYA,AKÖREN,5744,-0.672
54988432B38576388688416,0.49821317157418243,0.6054374481337066,37.15304294388908,0.490335370201787,0.5988161169447712,0.3960025914818762,0.5054801710845581,0.23628522511566433,0.3334596130353901,0.49027458867595647,0.5987877276215701,0.4907237338415763,0.5991477591509112,0.49237528164682964,0.6006176394647729,BURSA,GEMLİK,124400,0.743
54988432B38658846076,0.08691495371778714,0.06286895871908675,0.9560644908956585,0.08625802479442674,0.06239377653699389,0.0736539168400363,0.05327673615694108,0.05725047767501,0.04141149208092609,0.0856727065092462,0.061970393108314537,0.08649266316668137,0.06256349957668032,0.0861279130593995,0.06229966167012234,ERZURUM,HINIS,23011,-0.909
54988432B38688250747899,0.22075697949669315,0.2508458720757258,14.662098419170638,0.21468257278712655,0.24588564889102588,0.17024707890888646,0.20278539052587427,0.12277035811220209,0.15350614958992892,0.21079617649196242,0.24241316780854272,0.21615958519488315,0.24716089432403515,0.21334610546539542,0.2447062166613914,UŞAK,BANAZ,34624,-0.264
54988432B38711157277910,2.1627609659776366,3.416612103653742,299.60042235733096,2.15600977858197,3.408641032249887,1.9590381862783197,3.119570951769156,1.503732268014949,2.4167873871255567,2.1499813419621865,3.4009075008726093,2.1579679673426044,3.4110860742527622,2.154397658369868,3.406666411513528,BALIKESİR,SUSURLUK,37676,0.225
54988432B38730133189438,0.39625648312452005,0.5856014643830757,25.01592964696586,0.38484132842968427,0.5756182522650016,0.3098657558416484,0.4873796755395907,0.23554280281723725,0.38813182852406325,0.3795768458435342,0.5703098917067485,0.38701144634755275,0.5777087140179651,0.38364031841307267,0.5744345994771634,İZMİR,KARABURUN,13725,0.676
54988432B38814369243914,0.5241339345399617,0.8458167518785284,68.91756516510891,0.5216846262828281,0.843378652783679,0.46902147213165446,0.7629909911883557,0.29395172717844265,0.4793015469159311,0.5213360361746832,0.843317485437621,0.5218446052158339,0.8434205425538821,0.5220294883260067,0.8440150006925375,KONYA,KULU,51732,-0.125
54988432B38852323422695,0.0982514739741959,0.16190061336061484,13.17386427715021,0.09791368553435145,0.1613439992622726,0.09133347650976331,0.1505010079662676,0.08187819055977202,0.13492041122931037,0.097338918178715,0.16039688688163153,0.09805819129255408,0.16158211854884227,0.0976674009326067,0.1609381668969056,KASTAMONU,DADAY,7736,-0.451
54988432B39031228995551,0.03207436603356259,0.05285273924084308,4.460858345615047,0.03196638648294775,0.052674808521151896,0.02931419907747555,0.048304484592922386,0.024695568751925502,0.04069381930367824,0.031797015639437085,0.052395716082732274,0.032009544319419096,0.052745924809930074,0.03190079369482219,0.052566723500133805,DENİZLİ,BEYAĞAÇ,6011,-0.57
54988432B39086486871912,8.395201846234466e-09,1.3833770356956624e-08,1.2592802769351699e-06,8.367842169299806e-09,1.3788686570445356e-08,7.804658320933607e-09,1.2860661709370745e-08,7.023920864626833e-09,1.1574147950983058e-08,8.341496668798019e-09,1.3745273962796827e-08,8.376815808939712e-09,1.3803473501399284e-08,8.361365446476615e-09,1.3778014105644302e-08,BİTLİS,HİZAN,29948,-1.103
54988432B39242508990660,0.36412212971509034,0.484362290302955,30.243125381525466,0.35858540241683656,0.47981325367543837,0.32174070614526984,0.44138616684581783,0.2810818844104788,0.39396772355665705,0.35544340541552094,0.4769229832903888,0.35977090881302815,0.48085722767121336,0.3575633375849391,0.47888550166760496,ORDU,ÜNYE,135914,0.266
54988432B39563572942554,0.059931861501664636,0.09875684042675284,8.425286433377416,0.059791744860657976,0.09852595360945213,0.05625831761635032,0.0927035062203294,0.04982569516576609,0.08210371083669611,0.059665959859626055,0.09831868273610134,0.05983846801773525,0.09860294490009622,0.059765563927417255,0.09848281217880919,ISPARTA,GELENDOST,13985,-0.641
54988432B39641834885080,0.5917639160297365,0.7135371807129606,38.9388072910963,0.5836622130123114,0.7054148222137472,0.4542654921145983,0.5646609130957417,0.17863696379159338,0.2844620258790895,0.5853623461091371,0.7072088454717503,0.5833703008430999,0.7051050597644494,0.5872310624720105,0.7091539989685411,İSTANBUL,FATİH,351786,4.226
54988432B39702519018087,0.32251599706803263,0.35364021128090806,17.630372264897005,0.3201018597718433,0.35140642384567644,0.30130987707292123,0.3316861362221699,0.27795653765237227,0.30654378058716686,0.3185661927938849,0.34989312908413955,0.32064401530074654,0.35192830860643526,0.3195786721624913,0.35089739635521017,KARAMAN,MERKEZ,207973,0.761
54988432B39717738295698,0.0001467914523445474,0.00024188569605499595,0.01819228096314986,0.00014621731841826178,0.0002409396274510665,0.00013569022871591093,0.00022359289247831247,0.00012109580767102314,0.00019954393297434657,0.00014584015605052217,0.00024031813225915084,0.00014636249545654827,0.00024117885288549228,0.0001461766164353184,0.00024087255796358722,ADANA,ALADAĞ,15839,-0.764
54988432B39718054130595,0.08151552993143614,0.12449343823414044,9.375101643205578,0.0804916642108997,0.12341297156667975,0.07201845140649223,0.11188094736332747,0.06230554376826465,0.09770107174266816,0.08003448672554583,0.12286323512107912,0.08067222004743393,0.12362252396442008,0.08042193845553357,0.12333076081278799,HATAY,DEFNE,139605,0.338
54988432B39847004244827,0.13309382697519007,0.2193144932100704,17.956191694132862,0.13256017553607952,0.21843513240439535,0.12089600056451855,0.19921468709344947,0.09713775717074931,0.16006541001663205,0.13205106874506978,0.21759621672815666,0.13272427547723095,0.21870553935148934,0.13240832119156867,0.21818490398009477,BALIKESİR,BALYA,12296,-0.6
54988432B39970193514521,0.2240734005369064,0.28059524652219275,17.736174350010963,0.2171937015673003,0.27493775641246787,0.17641290400563975,0.2324264419306816,0.1363406526755015,0.1862136502162145,0.21313360823748845,0.27119832415497996,0.21870650136541245,0.2762699337048463,0.21573388995567483,0.2736182822901085,SAMSUN,ALAÇAM,24560,-0.417
54988432B39980691668600,0.1681913101191403,0.24193452509643448,16.606178361105314,0.1657331825451794,0.23982144706805816,0.14981538848831316,0.22134169074906665,0.13297079232250655,0.1993972621237525,0.16441400889905172,0.23851270205023423,0.16625554039849105,0.24031319003615828,0.16532940681104794,0.23943016883616525,VAN,GEVAŞ,26253,-0.794
54988432B40127483323381,0.07661277246536384,0.11008562862586187,7.407603471890063,0.07473599018893605,0.10841332108074817,0.0619355562845566,0.09300168441676163,0.04820803192490867,0.07464208145684739,0.0735700071307699,0.10718555968285638,0.07519673758829383,0.10886616911474532,0.07432893593265993,0.1079904005467068,AYDIN,KUYUCAK,26196,-0.224
54988432B40132817708640,0.3778672198351628,0.5091147272716102,33.299046727420226,0.37507003089638036,0.506303136656485,0.33987030595215745,0.46459157162504877,0.2886501646243639,0.4022628021642839,0.37203142009520496,0.5029115323136627,0.3759336610732161,0.5072302611017567,0.373808745007934,0.5049137052875663,ÇORUM,MERKEZ,299565,1.026
54988432B402287673455,0.4017693908142007,0.3911487653591893,17.687836833521473,0.39648557871839735,0.38651399129707437,0.30273477431599594,0.30437993143433467,0.18445712832460012,0.19788193451829503,0.3900095800367556,0.38100772548819684,0.3984261981114006,0.38817472690660154,0.3942201187245784,0.38461344193080477,AFYONKARAHİSAR,SULTANDAĞI,13641,-0.368
54988432B40385589534090,0.251518103657389,0.3186403142885496,18.669659100049795,0.24760721556325258,0.3149158399383818,0.19657580411103712,0.2585516593793199,0.11684304742060518,0.16585034556403175,0.24805227674478272,0.3154185154206574,0.24761480913933184,0.3149019747006595,0.24901194296456203,0.3163659169700891,KOCAELİ,DARICA,235632,0.603
54988432B40899353462768,0.01935086066212769,0.03188670951722388,2.268335660024723,0.019241365992872555,0.031706282156747034,0.017208086560239963,0.02835580634237711,0.014420189740114725,0.02376185790672385,0.01911903809255159,0.031504707958498544,0.019286417892344754,0.031780519517903824,0.019201700729609115,0.031640920995314,ANTALYA,GÜNDOĞMUŞ,6953,-0.815
54988432B4104847116325,0.09072710289371935,0.14950181419957664,12.556937935333059,0.09027431000616583,0.14875569362494295,0.08247484550658633,0.13590359039137828,0.07196026643199897,0.11857747066465062,0.08988200589535074,0.14810924758606178,0.0904029417614673,0.1489676554331335,0.09017484381117558,0.14859179137161085,MALATYA,AKÇADAĞ,31479,-0.514
54988432B41050600008895,0.1623627416186822,0.26754435726714304,15.324020847167473,0.16212261471111994,0.267148671665226,0.15699831616992038,0.2587047568484264,0.14963845479927212,0.2465770398589593,0.16180295024579736,0.26662192259051076,0.16221639958371603,0.26730321212943564,0.16201078338393746,0.2669643939161866,GÜMÜŞHANE,KÖSE,6107,-0.629
54988432B4112577845530,0.01126102576494204,0.018556128520704207,1.3518533581866519,0.011226998098394449,0.018500057096404426,0.010524345208462474,0.017342212544479717,0.009545596846166729,0.01572941271795502,0.011164911187498431,0.0183977491253467,0.011242194438717752,0.018525097909734372,0.011200340731626093,0.018456130589698697,KASTAMONU,HANÖNÜ,4286,-0.427
54988432B41170442786608,0.4395712254541149,0.5983280065717229,45.72784371752383,0.4332384499016419,0.5934795051795345,0.366077775616552,0.5249001627564875,0.2534412476089237,0.38248016366379817,0.4307989551831547,0.5915821731214704,0.4343573528000447,0.5943429589357997,0.4331339029568612,0.5934422669808856,BİLECİK,OSMANELİ,22025,-0.154
54988432B41213332539670,0.14566598901509298,0.11249028433454344,1.0142408195541075,0.14557213448598738,0.11241849752799636,0.14347554890119585,0.11081439479757534,0.14032466307395874,0.10840288539451257,0.14551143698993274,0.11237206907913518,0.14559534800131088,0.11243625347171078,0.1455692794273616,0.11241631368488042,ADIYAMAN,GERGER,14497,-1.289
54988432B41389891217354,0.04085236277428984,0.06731728617246939,5.099736633063403,0.040611957884633,0.06692114250646644,0.035829307770642,0.0590402023472611,0.02933945716963286,0.04834610534879688,0.040346915460982805,0.06648440065191856,0.04070766888772153,0.06707885688446612,0.04053258116467286,0.0667903440651985,KONYA,YALIHÜYÜK,1704,-0.682
54988432B41479825758135,0.011016419538959005,0.01815306181425582,1.5441235066969896,0.010963690136831551,0.0180661733208698,0.009944643942917691,0.01638696997496596,0.008574402184387772,0.01412906002018416,0.01092706271907502,0.018005817977985533,0.010977556224424317,0.018089022118911963,0.010959621601207026,0.018059469111900244,ADANA,YUMURTALIK,17806,-0.448
54988432B41555288308569,0.17742931231378262,0.2923713337806808,21.03919518138705,0.1770346738053569,0.29172104107782915,0.1698473343230863,0.27987760887734936,0.15607413177702376,0.2571818685494929,0.17692584012984752,0.29154170291518844,0.1770954978271132,0.2918212680365818,0.17706912125838326,0.2917778042341269,KIRKLARELİ,PEHLİVANKÖY,3276,-0.387
54988432B41651789151995,0.41990537157468194,0.5430094430582618,34.102721889118634,0.4065161359899365,0.5324241020808439,0.33644615249986826,0.4628722406318469,0.26573163163176206,0.38078060703438255,0.3977137152168892,0.5247988534062762,0.4096591215255568,0.5350309636682915,0.4027374650209425,0.5292062025151342,DENİZLİ,BABADAĞ,6199,-0.43
54988432B41717304515053,0.11078800311144323,0.18255854015433015,13.28430294117593,0.11033135282039165,0.1818060632781871,0.10110697428827282,0.1666059600958903,0.08852172304041732,0.14586774809857841,0.10960957787851354,0.1806167090520197,0.11051304965911532,0.182105466721669,0.11004285191156345,0.18133066609374743,ÇORUM,İSKİLİP,28132,-0.492
54988432B41731057290221,0.07161252802009081,0.11800446081655648,10.648680951576026,0.07109448144115621,0.11715081399085178,0.06111426226331975,0.10070522247952793,0.04807936862200758,0.0792260813505809,0.0707203081743794,0.11653424429531499,0.07122616047516235,0.11736779716179052,0.07104786823006047,0.11707400387124899,GAZİANTEP,İSLAHİYE,66107,-0.37
54988432B41923494384983,0.1233335864944991,0.1659629892430298,12.853731129980554,0.12045989951438421,0.1635137775077164,0.10251519291786765,0.1430885682267943,0.0841230505259513,0.11963996255987694,0.11903684247364534,0.16212122594434425,0.12101119690739597,0.16402803329503599,0.12006802614720173,0.16313754844246037,MALATYA,DARENDE,24806,-0.43
54988432B42317071313317,0.06581517272628523,0.09321036285441323,6.103007272606032,0.0649827754417662,0.09252517181228426,0.06010549007527006,0.08723408490008183,0.05515416839703298,0.08113455082521469,0.0647288329566844,0.09229177348099259,0.06511785599958703,0.09264550742644775,0.06498105457196861,0.09252362068691776,HAKKARİ,YÜKSEKOVA,121314,-0.477
54988432B42480062552941,0.4691226548448743,0.7347579961816108,57.53512113449785,0.46358268107576095,0.7290828184728954,0.4074904111675017,0.6504723040499639,0.322487672488777,0.5207705382685641,0.45985771477931475,0.7245495015612426,0.46494205212769074,0.7306446329480394,0.4624129970219959,0.7276933953955987,BALIKESİR,HAVRAN,28152,-0.471
54988432B42537798985554,0.48683090306353244,0.6839619022403112,47.50652174994646,0.4840982678508377,0.6808743019498112,0.4538777695769284,0.6400780967329524,0.4064718373206804,0.5770155141005822,0.48121206838175284,0.6771763021546517,0.4849613129712407,0.6819235401099856,0.48280846876558375,0.6792557329603234,KASTAMONU,TOSYA,39091,-0.066
54988432B42778469156443,0.3094855437833351,0.4195331287230037,26.511806100874757,0.306460376346207,0.41614998183167873,0.25744726339149493,0.3560576266334489,0.16790925669622478,0.24897827076079498,0.30641938663118656,0.4161009622188989,0.30663533604028476,0.4163588186472157,0.30732522271623935,0.41717483801059024,BURSA,GÜRSU,105799,0.176
54988432B42781548815333,0.058971154356251436,0.0971737692542718,7.076516657616869,0.05886083730738835,0.09699198676132152,0.056509802794535956,0.09311790819266064,0.0531403143096654,0.08756560215239355,0.058784408450267576,0.09686604586348266,0.058892409648574506,0.09704401225464504,0.05885389611679223,0.09698054893785175,BİNGÖL,SOLHAN,33233,-0.73
54988432B42922593275037,0.2743815027164008,0.3348714700638327,19.46780846845553,0.2692417510056329,0.32996663314758184,0.19898594794158475,0.25700107444494014,0.11197241928447291,0.16180919176257116,0.26537612149163675,0.3261175883001305,0.27060437004680093,0.33130775172318705,0.2683024623158922,0.3290372967289039,MANİSA,AHMETLİ,17612,-0.292
54988432B43283240341511,0.014337981730769526,0.023626394013941558,1.3548989567229726,0.01422031165707651,0.023432495069381283,0.012915794803631163,0.021282887840409534,0.01132609668277067,0.018663353594102698,0.014169995911067218,0.023349583843614415,0.014243299601991655,0.023470375034242055,0.014218915695442619,0.023430194777735638,NİĞDE,ÇİFTLİK,25157,-0.977
54988432B43554953634888,0.062231542179534055,0.10254629718725293,7.559992452696047,0.06204132094757772,0.10223284708943524,0.05836449131624691,0.09617409856937456,0.05298431030103161,0.0873085358340688,0.061901283269624824,0.10200209038892889,0.06209303086530232,0.10231805565738651,0.062019772542359214,0.10219733922496559,ADANA,KARAİSALI,22872,-0.546
54988432B43586111700831,0.2493275515761392,0.3739500484850074,22.93950433120239,0.2452137533740732,0.3696282236091592,0.22587658029170193,0.3475919431979202,0.2050681444157889,0.320674319870026,0.24286760800644333,0.3671228437417821,0.24612410601053974,0.3705917461203779,0.24426269737528403,0.36861670147518755,SİVAS,SUŞEHRİ,25056,-0.28
54988432B43626736255275,0.27062162945760815,0.3320340095248938,20.11286601155383,0.2679189552471285,0.32935236718978156,0.23718962627536325,0.29464669132830984,0.19220677417297358,0.24431605009613744,0.26643835294949253,0.3277420012398367,0.2684479950612679,0.32991496380355634,0.26762209845165486,0.3290331261595824,KAHRAMANMARAŞ,ONİKİŞUBAT,447591,0.686
54988432B436343701670,0.4915216273725519,0.3754153521025743,8.365552864650974,0.45541855646638063,0.3492316019998583,0.3088944226950898,0.24101665548507176,0.1960175718433189,0.1549387657742634,0.45341986042931537,0.34768717253146547,0.4575679483764439,0.350813365611784,0.46148624966101026,0.3535869406293129,ESKİŞEHİR,HAN,2126,-0.687
54988432B43742920895959,0.34800138624803795,0.4580401503907761,28.912477471852338,0.3405829829110682,0.4507250837044451,0.2405437321597315,0.3368329404517654,0.10134019633339848,0.16601545758142797,0.3359280371928475,0.4457369283127258,0.3423191421852054,0.4525455779773819,0.33957335615351264,0.44965436662117736,İZMİR,KONAK,317399,3.465
54988432B43754311054552,0.2584496694762045,0.34654412543770596,18.9016131601712,0.2574782240929831,0.34495860672881123,0.23985731550649278,0.32038887560911244,0.20897934777819477,0.2828729489972918,0.25605782567385793,0.34271724178749663,0.2578772298168341,0.345604971168291,0.25685581662796503,0.34396541360103583,ÇANAKKALE,ÇAN,46612,0.258
54988432B44345748787978,0.10797961594788345,0.15263310768418556,10.41494252277642,0.10609658116394118,0.15103287166130538,0.09443092815970683,0.13782064623659163,0.08225870470467088,0.1222710207103741,0.10449388921880451,0.14945067506928458,0.10663260779248414,0.15152498740665893,0.10533861694570132,0.15030252348893347,KASTAMONU,TAŞKÖPRÜ,36544,-0.319
54988432B44443308147205,0.04714018894395604,0.0670985707538327,3.7491876214820645,0.04686109758986696,0.06675415598589224,0.0420582859573309,0.06097153318514464,0.03569992965577557,0.05317948288750736,0.04683408511150937,0.0667216142332989,0.046889984645732075,0.06678899592195113,0.046940258395714037,0.06684975668229742,ESKİŞEHİR,MİHALGAZİ,2861,-0.452
54988432B44474126810300,0.04087689281137028,0.067357707225594,5.802084528495767,0.04069253666984259,0.06705392173329729,0.03707141089323787,0.06108696306515345,0.03212937191850819,0.05294337896512317,0.040517295528325746,0.06676515610821321,0.0407487759233324,0.06714659382529393,0.04064852122614354,0.06698139226331612,MALATYA,YAZIHAN,13937,-0.696
54988432B44685519111257,0.23486093157071602,0.29311582727612445,16.71462980288381,0.22971532406460546,0.28816241057921615,0.1704668529739584,0.22426008853323698,0.0996788682266677,0.14597853384316803,0.22630782973770294,0.28463875579131553,0.23095111365314822,0.28941658047386326,0.22887591428849074,0.28730179523185345,MANİSA,SALİHLİ,165007,0.616
54988432B44714852164400,0.11918986348681115,0.16290133011336955,11.15200949038531,0.11736863598962896,0.16144379197365943,0.10748179637490878,0.1513332890726655,0.0976602237652184,0.13979051766348524,0.11635136436004262,0.16054310436706423,0.11777295125564897,0.16178686706935944,0.11700167207183518,0.1611255241820172,MUŞ,HASKÖY,27684,-1.032
54988432B44792581222483,0.5702603206111234,0.6370436547344698,32.333562808645695,0.5643730215656315,0.6311845848309838,0.4635065662661594,0.5235049592326922,0.13616795259156014,0.2229565412749953,0.5655963017988893,0.6324443127842649,0.5641700916980019,0.6309792614959377,0.5669742955220529,0.6338712395511976,İSTANBUL,PENDİK,752033,2.485
54988432B44858754124976,0.08790361522064809,0.12039291027337248,8.707058101525492,0.08719840652489713,0.11959019619090339,0.07300536497212748,0.10260561795117248,0.05292746879851883,0.07736202561453423,0.08663851233033985,0.11891938429392535,0.08739752113283607,0.11982856752466749,0.08710266371378021,0.11946233870550138,KONYA,AHIRLI,4536,-0.907
54988432B44904988646230,0.19971620582473323,0.3290960930476335,25.321458338031466,0.19948835824426323,0.328720641550178,0.18988049138072163,0.31288861913489036,0.16738066753945896,0.2758129892938264,0.19928907073401514,0.3283922518697061,0.1995536913000536,0.3288282985794043,0.19945866013283045,0.32867170444763755,ÇANKIRI,BAYRAMÖREN,2209,-0.836
54988432B45006727271001,0.4591944825780075,0.6249715935421204,44.371872238243846,0.44613910480251434,0.6131404180609484,0.3092870286376312,0.45397249545399504,0.14313805193824883,0.2358655546494125,0.4386246789726921,0.6054700515081793,0.44901987240497476,0.6159696095721626,0.44444287762935547,0.6114141875396387,İZMİR,DİKİLİ,49138,0.609
54988432B45078999476524,0.49455978972975706,0.6250617030914889,35.720616546594435,0.4883459538228792,0.6184152042333926,0.3811765474882081,0.4962789690275554,0.1695789364593305,0.26780302850087917,0.4896671009064305,0.61990798390594,0.4881185717090009,0.6181568595290853,0.49111223016065575,0.6215182149882281,İSTANBUL,GÜNGÖREN,251242,1.92
54988432B4509527375863,0.9136989027669548,0.9314648007632179,40.86609858844976,0.9021551304153435,0.9219481597266013,0.7689668180459819,0.8029874999302465,0.5837345096549769,0.6354927533103939,0.892613309854889,0.9136941087136252,0.9060814651261027,0.9252846469089359,0.8988452280440006,0.9191030722071066,ANTALYA,SERİK,147062,0.852
54988432B4527245450623,0.10666423156203639,0.09627918657739898,2.733849104387841,0.10422309858356657,0.09445273581625077,0.09362782769249464,0.08577802557352879,0.08489567990848963,0.07797731063328996,0.10352533234799989,0.09391285770716856,0.10457712804104217,0.09472302202380618,0.10420023372541584,0.09443328684841228,NİĞDE,ÇAMARDI,11631,-0.733
54988432B45288450631555,0.5875435696060657,0.9678027050633976,85.56944166722245,0.5856671494679988,0.964710737361658,0.5426324711583083,0.8938081703969917,0.4708163776628577,0.7755037130395145,0.584625077025815,0.962993652739807,0.5861212823698324,0.9654590494820953,0.5857015302783466,0.9647673965271325,AKSARAY,GÜLAĞAÇ,19099,-0.688
54988432B45351721911110,0.49744560936171217,0.688915062417321,47.40160314140421,0.4922305365966289,0.6837870093512329,0.4364727985727616,0.6163548987918631,0.3540224089890436,0.5107586239807692,0.49247677595102973,0.6840548303475614,0.4923871016569169,0.6839521445365928,0.49378313544746966,0.685427531780294,SAKARYA,ADAPAZARI,284006,1.392
54988432B45520240817550,0.17729045925630613,0.2921425291199147,22.451230381539563,0.1768835398799991,0.2914719997736605,0.16832877762319104,0.27737530279285777,0.15622461115429262,0.257429831277099,0.17625513841227353,0.29043650810166577,0.17706845596487555,0.29177670795106236,0.17663837327748397,0.29106800966829927,ARTVİN,MURGUL,6457,-0.165
54988432B45526631886391,0.0773454350242736,0.12745125202256255,8.31433276051966,0.07720006965223553,0.12721171624826416,0.0741418553515509,0.12217233362079251,0.06980695584927063,0.11502920527993808,0.07710714445330674,0.1270585923703753,0.07723578872205918,0.12727057479846404,0.07719568199800084,0.1272044861896902,ADIYAMAN,GÖLBAŞI,47917,-0.133
54988432B4572982362376,0.4232806239790824,0.5554532846329686,36.1887234738706,0.4168408000220662,0.5491837803116677,0.3265471189418724,0.44732711891042587,0.19449375256770568,0.28895648723334655,0.4123750913931855,0.5444951341613292,0.41843188216785904,0.5508193411219415,0.4157568467245705,0.5480603584395931,MANİSA,YUNUSEMRE,270355,1.581
54988432B45752355908824,0.41272009788344294,0.5642066079730929,34.67717555537811,0.4077026320784765,0.5584436531933029,0.32360956844288147,0.45331912613873565,0.16144418347034853,0.2610404933750847,0.40879443846657687,0.5597675337926581,0.40751461812145323,0.5582142946430972,0.4099849252467686,0.5611901067856919,İSTANBUL,ESENLER,419878,1.354
54988432B45816327347427,0.04620612878770529,0.07613420832063311,5.762846457813354,0.04583842596245417,0.07552875821132343,0.04037721888842223,0.06653150911084722,0.033398830140452314,0.05503376224746069,0.04560239041840064,0.07513996137314206,0.04592194750454261,0.07566632308921342,0.04580137989373782,0.07546773249774437,KONYA,GÜNEYSINIR,9237,-0.621
54988432B4585133817151,0.00744347725995333,0.012265500813135212,0.8932223985458393,0.007419542867881519,0.01222606127497767,0.006926399893286059,0.011413451073501701,0.00624214762712255,0.01028592741299806,0.007396220851265536,0.012187630820530489,0.007426973211057924,0.012238305133202702,0.007413705131265347,0.01221644174357966,DİYARBAKIR,ÇÜNGÜŞ,10057,-1.092
54988432B45859142187926,0.021770517336461213,0.03587386496488248,2.478472091198477,0.02164141808446356,0.03566113280690687,0.020962079238275415,0.034541705571581725,0.02019660900175884,0.03328034942303299,0.021563063305224638,0.035532018338640975,0.021671120980046307,0.03571007779285888,0.021610100837106655,0.03560952766195829,GİRESUN,ÇAMOLUK,5709,-0.92
54988432B4589751730887,2.8346357929815365,4.34506575053038,359.4435523108089,2.8091852269958157,4.320516348724894,2.060304894539788,3.1729503232604546,0.5573803079921662,0.7649095346925883,2.8020368931964756,4.312802163242133,2.812612031918535,4.324138113388609,2.810862990411621,4.322549065401019,DÜZCE,KAYNAŞLI,20379,-0.099
54988432B45931517008549,0.048104807851202885,0.07926800058744878,5.772581262725892,0.04801617275312171,0.0791219460178411,0.046125611846921016,0.07600664445615786,0.04341384110061539,0.0715381379863663,0.04790773102458089,0.07894325371273375,0.0480490467997984,0.07917611648577727,0.047980925146211155,0.07906386435303259,MUŞ,BULANIK,68983,-1.036
54988432B46025215892894,0.22411848150379882,0.3398448808459201,29.014175550011174,0.2213059557209967,0.33637862286949016,0.18672330101985196,0.28406577682275364,0.14471200282870214,0.21834359880218498,0.21916475559657836,0.33336585191553375,0.22207454626131579,0.3374206892180359,0.2206943919887561,0.33553135981035903,MERSİN,MUT,62758,-0.179
54988432B4616590264443,0.611573207368179,0.6052633396255224,25.69680772532556,0.6022649912198446,0.5977041321731013,0.5003633951408174,0.5077300274957222,0.3404290845026147,0.3687457668243374,0.5956831675466135,0.5920433353037149,0.6046383031959538,0.599707233689866,0.6002070607231913,0.5959480038846391,BALIKESİR,ERDEK,32080,0.352
54988432B46438308523987,0.030603218480298785,0.05042855483339151,4.479122230334323,0.030587397032122494,0.05040248395566944,0.029348843022011264,0.048361571531598084,0.02587409947614663,0.042635824236508454,0.03058417286533254,0.0503971711134315,0.030589104080435994,0.05040529686175433,0.03059240951487255,0.05041074361833777,KIRŞEHİR,AKPINAR,6435,-0.596
54988432B46507991557572,0.35595652627254926,0.43778191804229954,23.70442643773177,0.3526967083752198,0.43460683067787065,0.31992759272935073,0.39690239803284755,0.27721900489517787,0.3456345821091294,0.3524613172708954,0.4343576054320978,0.3529502999395092,0.4348719699088587,0.353401235900826,0.43533567063381323,ESKİŞEHİR,ODUNPAZARI,431652,1.95
54988432B46518682235057,0.1267944474888084,0.20893425807077165,15.577429966336137,0.12638767005853307,0.20826396262583893,0.11875871398341245,0.19569282635782115,0.10806037338457007,0.17806390096024147,0.12587374084641603,0.2074171004740554,0.1265358084010359,0.2085080677526458,0.12620153135220685,0.20795723978998326,TOKAT,PAZAR,12875,-0.633
54988432B46569875882636,0.14508095375791535,0.23906710454561134,18.205705219310182,0.14479886854471022,0.23860227926421282,0.13882112063262048,0.22875203463850222,0.1302976165178272,0.21470684540776175,0.14451154888365275,0.238128828561906,0.14491184007378946,0.23878843585922757,0.1447229885498848,0.23847724279191249,ARDAHAN,HANAK,7668,-0.926
54988432B46575800975320,0.3024269789447026,0.356606278463421,22.92450090995577,0.2978864424884218,0.3529037529517339,0.26363823656603286,0.31914442168873147,0.22410689033764353,0.2770902468405706,0.29457095659341903,0.34992570270736884,0.2990235168951446,0.3538856323098651,0.2965825272819185,0.35175015483449534,GİRESUN,TİREBOLU,32124,0.014
54988432B4660350003677,0.2824217088489115,0.37592931776306304,25.392562465484946,0.27960421435126903,0.37315631401241195,0.25020706254379044,0.337752297729832,0.21224000721276534,0.2909235329982803,0.27797100649617373,0.37133620974002746,0.2803366232718485,0.3739427224942373,0.2792233481458754,0.372738778034332,ERZURUM,YAKUTİYE,189149,1.688
54988432B46629415876767,0.3692740485398505,0.6084935488090907,52.34321410702637,0.36735947114255296,0.6053389551998445,0.3230292513437506,0.5322919223836386,0.24701195439962195,0.4070300494131607,0.3648207439200441,0.601155745632821,0.36809248921944127,0.6065467743802255,0.3664715449247778,0.6038758745570737,AFYONKARAHİSAR,BAŞMAKÇI,9089,-0.427
54988432B46815557775592,1.2950680465375464,1.7894494985212344,140.05426391867144,1.2928867415379892,1.7871001457207798,1.1972798484465375,1.6680224304955966,0.9575196075941611,1.361519825481088,1.2913835881718494,1.7853951237883805,1.2934785112180232,1.7877511225568425,1.2928250207006282,1.7870188032307628,NİĞDE,ULUKIŞLA,18780,-0.314
54988432B46858449148239,0.1545469348185708,0.2546258396650641,21.518858020345935,0.15434538424310776,0.25429642743468245,0.14731647864530417,0.24272489183212503,0.13129243149956937,0.2163282874589079,0.1539399447934722,0.25363027199475396,0.15444329990225017,0.2544569915889836,0.15417653453774188,0.2540191501989524,ÇANAKKALE,BAYRAMİÇ,28480,-0.229
54988432B47187297633278,0.8687796276441714,0.9317354557339247,43.10977479900574,0.856663679143677,0.9207266132555986,0.6566792626447913,0.7285892856640804,0.23739179716122327,0.34202241846941756,0.8591303791796898,0.9230739051241269,0.8562417139656424,0.9203229395776985,0.8618662548201308,0.9256442401891736,İSTANBUL,KAĞITHANE,446420,2.174
54988432B47223063942173,0.005642920179478715,0.009298509236029727,0.515405572755015,0.005633926806505401,0.00928368978812055,0.005442987874073987,0.00896905705005918,0.005170035975547631,0.008519281815125119,0.005621615253436663,0.009263402581093262,0.005637392945345951,0.009289401356421558,0.005629517422759327,0.009276423923252007,GİRESUN,ALUCRA,8473,-0.54
54988432B47270758673920,0.09768222396246794,0.1185149255667475,6.3663421912223095,0.09679566390301877,0.11780539453553461,0.09052854518829148,0.11180826351007939,0.08360072294790266,0.10468447973675118,0.09630291540902604,0.11737646221659626,0.09699829077685118,0.11797632349273562,0.09664647524216144,0.11767731685527724,IĞDIR,MERKEZ,152455,0.033
54988432B47330192202647,0.3006414682038925,0.4263621281377213,32.962958795363654,0.297521071839735,0.42293812038828754,0.2536837201565295,0.36665643934860326,0.19543208779317106,0.28848954665597565,0.2950008323365158,0.4199046854420565,0.29840866581148573,0.4239783883301235,0.29680731495980134,0.42208868184020465,MERSİN,ANAMUR,66952,0.316
54988432B47711735094491,0.39462613608318514,0.3805697833028402,14.647561339017363,0.3870819581451448,0.37496451858666463,0.34435410876162986,0.34089372556878383,0.3024544891952545,0.30601679596612397,0.38225440640479713,0.3712671162462517,0.38901758326433145,0.37642635085698317,0.3851488233239817,0.37349201209431104,BARTIN,AMASRA,13705,-0.102
54988432B47787159486686,0.001054414259452521,0.0017374835046889557,0.1581621389178781,0.0010491680617061812,0.0017288387220858314,0.0009446239775678127,0.001556569028201434,0.000803950822797091,0.0013247651771290919,0.001044095566940486,0.0017204801704975854,0.0010507908510809742,0.0017315127847182463,0.0010478955948261778,0.0017267419274015323,MALATYA,HEKİMHAN,17116,-0.606
54988432B47827945301604,0.3875591999848575,0.43951309728429055,21.48647986099708,0.38323472407837056,0.4357729228162913,0.34877246878211265,0.3985860392320527,0.2923341713857769,0.34087131375823626,0.3819886062618112,0.4345508392149652,0.3839205610224546,0.4364250179897764,0.3833295066454222,0.43586394041255755,KAYSERİ,BÜNYAN,30362,-0.379
54988432B47932358770374,0.013657162996500681,0.022504528191404662,2.044277286030456,0.013585181118561596,0.022385915108895104,0.012158098829641535,0.020034342266813283,0.010246609274857117,0.016884554087215255,0.013520358131268048,0.022279098580061663,0.013611009715928787,0.022428475953906873,0.013570723422437776,0.022362091447268993,ERZURUM,OLUR,5985,-0.637
54988432B48034047733274,0.0,0.0,0.0,0.0,0.0,0.0,0.0,0.0,0.0,0.0,0.0,0.0,0.0,0.0,0.0,VAN,SARAY,17036,-1.237
54988432B48182517932620,0.06783447923651957,0.11177892148747576,8.250274345830315,0.06765373268647368,0.11148108394742083,0.06377858367554466,0.10509554105065008,0.05813150276705987,0.0957901756876752,0.06756653303343917,0.11133739473096357,0.06768659281822832,0.11153523148608865,0.0676661085464806,0.11150147712062158,KIRŞEHİR,AKÇAKENT,3301,-0.816
54988432B48183111476065,1.0753675279879735e-05,1.7720106918199134e-05,0.0013680240687349093,1.0736648115729764e-05,1.7692049239182572e-05,1.0367676600294959e-05,1.7084051086633944e-05,9.817319588311825e-06,1.6177162526053303e-05,1.072085920580744e-05,1.7666031978602932e-05,1.0742063493253332e-05,1.770097279938153e-05,1.0733063640205058e-05,1.7686142673483833e-05,SİİRT,PERVARİ,26437,-1.345
54988432B48404533288068,0.6654963488349587,0.719215776572125,38.0983265338096,0.6613584592091196,0.7150889567807748,0.6263012607675618,0.6690539953261246,0.5837138929522442,0.6106206570842767,0.6620674229635972,0.7159239866936172,0.6611877734740811,0.7148732961803451,0.662923384506719,0.7168324907880236,KIRIKKALE,YAHŞİHAN,39137,1.778
54988432B4842956932504,0.010607839562494344,0.01747979610005526,1.301675173451042,0.010588377962117413,0.017447726911568262,0.010173771071834354,0.01676452993624356,0.009579662224708348,0.015785546284782716,0.010568530988103245,0.017415022697206146,0.01059617600079527,0.01746057666530617,0.010583138245289449,0.017439092808343444,ARDAHAN,ÇILDIR,8048,-0.773
54988432B4854228242513,0.21303911901470954,0.35104983816675395,26.13882549009553,0.21249342506716543,0.35015063349082426,0.19930749140368625,0.32842260579313975,0.17672321762654117,0.2912078177708845,0.21160865419678393,0.34869269153021837,0.21271162596732768,0.3505101890083465,0.2121435440835779,0.349574093073111,ÇORUM,ALACA,28989,-0.339
54988432B48804901701005,0.005060052274851091,0.008338048619507958,0.667927242728526,0.005048318936850502,0.00831871420606637,0.004771771109499566,0.007863013532472188,0.004306539554074008,0.007096396288664808,0.005039351976342408,0.008303938281110552,0.005051685608578451,0.008324261870601984,0.005047078120712876,0.00831666956606634,DİYARBAKIR,ÇERMİK,49299,-0.887
54988432B48966185203589,0.03972375740457681,0.06545754917100098,5.734304019110121,0.03944884323983827,0.06500454047716318,0.03413673750727707,0.05625115346371266,0.027179276472587218,0.044786519261433934,0.039220198369982445,0.06462777519137071,0.039523503035739954,0.06512756628289343,0.03940498984309464,0.06493227803118089,KAHRAMANMARAŞ,EKİNÖZÜ,9896,-0.92
54988432B49000461137157,0.13131044386308416,0.19210008750769078,13.682576999889074,0.1299183837661631,0.19089958592139242,0.12074850662998028,0.1801627352924664,0.1108690455350658,0.16716325793315587,0.12947429663541868,0.19046255909795035,0.13015157080508405,0.19112097001943618,0.12991539865149163,0.1908967130073372,HAKKARİ,MERKEZ,76165,-0.077
54988432B490212621980,0.3207940037002929,0.45182034325228054,30.07335679219155,0.31879516846013195,0.44981306494141127,0.2960080642725115,0.42213332198506986,0.2661446240590113,0.3842071964063863,0.3171838443477771,0.4480013498018099,0.3193822138346808,0.450448135653927,0.318250997447282,0.4492102135035556,KARABÜK,MERKEZ,135819,0.962
54988432B49228485155322,0.14319205543955715,0.10361185171022182,1.5789606796459608,0.1425311837069544,0.10313375979879706,0.12928016609185705,0.0935475697495508,0.11135007704855443,0.08057629664393776,0.14183760716078223,0.10263200777120332,0.14275510188395313,0.10329574815145508,0.14233660547556454,0.10299299669331649,ŞIRNAK,BEYTÜŞŞEBAP,13971,-0.723
54988432B49266888844596,0.11620613932426231,0.19148664617294467,15.798697220911007,0.11582968217433796,0.19086631305211285,0.10768123111361444,0.17743914324683782,0.095539774659275,0.15743222459679285,0.11551605912156006,0.19034951912979362,0.11594217138977123,0.19105167488169597,0.11577191326574847,0.1907711203658813,YOZGAT,YENİFAKILI,5008,-0.352
54988432B49369799231556,0.8135362926257932,0.9208979197574225,50.319068738019745,0.7964870745750691,0.9049718808772717,0.5803542624819363,0.6767416928946209,0.23413243108365941,0.316537235449425,0.7998128773290688,0.9082984371434301,0.7959224613458471,0.90440241921471,0.8035601309950259,0.9119739744605084,İSTANBUL,SARIYER,344883,3.249
54988432B49466488520604,0.023694960383595896,0.03904499815104216,2.618015013606193,0.023559363490847068,0.03882155905931318,0.020913235483358678,0.03446121992022212,0.01737934691397595,0.02863801235102685,0.0236076307014128,0.03890109467012599,0.023543376017769353,0.03879521460265853,0.023640057006021797,0.03895452734032281,KIRIKKALE,SULAKYURT,5564,-0.809
54988432B49471063177420,0.6034465612590155,0.7264432800908232,40.386888705495,0.5931777984981512,0.7167174305574807,0.4533544207390887,0.5668642883137532,0.19295160465011563,0.29337594988334387,0.5952260464354961,0.7187708931032633,0.592829710882635,0.716366606204786,0.5975194827488289,0.7210355721552167,İSTANBUL,ÜMRANİYE,728913,3.364
54988432B49528694857663,0.150329344097327,0.11469681418760717,2.4440324328886267,0.14918465400553424,0.11384182700367446,0.12725285210224868,0.09743875720604164,0.0987401995275003,0.07608574622070327,0.14795394478440493,0.1129232495117383,0.14959735485739684,0.11414985903123613,0.14882298669272342,0.11357223073731752,KÜTAHYA,DOMANİÇ,13900,-0.483
54988432B49585252089849,0.716150495765486,0.8138578831722797,40.216450878028375,0.6942783042556577,0.7968122462081075,0.570398536787515,0.6840679184196254,0.4337316836862084,0.5433966301413417,0.6961838920796266,0.7983252476343521,0.6943235381128126,0.7968606218823571,0.7006288065462538,0.801893558810976,YALOVA,TERMAL,7497,0.158
54988432B4974900305842,0.00033792018079627966,0.0005568311835425092,0.043591185472981964,0.00033725388538687886,0.0005557332495258687,0.0003231217199350324,0.0005324460034193263,0.00030277773587125565,0.0004989228066173215,0.0003367748306617639,0.0005549438542049414,0.0003374498638844608,0.0005560561865534836,0.00033720040664171104,0.0005556451262510288,TUNCELİ,OVACIK,6700,-0.375
54988432B49773192126459,0.46036556694124214,0.5272693641919365,21.790485492937503,0.4420478782888253,0.5136906826296891,0.36179275119357196,0.4478669769871456,0.29419024458579995,0.38628694780683825,0.437483529209894,0.5102039951727895,0.44466556490035025,0.5156699542897143,0.44240138345142,0.5139554780644577,KAYSERİ,ÖZVATAN,3877,-0.325
54988432B49774996339871,0.7534870369214532,1.0790111971726868,83.18263292354034,0.7479107059237148,1.0734933694292814,0.6732075936731786,0.9879104557998792,0.534561587073743,0.8104872773366019,0.7428009855957024,1.0680992625024086,0.7495701024810323,1.0752019282680192,0.7460459952260976,1.0715441407221467,AFYONKARAHİSAR,MERKEZ,331982,1.178
54988432B50131654423390,0.23253802683365737,0.36222954808627783,25.000835524962383,0.2311092622715009,0.3599861686352517,0.19610955117333143,0.30877147592751863,0.13414961732381686,0.21748531417252465,0.23128441958840498,0.360255827026278,0.23113256495788262,0.36002197005601616,0.23174266969725302,0.3609662586944882,KOCAELİ,GÖLCÜK,181227,0.892
54988432B50302580927111,0.21295252202977608,0.3079324637110999,20.931727735586364,0.21095250071683505,0.3057198313993022,0.1858967977010294,0.27331305770816006,0.15240990498463006,0.22838826047894545,0.20947080797648068,0.3039177308318922,0.21148632894451236,0.30635127506794285,0.21052899834770816,0.3052107865213665,MERSİN,AKDENİZ,254292,1.183
54988432B50394805884304,0.0017308043011772694,0.002852051644959392,0.2077776452573268,0.001726304789118514,0.0028446372649743408,0.0016322739554874314,0.002689691501578665,0.0015000409311713382,0.0024717954550630963,0.0017215366738584392,0.002836780275618813,0.0017278354889644174,0.0028471595807615623,0.0017249709899907206,0.0028424394058669416,VAN,ÖZALP,51357,-1.159
54988432B50445752113083,0.09252559608949396,0.15246540486893678,5.63943216189973,0.09241722529776514,0.1522868294548328,0.0900316470045952,0.14835582899996505,0.08649172294066329,0.14252267603015725,0.09228550737883078,0.1520697822085832,0.09246290842735876,0.15236210696876987,0.09237502637281553,0.15221729327836486,ISPARTA,SÜTÇÜLER,9228,-0.811
54988432B505648184983,0.4636509892040615,0.5717234974631814,31.31599327420928,0.4613393066036638,0.5690187586134469,0.4134319315674975,0.5163676642262437,0.3428824237155365,0.4401723505434438,0.4578032206347679,0.5650273743312505,0.46222825193041084,0.5700362375958867,0.45993144807668357,0.567422580518951,ÇORUM,SUNGURLU,49079,-0.243
54988432B50626886861490,0.43321305785746783,0.6346801326323382,49.21862494133809,0.4256295033653571,0.6281415439733662,0.3703126205930887,0.5608202877988384,0.29771389948812094,0.45906396170135966,0.42084613512632835,0.6232993103620349,0.4278108717702228,0.6301933244734584,0.42388878267370284,0.6264157671275328,ANTALYA,KORKUTELİ,58381,0.081
54988432B50709390359139,0.49940134293190946,0.6300755924681563,38.09514558577687,0.4907943679109592,0.6224370452601428,0.3955590364144153,0.5223529979083467,0.24834592362290647,0.3564487966266953,0.490690205369199,0.622338463657462,0.4912408163457451,0.6228586374029592,0.4930340333176356,0.6245349645993844,BURSA,OSMANGAZİ,886111,2.374
54988432B50747108890679,0.01691867761807733,0.027878912883654197,2.030241314169279,0.016887472144109593,0.02782749192098334,0.016221906880035334,0.026730761051445007,0.015267295077772115,0.02515773389921839,0.01684937544017871,0.02776471546090654,0.01689903439866988,0.027846544419937527,0.01687511426065099,0.027807128369874555,MUŞ,MALAZGİRT,40595,-1.027
54988432B50828281350950,0.5636723027110655,0.8520375558646924,58.468946372844016,0.5597343600064074,0.8466768650589115,0.484859275039503,0.7434014992979886,0.38782096209043154,0.608120936250984,0.5555777994623105,0.8406182281593616,0.5612384490619041,0.8488735703717682,0.5585378309672617,0.8447991166326801,ANTALYA,AKSEKİ,10609,-0.182
54988432B50977665989913,0.46726036318379277,0.5993114485595746,35.81862818335318,0.46142357525973005,0.5930519230721997,0.36392121477389733,0.47904551030159437,0.1724857914868193,0.2633324772585831,0.4626564295325007,0.5944444834926027,0.46121441778201966,0.5928158271769886,0.4640207041163591,0.5959716183186697,İSTANBUL,SANCAKTEPE,507500,1.275
54988432B51005953593095,0.0076934075071647045,0.012677340541173482,1.1286814943329597,0.007647436045615627,0.012601587908456393,0.006749795237926223,0.011122438624847677,0.005553757426511051,0.009151585186847756,0.007618979862301716,0.012554697278259495,0.007658913301819751,0.012620500345532226,0.007646317008920228,0.012599743938895121,ŞANLIURFA,HARRAN,101710,-1.447
54988432B51165292836212,0.14635596747221202,0.22679110311802889,17.773817764683702,0.14476924802658908,0.22514180985612026,0.1289125553294057,0.20308182456242752,0.10779257239790463,0.17147864005085947,0.14358829867857845,0.22369123847739658,0.14517068701640976,0.22560740056611545,0.14436075571431364,0.22465144653141905,SAMSUN,ÇARŞAMBA,143206,-0.015
54988432B51178823005905,0.14801167422364767,0.2057433115148678,14.011804453863434,0.14720084581189613,0.20488522253310001,0.13781735852379226,0.19336400997970277,0.1258686764175505,0.17818545244724074,0.1467767981269644,0.2043974473230397,0.14741438968792295,0.20512523339947658,0.14714008959778954,0.20481612344453465,KARS,MERKEZ,121154,0.398
54988432B512462683964,0.020182589871021638,0.033257248437639816,2.2765164406127747,0.02012092956939435,0.03315564344130073,0.01886417985347967,0.031084747793457292,0.017124935223933345,0.028218788017814037,0.0200743521962582,0.033078892376156924,0.02013717045662151,0.03318240547852257,0.02011429159713776,0.03314470526667247,HATAY,REYHANLI,117645,-0.54
54988432B51380550593874,0.4655721162032902,0.5213512879333255,26.554199477519248,0.4602099101644011,0.5162120377389683,0.3610999262434932,0.41672186593064986,0.11395149260218913,0.1862474841338784,0.46128097539887103,0.5172682474297063,0.46003803805321186,0.5160481163841841,0.4625237294356781,0.5185125075965943,İSTANBUL,TUZLA,313865,2.73
54988432B51585452929549,0.5561108167188997,0.6560070399319528,36.45445850470028,0.5507572598759127,0.6512873794185676,0.4956253776075579,0.5946610515883471,0.4216280537066151,0.5166859884031606,0.5459657337169078,0.6466561870692044,0.5523071532869324,0.652733679914174,0.5488556126199692,0.6494722436914173,TRABZON,ORTAHİSAR,335116,1.807
54988432B51640107069118,0.14631186940294522,0.24109543032907846,19.13110165030851,0.14567532167490263,0.24004651509722694,0.13299564450759302,0.21915270630672307,0.11592666815250695,0.19102612835785635,0.14510223979586018,0.2391021800763884,0.1459037230017775,0.24042287906834786,0.14554783872920635,0.23983644631895418,ERZURUM,OLTU,29765,0.025
54988432B51915781882505,0.3015228322602474,0.3744138099836619,22.381280857713232,0.29891592461707045,0.3719196529394614,0.26308671454297455,0.3339039578865565,0.21399635906702402,0.28102213748045096,0.2967065454415136,0.36969731823536306,0.2997693466404891,0.37276332286642594,0.2982109724377,0.37123438085563093,BURDUR,MERKEZ,120832,0.917
54988432B51986121551962,1.458574371942373,2.357202767314726,189.28189041522455,1.4513389264926728,2.3483136028323894,1.3562281363261621,2.2037224174107712,1.2058913404852967,1.9650952510326076,1.4474570331119232,2.342873656895893,1.4529132658196238,2.3504609331445616,1.4508713844149885,2.3476584891836696,ADANA,POZANTI,19983,-0.185
54988432B52020069669764,0.2357894292102078,0.30741459828828444,18.505171626506062,0.23375566513337198,0.3055591705492722,0.21284164433661984,0.2825400551309059,0.18498404882644398,0.25074094601253577,0.23277524724501994,0.30456575939038927,0.2341668803235476,0.30596450077048826,0.23361151233669877,0.30541524318004987,DİYARBAKIR,KAYAPINAR,454311,0.857
54988432B52055893511885,0.16554522840200359,0.27278667062732265,22.18969968314787,0.1649231874315062,0.27176178653892846,0.15262549145195123,0.2514979200319579,0.1338165591692508,0.22050459012972518,0.1644105493517217,0.270917100286912,0.16511859697573492,0.2720837625550627,0.16481510759095716,0.2715837020093167,ISPARTA,ATABEY,6204,-0.299
54988432B52081033175293,0.009120687101686759,0.015029238507110347,1.2010607884599107,0.009079262125953311,0.01496097765861198,0.008203774529256433,0.013518332849720241,0.0068454231906487075,0.011280016150903481,0.009054288650439432,0.014919825899356896,0.009089882985049197,0.014978478908542259,0.009078597512411043,0.0149598824960074,NİĞDE,ALTUNHİSAR,12004,-0.975
54988432B52253881676489,1.1676234672176011,1.08979640337014,39.02856113858482,1.1629980872838293,1.085861453876732,1.1337590042446886,1.052428298020399,1.0977557799983557,1.005427492729842,1.1618857275953074,1.0848411782583993,1.1635489184390841,1.086359777099794,1.1632150977505984,1.0860829506081937,DÜZCE,CUMAYERİ,16162,-0.237
54988432B52278117237199,0.14884775973787875,0.2117140252982776,14.299739999125979,0.1447435019650362,0.2071136235317763,0.10983836118774956,0.16282693407901935,0.07179642588902338,0.11264501082231575,0.14237238695881446,0.2042532161611461,0.1456393370121899,0.20816984921338494,0.14412509010118793,0.20636525289070395,MANİSA,SOMA,110188,0.416
54988432B52458051755801,0.469004851418737,0.6884368550860398,53.430959309670676,0.46085007014334356,0.6810310429471546,0.3984490082829424,0.6023325629137886,0.3218047240850759,0.49413204645178943,0.4544838636176855,0.6741560466303352,0.4629519724593681,0.6831428424908925,0.45819812046209163,0.6782422328535878,DENİZLİ,ACIPAYAM,54769,0.052
54988432B52534848164203,0.2533833789400759,0.3211947546150049,21.572979115576693,0.2512204586816811,0.31881543100250137,0.21075055512688257,0.2736995593442725,0.1580956984323088,0.2138079611347765,0.24863642775021577,0.3159143516481317,0.2520150077859971,0.3196945776360351,0.2503640218842439,0.31783925948708364,UŞAK,SİVASLI,19193,-0.434
54988432B52559980919488,0.004098102327086441,0.006752929534106647,0.5866232211119742,0.00408080014558112,0.006724418676356829,0.003733135498563149,0.006151530379426096,0.0032613445406369226,0.005374104429701323,0.004063345661726662,0.006695656851952323,0.004086169480397632,0.0067332663665233905,0.004076162684106834,0.006716776980749083,KARAMAN,SARIVELİLER,11594,-0.631
54988432B52670947871077,0.16097567996979303,0.2284743059566301,15.209390322398878,0.1591982329250715,0.2267237076327135,0.14220251431302894,0.20569093415878034,0.11839674939654472,0.17466600629493031,0.1591714511871051,0.22669918602994454,0.1593000642162513,0.22683154723700102,0.15963748672322017,0.2271957151368502,TEKİRDAĞ,KAPAKLI,152509,0.149
54988432B52977689381309,0.855578603773765,1.409837467958384,123.16676023076354,0.842589986938881,1.388434597988713,0.4395511645694821,0.7243003820239103,0.03220523998167584,0.053068395776215,0.8373987082460824,1.3798803202951906,0.8450386197093444,1.3924694971065106,0.8444595118994951,1.391515233299004,BOLU,YENİÇAĞA,6443,-0.091
54988432B53167672259322,0.08189840968038564,0.13495372867378777,9.82975561162074,0.08177669164992782,0.1347531594304872,0.07915100233895847,0.1304264995571504,0.07534258776902804,0.12415092291831882,0.0816471995361914,0.134539779907603,0.08182016432348348,0.13482479451369153,0.0817406949217632,0.1346938433496887,IĞDIR,TUZLUCA,21525,-0.953
54988432B53179569886424,0.05306278201295468,0.087437842986195,7.9594155597203535,0.052849317094463846,0.08708609150770098,0.04852259257185375,0.0799564340509898,0.04260988382398271,0.0702133621744864,0.05262473534287327,0.08671602150405232,0.05292170774706681,0.08720537817673428,0.05278636841920336,0.08698236350523265,VAN,BAŞKALE,37568,-1.13
54988432B53180025567005,0.4707328603186454,0.5346741840112187,28.576132783593454,0.45921506784407856,0.5244410059138588,0.3071146645799835,0.37508168694914745,0.10089113884567238,0.15941596438742042,0.45206642943561254,0.5177107661689675,0.46189433528945334,0.5269245210941899,0.4576605612110733,0.5229884413245708,İZMİR,BALÇOVA,75743,2.902
54988432B53191699702586,0.3610895069722594,0.5950100318316295,48.62012525495845,0.3605281971629653,0.5940850950471298,0.3462119387950544,0.5704944971961241,0.31992690871906104,0.5271815338443154,0.3603364795737664,0.5937691792239078,0.36058043794261085,0.5941711783792666,0.36061503447960364,0.5942281871989079,KIRIKKALE,DELİCE,10577,-0.567
54988432B53264158604699,0.07435242989110213,0.09360618892410658,3.906987628273221,0.07279093611234162,0.09237946452065185,0.06573480440509857,0.0861375757470062,0.05975668353081738,0.08032571915116224,0.0722934227342887,0.09197308207510824,0.07304232288480664,0.09258215224383118,0.0727403397408517,0.09233844953149141,BİNGÖL,GENÇ,31654,-0.646
54988432B53366813523086,0.020774692713242813,0.03423292655676247,2.1605126554703094,0.0206071998426779,0.03395692867722825,0.017439395830075487,0.028736962076205613,0.013348018461537693,0.021995114054363475,0.020644747848533627,0.03401880098237155,0.020594294196159036,0.03393566251192097,0.020692536422255537,0.03409754788645604,ÇANKIRI,ŞABANÖZÜ,12493,-0.13
54988432B53536511485227,0.016885300021718994,0.027823912657150365,2.192331495848731,0.016837526196722075,0.027745190056290305,0.015833473053269077,0.026090692538885255,0.014319235047198372,0.023595502878716,0.016798931209065827,0.02768159251498691,0.016851798870834163,0.02776870883519075,0.01683054896142125,0.027733692837683056,MARDİN,SAVUR,23404,-1.187
54988432B53827515712980,0.05135614614288906,0.08462561653329294,7.144113853237374,0.050933119418483726,0.0839285451980869,0.04279695767081899,0.07052162595233546,0.031984665976105955,0.052704929811291656,0.05063241690523758,0.08343304198205967,0.05103956582806221,0.08410394957935162,0.050897549096259244,0.08386993175695837,KONYA,TUZLUKÇU,6052,-0.686
54988432B53845687770419,0.02348706174160791,0.03870241888690273,2.795023156717808,0.023450864118559893,0.038642771767764254,0.02267639278834466,0.037366583448950955,0.02156157952970328,0.03552957334563192,0.023412428364061853,0.03857943661383216,0.02346378181446105,0.03866405778826865,0.023440173869780354,0.03862515617621761,IĞDIR,KARAKOYUNLU,12614,-1.008
54988432B53887880755760,0.1466108036834045,0.24158801981810316,16.33751202625197,0.14617380580384923,0.24086792655257236,0.13717869153299542,0.2260456093007974,0.1246978254335631,0.20547940510013066,0.14584801649217724,0.24033108484167973,0.14629908677104153,0.24107436686955097,0.14613039414475087,0.2407963920101301,YOZGAT,ÇANDIR,4360,-0.246
54988432B53975105954432,0.23102329855520706,0.33215121409145437,18.434956109326993,0.23016694157169396,0.33101164096357505,0.21466402826073422,0.3106176294164733,0.19363955212235057,0.28283619715992464,0.22903758032254018,0.32952730110242345,0.23048655610160113,0.33143294364814213,0.2297396524361597,0.33044990625052145,TRABZON,VAKFIKEBİR,27278,0.268
54988432B54046828010394,0.516172554724937,0.6784261500058159,49.35765979849996,0.5079573512951105,0.6712238733035366,0.42111481576188675,0.584228769063799,0.2942442700551132,0.435351722046378,0.5044689004965366,0.6680921569765883,0.5095224829123745,0.6726195263775702,0.5077871253018753,0.67110831365251,BİLECİK,PAZARYERİ,9671,-0.301
54988432B54174343653702,0.0650180793623645,0.10713800518718478,8.14662758625386,0.06479657080901043,0.10677299925697278,0.060257678388617446,0.09929372757670805,0.05324528501192442,0.08773857483558296,0.06446178569549899,0.10622133409584003,0.06488148510813872,0.10691292262459134,0.06466274553041759,0.10655247946412955,ÇORUM,MECİTÖZÜ,12911,-0.719
54988432B54271266334519,0.7876611943825608,0.8167123463244786,32.60069688080823,0.7798106133731094,0.809521885693264,0.6525307743408802,0.6859157691486453,0.1848072760196211,0.2926973583971129,0.781462091244371,0.8111011841750383,0.7795267017107348,0.809249233642334,0.7832733817262738,0.8128147363218025,İSTANBUL,ARNAVUTKÖY,358469,0.771
54988432B54371486123603,0.030871763444856225,0.050871068240245565,2.240613353170589,0.030836725194314584,0.05081333155677084,0.03008205843117252,0.04956977757337045,0.02896888531690156,0.047735470130569675,0.030807566669914757,0.05076528359581849,0.030847432961715607,0.05083097601582906,0.030831392003674886,0.05080454342565371,MARDİN,MAZIDAĞI,37381,-1.019
54988432B54408958625108,0.33519236611989267,0.35511535126892846,14.60604240422238,0.3318044325860116,0.3525293812994105,0.3078482442393411,0.33229002788077777,0.2815090804660953,0.3090242321337516,0.3294997859215393,0.3506824700621368,0.3326566149055172,0.3531984907552775,0.3309286150917265,0.3518331586523143,SİNOP,MERKEZ,70311,0.917
54988432B54459736325466,0.9639190710106688,0.8758068482318195,33.79063890523599,0.9500988669835573,0.8650344680371187,0.7330278073098878,0.6927075430563127,0.4529391886355445,0.4632261267165214,0.9346621721488734,0.85292182144813,0.9548243662944118,0.8687355054367091,0.9445802836030663,0.8607114175548161,AFYONKARAHİSAR,İHSANİYE,27636,-0.592
54988432B54492076476235,0.6049761772353945,0.6600947759338491,33.37572084738244,0.5932133312732897,0.6503694222741658,0.47445202213910836,0.5414720822402288,0.32869425438117605,0.4003623671170671,0.5733786346348885,0.632958928288464,0.5986094969942195,0.6549490441306444,0.5826450235531646,0.6411712376098596,MUĞLA,ORTACA,58704,0.884
54988432B54526822258807,2.4620776486454554,2.710654990211451,134.92316747475945,2.457545138978178,2.7031862361509478,2.3754545851352895,2.5679174224665697,2.256151476827758,2.3761261217024328,2.4553295475190633,2.699535343175222,2.4586360303510415,2.7049838273242144,2.457701423993232,2.7034437655169,KAYSERİ,PINARBAŞI,20598,-0.512
54988432B54547584341772,0.003925291110288361,0.006468167984345556,0.15728775428571024,0.003923428311401284,0.006465098429557355,0.003881424599985502,0.006395883929595517,0.0038176710335373195,0.006290829612399237,0.003920402862847964,0.006460113038940191,0.00392417620095316,0.006466330815925489,0.003922231050295961,0.006463125560352814,YOZGAT,AYDINCIK,9317,-0.928
54988432B54701256478195,0.9014011050169789,0.9503788034541523,51.84751841466905,0.8871501848972272,0.9389720530757751,0.6908095355896362,0.7584151098760147,0.2930411493967233,0.37705409054636285,0.8884184763818873,0.9400513409332755,0.8873025435872283,0.9390895055599565,0.8918861613169655,0.9429074854462575,KOCAELİ,DİLOVASI,55355,0.665
54988432B54705083603952,0.03517277038510444,0.05795834778454359,4.233930590300966,0.03510450973544114,0.05784586661146944,0.03369335958074255,0.05552054703764164,0.03167924458187805,0.05220165073507198,0.03505384578043448,0.05776238160041497,0.03512784956368431,0.05788432641624846,0.03509755584782812,0.0578344078656181,KARS,SELİM,20476,-0.977
54988432B54940394851011,0.48830161211889705,0.39144668388560055,9.822242966325904,0.4880963220103538,0.391188977361888,0.47296537371527353,0.37803423768870825,0.41908025507988966,0.335802860519503,0.4879120838277089,0.3909756925438352,0.4881590638950758,0.3912647911106561,0.48807226428914113,0.39116040023671705,DİYARBAKIR,EĞİL,21674,-1.166
54988432B54960387029794,0.01927830343952698,0.031767148371038105,2.3487585389616963,0.019176849507754754,0.03159997068792177,0.017191373463798888,0.02832826618999551,0.014558073513557595,0.023989065363160988,0.01910341935951253,0.031478971118564694,0.019202678701261966,0.03164253251526419,0.019167754850962074,0.03158498434264388,GAZİANTEP,KARKAMIŞ,9087,-0.837
54988432B55011186911160,0.9150488914209833,0.9823020970453041,46.27418555336266,0.9021986173562538,0.9717256682412944,0.7675759020770504,0.8499526509970037,0.5857816371372339,0.680882695432112,0.8922579975833392,0.963087119057468,0.9063852705843046,0.975289165540535,0.8987229892375819,0.9687278126355072,ANTALYA,AKSU,87070,0.476
54988432B55013104325920,0.35731799791112456,0.4835079214850819,35.92978182189184,0.3542567226164156,0.4803001337143336,0.3004382925890647,0.4236243498520463,0.21454992039401263,0.3206228857983836,0.35246276592770004,0.4784887090405177,0.3550079833289187,0.48106244076370436,0.35415965046510306,0.4802051358940838,BİLECİK,SÖĞÜT,18284,0.102
54988432B55023919833047,0.13052157517781038,0.15582258833289003,10.369103033405134,0.12893075073654414,0.15407182003037134,0.1000409450114948,0.1219799460021912,0.06407157896277148,0.08170664520535299,0.12781062950558292,0.1528361112526988,0.129329087909508,0.15451079925234373,0.12879740736444883,0.1539245592806766,KONYA,AKŞEHİR,93613,0.372
54988432B55107269659829,0.28659068348774047,0.3676132879902641,24.95402944728968,0.2821699810514299,0.3636030603060468,0.21345123136187427,0.2867392348163637,0.06724812816951152,0.11081272125094613,0.2796786670056066,0.3610927132339259,0.28312130532228397,0.36453250818856686,0.2816224185640602,0.3630584580845564,İZMİR,TORBALI,224133,0.927
54988432B55138126050611,0.06457020902894879,0.10639999608917296,6.582521900060624,0.06440165640363965,0.10612225192598351,0.06112216374287759,0.10071824268507933,0.05630315931820952,0.0927773972139347,0.06417423008565237,0.10574749459271278,0.06446536314378154,0.10622722908191795,0.06431578642807805,0.10598075377689381,TRABZON,DÜZKÖY,13105,-0.616
54988432B55145438477707,2.9191007368053533e-05,4.8101486993908205e-05,0.003309976579631915,2.9135376014650837e-05,4.800981661102576e-05,2.7970023964317155e-05,4.608952774309872e-05,2.63257365625021e-05,4.338004026034702e-05,2.9096972125051204e-05,4.7946533964668256e-05,2.9151267209208396e-05,4.803600241813721e-05,2.9131885348098293e-05,4.800406462550298e-05,BİNGÖL,KİĞI,4487,-0.517
54988432B55187358367890,0.9413855526475341,0.6888981583854221,11.13935364770657,0.9250125242668286,0.6770199462970413,0.6398148896363468,0.4701403931163878,0.29652720035527896,0.22102427100870792,0.9147708903262666,0.6696068963567169,0.9292629568329411,0.680098403173439,0.9244080951337049,0.6765912999421089,BİLECİK,İNHİSAR,2079,-0.43
54988432B55191393233977,0.006878581471788402,0.011334654985695011,0.28674709887318844,0.006874952851898068,0.011328675678086337,0.006793417775486113,0.011194320656756405,0.0066695214266261895,0.01099016193971944,0.006869056642411625,0.011318959794000886,0.00687641043087761,0.011331077503944659,0.006872614701950885,0.011324822830945562,ÇORUM,ORTAKÖY,6491,-0.697
54988432B55246961354568,0.3786032135095026,0.46571221673370855,26.827682568760697,0.3754214249648025,0.46284933095244507,0.34562037189449374,0.43050379930752436,0.3077127712204751,0.38819919341106285,0.3726664209354292,0.4600695958192963,0.37635590749002307,0.46374987566956505,0.3743040023688866,0.4617398442328131,RİZE,MERKEZ,153597,1.079
54988432B55251089321769,0.24699095996081238,0.37488429203377005,26.126778116982482,0.2461670846476699,0.3735369354342333,0.22709864498828058,0.344748937100143,0.19224150732227865,0.29470187075375165,0.24618281653852916,0.37356161393170956,0.24621272987616197,0.37361128453882775,0.24646154897894829,0.3740156708760396,SAKARYA,AKYAZI,99561,0.153
54988432B5550622380583,0.3473432998685614,0.3292239062507153,14.485009545928712,0.3267012032344062,0.31384599900482973,0.23619351589193557,0.23925542575481784,0.16167121387854635,0.1723703389684061,0.32562173922592064,0.3130457608529361,0.32792655267171034,0.31476850719102156,0.3302825114048988,0.31658973364409587,ESKİŞEHİR,MİHALIÇÇIK,7605,-0.552
54988432B55561929668739,0.4719443762707828,0.5637842751718697,32.32271309029662,0.4626825061651862,0.5561934342076649,0.39140693318618586,0.4872385034357804,0.311093448388492,0.40303779938373974,0.4565017711879495,0.5507006436722013,0.46487693953372267,0.5580846902234711,0.46050464511881195,0.5542824110490917,SAMSUN,TEKKEKÖY,59356,0.65
54988432B55663903529384,0.0027875820461025183,0.004593429745141176,0.3391659647408948,0.0027798446065864586,0.004580679847833583,0.002618865668535703,0.004315415747923969,0.002393436684253518,0.0039439496584266105,0.002769368560987459,0.004563417224287423,0.0027829570049319064,0.004585808515941736,0.002776105277438884,0.004574518111443667,ERZİNCAN,OTLUKBELİ,2123,-0.508
54988432B55699950689124,0.9573659905831944,1.3895080955108514,106.51136245052558,0.9491772925256133,1.3818902136587836,0.8418633301028485,1.253502994181226,0.6495545221127714,0.9954332001669802,0.9432246666189203,1.3756454908165576,0.9512722420592413,1.383999690095638,0.9473397992857202,1.3799961147956665,BALIKESİR,KARESİ,189444,1.108
54988432B55782833722779,0.06260630373292189,0.0800876077416575,5.750667688042451,0.06207637730106991,0.07945764288117296,0.052093391286244586,0.06751518022572953,0.03925668310074055,0.052059718870164744,0.06163971009264863,0.07893842532636203,0.06221955585502353,0.07962784671714168,0.06199280907892319,0.07935846494500758,KAHRAMANMARAŞ,AFŞİN,80124,-0.307
54988432B55907978535703,0.1926597321363499,0.3174683039458401,24.418892253881875,0.1921856297680669,0.3166870692109709,0.18269384334698102,0.3010463263162092,0.16935919955489695,0.2790732512919025,0.1914789061272706,0.31552251679976295,0.19239594141875424,0.31703362467590057,0.19190897807907087,0.31623119739221844,ARTVİN,BORÇKA,21628,-0.29
54988432B5616470788648,0.13721187789198958,0.2261002944028017,20.48689572202011,0.13649403645828798,0.22491742188485378,0.12225737241370711,0.20145798104601195,0.10318116984009308,0.1700238582554411,0.13584981105567884,0.22385585523749435,0.13675116734805812,0.22534112696615036,0.13635128565283403,0.22468219444219187,ERZURUM,PAZARYOLU,3537,-0.612
54988432B56207670393992,0.3025106178849369,0.2372598171247108,5.509989770727466,0.3024070968477569,0.23712305498409736,0.28957751388494496,0.22658473913601893,0.2516283843381379,0.19740872082563596,0.3021322325738178,0.23683440133779873,0.30245589228211334,0.23718243933975178,0.3023186863833246,0.23702515808641877,AMASYA,GÖYNÜCEK,10823,-0.798
54988432B56214767138280,0.1758711717572577,0.2898038006781271,24.595167876522446,0.1751505119353136,0.2886162839674084,0.1622019525554992,0.2672794060465859,0.14121937157541012,0.23270391732203619,0.17467238109555672,0.28782841104202517,0.17532268553662905,0.28889999484247175,0.1750753208827529,0.2884923827470359,ÇANKIRI,KORGUN,4239,-0.606
54988432B56294268584472,0.09092046749864516,0.14982044400606626,12.693714329031652,0.09043516312454937,0.14902075039685558,0.08086666805192076,0.13325360555378232,0.06810650931138394,0.11222717772416735,0.09016685044670247,0.14857861975638045,0.09055289273759046,0.14921474745146535,0.09044473202206749,0.1490365182048559,AKSARAY,SULTANHANI,12811,-0.667
54988432B56298915275499,0.007826560573652728,0.012896752650358926,1.1739840860479092,0.007780860422760318,0.012821447088407798,0.00688263229922949,0.011341330014789255,0.005688776103911369,0.009374071484529066,0.007719351025443067,0.012720090755008462,0.007798317197887915,0.012850212688414965,0.007758660460155889,0.012784865575511777,SİVAS,ALTINYAYLA,8245,-0.664
54988432B56342138183442,0.03847883022136356,0.06339749772601397,4.440518320907979,0.0383459920756808,0.06317860530989827,0.035661727740723244,0.058755674836819934,0.031993533078671595,0.05271201284651098,0.03824757618312395,0.06301643526906944,0.038380572538662644,0.06323558729880809,0.03833298438711183,0.06315717115922534,OSMANİYE,BAHÇE,22989,-0.302
54988432B56417495854630,0.016922072740931812,0.027884507430487367,2.0368941660821465,0.016816057493526913,0.027709813526302904,0.014719968968072409,0.024255839716013215,0.011817783801139282,0.019473564808504408,0.0167402515313843,0.027584899046439685,0.01684280428940689,0.027753887395968582,0.01680690506735409,0.027694731987561748,KARAMAN,AYRANCI,7127,-0.683
54988432B56455899662396,0.18327172699686708,0.21559409678287753,13.503390887710069,0.18195557499834503,0.21429822816153252,0.15614467263542664,0.18801803747035845,0.12104288597918864,0.15079613296255837,0.18038334458717398,0.21274173293451443,0.18242051444865182,0.21475682119462358,0.1814399304940036,0.21378878840514312,SAMSUN,SALIPAZARI,19406,-0.73
54988432B56795021168307,0.1315091521857499,0.21670323650308984,17.812125441723047,0.1310563908232957,0.21595716787610342,0.12224704708779409,0.2014409667811785,0.10949917030763748,0.18043477739520622,0.13027677444796373,0.21467250145587882,0.1312507292307085,0.21627740233251394,0.130719830438564,0.21540257738990612,KASTAMONU,DEVREKANİ,12033,-0.416
54988432B56881334411640,0.0,0.0,0.0,0.0,0.0,0.0,0.0,0.0,0.0,0.0,0.0,0.0,0.0,0.0,0.0,TUNCELİ,ÇEMİŞGEZEK,7505,-0.427
54988432B5693993852815,0.023560459346486096,0.038647128022174175,2.690045450340972,0.02341710197432709,0.038411097611939324,0.021555046638294103,0.03535795360050473,0.01915787792876798,0.03143897152936355,0.023340476990174913,0.03828506689186283,0.023447679200553646,0.03846141094128072,0.023408298841935703,0.03839661386720528,OSMANİYE,KADİRLİ,127644,0.157
54988432B57432661063863,0.13574492234626986,0.18405247954615034,12.040996481862512,0.13421316460899613,0.18260929175855878,0.11847767338309678,0.16440421104307237,0.09879804679522308,0.14033077287202708,0.13358150854620407,0.18194590955609916,0.13448956150331584,0.18289237975728564,0.13418707494754645,0.18258230949024987,ŞANLIURFA,HALİLİYE,395975,0.096
54988432B57597376033780,0.9423619078751451,1.1065996394997113,54.86478961421274,0.9335037737142924,1.0987564634228806,0.8627486609226016,1.0259960416208067,0.7727772582665359,0.9317169101012708,0.9298423445801215,1.0952619450812962,0.9352708414842926,1.100405899993573,0.9330268818961268,1.098306727639161,NEVŞEHİR,MERKEZ,163126,1.082
54988432B57660440186005,0.044038864837447435,0.0725680637703258,5.248864054818143,0.04389870961297832,0.07233711337447522,0.04101038506082687,0.06757767824680827,0.03700184384637879,0.06097232918638711,0.04376228313754741,0.07211230728091277,0.04394219856205934,0.07240877527679412,0.04386461690425125,0.07228093477245763,MALATYA,PÜTÜRGE,12372,-1.097
54988432B57830407060109,0.0,0.0,0.0,0.0,0.0,0.0,0.0,0.0,0.0,0.0,0.0,0.0,0.0,0.0,0.0,DİYARBAKIR,HAZRO,16024,-1.285
54988432B57845000399714,0.2541853478373913,0.34171173466506066,25.423084610980467,0.25318459214280625,0.3408318713258631,0.22964266725320764,0.3163801293389882,0.1897213654913718,0.26881419192209427,0.25193252949616574,0.33966631187391505,0.2536003532076446,0.34119765157258986,0.25276947410466055,0.34043867303239833,BURDUR,GÖLHİSAR,23969,0.074
54988432B57864735744186,0.4847017392466519,0.6830220704296576,49.46463503639612,0.48023339500824436,0.6781116959022991,0.4007379159911303,0.577878505516084,0.24872730283796102,0.38161095454969013,0.4770310427412021,0.6742398691740784,0.4813552446751224,0.6794346517800253,0.479463958295891,0.6771937241395293,MANİSA,ŞEHZADELER,168582,0.797
54988432B58047018778260,0.2742798055354623,0.2841069770196722,13.379284320649864,0.2691063705219907,0.28005171474331575,0.23804675454272434,0.2528615881041065,0.20675256463652184,0.22390486471976329,0.2653613468842894,0.27696120951404185,0.2705939436811196,0.2812483972086944,0.267494535928894,0.2787338611095283,ARTVİN,ARHAVİ,22025,0.222
54988432B58079099572479,0.6223567197861762,0.6872074140086347,33.21031765116621,0.6098628957564691,0.6762547138727729,0.4554935731959011,0.5251575372152376,0.17149221665327016,0.2540519234548442,0.6122519364144527,0.6784620196039333,0.6094577885765167,0.6758779362337137,0.6149536567836104,0.6809201629968925,İSTANBUL,KÜÇÜKÇEKMECE,785270,2.161
54988432B58223508141681,0.8851805402554713,1.0053824422297597,53.63602638833564,0.8682014482499568,0.9903702557487415,0.6445633481062589,0.7696699944524366,0.25029446022636115,0.3756394065930513,0.873260677815657,0.9950278809630526,0.8665271256622713,0.988814320079518,0.876527729594968,0.9979874601306872,ANKARA,YENİMAHALLE,721531,4.481
54988432B58240098893835,0.36504006420267,0.4280112022285099,27.852601404970077,0.3612418448441127,0.42390887930996496,0.2910028441924356,0.34738167684530985,0.20227145434946783,0.24997363157319216,0.35647714669405944,0.418750435900406,0.36271897503308603,0.42550575196831025,0.35958760990830313,0.42211908715128776,EDİRNE,ENEZ,10399,-0.284
54988432B58451955584879,0.03823469853293184,0.06300385015868186,4.588291157895021,0.03807707226621122,0.0627441106531909,0.03488829875187006,0.05748959011566182,0.03053791040915276,0.05032093897432852,0.03782774056365883,0.062333257218217704,0.0381398163808986,0.06284750157692727,0.037977451836571016,0.0625799542491228,ÇORUM,OĞUZLAR,4610,-0.82
54988432B58494916258206,0.05528996393274054,0.09110783493943231,6.669902078128636,0.055157291244209636,0.09088921440601415,0.05239923724297725,0.08634444152455596,0.0484217745841644,0.07979030428840755,0.055129526401006525,0.09084346297896052,0.05517370786469298,0.0909162660197768,0.0551888727505108,0.09094125500178532,KIRKLARELİ,KOFÇAZ,2291,-0.677
54988432B58500670466408,0.30762430798404833,0.5069090786396999,45.42343283435385,0.3068030070671452,0.5055557236535431,0.2881354060009457,0.47479490205627417,0.25390554245551844,0.41839029376805337,0.3058157451212198,0.5039288949849485,0.30714718922609174,0.5061228734416049,0.30648617293421065,0.5050336384533847,BURDUR,ÇELTİKÇİ,4914,-0.528
54988432B58587024435654,0.06418968549710426,0.10567036940547048,7.865547576901056,0.06399891878153297,0.10536182592688803,0.06014750841568468,0.09903862192201283,0.054785052565519,0.09021968347660278,0.06373779076280142,0.10493481114326542,0.06407561805388237,0.1054868546929353,0.06390326255706016,0.10520556352176576,ERZİNCAN,ÇAYIRLI,7491,-0.543
54988432B58590356155974,0.2527310287447291,0.23225182549131881,9.712293473245357,0.24906702751986223,0.22943722066918965,0.18333824605613303,0.1772853564563815,0.09889219350489527,0.10572716532698877,0.2468142720505097,0.22774419665742843,0.2500055463946147,0.23014611893796869,0.24896003595056088,0.2293816265195981,BİLECİK,GÖLPAZARI,10049,-0.446
54988432B58678972551568,0.2079732205605485,0.2214641948255347,12.567915238082557,0.20771129223385676,0.2210825543194883,0.1986504902272728,0.21053154379645198,0.18183212173403968,0.19276323142963747,0.20728578788527988,0.2205110350723431,0.20782715542582358,0.22124603064202353,0.2075640965772768,0.220880936373641,BARTIN,ULUS,22876,-0.576
54988432B58741997056063,0.016345275026981868,0.026934049387506532,1.9259542099117057,0.01628223938203556,0.02683017807476603,0.014934286710962709,0.02460899649447656,0.012757177290576203,0.02102151494070039,0.01620487311540125,0.02670269249602748,0.016306444443989293,0.026870063627808926,0.016256935656981598,0.026788482124152396,AYDIN,BOZDOĞAN,31624,-0.514
54988432B5885906722527,0.4456351410364421,0.49227940840121615,24.074543432998528,0.43778479806884296,0.4850846569148208,0.3240450655641738,0.37238249352589914,0.12773309694711943,0.18192360812100833,0.43941728162727717,0.48664325475084463,0.4375052841418986,0.48481650357427664,0.4412209799125993,0.4883457368779841,İSTANBUL,BEYLİKDÜZÜ,422988,2.503
54988432B58902751390248,0.2525063912964492,0.34563086727759296,20.760312997920465,0.2512074492993523,0.3444112985875961,0.22916309085303135,0.3211422312520686,0.1971310180250065,0.2844025510307492,0.25061028970415694,0.3438275858988353,0.251504576056992,0.34469900374592966,0.251249997593362,0.34445262631051615,KAYSERİ,DEVELİ,67818,-0.139
54988432B59053260264390,0.09801197265257595,0.1615059586108945,11.539764338927736,0.09454836869321834,0.15579856733444883,0.08043399610896859,0.13254064064735982,0.06913346989708373,0.11391942255263311,0.0926268421404893,0.15263224000222736,0.09530522524087941,0.15704572968566713,0.09376414584674414,0.15450631028506426,SİVAS,KOYULHİSAR,11782,-0.748
54988432B5911690801414,0.0004678237222335803,0.000770888664674432,0.050321371955721686,0.0004657213055276118,0.0007674242631701316,0.0004246134126225314,0.0006996859096769016,0.0003700777879285954,0.0006098210890201506,0.00046396905299528156,0.0007645368687293983,0.00046629294233300713,0.0007683662169716322,0.0004653857057566093,0.0007668712556011739,ADANA,SAİMBEYLİ,13133,-0.946
54988432B59251116366587,0.037926826378786686,0.06249653267451007,4.552209279371308,0.03785420286545191,0.06237686229321494,0.036308507153210705,0.059829836037441436,0.03409608280438498,0.05618416188518478,0.037775809897020445,0.06224768489608452,0.03788000236626161,0.06241937519237596,0.03783190947168584,0.06234012682270623,AĞRI,DİYADİN,35439,-1.147
54988432B59259344726572,0.009329371214879777,0.015373112085367697,1.2248972625703043,0.009311941274329607,0.015344390703878268,0.008943558380554108,0.014737362493090555,0.008372892866582632,0.013797009203734332,0.009287622019690495,0.0153043169819962,0.009319045438707645,0.015356097078588947,0.00930304639764215,0.015329733559988042,ERZİNCAN,KEMAH,6419,-0.604
54988432B59291188352966,0.18475113027231987,0.2550675771525255,16.631081172520854,0.18420318464020244,0.2543943641116374,0.17295530144973642,0.2404626281548757,0.15738705422110405,0.2210333262380327,0.18367601979546447,0.2537455070217306,0.18438282242777854,0.2546152497775796,0.18407358672541296,0.25423494287884735,BİTLİS,MERKEZ,74904,-0.046
54988432B59383828552044,5.5280388965263386e-06,9.109205712924018e-06,0.0006952691619143782,5.507084407869869e-06,9.074676515254867e-06,5.081201886760082e-06,8.372899344915944e-06,4.497559928841015e-06,7.411163228927457e-06,5.488163217902242e-06,9.043497825130828e-06,5.5146142353070475e-06,9.08708430550236e-06,5.502893928881999e-06,9.067771365734267e-06,ERZURUM,KARAYAZI,22570,-1.274
54988432B59635057977952,0.6803880366563795,0.8333667100893297,56.04227925700544,0.6669727720994799,0.8226964370742655,0.4847195313898857,0.6411101091372124,0.16879710617266613,0.27347829949373625,0.6707434659956097,0.8258091750483064,0.6657327534986265,0.8216593281148905,0.6732187842372819,0.8278143000971335,ANKARA,KAHRAMANKAZAN,63143,1.538
54988432B59840106930143,0.05082073672148584,0.08374335889157045,5.612994888877877,0.05066624424947766,0.08348878331152072,0.04751533933200745,0.07829666335499587,0.04317877239860621,0.07115078739000613,0.050549067228900055,0.0832956968290903,0.050707090053427176,0.08355608978993923,0.05064954648917802,0.08346126843031934,HATAY,KUMLU,16242,-0.951
54988432B59996123139029,0.6383256300251495,0.9304626276784785,67.43804265518361,0.6357495150249262,0.9273847955087346,0.5837055377635266,0.8634718086352079,0.506118338789924,0.7634637268685738,0.6343985445322935,0.9257658085662775,0.6364076070318092,0.9281723432464456,0.6358442021315973,0.9274980286115396,KAYSERİ,YEŞİLHİSAR,15409,-0.209
54988432B60002286024348,0.14557919233579109,0.2398881113773173,21.825315803281583,0.14489974458530377,0.23876850468745456,0.13128889823262052,0.21634029792655401,0.1128873787922582,0.1860179306006004,0.14366912803352036,0.23674067175542357,0.14520275660704687,0.23926781355470605,0.1443698865019548,0.23789539464423218,KASTAMONU,AZDAVAY,7266,-0.453
54988432B6005336917049,0.13355884869333304,0.22008076468010193,16.287228542384142,0.13313883654052522,0.2193886608122623,0.12496471231905637,0.2059191862933432,0.11337216906596756,0.18681677706559516,0.13258166796527548,0.21847054803054583,0.13329471506189267,0.21964552035032645,0.13293366540225404,0.21905057597967514,GİRESUN,GÖRELE,31536,-0.045
54988432B60131084551001,0.46285909762032684,0.5671834535175491,33.39231759884344,0.459586805306947,0.5642230984473288,0.42394273680927724,0.5264882112937539,0.37650861080026826,0.4747392305213865,0.45702711838668425,0.561683588730384,0.4605295096233144,0.565128584353455,0.4587186742152584,0.563372499163538,KARABÜK,SAFRANBOLU,69592,0.662
54988432B60280442746441,0.2242461103102815,0.2668919609732166,15.63399879273621,0.21908274322885246,0.2624891289675931,0.16766159485939983,0.2115619921728514,0.10592177484586508,0.1454090963742094,0.21690026474341748,0.2605248322986393,0.22006426175727262,0.26336138377253654,0.2189697752229522,0.2624064320748574,BİLECİK,MERKEZ,82863,0.821
54988432B60297346715567,0.48128858929933604,0.6026464799555016,33.93940112000059,0.4730558527141647,0.5946350822765096,0.35841430460121015,0.46918005765454557,0.17148710352931,0.2625991727505766,0.4747056462192004,0.5963432954509404,0.47277432575118516,0.5943414568460749,0.47654491245017494,0.5982149224738195,İSTANBUL,BAĞCILAR,707635,2.346
54988432B60464897415028,0.372691024020029,0.44351964025952584,26.681939974731623,0.37001584701370377,0.4404404820450354,0.30860627385628453,0.3731392717709684,0.21326026591759653,0.2725513370159236,0.36665957435393914,0.4367180400403037,0.3709955340717914,0.44154254209309224,0.3689025100164235,0.4392325205828649,AFYONKARAHİSAR,EMİRDAĞ,43350,-0.183
54988432B60562394154320,0.024783721115620938,0.0408390784145515,3.3803540609829463,0.024684185020951748,0.040675060979223306,0.022502267399464825,0.03707965638189541,0.01907279739226605,0.03142851166916431,0.02456412464529573,0.04047722325045681,0.024719265476513135,0.040732867208917625,0.024645020546642325,0.0406105250271794,SAMSUN,AYVACIK,18557,-0.784
54988432B60654827640333,8.453936915339423e-07,1.393055510052564e-06,0.00010245696523007578,8.437028759608819e-07,1.390269352580463e-06,8.08087676943771e-07,1.3315819626350971e-06,7.575905769057448e-07,1.2483718983134571e-06,8.416406387105751e-07,1.3868711595334308e-06,8.443292081640324e-07,1.3913014344796534e-06,8.430319951928495e-07,1.3891638627242519e-06,DİYARBAKIR,KULP,33973,-1.102
54988432B60755496163753,0.27363254179303376,0.393541380457712,30.259740971568267,0.2727109610100913,0.3920709025975388,0.2509647176367978,0.36010562979912214,0.21818714369762218,0.31427597655737033,0.270945567569953,0.3893337113200276,0.27312944907552394,0.3927324447313189,0.27196142803792717,0.39090027356666796,KASTAMONU,BOZKURT,9250,-0.225
54988432B60759999719935,0.0016808449031686153,0.0027697276160816926,0.23534384983445067,0.0016760531710912725,0.0027618317104936988,0.0015766847246372355,0.0025980905290247554,0.0014379323493677882,0.0023694517742793,0.001670984015495218,0.0027534786612515355,0.0016776823928717184,0.0027645163725642545,0.0016746342042300686,0.0027594935104049384,ŞIRNAK,ULUDERE,45988,-0.81
54988432B60831632759044,0.14131472305114062,0.17047206184474153,10.087519018479643,0.1362828643794717,0.1664570133191138,0.11072630966448624,0.14145061386173388,0.0871758898089893,0.11547341873612775,0.1323418418139941,0.1630207406224342,0.13779866262715101,0.16771743435274655,0.13437667620935229,0.1648272264824766,ÇANAKKALE,YENİCE,29636,-0.404
54988432B60901714548003,0.33302330701942806,0.3410172484904562,15.386283405124853,0.32998718329495674,0.3385352513385833,0.29431223283516034,0.3068497388871548,0.2454552295132339,0.2628392885093123,0.3284150753638215,0.33718632022293726,0.33063434757960586,0.3390837201345935,0.3297583361631421,0.33834017719773923,DİYARBAKIR,SUR,97961,0.124
54988432B61004264745956,0.1682861733207727,0.2473125935896749,17.88136083148903,0.16666455684287979,0.24574442362015092,0.15017267190015698,0.22551358288051412,0.1277481508000818,0.19554737455429214,0.16589984777250402,0.2449085722638939,0.16695927192688248,0.24605668898189248,0.16656365525261155,0.24563564301376886,GAZİANTEP,ŞEHİTKAMİL,905880,2.375
54988432B61123808131498,0.5698737727093651,0.8330878999839171,62.51637353738777,0.5640004457658315,0.8275717785125869,0.5040314981765779,0.7533661263525435,0.4091063439783701,0.6228086025060989,0.554429312854897,0.8169457564170326,0.5666492610614261,0.8302515057871893,0.5588896240466154,0.8220263235435536,MUĞLA,YATAĞAN,45024,0.17
54988432B61168253276741,0.7874765743807693,1.249813831644325,100.90274782144265,0.7803167807958995,1.242217727471295,0.7061451520416621,1.1368041357200243,0.5868853105038413,0.9528914272851329,0.7752522105767429,1.2359241608649663,0.7822294312358925,1.244462999886839,0.7786363885600658,1.2401819566924004,AYDIN,SÖKE,123843,0.821
54988432B6129080988703,0.31741527806403563,0.4307093636529314,27.796851065589,0.31268027953303046,0.425390725548859,0.2302090499599318,0.3254704794492143,0.09969336813421491,0.16251973809265147,0.30935038080199395,0.42141330712828456,0.3138798862641331,0.42680534422253674,0.31197048632900226,0.42454778785978653,İZMİR,KARABAĞLAR,467572,1.078
54988432B61533400869276,0.2941982506584745,0.3871032072685261,25.505755886369432,0.29193700313387677,0.38482430499758713,0.26419100933366724,0.3520583684236572,0.2256086965116524,0.3032088459970139,0.2918898504602602,0.38477570634602726,0.2920881215262195,0.3849851262136136,0.2925574608971964,0.3854847377616004,TEKİRDAĞ,ERGENE,68648,0.687
54988432B61600421901359,0.5549058076218664,0.5464736100550803,22.10243276056272,0.5513061096001978,0.5433942620307886,0.48173908200341553,0.48334890740878,0.390545375053562,0.4039689595795861,0.547423995876551,0.5400657058028581,0.5526059948152877,0.5445072719254622,0.550164605286086,0.5424159509734949,KÜTAHYA,ŞAPHANE,5540,-0.516
54988432B61684087584661,0.8637195043681647,1.0860564360220286,74.24040882652862,0.8570920032245483,1.0802048468602943,0.7356776274922893,0.9701862985183967,0.5430107633524928,0.7627427613605812,0.8489873450335959,1.0732786843149882,0.8595203024717958,1.0822929901341514,0.85421222187555,1.0777404490385107,AFYONKARAHİSAR,SİNANPAŞA,38292,-0.627
54988432B61723076415933,0.09687481143340469,0.1596321231209345,14.495186392946188,0.09642952497909527,0.15889837178716,0.08749286010265057,0.14417236853885607,0.0753650258653176,0.12418789683234759,0.09562252511846057,0.15756858234855067,0.09662812949959212,0.15922563602436704,0.09608200910177359,0.15832572863571265,KASTAMONU,AĞLI,3176,-0.503
54988432B61743790309044,0.18109396388077773,0.21395866191214435,10.412341012174524,0.17559777701121615,0.2095917594791967,0.11742413291738717,0.1557324631683027,0.05284021894875588,0.08707109941332333,0.17234200700197605,0.20687358905790568,0.17684497871544544,0.21061489359276142,0.17487937418712135,0.20899588739389718,İZMİR,TİRE,87571,0.5
54988432B61783843665987,0.2509814419546021,0.322845124179811,18.820877611781526,0.24871898037647447,0.32075123469428374,0.229061304820882,0.29788660734367123,0.20317243691874584,0.26676655658748094,0.24775551691966768,0.31974949933108693,0.24912930149139045,0.3211646712665739,0.24860738355182,0.3206362795167621,ADANA,YÜREĞİR,396572,0.596
54988432B62220540436660,0.14925024897577155,0.24593734705443798,19.023939030401337,0.1485560045447374,0.24479335811808736,0.1364712534006821,0.2248798795371269,0.1187343111304881,0.1956526148811237,0.14789226410961753,0.2436996342357732,0.1487743606789889,0.24515316943324023,0.14835938600924764,0.24446936642405723,EDİRNE,SÜLOĞLU,6101,-0.285
54988432B62353974928440,0.02356762447736269,0.03883517166714229,3.1801849611801836,0.02348968198112424,0.03870673656650272,0.02189048622836657,0.03607155194501646,0.019679525284177202,0.032428289218244206,0.02340744535297084,0.03857122551511389,0.023516147082708463,0.038750346255048064,0.02346664979515316,0.038668783700403886,VAN,ERCİŞ,169040,-0.715
54988432B62375906766923,0.3581806784497776,0.44730020665289133,29.161922690443983,0.3529150268675979,0.44258790567581086,0.30342036796181593,0.3887746717546075,0.24586500916699652,0.32288574355672933,0.3485516514820466,0.4382111437023704,0.354364430880118,0.4439819119203372,0.35124948919711796,0.44094308403671456,SİVAS,KANGAL,19406,-0.472
54988432B62800627366200,0.2887818372573453,0.47586010355069697,40.26009273688318,0.28789771247822876,0.474403226231341,0.2626403033204314,0.4327835958162152,0.21421716802724097,0.3529910493260673,0.2866451198474344,0.47233918070597974,0.28825458553809497,0.4749912883229021,0.28747196268500425,0.47370166777248995,AYDIN,KARPUZLU,10352,-0.693
54988432B6281772994077,0.01861889468774022,0.030680562317401155,2.234267362528826,0.018583271885399107,0.03062186239855653,0.01782503241134851,0.029372421235411613,0.016739658204913434,0.02758392135200244,0.018544818149963466,0.030558497615299718,0.018595927558468055,0.03064271665294555,0.018572336367820838,0.030603842648503705,AĞRI,PATNOS,105968,-1.05
54988432B62899385202427,0.28163126802018884,0.2708817876571334,11.973198783353078,0.28095848011080415,0.270173880355164,0.2642282310019828,0.2535333023785125,0.23400406780741873,0.225340945512853,0.2809844486008805,0.2702003027591624,0.28099970334817465,0.27021767554067816,0.28122309544799445,0.2704522426504273,KIRKLARELİ,VİZE,28769,-0.032
54988432B62918956167575,0.14317706243413617,0.23583964920107353,20.590297406915965,0.14274409993577233,0.23513311868013018,0.1279524518428165,0.2107868174361922,0.09765199824225958,0.16087790372918315,0.14212326913715204,0.23411046512489694,0.14291226051148742,0.23540980999866212,0.1425350155519901,0.234787414268037,AFYONKARAHİSAR,BAYAT,7580,-0.62
54988432B63047019861929,0.09903553402612057,0.163192602154101,12.340452645873672,0.09872978557426929,0.1626887841462228,0.09296139749046625,0.15318352655471787,0.08502622877853953,0.14010780738618606,0.09830607231080694,0.16199058151913961,0.09885142173273019,0.1628892184793181,0.09856720067063175,0.16242087370623276,RİZE,HEMŞİN,2299,-0.27
54988432B63110195465705,0.08367921606589078,0.1378881746869387,10.348745408855754,0.08340353962528861,0.13743390990069962,0.07773754060698825,0.1280973709231328,0.06988810486080826,0.11516292413635953,0.08300449146444101,0.13677635089025042,0.08351083138096639,0.13761070725905103,0.08325348294507229,0.13718664370118935,AMASYA,TAŞOVA,30034,-0.49
54988432B6320038983636,0.09177551561119537,0.1512294082513363,13.192288068288867,0.09116098984727404,0.15021678122315663,0.07865557548388472,0.12961012593477783,0.0606244233222507,0.0998980567261895,0.0903054252940701,0.14880696597733445,0.09139785651110578,0.1506070945345794,0.0908443199781745,0.1496949667000126,DENİZLİ,ÇİVRİL,59689,-0.127
54988432B63314623815647,1.256759144914378,1.6959486251896223,107.14786661680829,1.2507043085956118,1.690545231712623,1.1302357201633384,1.5661378606940983,0.9414803322880788,1.3472716632411026,1.2463287015676379,1.6865123913084488,1.252254811518567,1.6919560973342305,1.2500217588856497,1.6899208864364659,ÇANKIRI,ATKARACALAR,5063,-0.518
54988432B63323632068596,1.7823439801821601,1.792201586630662,78.86406016533655,1.7630686751067777,1.7775719513154167,1.5387358886572617,1.5954496397433013,1.254909294988071,1.3507496688720328,1.7440208054737187,1.762740848638873,1.7690213970268764,1.7821557954945346,1.7555955852967433,1.7717785227186256,TRABZON,ÇAYKARA,12921,-0.023
54988432B63547038185922,0.38091087263166057,0.5951488984749528,41.07989334890717,0.3801539124318647,0.5939708608007319,0.3635087187632988,0.5669470099624013,0.3321798287028094,0.515595117281268,0.37986374236325476,0.5935092886539417,0.38028483563431154,0.5941782813696163,0.38022085972438646,0.5940775785156521,DÜZCE,GÖLYAKA,20840,-0.472
54988432B6366714807225,0.0003057618300088257,0.0005038400526560453,0.036728347974111106,0.00030481774372992436,0.0005022843696577466,0.0002871767842734565,0.00047321526727438695,0.0002618553245542446,0.0004314900931482136,0.0003042487976257784,0.0005013468496440052,0.0003050487245680441,0.0005026649841956612,0.00030478179886128594,0.0005022251390320435,ELAZIĞ,KEBAN,7112,-0.416
54988432B63684136000380,0.02037929517408511,0.03358138310889805,1.4145730683546802,0.02035298516949129,0.033538028992069445,0.019844083342272594,0.032699451058992496,0.019117383487421133,0.03150198146926989,0.02033336399411004,0.033505696852910744,0.02036035673567539,0.03355017599646907,0.02034981077339265,0.03353279816290595,MARDİN,DERİK,61553,-1.085
54988432B6368425336150,0.21394625782445387,0.29173142237678246,18.86977933585917,0.21174711690637052,0.2892456579000829,0.1854668458775964,0.2558422144207672,0.14750758430278507,0.20876615631991693,0.21081267374940124,0.28810239445715674,0.21217464629899258,0.28976048040481334,0.21172361861584083,0.2892182677159401,NİĞDE,MERKEZ,244326,0.575
54988432B63915674608769,0.4951084740325311,0.6616056723213093,46.67588470108019,0.4876244334009244,0.654914803804803,0.41686688343942313,0.5773168948750765,0.3041058668517288,0.43964226298432313,0.4831945033086584,0.6506142432424884,0.4892888481722592,0.6564796469691079,0.48622023290572225,0.6535709921928637,BALIKESİR,İVRİNDİ,31295,-0.483
54988432B64009730200703,0.27059924524405266,0.4039508354842161,32.83854018328139,0.2665375868725975,0.39996598394821414,0.22433483403675147,0.3440927281426158,0.16509210695679954,0.2584596712241573,0.2646288183750529,0.3977684060777458,0.26727808618243115,0.4007876470839356,0.266271832353282,0.39965178334566376,KONYA,SEYDİŞEHİR,66079,0.228
54988432B64031240079143,0.8599174813776166,1.0081037348193362,51.092259596417435,0.8527131543166453,1.0015561567326585,0.7684000358699067,0.9167711938846668,0.6424321062105038,0.7909602525018061,0.8501613390949172,0.9990772893421102,0.8540445735099799,1.0028322610611669,0.8529006037985207,1.001736669407425,KAYSERİ,MELİKGAZİ,593262,1.983
54988432B64045217411376,0.17020141246218215,0.18243690428106948,10.328105225183403,0.169278636876223,0.18135919262237568,0.15155209749984327,0.1606071710565024,0.1258001458392364,0.1315867997926393,0.16851458018622079,0.18046490166334608,0.16952867834601634,0.1816515542589335,0.16913169488299729,0.18118720073864558,KAHRAMANMARAŞ,ELBİSTAN,132036,0.13
54988432B64064239831257,0.3518024952959056,0.40750653511578533,17.27287488037802,0.3380424242752722,0.39719348966013784,0.2764112031062212,0.345080638640783,0.22481037290299247,0.29713499664238346,0.334546333740721,0.3944358446255073,0.34002776533016776,0.3987274082621982,0.3382871034960216,0.397360170302019,KAYSERİ,FELAHİYE,5529,-0.552
54988432B64089683735003,0.5487201369450547,0.6453285815964863,33.95465506504706,0.5416933826021639,0.6382309831297492,0.4235242124823785,0.5111593279315948,0.18855046526224975,0.27151929823986165,0.543168798077382,0.6398011302601279,0.5414396954516946,0.6379595977077552,0.5447870199897287,0.6415006371042414,İSTANBUL,BAHÇELİEVLER,539035,2.423
54988432B64260003407372,0.1376225183596991,0.22664506743536447,14.271030842340082,0.13649079951279827,0.22478762952913942,0.11529587421561203,0.18989195403834866,0.08808584342246417,0.14507704585651637,0.13691584760204545,0.22548712310840766,0.13634538452457945,0.22454819046881658,0.1371764393737313,0.22591515606375756,ANKARA,KALECİK,12564,-0.359
54988432B64303277963843,0.26556097690227354,0.34769699584039276,25.568719234233452,0.26147602725844776,0.3444939872237315,0.23077540613235847,0.31403958138691224,0.19052000430544422,0.266871084797294,0.2604229666749207,0.34363706966775626,0.2619879032383929,0.3449080168435711,0.26167026417905254,0.34467029395812493,DÜZCE,AKÇAKOCA,41134,0.257
54988432B64452586859960,0.24313390148817376,0.4006405826545952,35.7517513164711,0.24108354335423243,0.39726196423731625,0.20070570453563352,0.3307266074993188,0.14551093841420423,0.2397756412908932,0.23963007039695167,0.39486690435914445,0.24159947465381137,0.39811212546620217,0.2409155455726379,0.3969851343559598,KONYA,ALTINEKİN,14374,-0.641
54988432B64593282211695,0.41515422923276885,0.49116764113703654,28.535503601920812,0.3988754020299077,0.47680799831957454,0.24817005613224075,0.32135949945664005,0.08586255474919108,0.1344804805534392,0.38977487161074187,0.46815217341481663,0.40242453912639325,0.4801099359393171,0.3968545284267644,0.47490674256187576,İZMİR,GÜZELBAHÇE,39474,1.882
54988432B64635925513807,0.17626304645200802,0.13208039695005844,2.595472155605401,0.17442344273391902,0.13071851016079347,0.14030711572452068,0.10543666413874941,0.09715778940578178,0.07343289340611996,0.17290814881144068,0.12959642482402142,0.1749205631506638,0.13108658863945666,0.1741320225802491,0.1305027106967283,KAHRAMANMARAŞ,NURHAK,11675,-0.661
54988432B64680094373147,0.09530350290212372,0.1118816387629657,5.7376375936516215,0.09475733906252125,0.11122601861798306,0.08480670646064949,0.10060790893696302,0.07076721279107204,0.08607543640435962,0.09441180604501347,0.11083646596544124,0.09489057954165775,0.11137854098047151,0.09472003412034068,0.11118359643628688,ADANA,KOZAN,132572,0.016
54988432B64689999411335,0.5343445653789607,0.734735230587503,44.752223692639745,0.5280030854543877,0.7287998202335889,0.46613330178294526,0.6594830255694129,0.386113367842294,0.5633952849029975,0.5223061016804945,0.7229134897140541,0.529778050746713,0.7305635324773735,0.5256791886813854,0.7264322347690839,DENİZLİ,MERKEZEFENDİ,351085,2.375
54988432B647422472855,0.15904994454371552,0.262079149552076,22.780400333678955,0.15813440122926634,0.26057055646079286,0.14014434838708542,0.23092727343745836,0.11622907316268405,0.19152059902868637,0.15756499202061447,0.25963230803665205,0.15836385307449255,0.2609486374603961,0.1581120214459481,0.2605336800031572,ŞANLIURFA,BOZOVA,50534,-0.947
54988432B6478152958828,0.2449054116740626,0.26748004767770106,13.726380608300726,0.24374340151837712,0.26644148952741176,0.2351702153055322,0.25690078315216125,0.22301239086489968,0.24320022810847497,0.2430177824374059,0.26571478732814247,0.24401811642214746,0.2667045301237377,0.2434863703863897,0.26618882386761844,MUŞ,MERKEZ,203810,-0.303
54988432B64920064899617,0.0,0.0,0.0,0.0,0.0,0.0,0.0,0.0,0.0,0.0,0.0,0.0,0.0,0.0,0.0,ISPARTA,AKSU,4073,-0.679
54988432B6508967515470,0.31747118853757933,0.33974538558990725,15.986066272162734,0.31629099156575935,0.338423588995343,0.2885614728353295,0.3096118710087623,0.23554515550861185,0.2587088801034171,0.31489781308471554,0.33688896353002723,0.31670057179965416,0.3388774688420869,0.3158360184716431,0.33792100989628415,SAMSUN,19 MAYIS,28658,-0.137
54988432B65104046804588,0.36976568925291514,0.4308901525855402,23.947796282432527,0.3614347085246279,0.42302256364772267,0.2631794174757713,0.3158605028295644,0.07860784664625255,0.12775590280665547,0.3566175379105719,0.41801201159020024,0.36328162915697093,0.42489339686148253,0.3603748521257796,0.42193400095032435,İZMİR,ÇİĞLİ,216430,2.046
54988432B65208484098159,0.07270181090712706,0.06681150286666694,2.661274520515286,0.06822240575877253,0.06351422670716333,0.049178983732508154,0.04847000544720442,0.03379196233454583,0.03536689813151311,0.06548182559763946,0.06144611460285544,0.06923672686354594,0.06427040535522213,0.06702884185293681,0.0626179875286236,DENİZLİ,ÇAMELİ,17447,-0.542
54988432B6527400252078,0.030726052823816005,0.05063096355819508,3.7700264215147197,0.030581984969022417,0.05039356585703939,0.027847160665453955,0.04588707130513542,0.024084257600091197,0.03968648937331861,0.030414520373216142,0.050117614569180416,0.03063174667149988,0.05047556411952944,0.030526958904466245,0.0503028928804202,SAMSUN,ASARCIK,15673,-0.745
54988432B65496848768167,8.23604856714302,13.571514611968762,1234.0676755724173,8.235609697532293,13.570791434429658,7.664162339384223,12.629149807640694,4.004497348987561,6.598685503408484,8.235786589024109,13.571082919532778,8.235541977175028,13.570679843560486,8.235884907529623,13.571244930601962,ANKARA,EVREN,2927,-0.478
54988432B65548594921961,0.6384869202303183,1.0064618336677094,82.92171560665253,0.6351665531573171,1.0026802579277259,0.5580962416121984,0.8921845388680318,0.3901842795240311,0.6334105818976256,0.6346220600120228,1.001804279536766,0.6355015824534194,1.0031412840468623,0.6359153918392749,1.0034583525037823,BURSA,MUSTAFAKEMALPAŞA,103652,0.285
54988432B65637439254468,0.19919923193197064,0.3282442138142322,26.688446895267305,0.19880366851984893,0.3275923970378005,0.1893667340999374,0.3120420402947673,0.17337590926881052,0.2856920605582647,0.19854168740023154,0.32716069965719835,0.19890822598792382,0.3277646887859853,0.19878761495255484,0.32756594366986197,ELAZIĞ,KOVANCILAR,37874,-0.428
54988432B65670234538071,0.12189729071827694,0.20086463170485716,9.989479542558554,0.12148626057109382,0.2001873285535973,0.11804569912006145,0.19451790715261844,0.11391824372223189,0.18771660908046242,0.12118430857327567,0.19968976641356198,0.12159430632145725,0.20036536835847032,0.1213730046444923,0.20000070332303505,SİNOP,SARAYDÜZÜ,5656,-0.751
54988432B6573283101831,0.35879481260043783,0.3598002533648561,12.130621277676111,0.3503514201856317,0.3533584277715559,0.28538550579770083,0.2999879342314873,0.2150182129340727,0.23986625220259122,0.351192908596203,0.3540088672935348,0.3503685662130769,0.3533747250715452,0.35307651298795395,0.35547367908107097,YALOVA,ARMUTLU,11984,0.029
54988432B6573458732183,0.16025748403065193,0.2322444570441961,15.421439215053613,0.15798786463386716,0.23028619143182633,0.1432523309470371,0.2132357985924497,0.12741670118229842,0.19263992543864097,0.1567185165845402,0.22902674727304004,0.1584701051936247,0.2307403525037892,0.1575766377081535,0.2298874080440395,ORDU,PERŞEMBE,30053,-0.418
54988432B65769294434717,0.5823952585087028,0.8582863887355839,64.68277305650231,0.5758893556027381,0.8525154556688104,0.4939805110598659,0.7552772927802274,0.3427980234177781,0.5446492755548419,0.5758876053816054,0.8525680956433348,0.5761982855819157,0.8527854041048876,0.5776487005070365,0.8542005661725506,BURSA,ORHANGAZİ,81997,0.486
54988432B6587538084917,0.5803061029967354,0.6994590803915837,38.11452009690726,0.5713030324540675,0.6907680214521507,0.43879831558220606,0.5492567263354832,0.17285249854623178,0.27792923544793685,0.5731670952589902,0.6926608872754801,0.5709839471421477,0.6904420335253947,0.5752283803444828,0.6947242981696696,İSTANBUL,BEYOĞLU,215991,3.394
54988432B66052692688505,0.12433608608251383,0.1498154264946628,5.831166263872425,0.12163413350184625,0.14765668639704324,0.10991970836789323,0.13752778919227318,0.10035030459960727,0.12863991043005682,0.12014111150361682,0.14642917061918026,0.12223979879756688,0.14814795131082772,0.1210450069128251,0.14717505641465958,SİNOP,DURAĞAN,16788,-0.687
54988432B66082429692342,0.17676162989058505,0.1793486121101877,4.777169440833257,0.1766084952830439,0.17918262575080218,0.1677542176183977,0.17161215514100234,0.1497552965727062,0.15693332112000474,0.17635650260167463,0.17893874262463164,0.17667166480164662,0.17924715377041403,0.17654038158577953,0.17911508639251017,ORDU,GÖLKÖY,24780,-0.61
54988432B66082608132209,0.7331112428147694,0.8134250893063348,39.97872328237793,0.7206516427534617,0.8022426167430585,0.5481247098367584,0.6315626567322423,0.2222851996050873,0.31573407587817837,0.7231107947969242,0.8045646353548535,0.7202330307120899,0.8018448383686166,0.7258668544366869,0.8071289101055487,İSTANBUL,BEŞİKTAŞ,165895,5.94
54988432B6640602467318,0.15518378151551465,0.144511202179985,3.5871356271821124,0.15421219756646845,0.14377233608400608,0.13552115661586278,0.1294726428982135,0.1111153740478728,0.11068356155135298,0.15316574300353683,0.14297543316496364,0.15456286847564513,0.14403916622724905,0.1539044535992755,0.14353807148534978,KÜTAHYA,EMET,17352,-0.299
54988432B66454172152747,0.22717810753676365,0.3743483274557843,27.35093085485895,0.2265829908409287,0.3733676830524024,0.21417445318363967,0.352920663009212,0.19673535903358796,0.32418419804698245,0.22595315076243536,0.3723298208107229,0.2267852640278992,0.3737009925867258,0.22640677498024145,0.37307731126686944,VAN,GÜRPINAR,28505,-1.116
54988432B66516402107678,0.039398907451462226,0.06492225535267891,4.676146050558244,0.039310340905740565,0.06477631374492929,0.03746111898901319,0.061729131341979444,0.034860074738462775,0.05744308205937212,0.039253807524020246,0.06468315698294244,0.039332085450965865,0.06481214481256443,0.039307671146702756,0.0647719144661372,ADIYAMAN,TUT,9199,-0.979
54988432B66531887129041,0.02791006374129771,0.023780464044050088,0.6823070022126274,0.026984539329446524,0.023091226417739946,0.022946609557607068,0.01978088546721748,0.019672618005957824,0.016893517399258044,0.02671508828318094,0.02288378925216338,0.027114209674170473,0.023189987629796502,0.026972572620685777,0.02308194031164956,ŞANLIURFA,HALFETİ,41624,-0.798
54988432B66575483981903,0.15401425242584307,0.2506640182408739,16.855985912865066,0.1535815105813063,0.24997758970397554,0.14477602299749323,0.2358761768632497,0.13246006389266202,0.216103725659202,0.1530878679977078,0.24918978624986343,0.15374391907321316,0.25023633399775186,0.15342835798580864,0.24973333181891236,ZONGULDAK,KİLİMLİ,32441,-0.197
54988432B66595965845834,0.8142295524795671,1.006123949388535,55.74974773479241,0.8002120608246576,0.9934133832929424,0.6810293189972993,0.8708673337759996,0.519471257135723,0.6973255406402509,0.7798035031115339,0.9735435918017579,0.8062193753994563,0.9990186209117681,0.7891509071653815,0.9827644586033993,MUĞLA,FETHİYE,187332,1.522
54988432B66719827251090,0.0005543139129954259,0.0009134088159517246,0.07151916251359262,0.0005531895439083233,0.0009115560595758411,0.0005293791068732277,0.0008723207768422846,0.0004954566706448737,0.0008164227530274024,0.0005520444675142887,0.0009096691813129496,0.0005536398148431123,0.0009122980244296198,0.0005528871217187729,0.0009110577226450903,ARDAHAN,DAMAL,4526,-0.814
54988432B6679854543098,0.32807588185784353,0.3998866286890348,23.32588641746641,0.3240521597129946,0.39602493025876584,0.27738186857685765,0.34556052681739036,0.21587418321869697,0.2781674517972318,0.32121289024846533,0.39308075021289196,0.32508937554892003,0.3970763502011524,0.3232359038150472,0.3951865399329568,MERSİN,MEZİTLİ,233140,1.147
54988432B66867123396579,0.026350613937222794,0.04342103366292069,3.434481107921222,0.02628293053076182,0.043309503681973595,0.02480774876222348,0.04087867161926601,0.022562720944624606,0.03717927286239484,0.026188808604364754,0.043154407814217234,0.026308755128812998,0.043352057936837746,0.02624880438754651,0.043253269985982,GİRESUN,DERELİ,20100,-0.824
54988432B66869796973700,0.4820524735417309,0.6392799581808513,37.681321057761174,0.4764345461135443,0.632994436585916,0.3772677951486578,0.5147876312963459,0.18007081168144776,0.29236702164168205,0.477679220557054,0.6344525253575873,0.4762197518030132,0.6327415513157355,0.4790295996810309,0.6360152142391191,İSTANBUL,GAZİOSMANPAŞA,478395,1.46
54988432B66916600910791,0.5879853952271454,0.7368744714529794,45.281747844118534,0.5808651900492621,0.7304492558102534,0.5204307385562029,0.6615734504037525,0.4357699585017635,0.5578992968041901,0.5811726143347207,0.7307564478995534,0.5810650058488097,0.7306417003511557,0.5828520770887027,0.7323707232310057,SAKARYA,ARİFİYE,55589,1.148
54988432B66992053729181,0.01777907122349613,0.029296685531883773,1.84618422670034,0.017759012805793947,0.029263632896664497,0.017290533432224975,0.028491663837477307,0.016532492815265525,0.027242550354760232,0.01774583848968425,0.02924192401258885,0.017764673144011648,0.02927296010766913,0.017758286301978943,0.02926243575011289,ELAZIĞ,KARAKOÇAN,28320,-0.483
54988432B67026781349893,1.1141251590356132,1.0531275782558058,38.509379132947046,1.094460218562574,1.0370559462711748,0.7936192045490227,0.7811361596871246,0.19268483566356978,0.2820045966400798,1.0983490195867616,1.040333946150058,1.0937965004315577,1.0364945437022797,1.1026895167811863,1.0439620160460157,İSTANBUL,BAŞAKŞEHİR,536797,3.468
54988432B67060937110843,0.254102261180952,0.31017393215298056,18.30296198651971,0.25032520585250717,0.30704766463606226,0.21968779024403903,0.27677277796351785,0.18391017680128455,0.23872065162295225,0.2473169285407256,0.3043181277457461,0.2513466418244381,0.3079399615494664,0.2491094922766927,0.3059599632122942,TRABZON,ARAKLI,49230,-0.24
54988432B67214587682111,0.03468790208913691,0.057159372753015046,4.369594443768363,0.03456419614914281,0.05695552779526248,0.032039490948955716,0.05279527142524227,0.02856481053957169,0.04706962816762425,0.03444394798099527,0.05675738061852201,0.03460255302435464,0.05701873297043393,0.03453407746601651,0.05690589766683264,ADIYAMAN,ÇELİKHAN,14530,-0.631
54988432B67228037605884,0.14767802854581288,0.21860342128291232,16.35123072106351,0.14163969999665035,0.21132253465805761,0.10348487053469581,0.1591270298689735,0.06327039982583883,0.10086842586995666,0.13875572846272677,0.20764801948558398,0.1427984833605466,0.21277078923816997,0.14089316640338034,0.21038003692494195,MANİSA,KIRKAĞAÇ,37363,-0.219
54988432B67289676642995,0.31928904756959225,0.29819775063916754,8.533852320752217,0.3154449010511419,0.2952123601198355,0.24631305799948455,0.24097137462626061,0.16088390189023583,0.17327901115999664,0.3127460524366429,0.2931118494724946,0.31640586239263485,0.2959595348728556,0.3151244916102641,0.2949631380879784,KONYA,YUNAK,20259,-0.559
54988432B67392778171164,0.2555741584461268,0.35450033921248914,25.182113170012997,0.2523411956446092,0.3518034250602681,0.23277686077464055,0.33008663802865407,0.2126183836149442,0.3047603899204186,0.25128767520790907,0.35081437303870244,0.25288622078968764,0.3522979110811612,0.2522934126975419,0.35175947810880037,TUNCELİ,MERKEZ,41045,1.084
54988432B67500599414022,0.891023459028224,1.4136293980362045,100.84484073548508,0.8853890530519909,1.4084507923886584,0.8271515237421433,1.3289093990856538,0.7270924007720743,1.1763477291335178,0.88289947432475,1.405757592632833,0.8863778421496008,1.4094654664990702,0.8849919203125123,1.4080426392415757,ÇANKIRI,ÇERKEŞ,16927,-0.232
54988432B67540218019421,0.2584409615189272,0.3375965742699912,20.64479072969115,0.25560999125175005,0.33473605708850934,0.22181274916366975,0.2961782338972563,0.17781662108522162,0.24438955426167241,0.253555537619713,0.33250639585402975,0.25635586956814316,0.3355282021674816,0.25502073151626975,0.3341024326746771,MERSİN,TOROSLAR,322971,0.396
54988432B6759828088489,0.15660576552341446,0.1621682598347555,7.9186733277175065,0.15607547589972104,0.16168583783708443,0.14539805764403407,0.15201581980947868,0.13058792249100004,0.13842947793722263,0.15544708119405387,0.16112311777620272,0.1562685349535972,0.16185953950309928,0.15587192212522658,0.16150463006827045,MUŞ,KORKUT,19251,-1.22
54988432B67777118952628,1.193534525925996,1.5440687972740266,93.2218917246777,1.1720331849700691,1.5256988221121661,0.9699768025530688,1.3138873487522482,0.7052499206001913,1.007625513590095,1.158093390908917,1.5127001776568965,1.177188064022666,1.5303599313734095,1.167689952908122,1.5217454547033378,BALIKESİR,AYVALIK,75815,0.907
54988432B67849230922765,0.10140450578415236,0.16709623805029178,15.055463578653226,0.10096663964113765,0.16637471404402043,0.09214357369705813,0.1518359012375806,0.0801506255254785,0.13207369730880542,0.10059695389991119,0.16576553897687632,0.10109796931402901,0.166591121531191,0.1008950261362629,0.16625670797352446,YOZGAT,SARIKAYA,30785,-0.411
54988432B67949060177809,0.3480404678171103,0.45736866577965324,29.20739337322273,0.3397345513227795,0.4495134295651116,0.23970092902879506,0.3377481736579065,0.10706512515737912,0.1750320753907196,0.3347481771626376,0.44436063224119743,0.3416213077744328,0.45141535459968235,0.33864267059643083,0.4483971770335299,İZMİR,BORNOVA,452479,3.028
54988432B67969855832244,0.6207426364639451,0.897953854029639,64.80069497205498,0.6138438955175608,0.8916508293003443,0.5449181904637167,0.8098067863035051,0.4396822755641875,0.6719766396100851,0.603072219170143,0.8800777583160575,0.6168693410073979,0.8946171280129647,0.6080954820096536,0.8856155288411989,MUĞLA,MİLAS,152275,0.681
54988432B67997917440066,0.07214659725572149,0.10493515033526103,6.785189771548564,0.06989297833811717,0.10304959852634848,0.052157097992055396,0.08113609782059919,0.028653593344244114,0.04721592613091096,0.06886468341587593,0.1020523503570624,0.0703140181757791,0.10343575671655275,0.06965782066259837,0.10282682325796409,İZMİR,ÖDEMİŞ,132548,0.336
54988432B68103092763105,0.04906095956106104,0.06778605770779837,4.70381491690166,0.04800484666033214,0.06685405683007631,0.041637037949133295,0.05959418945551672,0.035216635425327374,0.05143937533473552,0.04759489906131223,0.06644967811979426,0.048173672249654874,0.06701508336109283,0.047940829857591294,0.06679209808135363,HATAY,ALTINÖZÜ,69834,-1.038
54988432B68104406742537,0.4658032547558076,0.5091323030544991,25.771419898573917,0.4609319128763598,0.5050364769676766,0.4061292463256681,0.4539537945320089,0.33507905003629096,0.38580765735238376,0.45633008949340936,0.500915204795309,0.4623857884556923,0.5063088039019136,0.459121481741527,0.5034281609599492,TRABZON,AKÇAABAT,131162,0.405
54988432B68279142747121,0.14969553147110448,0.1733325308831124,6.768249327377332,0.1449821094492933,0.16979724809720523,0.12406353264292858,0.1522535547667258,0.1066947394709493,0.13632767915996372,0.14271272081544853,0.16802424535719385,0.14589854930885673,0.1705010524478163,0.14422630897602542,0.16921140396368436,ORDU,GÜRGENTEPE,12499,-0.859
54988432B68378780511422,0.26240739206419034,0.21167241452911664,5.467559600375572,0.2544578136252173,0.20581889021860436,0.19574194834010383,0.16127175206975564,0.1339558602702771,0.11372859106938198,0.25394123520813233,0.20543030728177877,0.2550223329207767,0.2062397472273229,0.2560466812143647,0.20699693035804648,ESKİŞEHİR,SEYİTGAZİ,12565,-0.31
54988432B68476887974785,4.519616263141942e-05,7.447508068423141e-05,0.0022543102846057646,4.506355844915808e-05,7.425657303672343e-05,4.426923848384922e-05,7.294767776639031e-05,4.342701744631914e-05,7.155985021484491e-05,4.5017244793284784e-05,7.41802565298095e-05,4.508625373464383e-05,7.429397075191195e-05,4.505893224673908e-05,7.424894989399724e-05,DİYARBAKIR,LİCE,24060,-1.022
54988432B68647212812297,1.9011346190725287,2.1537476089148093,101.68198509348943,1.8647984175446803,2.1236227505180256,1.5348293383893048,1.8177801041965411,1.1257810586651593,1.423515228770952,1.8081471383603476,2.0731394559718503,1.8809009537624048,2.137404155385201,1.834308215992719,2.0967131938023003,MUĞLA,BODRUM,207196,2.483
54988432B6867596275120,0.04197824355001077,0.06917253353708418,5.516718437250747,0.0418363856741845,0.06893877748053545,0.038927602703720775,0.0641456305891751,0.03488301646575415,0.05748088586596948,0.04164078063815438,0.06861645584983893,0.0418903930966894,0.06902777191976255,0.041765233817996815,0.06882153212336597,GİRESUN,ÇANAKÇI,5783,-0.637
54988432B68766699896789,0.021977995517927295,0.0362157513863231,2.5488769485619516,0.021936839080664516,0.03614793304053084,0.021064042528778186,0.03470972258552496,0.019814676019707038,0.03265099312377711,0.02189470503037879,0.03607850376574542,0.021950709551596448,0.03617078906152112,0.021925627871976352,0.036129459001519426,BİTLİS,MUTKİ,26748,-1.257
54988432B69064282981007,0.28554229212288834,0.2674304453814469,9.559154156998435,0.28528251444645414,0.2670626104169717,0.2746004156194186,0.25665442341219885,0.2499697223318889,0.23518278926883332,0.28502421306653575,0.2667428974562572,0.2853632795031023,0.26716897986113447,0.2852259667530853,0.26699037869494874,BATMAN,BEŞİRİ,31864,-0.792
54988432B69245819346506,0.7907046868233656,0.7203250958937324,27.307061798602078,0.7851470537623498,0.7155464341224318,0.6817953356660458,0.6264614266213301,0.5385659646446718,0.5017388157264578,0.7855119470674385,0.7158608356534664,0.7853941949981768,0.7157560328956586,0.7874089095673931,0.7174806459310635,SAKARYA,FERİZLİ,36015,-0.139
54988432B69251305297416,0.02641046847508154,0.04351966308800487,3.9609521870110544,0.0262703850915338,0.04328883107296593,0.023493940385064836,0.038713753644028695,0.019776112601458937,0.03258744760313394,0.02614461476451115,0.04308158437972161,0.026320593409877406,0.04337156527741939,0.026242486300896716,0.04324285892482951,ERZURUM,ŞENKAYA,14918,-1.119
54988432B69475506510516,0.0011541129241836798,0.0019017688260007577,0.14553507443530062,0.00114091985169035,0.0018800290348059499,0.0009227303586833214,0.001520492314207162,0.0006390302772390373,0.0010530060227714833,0.0011297947905332907,0.0018616969513048378,0.0011447254127855344,0.001886299909435815,0.001138250191944656,0.0018756299196292605,MANİSA,KÖPRÜBAŞI,12217,-0.412
54988432B69574392637180,0.00030438662977223775,0.0005015739720285352,0.04391678447755594,0.00030278678126322706,0.000498937711783107,0.0002711037932984815,0.00044672989263184966,0.0002287010863374924,0.0003768579203605987,0.00030104993875640444,0.0004960757102701401,0.00030336475667816113,0.0004998901104637594,0.00030227670423811767,0.0004980971973370026,BURSA,HARMANCIK,6089,-0.372
54988432B69584017445691,0.048630065184235995,0.08013352942839579,6.217681021618761,0.048523605615378176,0.07995810336302486,0.04627902405250017,0.07625943995301518,0.04309475957629751,0.07101234949272321,0.04840894016355062,0.07976915549047661,0.0485613918355946,0.08002036820223964,0.048490976171171325,0.07990433595560568,AĞRI,HAMUR,14336,-1.275
54988432B6966801542176,1.3792760236962487,1.4567226780298854,74.99964191323319,1.3666336769581628,1.4466589691420508,1.2666765979556653,1.346132635497617,1.115367460958909,1.157796548312527,1.3580156443603548,1.4393852141811752,1.3697619236591805,1.4492200928938084,1.3633530763910786,1.4439275024967606,AFYONKARAHİSAR,SANDIKLI,54376,0.052
54988432B69685064161896,0.33485483383188064,0.47004420864346574,31.115252614472617,0.3323653253657797,0.467351418612861,0.29893686050794166,0.4259001668386957,0.2511111145068988,0.3653326193035105,0.3301693974897061,0.46474549622947847,0.33306922578084386,0.4681636428846788,0.3316233992764301,0.4664803370985249,SAMSUN,CANİK,100247,0.553
54988432B69692013830482,1.3809611437077218,2.0985608810408203,170.93359234820184,1.3749529042526307,2.091860054203241,1.2135578512424712,1.8825894362030742,0.8278932627177102,1.322010053326211,1.37469009087894,2.0914777491222205,1.3754230637717684,2.092419085458929,1.3769242680217535,2.094060605747779,BURSA,KARACABEY,86543,0.56
54988432B6973395963202,0.6282213719767533,0.834189854364677,53.03507180210887,0.6204993720444699,0.8273364324091632,0.5443628108035075,0.7433172381639689,0.4255315455220481,0.5949928104863133,0.621249780992718,0.8280157023000333,0.6205305463639176,0.8273786323627118,0.6230101074390513,0.8296655492817795,YALOVA,MERKEZ,157901,1.137
54988432B69784551217741,0.001503112845470611,0.0024768574128040473,0.17830633017015,0.0014997692215821127,0.0024713477269286245,0.0014292211311682202,0.0023550972662746803,0.001329060629728609,0.002190050921811302,0.0014964650144193195,0.0024659029926698056,0.001500869468899008,0.0024731607350011605,0.0014989325229038558,0.0024699689992238034,MARDİN,DARGEÇİT,26675,-0.866
54988432B69862067996452,0.024262180498125088,0.039979674046865074,3.639327074718763,0.024011315147062513,0.03956629343724061,0.01935288059217546,0.031890037995672624,0.013454992845152655,0.022171388441103813,0.023833754411160583,0.03927370554121743,0.024074331298724678,0.039670132628583515,0.023990242751665565,0.03953156995064294,ISPARTA,YENİŞARBADEMLİ,2353,-0.421
54988432B6991575510752,0.3748578078737522,0.4223919240594136,22.00445615414437,0.3715350132774799,0.41983073405726784,0.34663790601596944,0.3931162056436499,0.2998589701647708,0.3375186868333616,0.37037130321581224,0.41885407868286584,0.3720198956294612,0.42022460931797345,0.37138414478999304,0.4197066450651611,KONYA,SARAYÖNÜ,28401,-0.386
54988432B69940512809265,0.07110814699786798,0.11717333235036398,7.003618875171219,0.0709238110584521,0.1168695801474843,0.06708925535730298,0.11055092766452478,0.06170905683821686,0.10168533608601386,0.07080006455834731,0.11666566835402398,0.07097480922704978,0.11695361588193447,0.07091429650759802,0.11685390189293181,YOZGAT,ÇAYIRALAN,11777,-0.398
54988432B69998185816997,0.05110236195151147,0.06309455455349619,4.487977872962841,0.0507106469284934,0.06266237445090303,0.04312560956696313,0.05413464962773028,0.03298242568787813,0.042458875677657486,0.050243013346306827,0.06214451866402474,0.050849039438856075,0.06281527233392842,0.05055708988329428,0.06249247985454955,SAMSUN,VEZİRKÖPRÜ,87575,-0.537
54988432B70012419752472,0.5115669367390178,0.6564663735365582,40.38591253965832,0.5013534641801153,0.6473245312529617,0.38237835459216496,0.5219045391802056,0.21540879616887942,0.32862302935286253,0.5022723794218364,0.6481938241724969,0.5014775082921239,0.6474437923154723,0.5048530100951528,0.6506131178924028,KOCAELİ,BAŞİSKELE,131387,1.562
54988432B70042500930466,0.3696270118935999,0.4394439204851982,24.833590705872375,0.36400133411819197,0.4347275936265673,0.3158414531022565,0.3867625405800346,0.26101993557733283,0.32911265155410185,0.36038836784505357,0.43140727038175136,0.3654136004122299,0.4359840212522818,0.36287079234065267,0.4337024166748953,KÜTAHYA,GEDİZ,48539,-0.083
54988432B70258579646367,0.2002708937453595,0.2988813817286023,20.374999329357756,0.19822909896774427,0.2969683702634257,0.18253833875656156,0.2772742273593197,0.16476352831120183,0.2528675520656803,0.19661820989948306,0.2951940600333796,0.19879840343447672,0.2975545240878703,0.19756567080906232,0.29625500365941704,RİZE,PAZAR,32144,0.199
54988432B70315199389199,0.22050037714283108,0.16982027952766016,3.2045064358476867,0.21462559526385533,0.16550770849830954,0.1650871810959004,0.1284631683448077,0.09739638506734014,0.07758629625588338,0.21456588828145992,0.16546349038778144,0.21488270096408707,0.16569805825233916,0.2159390422418601,0.166479017526535,BURSA,ORHANELİ,18963,-0.354
54988432B70364934790471,0.6814110821900335,0.9856642991417882,67.3966597981668,0.675878985346702,0.9803392575396138,0.6210165195138366,0.9150007120744248,0.5377166042700707,0.8057719548563649,0.674311352156119,0.9787281231948738,0.6766214248920499,0.9810916439685058,0.6761523057423668,0.9806315342098253,DÜZCE,MERKEZ,267249,1.032
54988432B70424898114793,0.004538307530009747,0.007478307886970185,0.3339429501459719,0.004532835514094568,0.007469290996971984,0.004418394112509845,0.007280712318597333,0.004256478101319186,0.007013904092070813,0.0045282481316554135,0.0074617318225334,0.004534391958806177,0.007471855735629619,0.0045319746334805955,0.007467872421821966,ADIYAMAN,SİNCİK,15801,-1.202
54988432B7043343413230,0.9052292868287982,0.8396575829172018,22.97631174492009,0.8469238657133684,0.7956816053805403,0.29961210128236915,0.36632252721103253,0.11579929088288254,0.19081623371458814,0.8326066360792553,0.7847226601446478,0.8542985927571529,0.801314126056729,0.8525646296043299,0.8000395869000975,BOLU,MUDURNU,18101,-0.461
54988432B70515567552987,0.4710259162308705,0.672584521756522,51.74002490687319,0.4673520524320343,0.6685625023897706,0.40086101848749905,0.5833860042606245,0.2545176157743677,0.38717677865659383,0.4647989620762118,0.6654470401695176,0.46825224832934964,0.6696333246007026,0.4667433179919561,0.6678324562563678,MANİSA,TURGUTLU,179326,0.489
54988432B70702003005022,0.3759409906080907,0.5262223855876771,31.730519412075544,0.37278291019960985,0.5235645973759523,0.3508318345217073,0.5003017947754423,0.3224582167822772,0.4671429220609473,0.3713923072673588,0.5222716893818621,0.3733693622423315,0.524091564471185,0.3724865181920295,0.5232925370895684,YOZGAT,MERKEZ,109042,0.812
54988432B70812604960370,0.0651492751334683,0.06993382955980101,3.406249806167908,0.06138335722320961,0.06707606834128658,0.04405782183642782,0.051917882153595565,0.029421356727031153,0.037843007548132225,0.060069758447252444,0.06598679513402111,0.06194005120011322,0.06752886082208669,0.06118702193955132,0.06689517289218552,KONYA,BOZKIR,24704,-0.574
54988432B70813006049679,0.41557414723619523,0.5208661259127889,31.475763904164797,0.40526406013809657,0.5122818207597478,0.317086863889509,0.42203541578908527,0.20047557591875229,0.2876053078523625,0.40515008788177337,0.5121805354937825,0.4057541634025334,0.5127162858654958,0.4077522230152122,0.5144679737567666,BURSA,MUDANYA,112225,1.037
54988432B70826700680977,0.06956612588089486,0.11463236116128506,9.2905586636944,0.06936952303277578,0.11430839531719725,0.06533801688296254,0.10766520420748138,0.05961328758414017,0.09823188837706193,0.0692294077151416,0.11407751068057438,0.06941895818312512,0.11438985548099315,0.06935357339920448,0.11428211321318778,KİLİS,POLATELİ,4968,-1.155
54988432B70965233026524,0.3433888776187144,0.4483032186769541,27.054220057692614,0.33857567940678956,0.44423159429749803,0.3077313931858559,0.41028261019596024,0.2755198172941511,0.3709214103572422,0.33510398831496013,0.44087842164320057,0.3398516154918392,0.4453927556711433,0.337125587481352,0.44286158930510616,RİZE,DEREPAZARI,6772,-0.37
54988432B70975944471904,0.023002411689867403,0.03790380348228652,2.7535495754775496,0.02290689958636253,0.03774641685473462,0.020990535899853023,0.03458859698987048,0.018378577977045823,0.030284563954338976,0.02275674555647857,0.03749899024062434,0.022944753792680427,0.037808793722716845,0.022846872121920058,0.03764750247799691,ÇORUM,UĞURLUDAĞ,5992,-0.923
54988432B71029132182367,0.08645260118307828,0.1190798201685788,7.491780259601661,0.0860780548538976,0.1186428556693432,0.07855293241397417,0.109693878923421,0.0681826558591234,0.09708938635066248,0.0857975500368833,0.11831461050307862,0.0861844968514011,0.11876720337732358,0.08603890512194542,0.11859708610862049,DİYARBAKIR,ÇINAR,79114,-1.256
54988432B71099254802304,0.31610863295783626,0.46730288492396294,33.85247449056112,0.31258221510073264,0.46361493333387216,0.27100882584570557,0.41085482673565427,0.21365535810671432,0.3325947661787566,0.31076150445622686,0.46149582228476854,0.31327157167052655,0.4643980466943416,0.31235857892438335,0.46335819439247483,KONYA,KARAPINAR,51756,-0.161
54988432B71168384186260,0.2082667738342222,0.34318587866938904,26.79458369867421,0.20654002800673066,0.3403405146531487,0.17422123686118138,0.2870850071488821,0.13296138420660222,0.21909625154304394,0.20531640256185132,0.33832420179761175,0.2069739068842794,0.3410554683689353,0.20639512874062574,0.3401017469369101,KONYA,DERBENT,3954,-0.936
54988432B71225398808763,0.016461315127126654,0.027125262431219255,1.9842026077965988,0.01642951003125395,0.027072853400377274,0.015753027125237008,0.02595813223659221,0.014785346824643598,0.024363570568802836,0.016395182911416936,0.02701628853135582,0.016440808657895774,0.027091471488324994,0.01641974743751695,0.027056766416130848,AĞRI,TUTAK,25920,-1.254
54988432B71285314938898,0.0026879320860617277,0.0044292246803275745,0.28704024154816454,0.0026272341459359283,0.0043292054812397954,0.0023189890334978378,0.0038212734294290973,0.0020342989354776835,0.003352155770194167,0.002611185220955831,0.004302759762992977,0.0026362287244821054,0.0043440269157144435,0.0026283474393185105,0.004331039986862964,ADANA,TUFANBEYLİ,16027,-0.521
54988432B71286228514784,0.010669866441906749,0.017543839719311893,1.3995434780662532,0.0106023101217461,0.01743488165790877,0.009683623453861746,0.015930502630365193,0.008497535615595974,0.013983132457002308,0.010562798456074237,0.01737056610687626,0.010616865033233419,0.017458523047364363,0.010596510622422834,0.017425452365333553,HATAY,YAYLADAĞI,42019,-0.863
54988432B71345383711908,0.7839605928779593,0.758377237721815,33.09900801864497,0.7767444151076968,0.7508532722637287,0.6235657016311509,0.5953001411159655,0.22159061405190736,0.23522178113664094,0.7783881150917511,0.7526310827774543,0.7764596652672469,0.7505449060765461,0.7801547808522789,0.754529823871971,İSTANBUL,ÇATALCA,81143,0.761
54988432B71616500059418,0.7645896524832301,0.7961155453800227,35.73635182490551,0.7571813885409856,0.7887971389879103,0.6375838715024185,0.6618366060747869,0.16198444464354028,0.24997011744752623,0.7587128554102748,0.7903932117714139,0.7569187166745691,0.7885218182930769,0.7604015125416097,0.7921284624415839,İSTANBUL,BAKIRKÖY,218204,4.465
54988432B71738622898176,0.10083694665725525,0.07293927644877007,1.1092064132298078,0.09465144647394858,0.0684650641406799,0.06990944574072185,0.050568214908319184,0.05135294519080178,0.03714557798404864,0.09207457317668767,0.06660111169038185,0.0957179840064771,0.06923653212445875,0.09392224201083728,0.06793760225606596,MALATYA,ARAPGİR,9917,-0.393
54988432B72028378604273,0.09394029319786006,0.12519362313166285,7.749318336193914,0.09305106157437888,0.12433216098427777,0.08304599763297643,0.11274554711756943,0.06872590093455933,0.09599938846363593,0.09263663651548035,0.12387763020555835,0.09320963227713047,0.12450135581108239,0.09299709373796809,0.1242738774948613,GAZİANTEP,OĞUZELİ,36644,-0.389
54988432B72030220276956,1.1477972264694052,1.2034979784245299,57.76053550981847,1.1265823083936735,1.1854064990932014,0.810565753382325,0.8965502898492663,0.23696600137512486,0.3694435834293714,1.1330597647791432,1.1910959866677089,1.1244230063591414,1.1834973916278704,1.1371958268883327,1.1946871864054625,ANKARA,ÇANKAYA,952198,6.901
54988432B72106000461584,0.17117894761808225,0.2820718661286516,22.88214273918616,0.1705615684675213,0.2810545372366889,0.15780793466951326,0.2600388613292062,0.13990491951768266,0.23053793867793884,0.17006463205012184,0.28023567612932954,0.170743497001625,0.2813543224721442,0.17047677264919128,0.28091480910394184,YOZGAT,BOĞAZLIYAN,35316,-0.197
54988432B72271864351662,0.6274664914787735,0.7938513479260889,44.98893932995783,0.6193070007407114,0.7866358791903512,0.539563031922955,0.7051674445430414,0.43622412356130613,0.5933548932621191,0.6119743030939332,0.7796156869150749,0.6215915147380366,0.7887552927466919,0.6163159098087135,0.7838045416286161,DENİZLİ,PAMUKKALE,343071,1.227
54988432B72298129420798,0.814125458268151,1.0164297831555469,69.7898002331783,0.8119704274430909,1.0138170638158592,0.7524656772608093,0.944033239457308,0.6401044755209986,0.8148176734948342,0.8089054036692143,1.010126163223234,0.8128058263311678,1.0148278892332305,0.8108871593099372,1.0125102107712665,SİVAS,GÜRÜN,17062,-0.475
54988432B7232586942515,0.00018412522659214236,0.00030340498635429263,0.023268863647482166,0.0001838371203932899,0.00030293023958032094,0.0001776004233567801,0.0002926532937523077,0.00016826726012717695,0.0002772739331142745,0.00018355909771016604,0.0003024721086118458,0.00018393055796038805,0.00030308420774804626,0.0001837695105122914,0.00030281883075600376,SİİRT,ERUH,18339,-1.098
54988432B72387127190617,0.31420767208972217,0.41607536946768603,25.033188061342962,0.3124339244610017,0.4142681237975495,0.2920886928207028,0.3893640889409054,0.26363567903902935,0.353950869588601,0.3116546822086807,0.413381770766161,0.3127720496176364,0.41464313190923324,0.312382752099155,0.41421077450073074,ELAZIĞ,MERKEZ,463686,1.135
54988432B72818442943555,0.11047848229530731,0.18204850597414632,16.419877351858048,0.1098570384047033,0.18102447912764405,0.09756699158240534,0.16077271049480607,0.08108464087328718,0.133612785238806,0.10901979573946513,0.17964485503091712,0.11009449064020203,0.1814157573549935,0.10955496337513855,0.18052671425359948,SİVAS,ŞARKIŞLA,37282,-0.178
54988432B72902905976460,0.42588040580615294,0.6178634178958277,40.138365596551346,0.42437714672735377,0.6160956889523814,0.40030057471713665,0.5844304467049136,0.3678801143932575,0.5408828622241074,0.4227146872540312,0.6139898756653496,0.4248930173364483,0.6167342968550192,0.42378231358653784,0.6153484911796565,GÜMÜŞHANE,MERKEZ,54697,0.655
54988432B73072447730570,0.35438765916449266,0.5051110431504277,33.66621458992269,0.3489600825773052,0.4999271628420073,0.2960925764272371,0.43587553656516675,0.22901134366204723,0.34762214737189145,0.34011580719326023,0.4901147205507953,0.3514132416392454,0.5024326750549001,0.3442280148677426,0.4947812393910468,MUĞLA,DALAMAN,53327,0.548
54988432B73173192257924,0.15059284400246184,0.1782804777441589,9.581148693222474,0.14979207734661804,0.17755018833093197,0.14184353477674488,0.16876468199791708,0.13072354650146573,0.156189742489238,0.14928242224384644,0.177029265590573,0.14998109143788788,0.17773633095821081,0.14964069102764022,0.17739791461700846,VAN,İPEKYOLU,362816,0.404
54988432B73242449830307,0.024313568871816828,0.04006435276855513,3.0092562028570824,0.024235483079999273,0.03993568154278469,0.0226272956644846,0.03728568029151565,0.020195463375430784,0.03327846163857855,0.02413265162857138,0.0397662339570588,0.0242646464461648,0.03998373748208897,0.0241984353108943,0.03987463353709968,SİVAS,ULAŞ,7603,-0.595
54988432B73294820193521,1.0176872642842874,1.5677298265154473,126.67867045376491,1.013008646742502,1.5629331451988828,0.9208981834567228,1.4354916388581973,0.6860369406357535,1.0750397997312322,1.013489949543154,1.5634225174434018,1.013051674666742,1.5629990959486526,1.0147066637476372,1.5647605964179334,YALOVA,ÇİFTLİKKÖY,58589,0.828
54988432B73322112171643,0.5023975757251047,0.6830792894105222,43.886877303774135,0.4955745059458784,0.6757179874424203,0.3887874432099135,0.5471398770388091,0.19788090094837435,0.31465109236332256,0.4977528957560767,0.6781778968997821,0.4948435313847751,0.6748841189975675,0.4991244334933329,0.6796992095004785,ANKARA,ALTINDAĞ,418072,2.528
54988432B73440266741351,0.2903766005825846,0.3976646957331087,28.35505612770189,0.2872501735529332,0.39479275754067045,0.25891003143613545,0.3616968033389174,0.2251784021123141,0.319540901821401,0.2856302896123818,0.39310287667897326,0.2879009047550753,0.39544693433377265,0.28691517138726386,0.3944496626995139,YOZGAT,SORGUN,80068,-0.038
54988432B73618387821891,0.3187381512147968,0.5252226770323764,38.75079526743886,0.3168836258175202,0.5221667554551511,0.2807240689433323,0.4625823624686746,0.2329341872652348,0.3838333031095523,0.3146244782745682,0.5184440899512003,0.3177047769980157,0.5235198637028595,0.31613191486518616,0.520928072111991,ANTALYA,İBRADI,3256,-0.264
54988432B73640437939057,0.22521320811952378,0.30170256453848077,18.643549182034437,0.22343820257459,0.3000273373816729,0.20461743766541457,0.2783761104619312,0.1791746404622443,0.24811357345884924,0.22256717375357254,0.2991077555656319,0.2238019611325802,0.30040034169172775,0.22331042381593258,0.29989451666105804,DİYARBAKIR,BAĞLAR,402275,0.017
54988432B73654359915704,0.19143432683305994,0.26201709268790413,16.228406283351156,0.1859625908442928,0.2573820256028365,0.15753660331805763,0.22806659916934788,0.12909085063811285,0.1943372417013567,0.18285216902717646,0.2545759970158232,0.18723664026788578,0.25849773954506333,0.18478346224230313,0.25634547253027196,EDİRNE,HAVSA,17302,-0.198
54988432B7371544527763,0.1066089601762174,0.17567223517481304,12.95281912582814,0.10639937958192483,0.17532688435826074,0.10194737140520826,0.16799078215702368,0.09558659772399232,0.15750938051711158,0.10617324863160595,0.174954261556021,0.10647382269772479,0.17544955311447358,0.10633506302774678,0.17522090233937118,AĞRI,ELEŞKİRT,28661,-1.013
54988432B7377784075511,0.22578278344058456,0.2700149969134256,15.218424743253705,0.2247060985352143,0.2689204517490265,0.20331608021661968,0.24687228692139057,0.17451123432575388,0.21676562963449433,0.2227812782964121,0.2669687629218066,0.22518324857228256,0.26940443665780717,0.2238804811155627,0.26808674867927457,KASTAMONU,ARAÇ,18121,-0.565
54988432B73997329760660,0.6320549482515516,0.9088585022704947,49.3586202028913,0.6252015609064302,0.9033465912290468,0.5872346161237613,0.8639088650671388,0.549630607920395,0.8192879639854346,0.6230442176697097,0.9014333709695993,0.6263292741810302,0.9043177764176558,0.6251030897924246,0.9032607927902845,TUNCELİ,MAZGİRT,7257,-0.58
54988432B74105915560914,0.9982807278058236,1.3443628531565412,91.65493580711966,0.9888313217170971,1.3354647702094613,0.8754085337155024,1.201056553805747,0.674692966137172,0.9553133982568124,0.9731088151554377,1.318142910362654,0.9930787002984822,1.339751410099642,0.9805352864002711,1.326514055993266,MUĞLA,ULA,27649,0.355
54988432B74200485211602,0.24635816110774586,0.2967673410098951,18.465296154033627,0.24568809212316767,0.29577368652524155,0.2252852583026938,0.2708104535849706,0.19087158540051277,0.2320381756612495,0.24500636648214627,0.29482344456179826,0.24594276145195515,0.2961401710244982,0.24554177495928345,0.29556651639086345,ERZURUM,PASİNLER,25401,-0.765
54988432B74224800333323,0.28486410393827577,0.36524711673538185,24.105717342811662,0.27563710254782964,0.3577604848719783,0.2238533704814082,0.30538691009782026,0.17097564766159412,0.244293785419785,0.27008226412261976,0.3527984921415522,0.27785807088598014,0.359663397416616,0.2735197395448519,0.3559015526122041,EDİRNE,LALAPAŞA,5932,-0.351
54988432B7423640406971,0.3085015302807172,0.38223378247799994,22.845251644547574,0.3028026235477523,0.37765718311738367,0.26864862776352955,0.34396410089840906,0.23418237861919702,0.3065641450421405,0.29881253627971255,0.37411991419973856,0.3042913193287262,0.3789191067092799,0.3011258889987093,0.3761952657161971,RİZE,ARDEŞEN,43519,0.078
54988432B74473203693004,0.595645675820029,0.8905694170523685,73.78593622489177,0.5895983422958934,0.8844660604081462,0.5255010917136904,0.8067644275384825,0.40107470747440443,0.6336012976960659,0.5871886925371903,0.8818457827759733,0.5906850209143857,0.8856243679083026,0.589441535837499,0.8842945002899653,BİLECİK,BOZÜYÜK,81332,0.608
54988432B74566589804455,0.11932024086254028,0.19661812083404598,14.322499313761176,0.1191039067601966,0.19626164146082606,0.11448575599246591,0.18865176639591083,0.10785549235969807,0.1777262941819305,0.1189023416422488,0.19592949869585918,0.11917297756967779,0.19637545763037528,0.11905772840941926,0.19618554791217557,SİİRT,BAYKAN,23219,-1.061
54988432B7457666939336,0.35157674298443775,0.44381517079367794,20.678142687192846,0.34401105783507674,0.43746780231828936,0.29306530160834643,0.3873009434002084,0.23835021595691774,0.3291393812767327,0.3447208406216014,0.4380870330249853,0.3440267626494132,0.4374848000834821,0.34633944553737034,0.4394998491654473,YALOVA,ÇINARCIK,40174,0.141
54988432B74694372837116,0.12209307027396472,0.20118724091230422,15.472430548331069,0.1213931921271237,0.20003396863385467,0.10913374614024034,0.17983262462899,0.09338458877276462,0.1538808690514927,0.12159811467384297,0.20037164383264078,0.12133265322603747,0.1999342115022658,0.12177266305493958,0.20065926791416927,KIRIKKALE,KARAKEÇİLİ,3062,-0.423
54988432B74865173574888,0.0006008446750409676,0.000990083074470111,0.07739283595324835,0.0005996066962195797,0.0009880431098527578,0.0005734827032161599,0.0009449955063960111,0.0005363828121510497,0.0008838616131718661,0.0005983469591659667,0.0009859672916140757,0.0006001022950385598,0.0009888597668404663,0.0005992739147745442,0.0009874947463739522,ARTVİN,ŞAVŞAT,16151,-0.405
54988432B75065207924044,0.3557833670861615,0.4457284829868945,24.58189281330366,0.3512326194155179,0.4415565440986332,0.30746615748073164,0.39504700921158753,0.2486948362521123,0.33102994088159254,0.3509026862335509,0.4412203230054831,0.35157855231800106,0.4418979487068526,0.352177559418088,0.4424663786682468,ESKİŞEHİR,TEPEBAŞI,398129,1.477
54988432B75072745188363,0.7050128957695527,0.8477117195198625,55.19497531106354,0.7026101476865888,0.8456391250981103,0.6513489594035008,0.7981582396160012,0.5739949935743693,0.7197441391213825,0.7031440203024777,0.8460951402957806,0.7024978792478064,0.8455433291348532,0.7038391966703288,0.8466978732195569,KIRIKKALE,BALIŞEYH,5888,-0.527
54988432B75199317168320,0.6091897846905824,0.5438896974535623,17.594619558276033,0.5792907649404806,0.5219051115192265,0.43926584502291915,0.41335210253681165,0.31976402746490457,0.3167747487174708,0.5716504304024996,0.5161899327417213,0.5836475275574267,0.5251481980388407,0.5798865644495166,0.5223493153224608,KAYSERİ,TOMARZA,20156,-0.674
54988432B75263721717029,0.4355870399182169,0.43367201216153645,19.843389839455075,0.41716767264623733,0.4198621527186836,0.3345493055100627,0.351613157379147,0.26533921346078326,0.2897136785541435,0.40919361701144985,0.4136748081319111,0.42041819294723215,0.42235089030884704,0.41492828514796354,0.4181360434369403,MALATYA,BATTALGAZİ,274563,0.813
54988432B75303442304473,0.2809496300901959,0.3650391850694355,23.29394688195562,0.278838923809697,0.36309476556333015,0.2561032001814251,0.3376654954754384,0.22544947007144484,0.30209654312119305,0.277051695615402,0.36125433928690576,0.279415487983088,0.3636663021397643,0.2781647509108751,0.36241718134613726,GİRESUN,BULANCAK,70397,0.063
54988432B75596931390993,0.0016808502532221214,0.0027697364319997564,0.2518638078576223,0.0016807360095738913,0.002769548179183052,0.0016485546050129954,0.002716519059858251,0.0015375271212924953,0.002533565899084749,0.001680570373094919,0.0027692752403002466,0.001680782521376891,0.0027696248222005004,0.0016807276894723183,0.0027695344691643278,ELAZIĞ,ARICAK,12340,-1.07
54988432B75676722749160,0.03679985069166942,0.0606394810944523,3.8247554979873217,0.03669137817910396,0.060460738062854374,0.034649495815511064,0.05709608617821462,0.031620536389427786,0.052104910279356445,0.03664446007978492,0.060383425542744375,0.036711985615827045,0.060494695381867566,0.03669865419781367,0.060472727622341634,DÜZCE,YIĞILCA,13492,-0.88
54988432B75798552461852,0.24841643313860698,0.2951580965943453,15.022806251662361,0.2470269933292299,0.2938694959605814,0.2343569752986091,0.2787571173114129,0.219202624004279,0.25938064226596147,0.2463187557651626,0.2931178971540619,0.24732193982206185,0.2941701417705856,0.24688675220993672,0.2937227552256339,MARDİN,MİDYAT,125791,-0.36
54988432B75808003725453,0.21079093764728277,0.2857296825876397,15.908753133993107,0.20599813125955288,0.2818181345946518,0.1801626614190442,0.2551904764479245,0.15538076126822253,0.22631278224433515,0.20286500290096487,0.2789761696702874,0.20715793515111575,0.2828206822847217,0.20469030906569152,0.2806540262442313,TRABZON,ÇARŞIBAŞI,15004,-0.34
54988432B75995786409497,0.25454522081080483,0.3837046745443506,30.924630888487314,0.25222987567962474,0.3803891683906046,0.21289627663199004,0.3270977935144086,0.13656599096324296,0.21715420135634272,0.25053632147619115,0.37809215725852213,0.2528202782391668,0.38120243643625623,0.2518210568552453,0.3798307578786132,MANİSA,AKHİSAR,181472,0.543
54988432B76021463807070,0.44528997458398434,0.5834077539067356,40.38006639165887,0.43268513039983075,0.5725023578858502,0.30585946921073776,0.4348609370601237,0.12389684297832246,0.20414849504627094,0.4350021560678698,0.5746146891675721,0.4323031787821795,0.572156806235048,0.4377001461084641,0.5770569771509005,İSTANBUL,SİLİVRİ,240029,1.312
54988432B76024124703750,0.13799222496746144,0.22738616488436045,19.219422222172433,0.13772028996897254,0.2269380653162956,0.1310655858393608,0.21597231959526428,0.11944334838445246,0.19682097970730947,0.13753943628749707,0.2266400512430707,0.13779199393434138,0.22705622044928273,0.13770902692531828,0.22691950586265924,ELAZIĞ,PALU,17872,-0.737
54988432B76125229912177,0.33764805775304924,0.46182737080370156,33.742160404164444,0.3296743358425593,0.45415575949492865,0.22152821291792604,0.32305291872574465,0.07993490189223676,0.13171806758480167,0.32450553029824275,0.448655415204477,0.3315912459675742,0.45613075432492894,0.32855153668423787,0.4529777697042662,İZMİR,BERGAMA,107549,0.379
54988432B76166578755153,0.4305198942073908,0.562474437072412,32.55237234446701,0.4279654225168042,0.5601599972415086,0.40401567265832217,0.533394180299416,0.37277649002787705,0.4963363409351668,0.4280331398459003,0.5602257159976733,0.42806882514985195,0.5602625012561234,0.4286760371075847,0.5608512532915111,KIRKLARELİ,LÜLEBURGAZ,157136,1.12
54988432B76227245488219,1.237511662634068,1.2083885058358208,47.243055524080425,1.2263912366167564,1.1993439674781474,1.1033443762597246,1.0948712709293007,0.9423432892584861,0.9548033590945496,1.2210178267113112,1.1949128431360065,1.2288691367487106,1.2013817784137366,1.2257230641888393,1.198805929906925,NEVŞEHİR,AVANOS,32093,-0.044
54988432B76333131904133,0.21181936565762605,0.2959927178940968,21.570962790362213,0.2079457744561809,0.2922601824708893,0.162834206242131,0.23817877718608296,0.09860970076890894,0.15297936287133146,0.20546310071259985,0.2896050884660145,0.20885392911506825,0.2932011929083434,0.20733193255345816,0.2916135435122576,MANİSA,ALAŞEHİR,104565,0.038
54988432B76430100737170,0.24840581709728177,0.34697084384557614,18.979360456950243,0.2449464038884066,0.34394781707035005,0.22129237969454088,0.317603156893699,0.19581997956120697,0.28652244862462306,0.2424253304959659,0.3414558198159611,0.24583456096610593,0.34478047900553743,0.24391509463146524,0.3429494233363599,TRABZON,BEŞİKDÜZÜ,23246,0.17
54988432B76534692680801,0.12588763526273006,0.18809765946331825,12.456113754488246,0.12377490235205348,0.18604068774431107,0.10745567195874298,0.16484727127060977,0.0894907532548373,0.13951762985047683,0.12235990884653025,0.18442612419533436,0.12427640611636372,0.18658108640140866,0.12327668867965799,0.18548524210103234,SAMSUN,BAFRA,143387,0.256
54988432B76630597783829,0.0,0.0,0.0,0.0,0.0,0.0,0.0,0.0,0.0,0.0,0.0,0.0,0.0,0.0,0.0,DİYARBAKIR,KOCAKÖY,15088,-1.131
54988432B76667969574644,0.0866617512551299,0.1423689918906808,9.91581299785145,0.0864220903434012,0.1419991075725405,0.08185247704232734,0.13456934708003604,0.07535766677130441,0.12394217766613994,0.08617413829341161,0.14160216130118006,0.08649942015555198,0.14212176299826415,0.08634820016241973,0.1418812519175522,ORDU,ULUBEY,18027,-0.73
54988432B76694666867888,0.2412881347789924,0.3643659630445094,25.463278853353284,0.23893164881050158,0.36210167542160865,0.22172592424205287,0.34022587698226314,0.202480243032665,0.31337034151565896,0.23706294407843648,0.3600123856022559,0.2396424864820138,0.3628444894163168,0.2381396465058431,0.3612364751342692,ARTVİN,HOPA,27844,0.502
54988432B7673990663622,0.3806371035783421,0.28380344233515725,5.459628795464493,0.3441407334050059,0.2573378811020477,0.19707054307855823,0.14968823138254522,0.08601678836423583,0.0677132977648783,0.3335122510445754,0.24965400011528477,0.34943775632572965,0.2611725119709037,0.34345985493987086,0.2568724700886594,BİLECİK,YENİPAZAR,2692,-0.501
54988432B7686376545923,0.10920025750613781,0.1584965550384848,11.844300804313997,0.10753469830515765,0.15698114427464663,0.09586347716206767,0.14266560329773986,0.08321493491123041,0.1255104855642393,0.10636631605528776,0.15573653984280558,0.10794994601624507,0.15739621681590052,0.10707766734385452,0.1565060084154361,TOKAT,REŞADİYE,43108,-0.657
54988432B76895088825803,0.35859201159909615,0.3628689855944262,17.93344403849291,0.3581856325248034,0.3621998217231101,0.34846007780424576,0.348566806224348,0.32108842216868116,0.3193556720534442,0.3579138255624803,0.36175387335093007,0.35828438846466243,0.3623622722018411,0.3581494543511891,0.3621403646174853,OSMANİYE,TOPRAKKALE,22358,-0.084
54988432B7698417663735,0.7907897461287338,0.6348759435546961,14.396929804061386,0.7362878296567241,0.5949688985993764,0.19597954095694312,0.19518464970626728,0.04510350034029928,0.07432239003073865,0.7219661467208573,0.5847528832748347,0.7436454100356464,0.6002442687030515,0.7421927915856943,0.599508279899382,BOLU,SEBEN,4438,-0.425
54988432B77006112817305,0.47134480388241806,0.5940200190635642,35.252263089909746,0.4608323571926077,0.5842985255615569,0.3512295208110312,0.4604563579648682,0.16135552272513842,0.24648947165753943,0.46272782969076426,0.5861974935008293,0.460514953688536,0.5839778935861504,0.4649178102596967,0.5883424530530915,İSTANBUL,ÇEKMEKÖY,315959,1.45
54988432B7739562354117,0.09332568919580243,0.14072314724998414,11.435583500008587,0.09277528954200752,0.13981755715156388,0.07987598187064374,0.11972201003951592,0.058267564306372914,0.0882211153521619,0.09237622944844233,0.13916353785590954,0.09291497169942904,0.14004704008339275,0.09272843024562236,0.13974063414261662,KONYA,HALKAPINAR,3947,-0.765
54988432B77407650026764,0.3114800241090573,0.38762860498909385,22.464784612573528,0.30921458563053894,0.38493630670748336,0.24935540379007737,0.3182505616243946,0.11709558861387605,0.17914035967915598,0.30959627744396245,0.38543346998655525,0.30919274166850913,0.3848939007198173,0.31023375516040996,0.3861890719685007,KOCAELİ,ÇAYIROVA,162262,0.962
54988432B77479397394986,5.594008850469185e-05,9.217912234818272e-05,0.007697113431500552,5.578879402886601e-05,9.192981648595501e-05,5.264454118396313e-05,8.674865793881373e-05,4.823554636455303e-05,7.948343395088923e-05,5.562625246164119e-05,9.166197745651508e-05,5.5840803399616135e-05,9.201551849819309e-05,5.574245662503921e-05,9.185346084671985e-05,BATMAN,SASON,28150,-1.063
54988432B77607425257095,0.138505905159618,0.20947097555179292,14.887937058716773,0.1360353137380294,0.20709381864866624,0.11477826550998532,0.17884177675653803,0.08825255615636884,0.140214006913441,0.13447868736477897,0.20531576331721982,0.13661704367203825,0.20771980072767535,0.13554155909045582,0.2065440481525212,BALIKESİR,BİGADİÇ,49275,-0.138
54988432B7766374171238,0.08190643897271717,0.13496695949161414,12.285965845907574,0.08152372736960484,0.13433632016603636,0.07385764836668042,0.12170401204442631,0.06349393640965814,0.10462649397100467,0.08083020981944436,0.13319352899756165,0.08169443811321674,0.13461762051686135,0.0812250491125482,0.133844152557155,KASTAMONU,CİDE,22496,-0.533
54988432B77763600838598,0.2975325266384302,0.433690911633346,33.1337225055299,0.2947803355228174,0.4311151699753276,0.2657307359274726,0.39591772014112797,0.22472162526819245,0.3410650866596103,0.2942072438310946,0.4305136426693903,0.29514264766125237,0.4314880447221064,0.29511688101462724,0.4314600450865281,KIRŞEHİR,MERKEZ,163368,0.686
54988432B77928955362752,0.7930273111348122,1.2144898434899107,98.79472585778448,0.7834224121084801,1.2032651133660146,0.6956784816021662,1.0828366899372452,0.5690011330129837,0.8959691898990192,0.7825449664594799,1.2018955832677476,0.7841478584020839,1.204228685232169,0.7852439204981613,1.205292287606422,TEKİRDAĞ,MALKARA,50123,0.068
54988432B77963946080728,0.37303042068487857,0.5461192559798924,41.20380998634181,0.36739031825233215,0.5413894496674726,0.32997376154450375,0.4979899880349019,0.28377653150568205,0.4355575091476853,0.36367227332842683,0.5377903120780212,0.3687400149555095,0.5426167600367886,0.36592355016959865,0.5400046481250722,SİVAS,YILDIZELİ,26567,-0.762
54988432B78096221215444,0.2913154665770576,0.30944369932811344,16.100578337241696,0.2888546329216021,0.3071121106760522,0.242415929878795,0.26267544314563107,0.1827639863870491,0.20508960384379654,0.2859289730147431,0.3043331200854985,0.289722811184667,0.307935518428626,0.28789307040646084,0.30619939522595824,SAMSUN,YAKAKENT,8916,-0.538
54988432B78199019874123,0.16391180504601288,0.15111065333888296,4.0136732849030805,0.15563257523645754,0.14507301879702858,0.12152354011754089,0.11936516389298171,0.09512248127390989,0.0987880052763518,0.15178146840087173,0.14223349136593355,0.15734271846397105,0.14632784807948818,0.15435889307784761,0.1441359723389169,KÜTAHYA,ASLANAPA,7813,-0.782
54988432B78675491052886,0.3349605496161869,0.42313774601049436,29.177777429762152,0.3238017795899362,0.4145462339210909,0.26662614326502176,0.3597030415605007,0.2073815980198387,0.2917296754862786,0.3231440729468745,0.4139775329444518,0.32449901023163186,0.4151180035406263,0.325746346204058,0.4160891092698628,ESKİŞEHİR,ÇİFTELER,14487,-0.202
54988432B78684581776772,0.09580868410158525,0.15787533859689343,13.695435192400854,0.09563370097956957,0.1575869981411611,0.09223950248082605,0.15199397447865015,0.08517840262520827,0.14035856229210822,0.09538553988801006,0.15717807366083958,0.09570005935516519,0.15769634471150737,0.09553759516514021,0.15742863318566205,DENİZLİ,ÇAL,17277,-0.232
54988432B78726151143019,0.18728812113362148,0.2643160819127216,17.818058477074885,0.18479104464741192,0.26210679818208465,0.16627768999389544,0.24026399809520027,0.1446189875468265,0.2124270114221618,0.18375134906779883,0.26104829088678816,0.18520931675065733,0.2625160167654374,0.18463086308408191,0.2619473041320409,HATAY,ARSUZ,115077,-0.064
54988432B78779774927417,0.17345582965218453,0.25057996440418834,19.634707403430493,0.16957833950892165,0.24690693166842337,0.13956911212079143,0.20832263813799168,0.10655465990272722,0.1620699110968285,0.1664496505253933,0.24337956702260394,0.17060077039575602,0.24798296059269306,0.16828323519809574,0.24548488032956006,DENİZLİ,BULDAN,26231,-0.011
54988432B78813645008161,0.10043858228757656,0.16550457127696555,14.116395773274085,0.10002160978832489,0.16481747620701187,0.09160595148270569,0.15094999731431924,0.08014722113563658,0.13206808749165733,0.09926433430308682,0.16356962352263177,0.10020772909976654,0.1651241670836146,0.09969566746087326,0.16428038235386044,KASTAMONU,İNEBOLU,19678,-0.236
54988432B78882156403317,0.15849265635291346,0.26116715850419736,20.59138679957204,0.157850716936521,0.26010935874760954,0.1448767005557451,0.238730532305271,0.12718656261670874,0.2095803927000772,0.15727181052016556,0.2591554259454314,0.15808125908880635,0.26048925041081533,0.1577224606162193,0.25989801558822173,ERZURUM,HORASAN,34896,-0.778
54988432B78938998312930,0.57235492764417,0.6185217946105358,31.678655690977134,0.5694031196133813,0.6158314386563892,0.5133408946015748,0.5635450943065099,0.43797152412010176,0.4919858733423369,0.5660356438870479,0.6127313329490724,0.5704149169619347,0.6167593074313795,0.5683180793274024,0.6148337636968446,ORDU,GÜLYALI,8881,-0.145
54988432B78941092059801,0.09519855924873748,0.15686996347215432,14.066029335389361,0.09479236891568071,0.15620063545698057,0.08660099228290725,0.14270273209257778,0.07545822697817722,0.12434147536636359,0.09444866131137941,0.15563426764892407,0.09491430417022514,0.15640156264618707,0.09472548306809789,0.15609041970844487,YOZGAT,SARAYKENT,12605,-0.587
54988432B78961906506617,0.2580296824395259,0.19072509201737384,3.1809842791203935,0.2577400438567808,0.19042871416568624,0.24141343095387507,0.17823080047483125,0.20711785062325777,0.15309904042730685,0.25729775793385135,0.19005887071568928,0.2578506237982221,0.19052804937272114,0.2576169146720552,0.19031945876002393,ORDU,MESUDİYE,11829,-0.842
54988432B79088719689200,0.12261998629665893,0.20205550297304575,15.612355204570402,0.12185956367562352,0.2008024643795357,0.10647607135136992,0.17545325848793672,0.084753039830961,0.13965764153739765,0.12131493054435023,0.1999050077364647,0.12205164495141843,0.2011189794923212,0.12179527006421627,0.20069652016617215,KONYA,DOĞANHİSAR,14097,-0.616
54988432B79162079631621,0.6953947970692892,0.7947759237825188,41.18512228807541,0.6842561979140634,0.7844534616077186,0.5210978188090114,0.6183988281833371,0.1898827115039283,0.29475965386435865,0.6864892270595732,0.7866339462943316,0.6838751658873231,0.7840791512095245,0.6889780224587759,0.7890289141894459,İSTANBUL,ÜSKÜDAR,514294,3.045
54988432B79254890835341,0.40584408567735025,0.5408501958027526,35.57640323799621,0.39973629306968317,0.5353707137338628,0.34740225206402664,0.47813838489380606,0.28320943900271706,0.4017538270338867,0.3996202190846998,0.5352591415301008,0.40009254147177026,0.5357145928055521,0.40120866708535124,0.5367814997873622,TEKİRDAĞ,ÇORLU,306939,1.577
54988432B79409783151776,0.281577087368084,0.28175250814141445,12.23360426857445,0.27117120102987297,0.2737382059990583,0.18341368840288044,0.19873382567653544,0.08673800522075147,0.11027316923615495,0.2653317083564377,0.269056440935247,0.2734019015282932,0.27550190212707637,0.2696966727968647,0.27256413236578325,MANİSA,GÖLMARMARA,15140,-0.543
54988432B79438437943955,0.052810979282613156,0.07076103562866277,3.892348766589868,0.05267564361390795,0.07060693219644804,0.0498956386674347,0.06741703182991388,0.0460445469283011,0.06296507823786346,0.05253078281054378,0.0704416878800063,0.052723551095019715,0.07066152486078768,0.05263435056393628,0.07055985240359308,AĞRI,DOĞUBAYAZIT,113699,-0.647
54988432B79616482779548,0.0721811511323489,0.11894144859823381,10.827171383285448,0.07197174861437498,0.11859639121916445,0.06762682390290047,0.11143674315140961,0.06155809189250948,0.10143657322966833,0.07182745545067779,0.11835862224979049,0.07203150736468907,0.118694862803744,0.07195862641322552,0.11857476821109336,BİNGÖL,KARLIOVA,25265,-1.017
54988432B79652739540199,1.2948727329382292,1.274568379936436,51.632710645452235,1.2568927109974173,1.2432439432397766,0.766954940056047,0.8188495343266794,0.18988871199155002,0.30637399151830236,1.2649648969355491,1.2500468162502163,1.2555103898863318,1.2420769015912392,1.2738555856563836,1.2574994706806868,İSTANBUL,ŞİLE,50090,0.698
54988432B7974453528026,0.4121337005127781,0.5231254377791215,31.34967668033303,0.4023451970963062,0.5141004573223499,0.29789356031877195,0.3972243139513889,0.1481227762617523,0.2193142609906463,0.4041361553088933,0.5158868550865602,0.40204342115408614,0.5137962781733184,0.40618966774602705,0.5178870592292969,İSTANBUL,BEYKOZ,246833,1.732
54988432B79784154417408,0.167279567166564,0.26156401748422475,18.252737790015352,0.1650214286657669,0.25905770866544947,0.14421517371759854,0.2296315491353356,0.11904144502096951,0.19179389084661508,0.16205585977122508,0.25539083741083396,0.16596495365338287,0.2601572023871715,0.1634976241139421,0.2572532463234666,MUĞLA,SEYDİKEMER,65648,-0.505
54988432B79821561664997,0.04050251215151145,0.06674079578386423,4.859726596341601,0.04013309238399904,0.06613205899317239,0.03327877347189914,0.05483738430636125,0.024567729731548228,0.04048316377889764,0.04022053179629656,0.06627614328942,0.04010673424926711,0.06608862556660353,0.04032474614551727,0.06644786963995028,AKSARAY,SARIYAHŞİ,4717,-0.491
54988432B79971827749664,0.8690077721120942,1.42871339005055,124.09187553974046,0.8662571801407697,1.42424564592112,0.8034838416479587,1.3212842752127525,0.6990876994556724,1.1497751955201774,0.8647042805245921,1.4217132313361258,0.8669335847663135,1.4253473950643976,0.86628822991282,1.4243002696343114,NEVŞEHİR,DERİNKUYU,21107,-0.615
54988432B80108419437417,0.3283314278804828,0.5410306574472099,45.99564278096078,0.3266302164752766,0.5382273695287886,0.2930347991587277,0.48286821358285764,0.24745401015942978,0.40775933838791434,0.3235170844861409,0.5330974925088673,0.3274570158709777,0.5395897850109761,0.3252759702321055,0.5359958172828823,ÇANAKKALE,LAPSEKİ,30654,-0.056
54988432B8015815916555,0.4597651926787103,0.6420541093966133,42.62092525552406,0.4555443945345682,0.6376192567495045,0.3940403817967304,0.5632942474993273,0.31233471537097607,0.45974434715836376,0.45141771970977934,0.6329214578435202,0.45714831283416263,0.639394470795059,0.45414043641297663,0.636036923701163,ANTALYA,GAZİPAŞA,55850,0.152
54988432B80335300627236,0.6067879185796599,0.8070006083032885,57.42215967262963,0.5967961167941257,0.7982171508429444,0.5073588071864478,0.6988886730420452,0.39549042346229885,0.5618374857816001,0.5882263907071017,0.7897238785945371,0.5995195291167762,0.800786564917766,0.5932748143581376,0.7947899731830196,DENİZLİ,SARAYKÖY,30883,0.078
54988432B80355579984190,0.21460143641441054,0.3517563185321159,27.11452208219855,0.2138338602799189,0.35050271513701314,0.20014841912191447,0.32817161164854936,0.18106530323470243,0.29701787455111284,0.21400447197637387,0.3507813318672833,0.21379464022321318,0.3504386182073228,0.21420832304573584,0.3511140127085081,KIRIKKALE,BAHŞILI,7353,-0.005
54988432B80433190891515,0.20576743800509595,0.3390674264226984,25.07165772139443,0.20514807859619186,0.3380468344240624,0.19230334280223232,0.3168810389465997,0.17432604464905554,0.28725771137870615,0.2047410600058946,0.33737614159114265,0.2053106183745126,0.33831467050571296,0.2051216510436339,0.3380032866095038,ELAZIĞ,MADEN,9139,-0.592
54988432B80507521007844,0.1229217890196698,0.20255281913526638,18.437547730353,0.1223835753339824,0.20166594057449538,0.11154583274920628,0.18380730598158798,0.09682341758480162,0.15954743537758329,0.12164430622021302,0.2004477591252353,0.12258818070802557,0.2020030931302236,0.12211441752742942,0.20122241731515805,GİRESUN,DOĞANKENT,7327,-0.593
54988432B80615389544588,0.6101989843383023,0.7852527204106804,56.27906536908308,0.6075586099722143,0.782279679289466,0.5505238501675463,0.7169633962299756,0.4537422885005327,0.6054497147854886,0.6045641503272748,0.7788337129020791,0.6086154196736493,0.7834899907743538,0.6065945106013417,0.7811716502739885,BURDUR,BUCAK,68312,0.439
54988432B8063224387677,0.025116009956926772,0.038313056930349344,2.1271590682495676,0.024659236383338133,0.03788591132181638,0.02119258149317391,0.03347563032412721,0.017393951905161825,0.028192780805835056,0.02454161985116909,0.037695020303480264,0.02470929056700676,0.037955724825322244,0.024696995241752843,0.03788179163564566,BURSA,BÜYÜKORHAN,9148,-0.752
54988432B80643331900802,0.7539127653263387,0.8415701693626416,41.53614754536195,0.7417983002759041,0.8305542199742577,0.5641363643876056,0.654574922482685,0.2120307941874858,0.31711457867554954,0.7442455397871187,0.8328881934888075,0.741380426481471,0.8301533902713678,0.7469689094970975,0.8354505656557802,İSTANBUL,ŞİŞLİ,261959,6.959
54988432B8068662711190,0.9248352776659495,1.2029669460600803,76.08844854773857,0.9165216805704927,1.1947591709699645,0.8312722539219861,1.0864079123822001,0.685735627836818,0.9026320925650567,0.9028441990588033,1.1786851448916524,0.9202847394140151,1.1987930512605927,0.9092231469696883,1.1863594809374143,MUĞLA,MENTEŞE,126288,1.555
54988432B80772091068357,0.7852982718143184,1.0562580702082094,72.04176275571159,0.77479433111994,1.046604144480575,0.6528480064870681,0.9129420762657338,0.4849777715753389,0.7106175185417816,0.7668065837524314,1.038551105926307,0.7776038645839525,1.0493537229798817,0.7723050946237993,1.0441188050561274,BALIKESİR,EDREMİT,176251,1.072
54988432B80891618089015,0.10295782085251626,0.1696558196233524,15.429146948367492,0.10241390794334214,0.16875954977570443,0.09163229377118436,0.15099340462913607,0.07719140118523446,0.1271974321864827,0.10192260049221302,0.16794996418406907,0.10260913753293927,0.16908125273875838,0.10230368547332562,0.16857792313154352,ERZURUM,AŞKALE,19983,-0.578
54988432B80955885520909,1.9228972687051862,1.8763708557862766,85.58086500158154,1.9004746558118155,1.8586652867243971,1.6291314918254771,1.6283008210230914,1.1829471246358059,1.2011842604443645,1.9016074454939882,1.859610771256076,1.901193231874005,1.859228970866879,1.9075376749513409,1.8643647523694795,SAKARYA,SAPANCA,47505,0.695
54988432B81043238073761,0.10944845351740218,0.1803512053212755,14.07629851596717,0.1091263407720128,0.17982042192495196,0.10197699364397984,0.16803959423517625,0.09082282665092513,0.1496595495940489,0.1087429151507121,0.1791886060268713,0.10923960787599157,0.18000706557380514,0.10900475273413597,0.17962006688585355,ORDU,İKİZCE,12537,-0.979
54988432B81083365712780,0.4421539800909841,0.5741215096854928,36.076736132866216,0.43386603144604174,0.5662171880257516,0.32525389600584775,0.4444097746367465,0.14454386461645014,0.23492167609431547,0.43629686408289925,0.5686805724553714,0.4330652631233123,0.5653934715645014,0.43787853538485616,0.5702436626845283,ANKARA,SİNCAN,605366,1.05
54988432B81091968456381,0.2374908828047803,0.35434650104846666,25.442885242559942,0.23603442155213578,0.35283306773383266,0.21886409775012533,0.33043391679687933,0.1959642533291584,0.2988090383798235,0.2346768874103393,0.35121402349155745,0.23645812996738066,0.3533146873700521,0.23551999367474116,0.3522305788748697,GİRESUN,MERKEZ,143915,1.145
54988432B81190990661925,0.18856614743821715,0.3107228186450761,23.857566779159267,0.18819151277501459,0.3101054886518938,0.17481774800463196,0.28806794934908203,0.14602219030881514,0.24061809170889928,0.18789894261962028,0.30962338608698187,0.18828999365598942,0.3102677672863936,0.18815800005564406,0.31005026576716743,KONYA,KADINHANI,31478,-0.526
54988432B81237191806076,0.7724939540043878,0.8246394525219456,34.3965775142357,0.7628521144655763,0.8167389817018451,0.6580379065758242,0.7253423164566921,0.48255080089741637,0.5708899601493095,0.7562145064138244,0.8110260684301173,0.7653543315889341,0.8188461217525842,0.7606004667088816,0.8147896100598494,AYDIN,DİDİM,103141,0.842
54988432B81292966390728,0.581452421510084,0.9577221128493263,75.38048374797023,0.5787482915608918,0.9532723005433306,0.5161509224626262,0.8502316329128353,0.4087606860175473,0.673404502254841,0.57525318905134,0.9475207472069892,0.579758224777672,0.9549341834626066,0.5775271339620459,0.9512628010159772,AFYONKARAHİSAR,KIZILÖREN,1977,-0.64
54988432B81439827862263,0.00032920954586225087,0.0005424776366537364,0.04778846115359913,0.00032771907029078944,0.0005400216031770073,0.0002981133180050081,0.0004912366917635737,0.000258084807264408,0.00042527696435513637,0.00032642617298170827,0.0005378911428501981,0.00032823643750583335,0.0005408741305342078,0.00032744889414723497,0.0005395764018829445,ERZURUM,ÇAT,14015,-1.131
54988432B81567150601582,0.09896220873855534,0.14458649126107198,10.427057525381294,0.09841504409821643,0.1440272987956897,0.09229779887450386,0.13616221633118994,0.08453168227050278,0.12567098332220142,0.09802263948262213,0.14356751488564135,0.09856035826387435,0.14419040066251107,0.098297936920555,0.1438925193846669,AĞRI,MERKEZ,150035,-0.231
54988432B81711897085768,0.12184779372193093,0.1194386026348526,5.5651891615586,0.11451518164685627,0.11398959245728375,0.08272516478135422,0.0881406287403415,0.056616167165525214,0.0650191497048241,0.11079911299704016,0.11112727045825814,0.11606691999938826,0.11516545737565749,0.11318241069685149,0.11296803710159833,UŞAK,ULUBEY,11365,-0.261
54988432B81810188934288,1.7884202917018217e-05,2.9469923499482478e-05,0.002146104350042186,1.7835113821763397e-05,2.9389033571732785e-05,1.6812823774104148e-05,2.7704484943058245e-05,1.537998437561654e-05,2.53434254283346e-05,1.776647530714454e-05,2.9275929745729394e-05,1.7855142662518952e-05,2.942203746950717e-05,1.781001766033262e-05,2.934767964833306e-05,BİNGÖL,YEDİSU,2842,-0.968
54988432B81913319762602,0.19175640099255084,0.2716877182633599,18.133744803755285,0.1899107660268295,0.269978354051953,0.1760826367014325,0.25279966463844,0.15898658397721346,0.23002431458049533,0.1891794338723976,0.2691988206606887,0.19022864706690146,0.27030423311103646,0.18982597075098767,0.26988978859091634,ADANA,SARIÇAM,263080,0.862
54988432B81969335457168,0.43324892499407863,0.6757641649774319,58.96782110822531,0.4266061267446107,0.668171489650658,0.3543111933120834,0.5624563551042556,0.26824893278906337,0.4307017102527404,0.4204198562527576,0.659615222456859,0.42856324087437664,0.6706730633170276,0.4242691544307804,0.6649057381127311,AYDIN,BUHARKENT,13137,-0.293
54988432B81976291496552,0.06595936256016606,0.08996428862385619,5.914726863261375,0.06485415210972494,0.08906829125805955,0.058654718071429565,0.08255350429774443,0.05254438204085606,0.0752603456473193,0.06434030545858661,0.088603140919751,0.06507184381965342,0.08925750134638495,0.06471462705995334,0.08894440542990865,BİTLİS,GÜROYMAK,49372,-1.002
54988432B82014905265154,0.38873525920164037,0.3528597198297926,14.381563141368334,0.37942833949949945,0.3453644191015044,0.22231879088555234,0.21471604468422245,0.03330121011661202,0.050545990712090184,0.38296513514118796,0.34821645368627285,0.3782118662188331,0.3443822251437947,0.3850753093282195,0.3499154638818476,ANKARA,AYAŞ,13136,0.032
54988432B82471311142852,0.23657845197147218,0.274687477714666,18.01673106064572,0.21929753614841307,0.2604609176858722,0.12302767900744942,0.1588226724745765,0.03227871461858723,0.05203260169326848,0.22343549586141875,0.2641161923599927,0.21801534359867272,0.25930447850493477,0.22638823609957665,0.2666441511270469,ANKARA,GÜDÜL,8028,-0.493
54988432B82480836109015,0.4345256989864494,0.5183943435955685,27.761015164285077,0.4271574951214147,0.511328831340659,0.3189564357820619,0.3977973475849106,0.12860050421796598,0.20277127613485785,0.42861716322671595,0.5128180859144083,0.42690851021651455,0.5110730141626422,0.4302474294347808,0.5144533881703552,İSTANBUL,AVCILAR,440663,1.64
54988432B82856135372204,0.18792295974997883,0.3096629619628331,27.294426774088944,0.18753053583672277,0.3090163185112528,0.17977095419419853,0.29622993499423417,0.16459087237565348,0.2712159127320111,0.18698829830912703,0.30812280938865233,0.1876816392846708,0.3092653095941766,0.1873294546570368,0.30868497318878985,DENİZLİ,BAKLAN,5266,-0.532
54988432B82883997351457,0.15454414605361935,0.20468672076471395,14.111481697876549,0.15331024374709543,0.20345220621985832,0.139486117505735,0.18649087247450283,0.12127614242555468,0.16376341922068915,0.15262987804166192,0.2026764355147019,0.15358649087558507,0.20375664695723159,0.15317867979114957,0.20330466332584618,MARDİN,NUSAYBİN,119559,-0.395
54988432B82979993724988,3.2809232663184624,2.9941206675992267,104.22127911986325,3.2404862232558056,2.9614532206080617,2.7377764770360735,2.5369524211981775,1.9931650085784514,1.916534089212516,3.206331109117993,2.932891655411487,3.2543949768552065,2.972945534062688,3.228688882532216,2.951627953210059,ANTALYA,KEMER,52339,1.501
54988432B83102483310447,0.4427793952989021,0.32339040209463943,5.14026241116242,0.4379720690109512,0.3199026990909524,0.3492464507477807,0.25554226343224806,0.23744691028426101,0.1744251490033204,0.43747384105502174,0.31954131043683753,0.43850321520738417,0.32028796797822284,0.4394223281267681,0.3209546600705613,ESKİŞEHİR,SARICAKAYA,4477,-0.525
54988432B83298049825125,1.592741672777605,1.485583559342882,51.11332767363923,1.5807085141603827,1.4761807525800503,1.4675556246391805,1.3786771014251014,1.2414236680843431,1.1896319673224824,1.5725341999968212,1.4694275086978756,1.5841775956705697,1.478983012300885,1.5778869277771495,1.4738700870356878,BURDUR,KARAMANLI,8097,-0.034
54988432B83441396702588,0.27910362389613297,0.36680028845846907,23.956684422892007,0.27664456005594046,0.3637002110796548,0.24235800773305102,0.3197725612642767,0.19305868434526383,0.25974479445949306,0.27525192769007556,0.36187557969313366,0.27716286054359685,0.36437494750716815,0.2764303556706754,0.3634233164817027,ÇANKIRI,MERKEZ,99287,0.704
54988432B83485436335892,0.4438262279618547,0.5070705556246513,27.61213374759362,0.43879412551750147,0.5028260504777619,0.3951983416179424,0.459246667961578,0.33462341734790735,0.3975219166591052,0.43485640989355073,0.4991467605350415,0.4401335585527848,0.504026763888159,0.43720423999027497,0.5013626109879379,TRABZON,ARSİN,31493,-0.083
54988432B83633646725804,0.014127655251827133,0.023279814114736227,1.9284511755715177,0.014040001778898522,0.0231353770853838,0.010938253277590295,0.018024257989256467,0.005280689270227679,0.008701618380210928,0.013950874629466016,0.02298851170437185,0.01406859093960025,0.023182486838203287,0.014020742012514433,0.023103640482718835,İZMİR,KİRAZ,43340,-0.599
54988432B83968093361276,0.2697241400092745,0.2501335891718352,10.777051004620906,0.2667299397701722,0.24758956899208565,0.2117737672296793,0.20054420651120927,0.14268141679781338,0.14090169250285,0.263201574249996,0.2445126113106503,0.2678252503523644,0.24852681079672512,0.2655697234809873,0.2465553689822298,UŞAK,KARAHALLI,9408,-0.609
54988432B83996271763455,0.30898174198873374,0.3968443209294345,24.42245641661601,0.30325562339695217,0.3908870412704253,0.22442557820821135,0.29703535316262175,0.08451217669925838,0.13779747360599723,0.2997043827409768,0.3868145511983304,0.3045909995756772,0.392378743107728,0.3024819789998278,0.39001099172259945,İZMİR,KARŞIYAKA,339624,2.222
54988432B84046531787884,0.3102226392521718,0.5111906574192077,39.05351696720888,0.3090629691707036,0.5092797314056703,0.2811748021277685,0.4633250890260529,0.23254233567731303,0.3831876027463444,0.30772334789873096,0.5070722784603819,0.30949225241445505,0.5099871123502764,0.30864337090579125,0.5085883095500329,AYDIN,KÖŞK,28307,-0.306
54988432B84066107129786,0.004781450850764804,0.007878963990868626,0.6072443619952468,0.004767460023810156,0.007855909644976834,0.0044778223943069285,0.007378639350984068,0.004073955183190131,0.006713139419520208,0.004752667569597756,0.007831534362721774,0.0047722148686339715,0.007863744767059706,0.004763319487369342,0.007849086791717797,VAN,ÇATAK,16361,-1.064
54988432B84070698117276,0.6523827879444294,0.7873534732286865,41.928329094775435,0.6412719001764143,0.777686873270585,0.5388779607786953,0.6733608915067016,0.41953009308190947,0.5451008337762387,0.6329557535069978,0.7698016931051753,0.6448383251123263,0.7809563562040893,0.638341506981689,0.7749423433569796,ANTALYA,ALANYA,371547,1.676
54988432B84158817868170,0.0025254814093520314,0.004161535421975537,0.3306299352090041,0.0025200155871975896,0.004152528738171929,0.0024098851925529203,0.003971053817527976,0.0022543102682526877,0.003714694552379915,0.0025154039715369085,0.004144929631778434,0.0025218849207409885,0.004155609060888831,0.002519081958782545,0.004150990287836961,KARS,DİGOR,17557,-1.164
54988432B84437905813511,0.2213870690119095,0.30840438916927804,19.026855122610986,0.2193890701386812,0.30644797086166475,0.1991426650753263,0.28229979753527634,0.17336480799279833,0.2501126545229114,0.21847066624269293,0.3054424884202699,0.21977138980684027,0.3068546862763967,0.21928147598914438,0.30632973813257314,ADANA,ÇUKUROVA,380653,1.529
54988432B8459545237186,0.1330805450606917,0.1818624865588467,11.041302540869301,0.13074416980188708,0.17980464799451468,0.1106629164335559,0.1578940469926535,0.08699576559561013,0.129752570336487,0.12913655506808347,0.17821627520379035,0.13136191689240231,0.18039030537239759,0.13020221458026196,0.1792779433883973,AYDIN,NAZİLLİ,162156,0.756
54988432B84703414085242,0.0,0.0,0.0,0.0,0.0,0.0,0.0,0.0,0.0,0.0,0.0,0.0,0.0,0.0,0.0,KASTAMONU,DOĞANYURT,5057,-1.113
54988432B84747582634168,0.5735065604729378,0.7374503709234863,53.44443659856271,0.5690566216226064,0.7337547415191538,0.5103477648526838,0.6786375930225929,0.4250468125425037,0.5871855456689775,0.5650260198218404,0.730206198011763,0.5703391085860606,0.734857113731076,0.5676773131566522,0.7325365803817866,SAMSUN,HAVZA,38103,-0.124
54988432B84759555585504,0.14515207960945906,0.2391843070518428,20.520844302508966,0.14488879353910522,0.23875045934905118,0.1368012206530593,0.22542360573672368,0.1202029998183392,0.1980727475242364,0.14443902531834774,0.2380093228768405,0.14499563129450796,0.2389265085972723,0.14471382283626527,0.23846213935786856,ÇORUM,DODURGA,5036,-0.511
54988432B84830435055173,0.1411795725715288,0.23063404302954188,17.88957382995858,0.14085557493985515,0.2301131852191593,0.13316534852798514,0.21769473233679665,0.12028573832401111,0.19680571345114742,0.14051968335914888,0.22957451674841947,0.14096846298468022,0.23029430193753514,0.14076510340929058,0.22996871453964007,ZONGULDAK,ALAPLI,43217,-0.17
54988432B84852030517373,0.04113146670758918,0.05920636749443156,4.06619184300113,0.04028917648203137,0.058409774636394414,0.03454855838559781,0.05131567175992542,0.028508510602151815,0.043136814351431026,0.03999956916140312,0.05809992101302641,0.04042206442011099,0.05854745255970289,0.040276855522683334,0.0583968529110933,ŞANLIURFA,VİRANŞEHİR,215727,-0.803
54988432B84880544185271,0.25546814937371765,0.4209651866247695,34.488261217426675,0.2542398712955219,0.4189412070731801,0.2297552314946023,0.3785949604334228,0.19678514277758627,0.3242662326299022,0.2525805230358599,0.4162069020276529,0.25470971706624695,0.41971542770711456,0.25364158830941635,0.41795534519756966,SİVAS,DİVRİĞİ,15657,-0.218
54988432B84889548595985,0.0,0.0,0.0,0.0,0.0,0.0,0.0,0.0,0.0,0.0,0.0,0.0,0.0,0.0,0.0,VAN,BAHÇESARAY,11438,-1.244
54988432B84935584659514,0.46751487844680595,0.6564307089085291,48.770102256528716,0.46656812850749596,0.6549777786699127,0.43863918690743586,0.6174367847422372,0.38628981303274573,0.5488891958203744,0.4650622359341562,0.6527966253902087,0.4669415825047292,0.6555375308300976,0.46601345542763456,0.6541649612430306,AMASYA,SULUOVA,46928,0.061
54988432B84973807429467,0.07902806198958152,0.09290066067344435,5.480704548064202,0.07473116497085722,0.08937585299540517,0.047432752967428736,0.06192559676871206,0.017978444675935245,0.02917639763015752,0.0757853997789544,0.09029248455127173,0.07440176908780675,0.08908455442004322,0.07652893440384789,0.09092253245782739,ANKARA,ÇUBUK,101437,0.298
54988432B85224967015288,0.344019107650987,0.37674794044841475,18.893922988867406,0.3410939855167041,0.374003126899623,0.28605712237743863,0.3216185729279116,0.21543007272411868,0.2534971439229292,0.3407899326753704,0.37371721602844904,0.34141798453185984,0.37430769421842747,0.3419782682300271,0.3748341145225978,ESKİŞEHİR,ALPU,9725,-0.401
54988432B85329501367983,0.010337769297795037,0.01703476927514712,1.3495785970453877,0.010311691529208519,0.016991797841147648,0.009721263632426235,0.016018879728393682,0.00876720576586024,0.014446765361752004,0.010291912294200737,0.01695920524838507,0.010319139438285191,0.01700407064479112,0.010308956923469769,0.01698729170675093,DİYARBAKIR,DİCLE,35948,-1.122
54988432B85338768534815,0.6131482601590602,0.8920313015866694,68.08462517108805,0.6088911509209133,0.8867949908217005,0.5201501571283672,0.7721683076865589,0.3840617511671176,0.5865330757786785,0.6033517092219589,0.8799230546695266,0.6105112166940925,0.8887931851098043,0.6069428212275636,0.8843849352068064,AFYONKARAHİSAR,DİNAR,46878,-0.132
54988432B85449040916206,0.00011142415517654193,0.00018360680340539495,0.014784369792112072,0.00011112993751922966,0.0001831219860560604,0.0001050237415399398,0.00017306008230684252,9.648803284933706e-05,0.00015899478214820008,0.00011081864046879735,0.0001826090249638373,0.00011122997953322558,0.00018328683715470171,0.00011104280248347253,0.00018297840331715946,ŞIRNAK,GÜÇLÜKONAK,12562,-0.959
54988432B85482798443397,0.07806204254302819,0.1149795790166332,8.854756497406665,0.07722841913952622,0.11423431495247854,0.07128751644081482,0.1069583691393634,0.06470589989695799,0.0979982469433404,0.07690398154214308,0.11389820939641115,0.07736032656895013,0.114365550510911,0.07719044160327848,0.11419587918193222,KİLİS,MERKEZ,135430,0.193
54988432B85515105263219,0.3800156131704506,0.4899422050825909,26.02591190976345,0.3690896217343421,0.4817189259996855,0.3174618495242763,0.4357688134211319,0.26847612830650763,0.3843915481849063,0.36627431182250053,0.47945617095485527,0.37067387373704136,0.4829546266222306,0.36927427763301834,0.4818360681133655,KAYSERİ,SARIOĞLAN,13510,-0.613
54988432B85612149706662,0.05105065729233368,0.08412222630127734,7.271248302999114,0.050707839959675774,0.08355732549945791,0.04407976028067407,0.07263545204527205,0.035375526973645946,0.058292453877001764,0.050451460743170834,0.08313485903940293,0.05079632001918001,0.08370312459360361,0.05067133432431061,0.08349717083187204,GAZİANTEP,NURDAĞI,38269,-0.45
54988432B85758697491434,0.13305211680540846,0.18343177328240884,13.644081652732888,0.13203844153928596,0.18234439518255804,0.11934336303980746,0.16690761816973027,0.10293356589038892,0.14648552756739333,0.13150728084086566,0.18172889118168367,0.13225211421707048,0.18258713443951272,0.13197802314645457,0.1822743073994683,ADANA,CEYHAN,156081,0.103
54988432B85980099192103,0.32784993682470776,0.3153029731883951,13.9910128312765,0.3238617203430426,0.31211224995184417,0.2519806434258674,0.2537405542915738,0.15841552715486526,0.17296597947628806,0.3188661488263628,0.3081691622996506,0.3253519150081088,0.31329154448308233,0.32209469205783553,0.310722119787661,AFYONKARAHİSAR,HOCALAR,8220,-0.772
54988432B86025337203985,0.11004327900239723,0.09385727161658441,2.9625259803522135,0.1058363258049313,0.09078731815058146,0.08850815973700932,0.07768301281241737,0.07509493277629814,0.06716747466986335,0.10463149936945233,0.0898987685474388,0.10648552515820645,0.09126443638480426,0.10578030567928152,0.09074609153464445,TUNCELİ,PERTEK,10569,-0.465
54988432B86036130950643,0.11643775401770824,0.19186830518950132,16.764284238452195,0.11616255653965989,0.19141482964670156,0.11487899455603039,0.18929975224348045,0.11257031766187384,0.1854954713498056,0.11600513273920347,0.19115542376890116,0.11622377987794388,0.1915157146066846,0.11609862926895896,0.19130948909639425,SİVAS,GÖLOVA,2998,-0.594
54988432B86037969006851,0.3489683624347237,0.46187482687327763,31.375635027914914,0.3456402650859292,0.4585026192143734,0.31328039658205004,0.4207400524582747,0.271784812463494,0.37042197538116906,0.34445884443603464,0.45721529831849,0.34620441610543434,0.4591074036929556,0.34568472171112247,0.4585505204858025,AKSARAY,MERKEZ,327575,0.96
54988432B86248275111612,0.43014160696663356,0.6253564864874414,49.789033053552124,0.4247792715329788,0.6210480050096415,0.3891483410495946,0.584203546670548,0.33873114906354823,0.5200099329740543,0.42154730420597836,0.6181768308468149,0.4259695168732936,0.6220613113458426,0.42361516319020764,0.6200260341583218,SAMSUN,LADİK,15942,-0.26
54988432B86259306109163,0.4959419319016984,0.7941000562945146,68.40775003156348,0.49225891534133387,0.7898132188589958,0.44188622323052285,0.7139366183153958,0.3628225945319221,0.589000465901069,0.4884209247161094,0.7845570743312452,0.4933818955939892,0.7912643072883918,0.4907302619668445,0.7877614222878897,DENİZLİ,TAVAS,40104,-0.165
54988432B86310086710434,0.14429869039255905,0.185051743685228,10.145026963769858,0.14342966274517358,0.18426141340233562,0.13442920872326986,0.17446828153944707,0.12259763111162704,0.16104454241771812,0.14284902678349998,0.18367688907833604,0.14364204678197623,0.1844683149031979,0.14325814126942768,0.1840911749010702,VAN,TUŞBA,167758,-0.19
54988432B86380728470389,0.2363828987536736,0.38951615429434666,30.259208448460722,0.2357907401684911,0.38854038432093163,0.22329353585095324,0.36794725769940434,0.20541024295195714,0.33847883374461046,0.2352753939200693,0.38769118715026624,0.23599157075528923,0.38887131671175496,0.23568659674654882,0.388368774845695,BAYBURT,AYDINTEPE,5982,-0.598
54988432B86465154282957,0.03641182145025507,0.06000007926518981,5.146897178013118,0.036315567172262475,0.05984146966865921,0.03431351886542486,0.05654245708652004,0.03150241437868444,0.051910266624486064,0.03624697190229522,0.05972843710200019,0.03633979664391102,0.05988139544445302,0.03630809460289958,0.059829156229335635,KİLİS,ELBEYLİ,5273,-0.835
54988432B86482877826828,0.48748416519111776,0.5103430230116448,25.05561230535749,0.4840690899990327,0.5074480668394874,0.4338462579385159,0.46209643802928546,0.36837204915055166,0.4015230382616183,0.4803695023576608,0.5042422068538971,0.4851721509849352,0.5083990786630134,0.48270770075171665,0.5062869535164671,GİRESUN,PİRAZİZ,15109,-0.168
54988432B86685660972424,0.040551731528388126,0.06682190039210303,6.0402331340612845,0.040390616624281284,0.06655641224478745,0.03712265515671822,0.06117140431934634,0.0326537427616124,0.05380744703141286,0.04022108216010022,0.06627705018917203,0.04044525831762165,0.06664645184734029,0.04034309918296341,0.06647811211774089,VAN,ÇALDIRAN,50170,-1.22
54988432B8670840315207,0.05338417307621978,0.08091189134299073,5.9930382932546395,0.05268519755636052,0.08019685658578367,0.04713391467050814,0.07279634961583058,0.040778932832578774,0.06363474235037568,0.05238023228539352,0.07984083831311162,0.05280656928315922,0.08033354446712096,0.05263873711133933,0.08014381901148612,HATAY,DÖRTYOL,132987,0.323
54988432B86746221394106,0.2917642408241851,0.33976854791361744,18.407002292915276,0.28749394736568923,0.3363076686950705,0.25234683138418945,0.3030332283220152,0.21207058998717135,0.26245239491456396,0.28558874852555227,0.33464691492147386,0.28824687752065986,0.33695064656295143,0.28720325853343054,0.33605717069771285,HATAY,BELEN,37876,0.064
54988432B86802398359191,0.06803317773224293,0.11210634057881576,9.27910085237068,0.06766989521962513,0.11150771687133369,0.060510850441918035,0.099710909213351,0.050962679595695164,0.08397725501004183,0.0674970234198687,0.11122285549184262,0.06774677773048249,0.11163440530827036,0.06769489166523142,0.11154890648113598,AKSARAY,AĞAÇÖREN,7480,-0.563
54988432B86910929123877,0.038117300331605965,0.06281039921048451,5.503118042397281,0.03798723812467466,0.06259608027738896,0.03533094158883487,0.0582189852474143,0.03166761855103421,0.052182493144366945,0.03786723987663258,0.06239834492366477,0.03802833082030064,0.06266379358852193,0.037959616066893034,0.06255056413481891,BATMAN,KOZLUK,58781,-0.885
54988432B86957506981644,0.8693923379263709,1.138508397887519,85.41839183092586,0.8676559782182655,1.1372204501686753,0.8261418853810716,1.0999722758248682,0.7535219366767973,1.0220054559099854,0.8650459696248819,1.1352223331669737,0.8683810616307699,1.1377623972168767,0.8666677513692459,1.1364728092531289,RİZE,İKİZDERE,6287,-0.5
54988432B870340746196,0.43301871201504083,0.5439205616526411,32.18204283660093,0.42705875838518986,0.5377830421952883,0.33897368105294906,0.43598964735668594,0.20564846629263625,0.27093496617071905,0.42898655216090215,0.5398442173813661,0.42641096649148025,0.5370844651001561,0.430195708137077,0.5411179423019972,ANKARA,PURSAKLAR,168881,0.447
54988432B8708369070409,0.36403886576618394,0.2638788110291575,4.0781003676646,0.36121858514300187,0.2618363405666398,0.30724065144021984,0.22274297839066393,0.23713981011564636,0.17196988426813534,0.3581845442395658,0.25963903975700264,0.36223600145922724,0.2625731642618428,0.3603260329692197,0.2611899423744219,KÜTAHYA,ÇAVDARHİSAR,5503,-0.562
54988432B87097212821795,0.3756117742169011,0.4879633236800905,28.777342276829764,0.374760174088091,0.4866532393916483,0.35362614055666064,0.4594843732034279,0.3172116971861561,0.415957815839914,0.37419975937593797,0.48584498170325735,0.37499504484131735,0.48700148302597507,0.3747127591704145,0.48658746487110177,NEVŞEHİR,GÜLŞEHİR,21173,-0.385
54988432B87156479266793,0.2180785085223516,0.3593538382926409,26.17181252988092,0.2177103567149422,0.358747190870282,0.2098209862522389,0.34574693891196284,0.19845249374782495,0.32701372469134393,0.21747511147862678,0.35835954937739584,0.21781373362623618,0.35891753727496006,0.21769983019096945,0.35872984506752903,TUNCELİ,PÜLÜMÜR,3580,-0.492
54988432B8720609877048,0.2104409203443548,0.29109626972886954,19.214855290161328,0.20696965413989216,0.28822872334375493,0.18650860431662986,0.2661272447781119,0.16551150243633242,0.24054320611909158,0.20705086405964812,0.28830197947248815,0.20708988729791744,0.28833709779322503,0.20782477397799512,0.28898782930687933,KIRKLARELİ,PINARHİSAR,17694,0.002
54988432B8721285077518,0.1640027082519465,0.23453720174580706,16.99357140164432,0.16296853162467634,0.23343414817426775,0.15154386568695966,0.2187938758848424,0.13585471929793974,0.1981570303842816,0.16245101671077145,0.23281900285708942,0.1631676783624024,0.2336646068814811,0.16289368602612858,0.23334648174913317,OSMANİYE,MERKEZ,284895,0.515
54988432B87255554726822,0.07059128507139414,0.11632163761710387,9.4508036718044,0.07014658888350123,0.11558885893535199,0.06352149326082118,0.10467190266489108,0.05474069528601943,0.0902027398074523,0.0698617175172611,0.11511944257895955,0.070250501155363,0.11576008751716986,0.07010091364019154,0.11551359441658073,ÇANKIRI,YAPRAKLI,7002,-0.893
54988432B87330314310527,0.23428625029477956,0.31415958276545664,22.16844096406001,0.23192521750937417,0.3121533419468026,0.21165552354402056,0.2905515573137291,0.18618210652114073,0.26049043413676826,0.23076175949449843,0.3110624625107533,0.23239889928295504,0.31258357262348824,0.2316857244346731,0.31193433703044976,YOZGAT,YERKÖY,33000,0.079
54988432B87370140672235,0.04445990619027217,0.034749892425464675,0.806590831749779,0.04171892519654528,0.03275852593475033,0.030584704036478845,0.02451244109040894,0.022065654374925848,0.018050411501461416,0.0408486122139731,0.03212082307756947,0.04212433493463417,0.03305454887017814,0.041613023454637854,0.032680009821076404,ADANA,KARATAŞ,24005,-0.564
54988432B87552585727000,0.3334144756230002,0.3009816379833713,7.201977763473119,0.3260833072378176,0.29560937617032923,0.274656176279408,0.25691754552918933,0.22053540853434855,0.21560414568392153,0.3218130710529503,0.2924438223043664,0.32781466506688495,0.2968870469367855,0.32472646324934673,0.29460552238148724,KÜTAHYA,HİSARCIK,10799,-0.514
54988432B87659764102191,0.15116881554171088,0.2190849897072662,16.41352889598225,0.15071055482860304,0.2185184085475974,0.1408389129818191,0.2059181338232074,0.12589302557300047,0.18613438601548968,0.1503382195237065,0.21806275682677845,0.15084265565879137,0.21867983087460235,0.1506459140696423,0.21844268925190663,KIRŞEHİR,ÇİÇEKDAĞI,13350,-0.697
54988432B87892506897385,0.19311676145623033,0.2608693521770848,19.21919983362053,0.187153431720287,0.2544505964920782,0.11887276915884079,0.16844156848835345,0.04238586293310389,0.06907693728012952,0.18902009375564205,0.25660583817749627,0.18653433143883746,0.2537250762814216,0.19021272596403052,0.2579466678699414,ANKARA,BEYPAZARI,48359,0.269
54988432B88005070896558,0.5287693833721655,0.6487492493647307,36.207072369926095,0.5210412586445734,0.641159522515864,0.41046275884441785,0.5190295959350477,0.176775037960402,0.2749942829971751,0.5225895712071674,0.6427665939743427,0.5207800325954465,0.6408882055780553,0.5243301778887475,0.644552529738449,İSTANBUL,MALTEPE,525044,2.685
54988432B88117784045273,5.4908701603309646e-05,9.047958375408751e-05,0.006713750531657249,5.479061808180808e-05,9.028500352250846e-05,5.2325376233855774e-05,8.622273197459703e-05,4.8859273727024426e-05,8.051122354497142e-05,5.470915477915949e-05,9.015076677132594e-05,5.482433725946889e-05,9.034056661306049e-05,5.478321220587635e-05,9.027279998186605e-05,BİNGÖL,ADAKLI,7491,-1.097
54988432B88177358385570,0.0073473892640022066,0.012107165219257357,0.7699153953775503,0.007325635359912254,0.012071318729910272,0.0069466716261198155,0.011446855213377806,0.006427584478693086,0.01059149371948234,0.0073042547241668815,0.012036087319111035,0.007332393428906947,0.012082454802186005,0.007319205555964512,0.01206072357890825,ORDU,KORGAN,26428,-0.704
54988432B88316498186109,1.2919534061415856,2.069211619201341,175.35211043087054,1.2881075628766443,2.063544139121327,1.1449617068886124,1.8406561999316133,0.6048961486037929,0.9950249088336585,1.2894885379345051,2.065641984172646,1.2876304714176048,2.0628154246127384,1.2903387992899984,2.0669230486082313,ANKARA,BALA,20109,-0.611
54988432B8852789210155,0.615676562080586,0.7876256490074833,45.97654163532281,0.6081281034404749,0.7807882925808665,0.5313581892882612,0.6987960128568923,0.4267183628945646,0.5818116338610638,0.6023878272602277,0.7750777721880354,0.6105629133381015,0.7831250145371557,0.6061156011890027,0.7788120126453854,ANTALYA,KONYAALTI,199414,2.465
54988432B88681826210305,0.6043920999919896,0.9647064611034695,72.98600930497126,0.6020042902287259,0.9622215599131485,0.5712729930826778,0.9174920719754975,0.512467796377208,0.825145377158177,0.601293211417592,0.9613709169160762,0.6023356444920345,0.9626060498763285,0.602121056403768,0.9623602522111261,DÜZCE,ÇİLİMLİ,19022,-0.196
54988432B88727338828677,0.7522990613100321,1.1438140872917855,84.88862091510427,0.743617485394714,1.1367133162417964,0.6802423305049345,1.0611021200577857,0.5857303972955603,0.9269782673294279,0.7401900045158942,1.1335382360319055,0.7450352196221006,1.137970874732049,0.7430367500675822,1.136188482798125,ÇANKIRI,KURŞUNLU,9130,-0.173
54988432B8876383914528,0.26779626244739907,0.3625044492767201,21.02871750390903,0.26504892393868595,0.3603672125987974,0.24039836153538666,0.3367390271107746,0.2067434874623972,0.2989824526602388,0.26417595963734647,0.35964938364952603,0.26551799735258885,0.3607467613663143,0.26511432682569985,0.3604204052524079,KAYSERİ,YAHYALI,35207,-0.395
54988432B88783696627318,0.08959841128628829,0.08740416214166725,3.432522779739816,0.08934547038733681,0.08718832005316811,0.0841241057789339,0.08270868681447915,0.07685562548553015,0.07643979008977478,0.08901321463320272,0.08690461019654697,0.0894434235760619,0.08727188499954128,0.08922938254941763,0.0870892924785576,SİNOP,GERZE,30701,-0.106
54988432B88821463332228,0.4204676615187436,0.6017824036282176,42.98961826399222,0.4162332590540083,0.5970929662775287,0.3398947764684866,0.5012722859353888,0.20730038578487273,0.32245306574930666,0.41667986764485365,0.5976127623255266,0.41629211311903264,0.5971612546613525,0.4178844084627714,0.5990000036175832,KOCAELİ,DERİNCE,147892,0.68
54988432B88890114136269,0.1637380895072442,0.22648922536887287,17.46904241727559,0.15992422310898505,0.22308947324026937,0.13475616185204758,0.19315630450345675,0.10855685933231417,0.15863902902378638,0.15731318341658654,0.22038452839347303,0.16086006925390667,0.2240015692220444,0.1588982531090377,0.22205126271523268,SİVAS,ZARA,21340,-0.4
54988432B8890840155709,0.2021124581427187,0.2768750630191084,18.973776554823697,0.1980715336393931,0.2723677064578929,0.162400954298184,0.228116160965278,0.12244531715415002,0.17695363662079483,0.19509298927945917,0.26884263619029514,0.19935785801056954,0.2738550533733147,0.1970190442051747,0.27113260602691625,ANTALYA,FİNİKE,52436,0.315
54988432B88923492741350,0.19481011644707452,0.283317865058788,17.490062096857518,0.1893997476748357,0.2781369826312397,0.1479820290318559,0.22484188074333294,0.10224034343076964,0.16058104959375047,0.18996510324452634,0.27874780399269233,0.18939919029056798,0.2781354242923513,0.1911634068839243,0.28000247252261906,KOCAELİ,KANDIRA,54260,-0.235
54988432B88971047069977,0.8905898167015794,1.1743627213765149,79.2118525190565,0.8757988479017772,1.161520655947571,0.7284418673081826,1.0056851513615641,0.5349806522668777,0.7770424684462374,0.8655027490965049,1.1516936202195422,0.879528771793717,1.1649665792979373,0.8725729202655137,1.1584843162565677,BALIKESİR,BURHANİYE,68370,0.586
54988432B8910528917269,0.5290446234933196,0.7105910301025218,47.25930658418373,0.5188433617255647,0.7013167339159193,0.40868716075936196,0.5768668217009004,0.23807216506738343,0.36579026057052927,0.5196989758832754,0.7021581384077442,0.5189624312044604,0.7014346199286254,0.5221518471276463,0.704530552813212,KOCAELİ,İZMİT,381254,2.023
54988432B89158159538815,0.38881724797839706,0.297027508032242,5.902243759054413,0.3798898412148799,0.2905302173022476,0.31857201486138015,0.24539284700311867,0.25419859623053837,0.19771431491807534,0.37668659054185155,0.28818782201250065,0.38136109107195565,0.29160453920842017,0.37967182072685424,0.29037067322825333,ELAZIĞ,SİVRİCE,8070,-0.647
54988432B89273666554884,0.4409829286165994,0.34673667060423624,6.927169483147168,0.43529573140605116,0.3425558767019578,0.3978558518870235,0.31413085303945604,0.33458623584840214,0.2664232263971963,0.4329325702516813,0.3407834274915258,0.4363962677201185,0.3433751746271372,0.4347455475070707,0.3421420049428373,ISPARTA,EĞİRDİR,29200,-0.087
54988432B893295612098,0.43712052204144,0.6532903602123797,50.58656398984323,0.42959112661766163,0.6460362117015747,0.3353816482748194,0.5179969275114418,0.17348225205193046,0.27641853135487926,0.4316638009773402,0.6482392032374812,0.42891691993527653,0.6452991061669547,0.43304559584424407,0.6496445991804409,ANKARA,POLATLI,131894,0.581
54988432B89494188716886,0.19741050967381923,0.2815641738816091,17.037238515555558,0.1970603145835712,0.2810806331824729,0.18886629319902334,0.27029585625686153,0.17630526110124284,0.2542439865649923,0.196678169048411,0.28055993874547586,0.19718103429434009,0.281246327458531,0.1969542449121426,0.2809355918799896,ŞIRNAK,MERKEZ,105697,-0.333
54988432B89533170865064,0.212201811654211,0.281051840364071,17.40926887470072,0.21083290182801812,0.27970614511625425,0.19324688515170707,0.25958527756409555,0.16982552010611238,0.23208662216955003,0.20970022848427425,0.2784775859296017,0.21124142824310443,0.28013594593051383,0.2104694723830054,0.279316670614035,ZONGULDAK,EREĞLİ,173884,0.612
54988432B89555629027377,0.5931880607682556,0.536954507807281,21.22235871681232,0.576542421953917,0.5235203491685986,0.36311482837217657,0.34226355339694664,0.05281468892166638,0.07922801823551362,0.581277313223175,0.5274562567030872,0.574986710573766,0.5222186493289749,0.5843885540375006,0.530016174912713,ANKARA,HAYMANA,25798,-0.578
54988432B89638439219394,0.6903844407612761,0.7832616522610509,39.7956892126339,0.6801288425573856,0.7736829881387297,0.5172514470133927,0.6103244424540945,0.2018270969703941,0.3020102408652539,0.6822885035638482,0.7757796815151585,0.6797589911798511,0.7733227933884042,0.6846674362220486,0.7780666805432989,İSTANBUL,KADIKÖY,458573,4.91
54988432B89653427211969,0.15259466270788566,0.11617179546725614,1.98564757049187,0.145272659044848,0.11087233570654698,0.11592133617212823,0.08957017619576906,0.0938491954034538,0.07349691428123109,0.14317357320331997,0.10935193304305348,0.14625030553511184,0.11158028994167747,0.14516106593024342,0.11079151956393266,ADIYAMAN,SAMSAT,6834,-0.84
54988432B8973824492298,0.0011677614264735418,0.0019242590829180513,0.14013137117682506,0.0011657157043030966,0.0019208881037279832,0.0011219607733978394,0.0018487879115927188,0.00105903029174238,0.0017450898888864783,0.0011644897825803977,0.0019188680070229796,0.001166273305208481,0.0019218069289113685,0.0011657081528389757,0.001920875660284405,HAKKARİ,DERECİK,24869,-1.135
54988432B89770527018948,0.5211598790114974,0.6391745415382541,42.74472880310858,0.5108386254602233,0.6309963139506408,0.4190469949033097,0.5453515759462244,0.2981509835972528,0.4137929201747853,0.5029879566155514,0.6244270500065332,0.5135769487541363,0.6332317513871715,0.5078929840577072,0.6285569834034659,AFYONKARAHİSAR,İSCEHİSAR,25220,-0.392
54988432B89902778138642,0.166289217324533,0.2388112836702548,17.257491677622053,0.16493014667760406,0.2375233706869661,0.15252114777569842,0.22219538819388612,0.13765925052888597,0.2025339388702615,0.16413899466912035,0.23665675430921074,0.16523976136367402,0.23784743633487296,0.16472324955508416,0.23730140811072165,BİTLİS,TATVAN,105045,-0.128
54988432B89911278235882,0.10774628986567264,0.15375235629310463,10.23069263320922,0.1060018444215,0.15224154622768446,0.09502367473075717,0.13960639206621278,0.08359761647840497,0.12486947906029788,0.10484138783130997,0.15108453678054606,0.10642367867903205,0.15263799666113984,0.10554389132878146,0.15179532868982692,TOKAT,TURHAL,77707,0.037
54988432B9007948244439,0.9400030183671393,0.7640193382561202,21.54344393161257,0.9362067005727361,0.7608341656693303,0.8224404253254555,0.6698127384513629,0.6056730638456872,0.5004738199379976,0.9364657266505418,0.7610505002421053,0.9363853075684818,0.7609833211206213,0.9378023788726227,0.7621690568643494,SAKARYA,TARAKLI,7064,-0.437
54988432B90144731477668,0.0258124127837814,0.04253417575301864,3.2571743114882907,0.025752315457050055,0.04243514625589686,0.02449007503353283,0.04035520291754377,0.02270595777146767,0.03741530118017673,0.0256885791580617,0.042330120392343296,0.02577277100343632,0.04246885328717694,0.025734499273439244,0.042405788415880205,ŞIRNAK,İDİL,76548,-0.842
54988432B90296339099195,0.780438101848515,0.7574992195601287,18.887756341375553,0.7546265451006781,0.7385623796610595,0.6175528392073777,0.6347666412147451,0.49101831568892873,0.5365982951554142,0.733708622336231,0.7230050976168448,0.7625328007986613,0.7443988740447746,0.7445245042842087,0.7310682014221282,ÇANAKKALE,ECEABAT,8746,0.058
54988432B9057851226548,0.028229728471314757,0.04651747367891716,1.7673627341472864,0.028211974010302208,0.04648821754655039,0.027818446248874563,0.045839755153341925,0.027230837567592776,0.044871482596529934,0.02820051181703524,0.04646932993046366,0.028216362242095012,0.0464954485568354,0.028211435346872187,0.04648732992689251,ADIYAMAN,KAHTA,136769,-0.512
54988432B9062232449039,0.46776121502690293,0.5428069436068055,29.492628758700356,0.46206116271376974,0.5379139477244036,0.4006939579199814,0.47851751121741354,0.31982600457823346,0.39721739807053774,0.45759526143124635,0.5338049843001004,0.4635533927002799,0.5392548885447548,0.4605267216130884,0.5365153482366567,SAMSUN,ATAKUM,261809,1.734
54988432B9070985819609,0.35714256414711393,0.49926607930721617,29.956638958431206,0.3529090890624855,0.49508278741529743,0.3148097413811244,0.44752417415748924,0.2592290453560002,0.3776366912526048,0.35005079296067826,0.4918616365567684,0.35400998078950013,0.4962654738253934,0.3519456393758738,0.4940176151940834,AYDIN,EFELER,310241,1.518
54988432B90803924076576,0.14828087080117788,0.2443399875981683,20.990568094137174,0.14799140204665007,0.24386299557951327,0.1409432386834211,0.23224890038667906,0.12658898058993084,0.20859568587833496,0.14764157114633433,0.24328653768995037,0.14811263722534768,0.24406276917066758,0.14787985542917054,0.24367918698043836,BURDUR,AĞLASUN,7347,-0.476
54988432B90807122868998,0.04962945413052552,0.08178034119462524,6.496820770505573,0.04944103921865583,0.08146986758477384,0.04547834760444222,0.07494007035172019,0.03917857306316915,0.06455918423357841,0.04924551156472102,0.08114767346573884,0.049505388142489976,0.08157590294298717,0.049387209532749214,0.08138116602323212,MERSİN,AYDINCIK,11271,-0.186
54988432B90947496422305,0.19025449002293615,0.21270120427258649,10.920498347964989,0.1885545399944151,0.21119904052937483,0.16536878893023482,0.18894447271835552,0.13621934804845795,0.1603348257464646,0.1871153995411696,0.2098630287287196,0.18906889747356043,0.21166939197724027,0.18812063878688437,0.21079873973249402,KÜTAHYA,TAVŞANLI,100882,0.309
54988432B91005720032741,0.532604659589897,0.5975719668744416,31.067890639384835,0.5243728560546529,0.590738009163995,0.44365103793960126,0.5150073472382377,0.3360062176615504,0.4101768331485002,0.5183530436906317,0.5853690437970092,0.5269463024158327,0.5929718329264411,0.5222597656581088,0.5888714353576918,ANTALYA,DÖŞEMEALTI,97121,1.216
54988432B91142232694102,0.7375015301299318,0.9653836005273924,64.4409102513171,0.7301244956159577,0.9584925392712083,0.6401401337273589,0.8629797566110524,0.5043206980266514,0.7071924297030954,0.7238776179089841,0.9523293860989386,0.7322860780788746,0.9605800452126608,0.727893413404,0.9563215907110216,EDİRNE,KEŞAN,85259,0.623
54988432B91196125429368,0.06984938705780054,0.0962396802294135,7.237169801845715,0.06938803408745992,0.09564742136077732,0.06045797262376489,0.08410186299173918,0.04873786308302668,0.06885626620382827,0.06910202922308224,0.09527970966164082,0.06950344253863393,0.09579570335794067,0.06937678173158868,0.09563296008613616,ŞANLIURFA,SURUÇ,98022,-0.91
54988432B9128675861083,0.3493200326709207,0.531735311572741,38.0126737746276,0.34856244365787187,0.5306561377374173,0.33264870378977784,0.5078736639060405,0.310140975869776,0.47550059006226336,0.34779237571118615,0.5295579162982487,0.3488655923867667,0.531088174398459,0.3483589555211404,0.5303660298882306,ARDAHAN,MERKEZ,42136,0.088
54988432B91293750640231,0.20784120348439722,0.30483738500242,24.28698956254103,0.20704529226513876,0.3040797849359216,0.18392631586644217,0.2758414141651833,0.13941434221364002,0.21456361432507734,0.2064500291947919,0.303486686904213,0.20725018305844553,0.30427918646066027,0.20697690642120303,0.30401316510898324,KONYA,CİHANBEYLİ,49126,-0.159
54988432B91546860150128,0.15345062080472038,0.18686223426261836,11.317502814819564,0.14913288947703615,0.18354121578602672,0.12814510934969625,0.1641324391119603,0.10899352520282417,0.1439555606342553,0.14743292390828688,0.1821439963336701,0.14988070659644626,0.18414136599068112,0.14876456113051822,0.18324225682386036,YOZGAT,ŞEFAATLİ,14008,-0.362
54988432B91560004091691,0.027517897563336682,0.04534450541748465,3.5008103212312514,0.0274601570385896,0.04524935950267862,0.02595273638934732,0.04276540361038454,0.023148402198455032,0.03814436936826369,0.02740205882846696,0.04515362418723205,0.02747932681496323,0.04528094781812405,0.027444908940717775,0.0452242334022938,KARABÜK,OVACIK,3986,-0.776
54988432B91646102966816,0.5624952385563766,0.8256602144078582,59.491751208820325,0.5517204253229884,0.8152934824244948,0.4448313829673568,0.6861788529305556,0.29800769199578075,0.4842643499915063,0.5455052978042957,0.8085308892890631,0.5541094301966443,0.8178007713472903,0.5501741562017988,0.8135529603639506,İZMİR,SELÇUK,38578,0.69
54988432B91709779235115,0.3832931870962983,0.47599489902231107,26.603551807831135,0.38175471769896674,0.4741952767913196,0.3472151507560432,0.4385277709654268,0.29162260005268525,0.3811379515874048,0.38096831543703974,0.4733273395527117,0.38213161293423586,0.4746160469951679,0.3817971653078715,0.4742359525074193,KAYSERİ,İNCESU,29780,-0.295
54988432B91755987711190,0.02238339257892223,0.03688377223298143,2.6830868406442407,0.02234182975820985,0.03681528424095295,0.02146004415665155,0.03536226146205456,0.020196160623442178,0.033279610576870705,0.022310450635436574,0.03676357713653794,0.02235623038517262,0.03683901386294988,0.022337530574561802,0.03680819996586357,KARS,ARPAÇAY,13770,-0.943
54988432B91769619824833,1.3058602405127229,1.6135441574357428,109.55308937044134,1.2982301632014341,1.6053193272208262,1.124834891269481,1.4166502682293138,0.8607895347507525,1.1188920825488247,1.2977483834239105,1.6047798155348787,1.2989190624295481,1.6060738247897435,1.3007652142440809,1.608040505697418,ESKİŞEHİR,GÜNYÜZÜ,5008,-0.541
54988432B9177912033932,0.08188105183291977,0.13492512608862878,10.018143793747724,0.08137680768169385,0.13409422316102057,0.07015536806687239,0.11560332543763537,0.05365837820162509,0.08841927750682428,0.08080366468653243,0.1331497874319002,0.08156324531095079,0.13440143856766296,0.08120357322820948,0.13380876419394513,İZMİR,BEYDAĞ,11904,-0.481
54988432B9192246794602,0.00420505119385812,0.006929161873716177,0.5049155138638405,0.004019352598398323,0.00662316426076391,0.0032751121110302507,0.00539679088926274,0.0027158011711054587,0.004475147879032605,0.0039164438968849954,0.006453589380904824,0.004059921617893074,0.006690014648589785,0.003977333551413503,0.006553924490565066,SİVAS,DOĞANŞAR,2770,-0.625
54988432B91961372611243,0.01768345728026589,0.029139131090930883,2.1802089030593192,0.017561632469487817,0.02893838589302484,0.015261601326993288,0.02514835163037165,0.0122875588880961,0.020247668968405567,0.017478712253299333,0.028801748412507888,0.0175919991536216,0.028988424682145478,0.017553574929754324,0.028925108528602063,KONYA,EMİRGAZİ,7647,-0.733
54988432B91991689904144,0.17657199050931405,0.21908997094998853,14.076522777195372,0.1755048771790675,0.21810416474423044,0.15390942279815012,0.19678998815859222,0.12253264861013534,0.1630908449732431,0.17547795381133643,0.21808257916006066,0.1755969563946774,0.21818772414466273,0.1758787225972511,0.2184506716606701,TEKİRDAĞ,SARAY,51468,0.125
54988432B92019352916706,0.06951186274030488,0.11454294534502259,9.56331550706313,0.06934627885774541,0.11427009313156829,0.06559682411851508,0.10809167160265885,0.059605871601106725,0.09821966818174864,0.06911462971596048,0.11388837735039543,0.06940956720825446,0.11437438085725354,0.06926246102475259,0.11413197654132085,GİRESUN,YAĞLIDERE,14688,-0.576
54988432B92026614951064,0.44032855370443735,0.6010553803131946,45.025746649773666,0.43661373863131175,0.5968058740019596,0.3624317380230364,0.5078257652949147,0.2546665123226177,0.37088539607272236,0.4318100290650615,0.5912645105541047,0.43802455704160187,0.5984240856382502,0.4349189294192737,0.5948555178713095,AFYONKARAHİSAR,EVCİLER,7038,-0.525
54988432B9206806134552,0.48989153622312315,0.42237571004595753,14.044418097443156,0.47866871671151734,0.4140966058700415,0.41559641224839955,0.3650918270684262,0.354371751140676,0.31603014874541807,0.4707782485571949,0.408140302758762,0.48185041945280804,0.41647130195587806,0.4752536445018466,0.41152926271800383,ARTVİN,ARDANUÇ,10889,-0.454
54988432B92152901818020,0.33442797761961096,0.4187394873660069,25.367452946519688,0.33318578883744,0.4174005278418707,0.3080933930488404,0.3900741223541656,0.27323109180976574,0.3513906984738073,0.33137285803047456,0.41544932843893834,0.3336976897374855,0.41795027108163446,0.33249408800911834,0.4166570669270896,RİZE,KALKANDERE,13350,-0.453
54988432B92223927432104,0.19114576722478485,0.3149735642958964,24.458878540151897,0.18986205995581984,0.3128582474887867,0.16532401599350954,0.27242400047473037,0.13343801338313116,0.21988164999972126,0.18828095980029028,0.31025288113029287,0.1904320356844602,0.3137974641369947,0.18932724755337327,0.3119769736260485,ANTALYA,ELMALI,41550,-0.15
54988432B92272966578930,0.23425457424786184,0.3039005996742229,20.183485745375066,0.2310778810011001,0.301017470855441,0.20447663240010994,0.270502382711126,0.17197735666116284,0.23159526601678038,0.22944382900071314,0.29932582805451535,0.2318396411269201,0.30177317816705423,0.23069008826794155,0.30062364225453647,ERZURUM,AZİZİYE,71827,0.062
54988432B92286094750173,0.17951625396344967,0.29581023519825794,20.46474803299955,0.17913932175431801,0.29518911926599406,0.17123516816838774,0.28216450740119187,0.16007203870045406,0.2637696942266121,0.17863867024408558,0.29436413635929654,0.17928641983747232,0.29543151023402275,0.17896365503978195,0.2948996523737427,GÜMÜŞHANE,KELKİT,38520,-0.429
54988432B92573303470858,0.29334968509921644,0.36855714602913825,24.187495300105002,0.2911781926137852,0.3660685621370367,0.2535631349002074,0.32071197020832387,0.196278936497696,0.2537366260008932,0.28923062185579607,0.36373274921547866,0.2918433702992836,0.3668572303954777,0.2906338532951278,0.36541872874156833,MERSİN,ERDEMLİ,157566,0.331
54988432B92605767261652,0.028623990981838744,0.04703512195797721,3.1880461728966103,0.028429838124251854,0.04671534049195032,0.026095353015545882,0.04287990833249703,0.023151131218760133,0.03805167567565417,0.028331106544652502,0.04655282356896424,0.02847002870344915,0.046781513045310294,0.028418847674899946,0.04669724687092832,ADANA,İMAMOĞLU,27196,-0.434
54988432B92706545600609,0.23069014656198955,0.2998733191455759,17.82604876419529,0.22819802001414377,0.29762894845852317,0.20463902015826899,0.2719431161151793,0.17604899057833281,0.23913872594532737,0.22597215833499731,0.29538631691007106,0.228893682770014,0.29830006865126923,0.22729038000978138,0.2967285880136098,AMASYA,MERKEZ,151433,0.651
54988432B92712728908494,0.25370974173874566,0.34494741098325143,20.83869015617515,0.2517064102182033,0.34307582298445427,0.22997180013348503,0.3184920312252678,0.2028526878585585,0.28616732244707094,0.25018133845473484,0.3414846490338971,0.25227386716092354,0.34364618448671913,0.2512104356624483,0.34256594311261457,ZONGULDAK,MERKEZ,115279,1.189
54988432B92775377874874,0.09303331540524612,0.15330203423753935,11.421549077156353,0.09278665878483194,0.15289558885286253,0.08762477803353581,0.14438974536853286,0.08028778437992791,0.13229971023018944,0.09248102293130145,0.1523919563865997,0.09288304785436634,0.15305442056141247,0.09268530611814903,0.15272857803625114,KARABÜK,EFLANİ,8663,-0.658
54988432B92870291656697,0.18737193077209213,0.27763398492854874,20.53794253982336,0.18450332281362047,0.2752724216422365,0.16582375891040954,0.25395341733933874,0.1413774614942799,0.22076649940759122,0.18442236094949713,0.2751749975212928,0.18465826288129542,0.2754171389907008,0.1850960284048281,0.2757787171766561,TEKİRDAĞ,HAYRABOLU,29706,-0.182
54988432B9289353120970,0.11646495842375819,0.19191313311774952,14.969294810623298,0.11614731914515943,0.19138972118353187,0.1076683146018586,0.17741785917759015,0.09171189672563869,0.1511245758638278,0.11596701871097224,0.19109261876151884,0.11621748689007162,0.19150534490376636,0.11615513369011228,0.191402598136618,KARABÜK,ESKİPAZAR,12570,-0.383
54988432B93214958535035,0.06295117983641482,0.0902955080794768,6.048442422465352,0.06090799304618809,0.08813080542395023,0.0483268168803216,0.07220770317353586,0.03570986467527822,0.05502354981008106,0.06013855945321312,0.08724902877365437,0.06122419066205674,0.08848503886921857,0.060808589225387705,0.08801822027593187,KONYA,ÇUMRA,68803,-0.233
54988432B93266011015625,0.5008757332349248,0.534229219339976,24.753916697130194,0.4943382478713567,0.5291447816926762,0.4453167396943737,0.4861976597825276,0.39092539184820174,0.43624088818171725,0.48971665384762175,0.5253289752143743,0.4960247896794571,0.5305035520511854,0.49258271572660717,0.5277090887608092,GÜMÜŞHANE,TORUL,9779,-0.368
54988432B93269367761582,0.4098106850709145,0.6172793919990786,49.29831260583375,0.4080388293796368,0.6151258328563444,0.36680829667721015,0.5603980595520434,0.2927798575730053,0.4547522228522039,0.4070106452150071,0.6138742301164415,0.4084739461948268,0.6156518572931762,0.4080092700919164,0.6150890161012079,NİĞDE,BOR,62594,0.116
54988432B93270610822610,0.07847531292881814,0.12931308593068697,5.729436574273579,0.07838390275116015,0.12916245853313646,0.07644809988208359,0.12597260642027103,0.07356125549324381,0.12121561033334659,0.07832489962168464,0.12906523207468368,0.07840749142127557,0.12920132838419898,0.07838016540783183,0.12915630006901663,ELAZIĞ,BASKİL,13397,-0.714
54988432B93290960432341,0.11498088923777927,0.18946765620263806,14.885251345374838,0.1147192502927694,0.18903652266374324,0.10922622349462564,0.17998501054027796,0.10099972616695846,0.16642923463905768,0.11435446455561851,0.18843542191480747,0.11482586363745721,0.18921220212379816,0.1145857991960392,0.18881661945475994,ERZİNCAN,ÜZÜMLÜ,13960,-0.63
54988432B93447432062077,0.30517084577862663,0.4692767065932539,35.32757544837415,0.30402331761678003,0.46750414301834325,0.28195356757284623,0.43401836633794405,0.2509134656213965,0.3873144368422839,0.30430775877614,0.46794546096638145,0.3039520808343693,0.46739256647285293,0.30461520188742597,0.4684175375120488,KIRIKKALE,MERKEZ,192821,0.726
54988432B93570541264630,0.2445335697918811,0.3664657529371896,26.02471973817868,0.24371919248781357,0.36513652288660287,0.22497276386381054,0.33724974427427495,0.1899612469389419,0.28795670034610815,0.24376835044614187,0.36521604301332095,0.24375284293467017,0.36519094136304825,0.24402622794399598,0.36563465455288485,SAKARYA,KARAPÜRÇEK,13734,-0.453
54988432B93591493775599,0.22496076127771353,0.29120591218163383,19.15443928258271,0.22395282916104803,0.2900618430358576,0.2037344937819253,0.26680507955081145,0.176133889278581,0.23458010708296317,0.22279857575458026,0.2887475898692756,0.22433305056929878,0.29049395732995964,0.2235941534712072,0.28965363932506283,ZONGULDAK,GÖKÇEBEY,21070,-0.17
54988432B93613395519692,0.06528345959365113,0.10757530368746344,7.83511784500019,0.06484494983085166,0.10685271911249311,0.056335752047870453,0.09283110412243956,0.045152483241656854,0.0744031049702016,0.06453155193750698,0.10633629621209213,0.06495565207665767,0.1070351363401583,0.06480789304866721,0.10679165625488742,KONYA,TAŞKENT,5669,-0.71
54988432B93760304684016,0.19454440897153932,0.3205739096254437,29.1176312439901,0.1935154564142988,0.31887838238907923,0.17312036291637814,0.2852709665071796,0.1458082252702014,0.24026551612312855,0.19259162479358488,0.31735607539473537,0.19388425311959587,0.31948609248621884,0.1933105298140035,0.3185407005107349,ERZURUM,TORTUM,12881,-0.592
54988432B93817562876661,0.17258773224848561,0.28439328774737677,20.801023858161866,0.17193435578964633,0.28331664181869315,0.15864993703255995,0.26142632854485465,0.1403887291058704,0.2313351691510198,0.17104789572963675,0.28185591637987767,0.1721845813752772,0.2837289682108937,0.17161518749117297,0.28279071033697656,SİVAS,HAFİK,8950,-0.742
54988432B93840376788897,1.0438521055120846,1.0439147385400498,43.22092683352701,1.0364742025706783,1.0364471937142725,0.9172832764908042,0.9054117551471101,0.1836821341582654,0.2971178232920757,1.0380346654995718,1.0381121349183493,1.0362063187261215,1.036159658673449,1.0397490611706988,1.039915169818216,İSTANBUL,EYÜPSULTAN,425216,1.839
54988432B93890673668777,0.17731258373134318,0.22412883236914183,14.703490800516377,0.17644937348644316,0.2231488677880062,0.15935273335150676,0.2035885382585569,0.1364841022254342,0.17725347703922506,0.17550068703190466,0.22208877440354713,0.1767648731258503,0.2235023097709776,0.17616659068789722,0.22283941259333417,ZONGULDAK,DEVREK,56900,-0.038
54988432B94080378973677,0.4725345298872788,0.44801860267689,18.349201548632998,0.46810530539052986,0.4443288185193293,0.38507210408270287,0.37411786447885975,0.27850851755755374,0.2824407704893966,0.46764533582903856,0.4439449435912486,0.4685955180550489,0.4447378159380719,0.4694434157890325,0.4454449365797273,ESKİŞEHİR,BEYLİKOVA,5611,-0.424
54988432B94200918295696,0.4725896942057235,0.557177119039763,33.1230999837899,0.46258706843340003,0.5485865667103209,0.3621075694118923,0.447932710558972,0.24150024323359184,0.3181911359903972,0.4542210061948265,0.5408241520339344,0.4654093307962396,0.5511294642581249,0.4594857766884328,0.545741551951178,AFYONKARAHİSAR,BOLVADİN,45906,-0.045
54988432B94235279152789,0.4918004622353768,0.7454051412402851,57.82453292298185,0.48901329907288293,0.7427140937953444,0.4521644637337536,0.6954295897043683,0.39135944873932377,0.6092412386558538,0.48608205948090855,0.7394419756482195,0.48984971914414777,0.7435929349324993,0.4877977426444613,0.7413865777433329,ÇORUM,OSMANCIK,42673,-0.194
54988432B9428918047476,0.40844650580881453,0.6011923564562308,44.35099188859336,0.4069625631561965,0.5996457852286845,0.37572875447809745,0.5630524250573731,0.3182304197615698,0.48678146166792946,0.4070529263334774,0.5997394325987384,0.4070278357357225,0.5997152882171358,0.40754821259796614,0.6002628755963368,SAKARYA,GEYVE,51708,-0.043
54988432B94361787420306,0.07931788357146176,0.13070148956806624,10.662447318269273,0.07883148162957761,0.12989998736616012,0.06993136795652849,0.1152342138732934,0.057925480402960715,0.09545068818927474,0.07845299333902747,0.12927630729387976,0.07895723495016671,0.1301072060358857,0.07876121360030745,0.1297841983954881,KAHRAMANMARAŞ,TÜRKOĞLU,81055,-0.477
54988432B94555839005307,0.675679271315703,1.113396919518946,91.16232776005577,0.6682741921483076,1.1011946917996949,0.5901960230281617,0.9725360268523844,0.49640384387302205,0.8179835227583099,0.6617213377905969,1.0903967760345357,0.670397772136024,1.1046939665548188,0.6657958893909807,1.0971108982414437,SİVAS,İMRANLI,6788,-0.587
54988432B94612974297738,0.11681172461699865,0.14621826718759245,7.6195093420339255,0.11491211860470531,0.14449388802433433,0.08060782690522236,0.1105626012715764,0.03888992709325911,0.06408354801477952,0.11331433724098028,0.14302384710502525,0.11547527674845569,0.14500799031767142,0.11457361133494084,0.1441835035370447,İZMİR,BAYINDIR,39971,-0.304
54988432B94698647501880,0.4299768937992843,0.5524304832824996,38.77503859534164,0.4264253464029624,0.5493270367324861,0.39004782136777205,0.5102243464018897,0.33762605141506286,0.4497123733172922,0.42326584319958704,0.5462419918846781,0.4274097837358319,0.5502463208811313,0.4251407344135605,0.548093367145709,AMASYA,MERZİFON,77077,0.547
54988432B94777693463903,0.2875378859294426,0.3495355470364817,20.865949877561494,0.2788999251315025,0.3423769469957445,0.22904246397795375,0.288521663769734,0.17869347464396956,0.22678123818059392,0.2757230974350924,0.33941464118663295,0.28021895996778,0.3435687253456483,0.27847920933261383,0.34198511582751495,KONYA,HÜYÜK,14878,-0.506
54988432B94880790490903,0.0669819632842157,0.07968706302009118,4.420214324790959,0.06659323096797468,0.07928441040183083,0.05902656821978639,0.07136909624560013,0.049036808544791116,0.06082071306599473,0.0661760735867858,0.07885294826864349,0.06673274562540062,0.07942848025210938,0.06647160237997944,0.07915928030886632,KÜTAHYA,SİMAV,60886,-0.027
54988432B94897839100366,0.37407384974115865,0.3859034661040745,18.27165443478733,0.36629042563736347,0.37936889586518563,0.3048038749289843,0.32765321672774517,0.22474420996087158,0.25631337688273503,0.3612479023602122,0.37514500822518004,0.36856067337039433,0.38127479031279493,0.3644852566151072,0.37785523224498807,ANTALYA,DEMRE,28075,0.18
54988432B95082960881175,0.8766842297039282,1.4446166431042164,126.06829537183629,0.8761866546914445,1.4437967297079533,0.865282804888832,1.4258291624071444,0.8419900401907711,1.3874469098165023,0.8754911819241247,1.4426507166961355,0.8763895831541563,1.4441311190178778,0.875932392701893,1.443377752054005,ERZİNCAN,REFAHİYE,10954,-0.391
54988432B95140172364371,0.017426080174657067,0.02538808890593531,2.096195935677643,0.01727580093144635,0.02518137220943457,0.014439137378732642,0.0212520257705074,0.010795801675029321,0.01617656431510791,0.01707037693694614,0.024889732445753106,0.017333111341327524,0.025260954971118778,0.017199950135363646,0.0250714093676165,DENİZLİ,BEKİLLİ,6243,-0.231
54988432B95156445816279,0.3421040652284903,0.4801948696951822,31.775613673316833,0.3394091736366884,0.47747691578324214,0.3072596959765413,0.4390868653766914,0.26557330308106997,0.38665965502363514,0.33672688663408906,0.4744855967338843,0.34024404322209606,0.4783745938599971,0.33835861293045066,0.4763203059387868,TRABZON,YOMRA,51660,0.48
54988432B95277821649488,0.16516634469976055,0.24896693790874283,17.322738678694613,0.16438655556953638,0.24802709925453195,0.15295086347816328,0.23183357530347923,0.13628445106916415,0.20814741336848727,0.1639362858891183,0.2474170206901785,0.1645517720426863,0.24824561653300126,0.16432066147083665,0.24793894748410628,HATAY,İSKENDERUN,228149,1.056
54988432B95310559341669,0.19581234359946398,0.19703732033945937,8.30862279726089,0.1956394484344413,0.1967570301935562,0.19036573181774025,0.18982322804818905,0.176700343373918,0.17556641492388805,0.19550582806691158,0.19654598295925405,0.19568536035421036,0.19683060129790395,0.19562131389413412,0.1967281267901515,OSMANİYE,DÜZİÇİ,88274,-0.269
54988432B95455201540726,0.47832918984918754,0.6775681865345304,48.52220698541862,0.47282220545403997,0.672301801158964,0.4180903379508473,0.6062981041811549,0.3444104433774953,0.5107512401021341,0.47271108633977454,0.672184410113046,0.47315892352666633,0.6726560934612952,0.47420237225383566,0.6737377695713993,TEKİRDAĞ,SÜLEYMANPAŞA,226582,1.314
54988432B95500955332095,0.10448244490403223,0.15507977115580168,10.080033614168752,0.103072814112873,0.1538147529786986,0.09304220349750371,0.1415173165601624,0.08199196527063786,0.12648192096385835,0.10248761184160592,0.1532052872909742,0.1033088539312301,0.15405036685510487,0.1029825030162288,0.15372290348148465,HATAY,KIRIKHAN,108200,-0.206
54988432B95701093255845,0.19846458609664694,0.21975055361990978,12.324210377625418,0.19347792989263557,0.21582596586048364,0.16397513841670647,0.18910923443272143,0.13452070940306596,0.16032054298049733,0.19155640210446043,0.21422766627609463,0.1942722761264666,0.21647622618235593,0.19317891567869125,0.2155809079242043,HATAY,ERZİN,43103,-0.24
54988432B95842578753435,0.39603444329741017,0.47835309605399867,26.69373037479689,0.3914696579339769,0.47392513191028207,0.33440626878432084,0.4116585586904848,0.2522245713911673,0.32145458907136165,0.3891371082094416,0.47149109565874064,0.39235070386465276,0.4748292853422313,0.3911837105026853,0.4736295394075405,KONYA,MERAM,349685,1.053
54988432B95867498741596,0.08401175840741745,0.06580259078808617,1.6526491582266787,0.08228979850053393,0.06449099841066047,0.052928566453869896,0.042037259812829034,0.01812886221575708,0.015313164835970706,0.08074589064802758,0.06331416735528349,0.08281342810513105,0.06488995305852856,0.08192044152792698,0.06420952682556881,MANİSA,GÖRDES,25456,-0.362
54988432B95928924596257,0.0680344292700908,0.1121043333611396,6.687817441173219,0.06782000022318214,0.11175125644576567,0.06419660938541136,0.10578161845525573,0.05925225960130142,0.09763501637616873,0.06755434879658415,0.11131366435087653,0.06789642995511816,0.11187713877488291,0.06771933554895769,0.11158544476498497,TRABZON,ŞALPAZARI,10575,-0.527
54988432B95992453735660,0.09222916535449185,0.11911822858117165,7.383183191423129,0.09002709981276204,0.11737287546373563,0.07845538490031614,0.10583779396088026,0.06752774630346832,0.09348078183795482,0.08867400312964653,0.11618614097365992,0.09053670515218239,0.11780017873959521,0.08948550992303766,0.11690633213237897,TOKAT,ALMUS,28135,-0.626
54988432B96002875694716,0.0727450006867032,0.11987057042206564,8.713201395512083,0.0726147604736935,0.1196559581672304,0.06983654739269168,0.11507796677771892,0.06584607734184533,0.10850239571810442,0.07249410184880689,0.11945713463221128,0.07265616037182503,0.11972417769238805,0.07258735364512842,0.11961079668338206,SİİRT,KURTALAN,60674,-0.746
54988432B96055728964295,0.06783660582324937,0.11178242571679659,8.697728593339635,0.06773057259172213,0.11160770217803956,0.06542895239670224,0.10781504944496438,0.061979565090652285,0.10213108463529165,0.0676322547032224,0.11144569212558372,0.06776429384914917,0.11166326869566927,0.06770825233377276,0.11157092244022801,SİİRT,TİLLO,4090,-1.092
54988432B96253439504552,0.11855172554303633,0.19535174694089305,16.744316534702595,0.11806982643143571,0.19455766458680468,0.10833722129826678,0.17852009612171932,0.09507557871991981,0.1566673138604831,0.11725389891322197,0.19321316398733995,0.11827931749456568,0.1949028678722355,0.11773074900884627,0.19399892647862746,KASTAMONU,PINARBAŞI,5782,-0.63
54988432B96395317243392,0.002203053583727779,0.003630232830557871,0.23673708466552945,0.0021583687614938926,0.0035566003461284133,0.001900633820645668,0.003131899898186549,0.0016498949643881091,0.002718727729063678,0.002129625564035668,0.003509236768665401,0.002168952932817418,0.003574041141262363,0.002146953165863535,0.0035377895144973557,ERZİNCAN,İLİÇ,8543,-0.301
54988432B96423732732859,0.5144817493629685,0.8477726329742673,74.62530708429226,0.5125121903190292,0.8445271568061693,0.467204951841774,0.7698690432691679,0.3926154230132311,0.6469590249340541,0.5094276658972382,0.8394444198698775,0.5134193362273106,0.8460219687720123,0.5112934864640611,0.8425189538383842,BURDUR,ÇAVDIR,12539,-0.448
54988432B96595900966368,0.10143134583826,0.16714046559260629,12.336952695087692,0.10098195640737727,0.16639995329742388,0.0941025182592651,0.15506388666448678,0.08493181852559652,0.13995223640856366,0.10061550499409475,0.16579610781625692,0.10110184029988606,0.16659750021396505,0.10088463667009273,0.1662395880171778,KARAMAN,KAZIMKARABEKİR,4679,0.022
54988432B96614579404360,0.1457569327537369,0.126733962910985,4.556049228858081,0.14055197742231001,0.12288222957291274,0.11821054102883738,0.10496795050045024,0.10029107975292184,0.08961519534988349,0.13763441614576108,0.12061416829475474,0.14172316317470401,0.12376813636675536,0.1393885567220154,0.12197282309710909,SİNOP,TÜRKELİ,16298,-0.194
54988432B96920408348513,0.5361913232673148,0.5841355590240941,29.706842766533374,0.5294179377264865,0.5787413677592449,0.47861795519173916,0.5326365118103479,0.4220773987834566,0.4786528272727142,0.5239451846290663,0.5740759811706253,0.5314835469462624,0.5804486606139103,0.5271043008144407,0.5767900717883286,ARTVİN,KEMALPAŞA,9263,-0.432
54988432B96933409073399,1.3361405618757844,1.5260152986174274,84.42500478482971,1.3111787553216303,1.5054086689205801,1.1062881813816787,1.3069899216624532,0.8163647609205296,1.012610098229675,1.2951801486715808,1.491238355837626,1.3174673585147332,1.5108245593689615,1.3057849536408563,1.5007131936069569,AYDIN,KUŞADASI,141431,1.495
54988432B96952912352901,0.17177569070594534,0.16559380086081102,7.011206898418951,0.16960037821653076,0.1637657210658645,0.1300605492607165,0.12983984322248113,0.0804698001688426,0.08630001846315741,0.1672767711071242,0.16180842370188459,0.17034778920582286,0.1643940307923415,0.16890754865269292,0.16318396847533637,BALIKESİR,SINDIRGI,31482,-0.477
54988432B97004073269629,0.17074478713609173,0.23499833254316002,14.592696986437389,0.1697145436908324,0.2339779480745345,0.1590495377873674,0.22143512693345982,0.14384547208200263,0.20306719058572786,0.1691834894030008,0.23339723702135715,0.16993432975776712,0.23421161385968758,0.16961088682205444,0.2338661745998981,MARDİN,KIZILTEPE,275217,-0.201
54988432B9710176470958,0.3512520210161589,0.4858854392967385,32.75162795422844,0.3470173959701774,0.4815297218613462,0.2912270262983133,0.41585901300813105,0.22037674988532213,0.3284229167206969,0.3434397052605057,0.47754048300619695,0.34823968474975125,0.4828605609530995,0.34592434035446934,0.4803235916630158,BALIKESİR,BANDIRMA,169476,1.072
54988432B97142079698078,0.4399276412872102,0.5704085008057157,38.71044717967874,0.43499872763504316,0.5659433368937666,0.3887837399995348,0.5151694435673162,0.3330930453870568,0.4500898699188859,0.429724750926963,0.5605897806737408,0.4365835959605422,0.5674743944771646,0.43259187909905866,0.56353920990911,KASTAMONU,MERKEZ,158953,0.892
54988432B97259494958593,0.770815883364199,0.8652421146643895,45.98986481693063,0.7650472257625166,0.8599501582861984,0.7156114503719302,0.8039225148582478,0.6523295109752005,0.7257769134805575,0.7601502904207998,0.8549115380803688,0.7666125869266313,0.861488186030311,0.7630297877848693,0.8579087506390198,DENİZLİ,HONAZ,34468,0.636
54988432B97290216608091,0.43504117395742936,0.7168689695111129,60.79662640420948,0.4337274734762831,0.7147042293289395,0.40052264142010585,0.6599886870680349,0.34028921457292083,0.5607349216341224,0.4317116509102327,0.7113825192652774,0.43424456684002716,0.715556305428855,0.4329601359630759,0.7134397962469945,DENİZLİ,SERİNHİSAR,14661,-0.064
54988432B9750170463020,0.7499199013320296,1.0274491850298477,65.18835481196365,0.7432154125548359,1.0211580984106914,0.6701016292376123,0.9381545068883823,0.57508989862832,0.8245792757875249,0.7352749126563634,1.0127403698414486,0.745704743580749,1.0236626576948102,0.7396016274392351,1.0173848802559915,ÇANAKKALE,MERKEZ,208613,1.846
54988432B97522403673638,0.2414275943480874,0.3000272488823963,15.35575472571936,0.23915090011856177,0.297968021960535,0.21532441137878136,0.2727725493423329,0.18305394790402632,0.238560303014332,0.23659074616310383,0.2953804699043936,0.2399700192100697,0.2987573643093652,0.23798050468758686,0.2968013800246789,ÇANAKKALE,BİGA,94526,0.426
54988432B97580121786260,0.26257401112810375,0.32739564250980807,20.16955846575114,0.2589871344964555,0.32437951499883355,0.23180781285705057,0.29639714126110106,0.20061516747786015,0.2619592426528765,0.2563922713533631,0.3219517811791342,0.25989651551403903,0.32519452954946854,0.2579779093214913,0.3234506935454415,TOKAT,MERKEZ,201969,1.015
54988432B97639118870532,0.037357955626481316,0.061559136826938955,4.484468941713206,0.037286463962163896,0.06144133152758845,0.03576479605426953,0.05893389873646345,0.03358668145823504,0.05534476083548594,0.03720929302391931,0.06131416781461762,0.03731186301041184,0.061483184553540966,0.03726451849129511,0.061405169370926264,AĞRI,TAŞLIÇAY,17431,-1.124
54988432B97717565208806,1.0309850434247676,1.5862414116102244,129.71224554824158,1.0250617235658892,1.5765486370186175,0.8424867381113946,1.291457198826563,0.4380000202183571,0.6650728232524736,1.0273913511623178,1.5803460264949025,1.0242394427460595,1.575212209822729,1.0287396945218379,1.582552175974003,ANKARA,ŞEREFLİKOÇHİSAR,32831,0.115
54988432B97750786537608,0.15536209573448684,0.20707875029141343,13.40035636901284,0.15228456682961192,0.20459142538793568,0.13525255133414,0.18686129099135185,0.11867401074080583,0.16729451631634826,0.15091659084555403,0.20336715454557172,0.15286543135581945,0.20509343521384663,0.15193936692259188,0.20429048592090301,BATMAN,GERCÜŞ,18894,-0.962
54988432B97753800028148,0.16564574796012566,0.27295415641668136,14.150441224710203,0.1654609430268182,0.2726496313969101,0.16142330517828654,0.26599633635955533,0.15549122428765222,0.256221342704491,0.16521295314304246,0.2722409890359714,0.16553333981807075,0.27276892818132475,0.1653741797408398,0.2725066612342358,GÜMÜŞHANE,ŞİRAN,18377,-0.515
54988432B97910607288533,0.1823814903000173,0.26092172753481113,18.221540897080352,0.18152729782869764,0.25995199647333006,0.1642722852066863,0.23959142277211487,0.1373457612782225,0.20541034391118465,0.1815654953069717,0.2599862712743554,0.18156899899904946,0.2600009510133993,0.18185637559882092,0.26031502874766455,SAKARYA,HENDEK,93990,0.328
54988432B97960602645981,0.4891950501024707,0.6379207152846718,37.423967201748766,0.48314635418959045,0.6313073059769644,0.3807622759468658,0.5106123107269865,0.17823369372202708,0.28450741192290635,0.48446513956941356,0.6328216778473778,0.4829191654483051,0.6310450062123023,0.4859018978146349,0.6344499729721842,İSTANBUL,BAYRAMPAŞA,272978,2.266
54988432B97969826728737,0.20897241511473222,0.28027707664854806,16.365370004800667,0.2074713964095587,0.2788208842515214,0.1911823198172833,0.26010440828463777,0.16993792541086966,0.23504415414783952,0.20639983411396828,0.2776654249599658,0.20784303168511942,0.27920861844976913,0.20713795141310426,0.2784662187668863,ORDU,FATSA,129844,0.363
54988432B98025236452990,4.163415073691348,3.327509018239833,65.15410456219074,4.162111931281172,3.3253616758441376,4.1364505361316395,3.2830763497687725,4.097663296756144,3.2191620171188733,4.160941660913167,3.3234332824805164,4.162540418212418,3.32606774461013,4.1618318379688715,3.324900132854245,ISPARTA,GÖNEN,7065,-0.034
54988432B98169837554418,0.00021707488648308512,0.0003577000511567639,0.0286179353675391,0.0002161046599682866,0.0003561012937896646,0.00019669109474002619,0.0003241112585175511,0.0001704124649841172,0.00028080884173268384,0.00021542173701911526,0.0003549759606025214,0.00021636422322395408,0.0003565290069689038,0.00021603146268344087,0.0003559806779369601,ADANA,FEKE,15586,-0.954
54988432B98216013465603,0.07080617745943991,0.11667574130658413,6.875022690808544,0.07062166191658062,0.1163716931497969,0.06732325345828324,0.11093651410451928,0.06278961935025427,0.10346590716955091,0.07043757029328251,0.1160683435355779,0.07067965054957706,0.11646724790200888,0.07056657585634946,0.11628092131118424,ORDU,ÇATALPINAR,12888,-0.854
54988432B98307515925592,0.026338784691894872,0.04340154121159435,2.9312022118373586,0.02628543497809956,0.04331363055705961,0.025168562556288288,0.04147322732622064,0.02359300203109718,0.03887698927403421,0.02625136513970192,0.04325748964119789,0.02629853664848846,0.04333521973416008,0.02628382661612894,0.04331098026817319,KAHRAMANMARAŞ,ÇAĞLAYANCERİT,22440,-0.84
54988432B98311610120765,0.11953079559098151,0.19696507684703735,14.762723457884633,0.11910068016900958,0.19625632462362128,0.10993055205006672,0.18114561628511644,0.09566293357626351,0.15763516815982273,0.11908596587566268,0.1962320781362998,0.11913255031381358,0.19630884084330683,0.11924886290238786,0.19650050289854157,SAKARYA,KOCAALİ,24966,-0.253
54988432B98497297447828,0.10119165859902535,0.16674550448436892,9.857318513251597,0.10102954511065987,0.16647837085126643,0.09759247684757633,0.1608147055906142,0.09268559089671925,0.15272904729969652,0.10083124660530496,0.16615161087152427,0.10109091302535195,0.16657949404695427,0.1009650010301739,0.1663720139102783,BAYBURT,DEMİRÖZÜ,8139,-0.724
54988432B98585505562385,0.4470250330568811,0.5250543406434014,28.482882271007185,0.44090306158242565,0.5194689093383282,0.36876557950075606,0.44584671030652945,0.26509359628972956,0.33891703512948396,0.43788780132860544,0.5165296370864565,0.4420522310549401,0.5205715719004017,0.44053153110986004,0.5191099729505956,KONYA,SELÇUKLU,703449,2.562
54988432B98751035289582,0.3112182755202496,0.42503616697888297,28.028974776662178,0.30895702558605004,0.42285302562578675,0.2825931578724984,0.39227843177179933,0.2490450523742325,0.35145904457811056,0.30721177872417477,0.4209650233895666,0.30954817138804724,0.4234695408257554,0.3084109841062311,0.42226662003164145,ORDU,ALTINORDU,239714,1.121
54988432B98936853989480,0.5741520016405429,0.6170658856598379,31.397650863653926,0.5575058192888473,0.6021764227654082,0.33801069981842197,0.39260592528110083,0.08691253647719599,0.13913726493420714,0.5464488636902992,0.5918789801797296,0.5615943927755551,0.6059478016433342,0.5551149759715172,0.5999598014492121,İZMİR,URLA,82021,1.768
54988432B98947703445317,0.9329372752017199,1.2292320656285587,77.296662212051,0.9184076061975824,1.2168629832433961,0.7745616814167817,1.0661843320388034,0.5831297785867248,0.8399273166321761,0.9084920070689341,1.2076478253537486,0.92201854532841,1.2201130384234407,0.9152993057132054,1.2140176326501193,BALIKESİR,GÖMEÇ,19020,0.062
54988432B99023740963316,0.0003620596942416114,0.0005966087245293493,0.029037573531906818,0.0003617038795897405,0.0005960224065022454,0.0003538912904413936,0.000583148676227379,0.00034235278213391057,0.0005641353067919377,0.00036147457659450215,0.0005956445567451592,0.00036179176991769745,0.000596167233825736,0.000361693117852673,0.0005960046731109629,GAZİANTEP,ARABAN,32540,-0.736
54988432B99037585062650,0.3718592849284463,0.4548518904054643,29.373532997979467,0.36299767980422015,0.44794399914266764,0.3184937477576623,0.40538729743862073,0.2778122943149155,0.3614349202267471,0.3570796953957278,0.44289765420316896,0.36544520772734257,0.44994028944692255,0.36041316561483583,0.44577592765861246,ARTVİN,YUSUFELİ,17564,-0.29
54988432B9927108056692,0.6421782617055216,0.5027361921398023,9.296099162284232,0.6373587982190749,0.4991008850964835,0.5465336671287023,0.43185313764465094,0.4286485712621294,0.3446279872644313,0.6322228226742247,0.4952703761117611,0.6390836004279432,0.5003895543755518,0.6358412241522303,0.49796303125443503,KÜTAHYA,DUMLUPINAR,2812,-0.226
54988432B9941685819623,0.010657863031021573,0.017562225705529788,1.356933787577534,0.010641037945717325,0.01753450101580841,0.01027631928865558,0.016933510802696047,0.009731859452421242,0.016036339718426006,0.010625436236515677,0.017508792228071713,0.010646389055077251,0.01754331867372731,0.010637495982178086,0.017528664502153107,SİİRT,ŞİRVAN,18773,-1.277
54988432B99449067758267,0.2507697073649948,0.30258387985181245,16.71936708838814,0.24939380375740744,0.3007148704302235,0.21595697837230793,0.26044623432882247,0.16280587229529148,0.2006114239225542,0.24952203129543998,0.3008943256010391,0.24943444145233337,0.3007672173142843,0.24996649363054305,0.30149954557475794,SAKARYA,KAYNARCA,25440,-0.351
54988432B99760089985669,1.1108826818728745,0.9525674861223695,29.790378192664008,1.0907298569575499,0.9372491708630261,0.8690509157922075,0.7621330300611826,0.6097699696230553,0.5547133272807074,1.0891757134029776,0.936047223393196,1.09241652962651,0.9385519672282752,1.0954263972285692,0.9408719292182255,ESKİŞEHİR,MAHMUDİYE,7407,-0.351
54988432B99817490386194,0.14100921930777452,0.23235762449147512,19.969036206841736,0.14025105594775186,0.2311083087504466,0.12527132950433456,0.20642443581638326,0.10524088813070859,0.17341790051366013,0.13983220709501845,0.23041812179019056,0.14043485101608436,0.23141116969585596,0.14026627354434712,0.23113338459025842,AKSARAY,ORTAKÖY,31089,-0.212
