shapeID,ENERJIK_NOM,ENERJIK_K1,ENERJIK_K1g,ENERJIK_NOM3,ENERJIK_K13,ENERJIK_NOM3p5,ENERJIK_K13p5,ENERJIK_NOM3p8,ENERJIK_K13p8,ENERJIK_NOM3Y25,ENERJIK_K13Y25,ENERJIK_NOM3KIS,ENERJIK_K13KIS,ENERJIK_NOM3Y26,ENERJIK_K13Y26,il_ad,ilce_ad,nufus,sege_skor
54988432B10253984912437,0.11244738883952245,0.13344772473161584,9.050229378188611,0.10556841906012794,0.12770525429686488,0.06660429365284318,0.08587073856067841,0.030382833827910526,0.04296281397051977,0.10237286733534968,0.12469780138898,0.1068675352100627,0.1288795738322114,0.10473667526159604,0.12693742229373586,MANİSA,DEMİRCİ,35629,-0.192
54988432B10287230279323,0.8466807763731321,1.0050584459273464,50.97155928525852,0.8399755790618424,0.9989118661081249,0.7579976702028641,0.9167241264570114,0.6350672387130045,0.7940640916325917,0.8375825391307519,0.9965728741035481,0.8412184854687289,1.0001120257600054,0.8401508009153918,0.9990817988278181,KAYSERİ,HACILAR,13701,0.963
54988432B10558365680808,0.09969743341367092,0.16115451385551963,8.605775935271277,0.09751578379105774,0.15776789856930576,0.08841114615633666,0.14359849746379919,0.08050667184016085,0.131198400186407,0.09630329714535989,0.15588532110530856,0.09799272385866435,0.15850830858789333,0.09702128502308907,0.1570001722885254,SİVAS,AKINCILAR,4641,-0.511
54988432B10626729870430,0.3190233834536451,0.36428394389511803,19.963563279309643,0.30434455985911024,0.3512826519545814,0.18784665862603467,0.2302362624112609,0.07445810108349485,0.10183141821671679,0.29671484274503807,0.34394320739984224,0.30738506037323826,0.3541367963297807,0.3026321064947665,0.34965506890037834,İZMİR,SEFERİHİSAR,63712,0.924
54988432B10630286252901,0.274267189971596,0.3588186598759552,22.293088347563064,0.27040248370453696,0.35555992345055054,0.23664826989409843,0.32183908000271,0.19632326906441183,0.27799386442477886,0.270339083985279,0.3555121221643621,0.2706268818602965,0.3557571663185285,0.2713543193205918,0.3564119663465776,TEKİRDAĞ,MURATLI,30410,0.193
54988432B10710239542127,0.002542415615916145,0.004111610540589837,0.31793869256689966,0.0025303594694964667,0.004096204880755561,0.002359985392647781,0.0038333020291002285,0.002129380071285709,0.003466688324753616,0.002517826413944319,0.0040780229539141765,0.0025341980653485444,0.004101553296716407,0.0025257228698069736,0.004089573391718278,TOKAT,YEŞİLYURT,8045,-0.729
54988432B10923405291908,0.1995795227922179,0.1987284198844937,8.643096321435566,0.19769637846599694,0.19725585722285302,0.18062941296228058,0.18257582605997003,0.160391832230718,0.16461424076898354,0.1968244537702417,0.19653874352002318,0.1981508886847334,0.19762321000192107,0.19756756408919968,0.1971493923612343,KARS,SARIKAMIŞ,35518,-0.804
54988432B10954011235531,0.4862325322481013,0.6056327329308521,33.97435407253407,0.4806486807719677,0.5995854742946656,0.37839970642499293,0.48386530617349655,0.1626148955308962,0.256699151045159,0.48186055549445894,0.6009622984420903,0.480439462183682,0.5993467251974304,0.48317709386244756,0.6024408565832678,İSTANBUL,ZEYTİNBURNU,275471,2.382
54988432B10964336547790,0.42325609163484296,0.4127211490250309,17.879573168970673,0.4149703864272064,0.4057206778305101,0.26282082575468996,0.2759743694122491,0.06269039700301961,0.09870846177279102,0.41810648201969014,0.4083582429709942,0.41388776223361873,0.40481046726900405,0.4199713485059987,0.4099284765651307,ANKARA,AKYURT,46956,0.705
54988432B11094776022203,0.23014885261053847,0.3775936355710186,23.233830851602814,0.22966474892198568,0.37691660846242986,0.22062335218871096,0.3625007780591539,0.20507345779341626,0.3372394356935383,0.2291697972960945,0.37616097191016845,0.2298452406804913,0.37718487345008817,0.22950343229930864,0.37667265101624237,BURDUR,KEMER,2727,-0.549
54988432B11123047057176,0.2069522583462923,0.33978780740900233,25.20248435033106,0.20613532015913327,0.33847222364994395,0.1877283925647586,0.30847136324224195,0.15687702852931557,0.2580100089586983,0.20520621145573695,0.33696578114937786,0.20643543747578022,0.33895779500034656,0.20584317749787315,0.33799894413019077,AYDIN,YENİPAZAR,11596,-0.296
54988432B11153156770264,0.3054554499360197,0.34220774602056625,20.332579162177822,0.3031328362175469,0.3402166597582234,0.2753729943563637,0.3131874886235031,0.23688674494937054,0.2744120265973013,0.301006867625175,0.3382447833251328,0.3037962755613716,0.34081534523803075,0.3023269050446971,0.3394765106337789,GİRESUN,ESPİYE,39182,-0.178
54988432B11210263033857,0.5301179177278621,0.599305312766988,25.793430892271267,0.5242181345736702,0.5944611132057429,0.4738472525447975,0.5472794954931507,0.40575374863068836,0.4829309004148737,0.5197553764910866,0.5904697519772555,0.5257415154487364,0.5957781995585189,0.5224191261749818,0.5928718961339084,TRABZON,TONYA,13332,-0.469
54988432B11239792936467,0.5157120463068032,0.8161688531201153,68.93926494984308,0.5142658725433672,0.8141492119364216,0.49242211636433014,0.7796440548998329,0.4522073460717827,0.7146632976684633,0.5125505638500939,0.8115368072018267,0.5147531548780109,0.8148709156178277,0.5135953300212963,0.8131357861796178,DENİZLİ,BOZKURT,11176,-0.311
54988432B11310133229622,0.06939817314737726,0.11435560551099086,9.623068985323528,0.06885909921277822,0.11346730941600071,0.056299957437506355,0.09277212109512668,0.03660104702874835,0.06031188870664028,0.0683266039007546,0.11258985369812598,0.0690300387944657,0.11374898685047946,0.06872525905133094,0.11324676509891196,MANİSA,SARIGÖL,34786,-0.3
54988432B11333989170250,1.3435997511469373,1.1801878315566854,41.84160034991976,1.3420477169142264,1.1778147373750816,1.3049073714155037,1.1261292515300847,1.1434828987669388,0.975763232603672,1.3398674462983133,1.1744375692170501,1.3426344342297214,1.1787201691262867,1.3412166961865228,1.1765306102667383,DENİZLİ,GÜNEY,9043,-0.457
54988432B11359051677875,0.12106465164554016,0.19949259349381218,16.012791801337485,0.1205294556501235,0.19861068753941535,0.11289329487646307,0.186027679234618,0.10199950327584015,0.16807668602685424,0.12029493534086444,0.1982242405948684,0.1206365243483236,0.19878711733949012,0.12053734908571766,0.19862369448997322,AKSARAY,GÜZELYURT,10419,-0.755
54988432B11506112394599,0.04556872812885741,0.07508900106743152,5.467748530808307,0.04548890906538955,0.07495747372427218,0.04378170213633011,0.07214430626969734,0.041326315784874584,0.06809827479293462,0.0454410766273779,0.07487865453979203,0.045510665279874706,0.07499332402073164,0.04548861442587201,0.07495698821177368,HAKKARİ,ŞEMDİNLİ,43034,-0.633
54988432B11733036150032,0.2852473754327733,0.470035538071813,40.63216896557191,0.28460922408183553,0.46898401013318125,0.26812356755486194,0.4418187565806697,0.23643528905570468,0.3896023089069319,0.28439787538362193,0.4686357502242266,0.28473170041188856,0.46918582593363506,0.28471642792462387,0.4691606598387443,KIRŞEHİR,BOZTEPE,5049,-0.584
54988432B11866351639272,0.1891987790212626,0.27502994226492583,18.24511430857385,0.18840731898223242,0.27401788808887845,0.17269903647250598,0.25365771043041274,0.15148576797712782,0.2258589978521957,0.18727117864875445,0.2725567364946814,0.1887237766281604,0.27442440794486844,0.1879778637643237,0.27346565965221886,TRABZON,OF,43591,-0.06
54988432B11894887373653,0.1199382301416473,0.1976364551072192,15.009940386684347,0.11949412335693414,0.19690464765503218,0.11086390533531364,0.18268361325606577,0.09896004949262845,0.16306821733036977,0.11917396885198084,0.19637709108386353,0.11960723474121578,0.19709103470606085,0.11945167893010351,0.19683470693598085,OSMANİYE,HASANBEYLİ,4914,-0.58
54988432B11965473551698,0.09220806702920986,0.14085770714276385,10.797508922774515,0.09092694152627483,0.1393149687568163,0.07524224831331827,0.11634134134719734,0.055816050991127894,0.08729052075222608,0.09073039850895577,0.13914912489085657,0.09106406048982423,0.1394604401860343,0.09115455324641171,0.1396913412901886,BOLU,GÖYNÜK,14257,-0.441
54988432B12089273300588,0.3078869109797841,0.4010336456974208,18.736297037655227,0.29978639570863386,0.394002667446345,0.22353899590774612,0.317491164923258,0.1391052343759807,0.22779800043502904,0.3021171359596925,0.3961366198958602,0.2990282897321692,0.39329963188591244,0.3036570356597981,0.3975165919404289,ANKARA,NALLIHAN,26083,-0.102
54988432B12282198097688,2.9139812518515917,3.1166799238760086,153.94889288197697,2.8387593080145055,3.0559160011536597,1.8852678155050744,2.174583202866894,0.5148473228226851,0.8187240560978606,2.7948603659090336,3.0185002332985795,2.8554392722267825,3.0698733067373056,2.829155641275464,3.047808031055798,İZMİR,ÇEŞME,51902,1.998
54988432B12649673902080,0.09151284164461053,0.13416804794986442,10.576099222128706,0.0912960299535477,0.13387559198468743,0.0861594964253152,0.12688844983817535,0.07745206218883731,0.11494745620110447,0.0909975050664093,0.13346814177021546,0.09137704302024509,0.13398616020077964,0.09118847305011359,0.1337287264711997,GİRESUN,GÜCE,8194,-0.805
54988432B12652451571712,0.14545858194810973,0.23968587264866922,19.62115533890304,0.14418280524217875,0.23758369738762092,0.11003463116995453,0.1813149460464367,0.05362941893880975,0.08837085735938899,0.14300750185164682,0.23564707629912218,0.14457608319135343,0.23823172581590538,0.14393629863514995,0.23717751493881156,İZMİR,KINIK,28604,-0.297
54988432B12770771460380,0.6694961912306674,0.7935682646224503,48.254922107778874,0.6651475227125465,0.7900830639103427,0.5784299854835729,0.7143350076137867,0.448308768362938,0.5837511919025854,0.6649426908037741,0.7899515821991517,0.6654956737890176,0.7903518814865564,0.6666171910565503,0.7912867358958043,SAKARYA,PAMUKOVA,31536,-0.024
54988432B12859589940172,0.07243425750514784,0.11935852200531971,8.728950841486979,0.07224436283543363,0.11904561002286213,0.06827877123840881,0.11251103414398383,0.0627056867981778,0.1033276015430554,0.07204316643198397,0.11871407483252998,0.0723089587507867,0.11915205237831218,0.07218807890606517,0.11895286431311847,VAN,MURADİYE,41402,-1.112
54988432B12971115509737,0.260668195799591,0.3040871643480266,14.074323188280166,0.25917325079805686,0.30259631764984846,0.23039960977366442,0.273795657289795,0.19263079717011897,0.2357311776332766,0.2575248744872951,0.30092634879332975,0.2597155724047442,0.30313911820816153,0.25867381387751676,0.30208112406262433,KÜTAHYA,ALTINTAŞ,14739,-0.516
54988432B13012659541885,0.3250201053678803,0.5353116940840454,39.96116055811378,0.32442983124978153,0.5343506201581574,0.31204374750232283,0.5139869632367626,0.29429130580024304,0.4847689306899334,0.32405951273137823,0.5337436938143097,0.324593558916891,0.53461863515448,0.3244145141544873,0.5343255336654388,TUNCELİ,NAZIMİYE,3095,-0.744
54988432B13089930907673,0.15868462632869224,0.23536939860805992,15.568941243803186,0.15669949740221145,0.23359498849054497,0.14266350213000298,0.21645310297671227,0.12728752253456907,0.1956064438812033,0.1553041093222989,0.2321241183861391,0.15719478363176762,0.2340834718280456,0.15615413943118703,0.23303451322314922,TOKAT,NİKSAR,63594,-0.169
54988432B13153830049799,1.7972178279280309,1.5659642097763231,50.213376245279775,1.7924725474076115,1.5620257341599701,1.7624784098338597,1.5281247211300828,1.7219962012319023,1.475230257407667,1.7913408382003335,1.561016348203412,1.79303295292947,1.5625182891766638,1.7926860598065135,1.5622343035459778,DÜZCE,GÜMÜŞOVA,17344,-0.134
54988432B13184104417142,0.08327254883809489,0.13721806083570928,11.828926909974518,0.08316128256823344,0.13703471419867416,0.07932322180637812,0.13071028601123658,0.06898151116079157,0.11366902210960601,0.08300758574853659,0.13678144970935938,0.08320560097917347,0.13710774290373193,0.08310976042418883,0.13694981504769888,EDİRNE,MERİÇ,12329,-0.806
54988432B13336850419353,0.08558208223749343,0.1410237530947145,11.671782209456383,0.08513382660705093,0.14028510909706768,0.07625858066566328,0.12566031311676162,0.064370675723024,0.10607120138199554,0.08485464272517028,0.13982506468359918,0.08524625559074245,0.14047037167566212,0.08512285832057133,0.1402670353498074,ŞANLIURFA,HİLVAN,41969,-0.84
54988432B13359639505311,0.13573353220814044,0.181186207308633,10.320524073288249,0.13388847178108212,0.17967678232593784,0.12310193761702128,0.16873458467156027,0.11222967514329339,0.15648508847886383,0.1332448524307232,0.17910284221811373,0.13420422670560928,0.17995097061309706,0.13382413380359992,0.17962028274668926,BİNGÖL,MERKEZ,175438,0.214
54988432B13394167497593,0.08694811102481884,0.1432747208368811,10.60196724639578,0.0866833715494209,0.14283847818611997,0.08177741731330725,0.13475435519215337,0.0747702072241439,0.12320774356900172,0.08648151012886117,0.14250584716817666,0.0867590842819599,0.14296323904050154,0.08664580729524983,0.1427765791066993,MARDİN,ÖMERLİ,14112,-0.858
54988432B13587691087198,0.16609743307864355,0.20987113830495463,11.371118603006884,0.15797502459756071,0.20304309075423535,0.10390346795686592,0.14675722060208404,0.05103356940896916,0.08409406856800529,0.15417242134371842,0.1995208924949671,0.15953841207649835,0.20444707903475126,0.15710840441022395,0.2022527134074234,İZMİR,FOÇA,37711,0.844
54988432B13628237636764,0.6722704717108208,0.7774918682009399,45.766829966799335,0.6705552806382674,0.7758757961902115,0.6271425674200883,0.7339018110072824,0.5487850344828188,0.6557732469111833,0.6679218670108181,0.7733810647751631,0.6712297200916439,0.7765119871872774,0.6695536252603418,0.7749274689478879,AMASYA,GÜMÜŞHACIKÖY,22319,-0.269
54988432B13760722847594,0.014680675037081422,0.02341578791158282,1.7969943456899737,0.014587134717056733,0.023306085816907674,0.01346132153107824,0.021628691392896793,0.012025761753776383,0.019396455360891462,0.014498603505438688,0.02318481025171677,0.014615150712791534,0.023342519704225292,0.014553989020853657,0.023261516813087794,YOZGAT,KADIŞEHRİ,9854,-0.847
54988432B13849312279861,0.2535612632827836,0.36565830297826424,25.573820109798774,0.2504321285836405,0.36256866110122254,0.21349199033607996,0.31702544720337794,0.16363520978854684,0.25068736035869743,0.24885479396392363,0.36082720634760596,0.2510308931005564,0.36321185871558104,0.2502381727759255,0.3623578636817003,KONYA,ILGIN,53167,-0.121
54988432B13977847971239,0.16080029648092922,0.21366247082373876,15.086435631351149,0.15995278000682078,0.21262971836667136,0.14336885836182336,0.1923258332940268,0.12123154491830239,0.16503708785853627,0.15914132595038036,0.21164168193400518,0.16021316334948854,0.2129466498136014,0.15974923978435593,0.21238207685743926,MALATYA,DOĞANŞEHİR,36037,-0.59
54988432B14215635599319,0.06972384088811874,0.059457804711524696,1.9963905969424598,0.06912659949664052,0.05901036511677611,0.05774883007278922,0.05030026897659073,0.042857504418747666,0.03854754085917499,0.0689497334809502,0.058883202426855616,0.06923437861331426,0.059088749524258896,0.06923417844862076,0.059094608459464903,KIRŞEHİR,KAMAN,33354,-0.126
54988432B14217813536294,0.03648535982282063,0.06012125716860769,2.232748390871862,0.03645600510821155,0.060072885921765254,0.0358086563251288,0.05900617250974184,0.03484761664983192,0.05742255338830946,0.036435795874248764,0.06003958476869573,0.03646385887356773,0.06008582750296424,0.03645430923750414,0.06007009143434837,MALATYA,KALE,7462,-0.717
54988432B14260044534811,0.22793719071470972,0.3365413644886314,22.973473430354815,0.22687703163939554,0.335267943825003,0.21361638462129384,0.31607601517145056,0.19502266573822502,0.28939168960476536,0.22580034670033605,0.33378564822992124,0.22721941770241771,0.33571732101676305,0.22645016742467663,0.334689373457981,RİZE,GÜNEYSU,15013,-0.195
54988432B14282860472632,0.00020769599108559685,0.00034224533219858117,0.024923518930271626,0.00020731330278382415,0.0003416147312693859,0.00019915064599262302,0.00032816415299618125,0.00018744235810772475,0.0003088710176029603,0.00020684509661828468,0.0003408432124074911,0.00020745523910990698,0.00034184861659773214,0.00020716111835207012,0.0003413639589211625,ERZURUM,KARAÇOBAN,19922,-1.172
54988432B14340726912856,0.530471901822624,0.4884407538996662,18.423204299341176,0.5268226824132575,0.48541757078906816,0.45646005782321614,0.4266978601803603,0.3644378364425385,0.3493767190054236,0.5228896804195059,0.4821533677856821,0.5281401404167824,0.48650983806594594,0.5256661957481652,0.48445817135053043,KÜTAHYA,PAZARLAR,4713,-0.592
54988432B14406336237626,0.11482922659386696,0.15792452652473354,10.798936915092495,0.11401380045349503,0.15696978018489516,0.09973721591952864,0.14051700208482396,0.07918153320182168,0.11544724445583539,0.11314125145374519,0.15601765941983864,0.11429493115327813,0.15728204446967242,0.11372636314641842,0.1566649639706184,EDİRNE,UZUNKÖPRÜ,59085,0.1
54988432B1446118549854,0.15946381605863164,0.2619996289915711,20.16867984471188,0.15826075006661108,0.26001807025699003,0.13959221461107096,0.2293350581986239,0.1155294314694181,0.18985828958173173,0.15754736452819598,0.2588437403255215,0.15852066021604047,0.2604460226263367,0.15818606847789532,0.2598951718374824,ÇANKIRI,ELDİVAN,6198,-0.573
54988432B14467270081386,0.05038599898842124,0.06949524684699773,5.341085267878948,0.04901906036106146,0.06826149117276063,0.03985186828350602,0.05723046617538233,0.030339142594566413,0.04461135312205453,0.04840519757198462,0.06762448748264778,0.04925357762418998,0.06849490083225426,0.048891715068406214,0.06813239552096442,KAHRAMANMARAŞ,PAZARCIK,66777,-0.388
54988432B14556173736384,0.416624242436096,0.4805238252019311,25.79226209867823,0.4064045998394632,0.4724907342156414,0.3452155616212496,0.4155492441305046,0.2835214706217145,0.35317002674200304,0.39938716102416716,0.4665178195027126,0.40894679035296017,0.47457913890234815,0.4035023015036107,0.4700534411028887,TRABZON,MAÇKA,24931,-0.15
54988432B14645765693693,0.5129333735059245,0.7111614754966511,51.732519724725705,0.5104986155663463,0.7088406367177187,0.43487476339858516,0.6277265352095425,0.2667204947449765,0.4158182443631139,0.5108025309812426,0.7091335277557632,0.510534209135106,0.7088739703826764,0.511562857778934,0.7098613942281313,KOCAELİ,KARAMÜRSEL,59488,0.328
54988432B1484249621136,0.3248747399342686,0.4128416854647345,24.525172664761246,0.3205367760298161,0.40863123636179,0.2697005559169118,0.3523771422641532,0.19906020745199476,0.2726474991632118,0.3183991971104727,0.40638902484207073,0.3213510655281445,0.40947026463873815,0.32027425718325997,0.40835911400361485,KONYA,KARATAY,395499,1.481
54988432B14970064024432,0.0,0.0,0.0,0.0,0.0,0.0,0.0,0.0,0.0,0.0,0.0,0.0,0.0,0.0,0.0,ARDAHAN,POSOF,5976,-0.492
54988432B150490693817,0.010274297597549208,0.016930179422342068,1.5265661624714033,0.010210749491066555,0.01682546366591332,0.008973094922099531,0.014786033357753728,0.0073357619040912226,0.012088005438490633,0.010171374485123964,0.01676058079591325,0.010226630639075923,0.016851632918135052,0.01020920104013568,0.016822912099556837,ŞANLIURFA,AKÇAKALE,131351,-1.258
54988432B15058920594435,0.15257312031540776,0.1893638729554016,11.308776613327012,0.14871256458737292,0.18611550694702397,0.12127022560675613,0.15743904054553065,0.0923493696616059,0.12484301755717583,0.14887067726534792,0.18625983226922838,0.14882116477441504,0.18621472395703836,0.14976929243103493,0.1870669831988918,SAKARYA,KARASU,75887,0.159
54988432B15496700745430,0.6961635868545555,1.0740063403406612,85.58981769521733,0.6940372590032297,1.0714116212187184,0.6423111924567007,1.002707631374056,0.5395894851425981,0.8540154043310028,0.6913490653025837,1.068117201908181,0.694850437911661,1.0723986717375575,0.6931165410031923,1.0702890656402024,EDİRNE,İPSALA,25278,-0.408
54988432B15523271257274,0.03461903049881646,0.057045884860518585,3.9054911771606653,0.03451508392837903,0.05687459976086733,0.03296291480043299,0.054316906489824165,0.030770819236365866,0.05070473048867064,0.034440644208619836,0.056751936600713926,0.03454226867415264,0.05691939529254511,0.03449807966741719,0.05684657982215182,DİYARBAKIR,SİLVAN,86752,-0.824
54988432B15558909248688,0.6941250736218534,0.9688143880077995,73.69313826123019,0.6903910079020047,0.9638977374516363,0.5606517302857154,0.8088431640635829,0.28385292634081216,0.4672770473157728,0.6869566761936445,0.9594313981050319,0.6915273680090989,0.9653871919978716,0.6896683070811848,0.9629465980690249,İZMİR,KEMALPAŞA,122840,0.983
54988432B15641118678695,0.15845883886093876,0.22865260104537694,15.493977072072992,0.15737821307333,0.22751622939896904,0.1433707380072059,0.21003203015905797,0.12477809842108302,0.18570237365016973,0.15624711852609538,0.22619406092089958,0.15772398905008658,0.227905757589028,0.15693795766296428,0.22700816144336491,TRABZON,SÜRMENE,25281,0.056
54988432B15644410313065,0.37868762269508816,0.5071521255864706,32.200950679230594,0.3752476726372171,0.5037728587347932,0.33393109724380604,0.45650136752358567,0.27689399017974614,0.38887026651925494,0.3723967332266726,0.5006922946826164,0.37618111575433794,0.5047511097850339,0.3742762256414546,0.502735611005383,SAMSUN,İLKADIM,330290,1.343
54988432B15919915720396,0.14439726473884323,0.23716342049727926,15.684489964626774,0.1438784539271836,0.23634919528247106,0.13509963501697134,0.22205961364690321,0.12319812612467823,0.20259035442952186,0.14323951345182404,0.2353207539017313,0.14406227260286836,0.23664267695020808,0.14363812513170288,0.23596354054267507,GİRESUN,EYNESİL,12548,-0.35
54988432B16159073535028,0.3059596748000441,0.3341693198373904,19.126413296550798,0.30317876535549104,0.33191562058786855,0.25030571236507804,0.2866459181428874,0.1765473994894396,0.21671412245294155,0.2955222648441384,0.32563399932845805,0.30484181590624293,0.3332654640586734,0.2992792974592123,0.32872949028401344,MUĞLA,KAVAKLIDERE,10854,-0.34
54988432B1626041363194,0.09987627826254036,0.13282692355140643,7.524707017346565,0.09771856631831508,0.13110152575575615,0.08645053670900411,0.11985793690223756,0.07579648946496001,0.10779764554027965,0.09661441072615229,0.13013273277863346,0.09815316582414763,0.13146890577040746,0.09735467691269906,0.13078720257607054,ORDU,KUMRU,27638,-0.606
54988432B16266988631438,0.2764650209931993,0.40624131296664395,31.05268064630227,0.2739823770991732,0.4035557921994003,0.2427255975501,0.36273339661812126,0.19799620947473084,0.3020691708484973,0.27190698349335946,0.40101435608245073,0.27469728305171004,0.40439841393509957,0.27329649593470473,0.40272803610547,UŞAK,MERKEZ,265371,1.204
54988432B16312548829707,0.1333197693520825,0.11924801031692339,3.1724804279500005,0.13164811074979638,0.11796918960379453,0.10164625308928588,0.09482775558900311,0.06464490807765848,0.06605876370122225,0.13047495367768816,0.11707011649292816,0.13206590332958482,0.11828911277198721,0.1315087941660667,0.11786245466703124,KONYA,ÇELTİK,9482,-0.544
54988432B16358110737710,0.40281556192023793,0.5666960611191898,37.00661743719674,0.3945750621060677,0.5602176451057994,0.34884851652378773,0.5132703232780332,0.29734448173170414,0.44970231340685923,0.3900591639986037,0.5563035348234541,0.39666659718630093,0.5619489754600512,0.3929588550669701,0.5588406999997192,BURDUR,TEFENNİ,9514,-0.325
54988432B16406650788150,1.4909786448935967,1.26990216689692,41.03398131196318,1.4881846697601009,1.2670317528806447,1.4227756901378945,1.2032265321791649,1.2516258076584967,1.053040223853701,1.4883650612560488,1.2672150822221575,1.4883075766945497,1.267155785379483,1.4893063396072888,1.2681691340061767,SAKARYA,SÖĞÜTLÜ,15288,-0.077
54988432B17114220369178,0.7000717098241241,1.0683484251177724,86.33371070391526,0.6860104351285857,1.0515562316170506,0.3475502815386142,0.5563045612998865,0.03626321528353728,0.05975520324890634,0.6811669733042794,1.045265789235014,0.6883445730120084,1.0545368200928757,0.6877893289977108,1.0538314535369533,BOLU,DÖRTDİVAN,6214,-0.784
54988432B17229261486281,2.306916581380306e-05,3.80138021741369e-05,0.0030060887086984264,2.3039023351297964e-05,3.796413286160266e-05,2.2172655352494305e-05,3.6536515496399985e-05,2.0413008776154688e-05,3.3636937011886757e-05,2.3015368711254862e-05,3.792515430406156e-05,2.304777099103651e-05,3.797854738569927e-05,2.3035774063675633e-05,3.795877862478807e-05,DİYARBAKIR,HANİ,32285,-1.267
54988432B17351022548299,0.26738678891427153,0.33061566896694167,20.45549732594523,0.25769341288077685,0.32300207184514634,0.2091170246770949,0.2763951228635736,0.16272152060384448,0.2250233768717515,0.2575484439901261,0.32289036652920294,0.2581659441909849,0.32338986813521764,0.25971559650051784,0.3246719390633368,TEKİRDAĞ,MARMARAEREĞLİSİ,33623,0.287
54988432B17518540104638,0.68122838570542,0.7031501986925603,35.254343527920945,0.6701031389227945,0.6935172658113378,0.5133129521362241,0.5501816401770369,0.32034339662631545,0.36732787854510984,0.6583539150895725,0.6830976087000906,0.6737784904183813,0.696747332656886,0.6658644821857287,0.6897722997137388,AFYONKARAHİSAR,ÇAY,29140,-0.328
54988432B17530851783527,0.001313693592646507,0.002164728831174971,0.162358651258023,0.001310820966820566,0.00215999526470148,0.0012567699160753825,0.0020709289340454205,0.0011807630284468833,0.001945683365414896,0.0013085804248305214,0.002156303257775012,0.0013117648661569836,0.0021615506396524633,0.0013103955316659188,0.0021592942247099507,KARS,KAĞIZMAN,42717,-0.784
54988432B17532401262571,0.455876146878608,0.4903950854049066,26.228776016653235,0.4516512701734654,0.48694875980642005,0.40376382616652756,0.44380039206835736,0.3255788078717097,0.3713364758220548,0.448529189442458,0.48422810804088495,0.45270680617331277,0.487848291315497,0.450575697780136,0.48601948454486105,SAMSUN,KAVAK,25370,-0.331
54988432B1769560269502,0.09237335746450576,0.15220421915779925,12.698630476230441,0.0922707150536294,0.15203508441332916,0.08855005109530294,0.14590452390374964,0.08004591972492807,0.13189257579060293,0.09209271618001888,0.15174178103820857,0.09231247767370983,0.15210390080766736,0.09220318804740377,0.1519238140402709,AMASYA,HAMAMÖZÜ,3628,-0.665
54988432B17723605206621,0.6759005862084055,0.8425741990001713,47.641191743926534,0.6669077731499629,0.8346767771941932,0.5794473709659018,0.7445668472367285,0.46219639223894565,0.6179925177057416,0.6602046879067939,0.8282437926535917,0.6697748334719065,0.837335012110828,0.6645503227072624,0.8324424681326961,ANTALYA,MURATPAŞA,510887,3.173
54988432B17733923685340,0.26873496923888,0.4428265001158893,35.84462000183032,0.2678581989004693,0.44138174158125026,0.2509597514369761,0.41353616432405627,0.22765670498156032,0.375136969261664,0.26708401677708005,0.44010602982284486,0.2681256963142144,0.441822528814316,0.2676791272678551,0.44108666400141316,BATMAN,HASANKEYF,7152,-0.697
54988432B17876819529278,0.17322836979532236,0.28544853089985667,20.703697703484504,0.17276239273970115,0.2846807091368478,0.16409755722533162,0.27040272710671703,0.1513013029941289,0.2493168922434323,0.17241097969857946,0.28410165285234645,0.1728943889522439,0.2848982108944658,0.17269696467866405,0.2845728973648513,MARDİN,YEŞİLLİ,21166,-0.936
54988432B18155993888482,0.0005326418696819584,0.0008776972183206324,0.06700946095969633,0.0005293673651682848,0.000872301428641639,0.00047694635250407157,0.0007859211051713809,0.00040880944090125295,0.0006736438299837175,0.0005275616609559859,0.0008693259555246065,0.0005301087708536036,0.0008735231307733922,0.000529277333179939,0.0008721530722501704,ŞANLIURFA,CEYLANPINAR,93105,-0.835
54988432B18249389019037,0.014701275997666937,0.024114139219967183,1.6414127344935785,0.01460044453998747,0.023953285249258546,0.012769368088731796,0.020972610920952005,0.009911970615611882,0.016308153929868032,0.01459879767104276,0.02395062464010302,0.014607207163573837,0.02396419957180308,0.014633271787198839,0.024006200097899374,BURSA,KELES,10939,-0.392
54988432B18439797691554,0.0,0.0,0.0,0.0,0.0,0.0,0.0,0.0,0.0,0.0,0.0,0.0,0.0,0.0,0.0,ELAZIĞ,AĞIN,2532,-0.622
54988432B18592908532301,0.03221717250676132,0.03295322086760355,1.6613260973109192,0.03196287332991058,0.032713508096572,0.02712242304691554,0.028121233110151585,0.020862558368493277,0.02214816699112058,0.03180251591817974,0.03255984483329714,0.03202649132379498,0.03277361593361849,0.031954606728041984,0.03270424275662003,ŞANLIURFA,BİRECİK,91837,-0.66
54988432B18647546937138,0.21588354054976777,0.33504608811678976,26.790703093505478,0.21094460279456917,0.32945907061080704,0.16063510248164664,0.25679162448350407,0.10103102453956021,0.16627229048102488,0.21235144871454364,0.3312105774386614,0.21049153273031335,0.32888386210223075,0.2133078562783153,0.3323678746035981,ANKARA,ELMADAĞ,45644,0.462
54988432B18669123151161,0.49746957047619417,0.5481918897128448,28.01584172781516,0.4920948176405668,0.5437011498260715,0.43411694477545293,0.4892321856958731,0.35970201544061803,0.41722549096376665,0.48709491401504823,0.5392220757099583,0.49369027407791366,0.5450935822484079,0.4901203179440258,0.5419492367087685,TRABZON,KÖPRÜBAŞI,4271,-0.482
54988432B18726314643148,0.14197045060328317,0.18566033576366797,11.871261898767925,0.14055850798578537,0.18436426174113438,0.1286445378852352,0.17029904587769334,0.11283209330122713,0.15134724760813295,0.13950747144642908,0.1832385142347525,0.14092044240406293,0.1847297991147045,0.14015083221764812,0.18393726142008793,TOKAT,ZİLE,52729,-0.186
54988432B18782972179490,0.008100336355121746,0.012928058841601715,1.0106939494280613,0.007911025875083714,0.012654365431037238,0.005113482049217068,0.008271978235867873,0.0019292910449833175,0.003175386749971365,0.007913809003061904,0.012660186099810213,0.007914862659137333,0.012659242683263126,0.007975756148806983,0.012753350498243186,BOLU,KIBRISCIK,3783,-0.655
54988432B18897698290342,0.07778505004064147,0.12817565785500004,10.162174284144069,0.07746294844470619,0.12764489283095518,0.07097535508076505,0.11695451534987862,0.06215618425337021,0.10242212098944123,0.07717270542649587,0.12716662496614708,0.07757858437058067,0.1278354398687586,0.07739863109337747,0.1275389094985058,ERZURUM,KÖPRÜKÖY,12903,-1.189
54988432B19023122389933,0.23270881511108885,0.31982057693590304,19.65209480443509,0.23044363273006097,0.31766326325961597,0.2078797444875305,0.29156545578542825,0.17960009517175365,0.2571042817473648,0.22940039128761358,0.31655422893239915,0.23087746893224956,0.318111188811078,0.2303181955474132,0.3175277141288648,ADANA,SEYHAN,782204,2.043
54988432B19168401993834,0.5033904299442874,0.7445660401118125,54.75863454880864,0.497562534409588,0.739046106031915,0.4415911745454503,0.671762763176587,0.36097066213184376,0.5629354606032891,0.4935389561111864,0.7348084367413279,0.49909970304385964,0.7406001191790039,0.49622755421120207,0.7376739637815968,AYDIN,GERMENCİK,44697,-0.282
54988432B19253807136892,0.7082811129403908,0.852112677590408,49.709015499690175,0.6932692054710339,0.8390989707140616,0.5298760449153923,0.6748059419155692,0.2950214119850722,0.42269141500279833,0.694516966993186,0.8402406284880486,0.6934573309951507,0.8392764821987182,0.6981526784757707,0.8435499802825089,KOCAELİ,KARTEPE,154377,0.837
54988432B19331703481644,0.41265407656064396,0.5764274676777392,43.33853172093812,0.4090498660258431,0.5719860050255117,0.361584496742626,0.5004909317664075,0.28859780355942194,0.3909704519093184,0.40711678234210746,0.5692818663708682,0.4097741882092333,0.572971726778988,0.4088138655785614,0.5716609352240453,KONYA,BEYŞEHİR,80353,0.369
54988432B1936830285057,0.5106204038018325,0.6490434168068415,38.54000930480568,0.5053922923941159,0.6431868963835977,0.4090606024128208,0.5283275776754591,0.1639647547930709,0.26893115593011996,0.5065618053613656,0.6445347798881358,0.5051953086451348,0.6429618508327386,0.5078487224047575,0.646019577522404,İSTANBUL,SULTANBEYLİ,378908,0.684
54988432B19409093219384,0.9220555600654796,0.8994212894725673,32.9642284488777,0.9052024315263396,0.8863602380980659,0.7409103189614165,0.7502948493696369,0.5372073057179855,0.5778314275352353,0.8924108286977043,0.8760848819183464,0.9106470103388864,0.8906721088051256,0.9007095916020512,0.8827699402365345,ANTALYA,MANAVGAT,266480,1.538
54988432B19462176511596,0.37482462402372413,0.4975265984111617,31.892267082874366,0.3707748910784209,0.49379052827742126,0.3332064627309384,0.45302521901485515,0.28667445268420033,0.3992558030822899,0.36810686484048194,0.49111274497226143,0.37180643374402206,0.49479559256163264,0.36994521179954043,0.49296862980329514,KÜTAHYA,MERKEZ,277000,1.23
54988432B19525680012961,0.00023109410842026397,0.000380801186830962,0.02773129301043168,0.0002301413421665041,0.00037923120080801903,0.00021086613721563394,0.0003474691581844446,0.0001845711584395971,0.0003041398011789427,0.0002286341743577141,0.00037674766155094334,0.00023052061413687182,0.0003798561722425357,0.00022953915577467252,0.00037823890682756907,ÇANKIRI,KIZILIRMAK,6830,-0.715
54988432B19751816948051,0.003018527633767396,0.004973986196698242,0.39839240172012147,0.0030081060578241387,0.004956813329267867,0.002794991224945362,0.004605638728382179,0.0025012450329825004,0.004121598268453584,0.00299813009658386,0.004940374754065555,0.0030114242067563204,0.004962281037034604,0.0030056691995854427,0.004952797828761265,YOZGAT,ÇEKEREK,18426,-0.619
54988432B19771634656837,0.002872706197645524,0.0047336989114870566,0.36419590574339566,0.002861415327375606,0.0047150936046338,0.0026297816011164087,0.004333403225452127,0.002282350044871257,0.0037608990198491074,0.0028532347758349367,0.004701613539058291,0.0028642716467913287,0.0047198003011000595,0.002860353743079398,0.004713344306208666,GAZİANTEP,YAVUZELİ,23436,-1.049
54988432B19879435718056,0.025480294208983078,0.04198660917764327,3.453436931816959,0.025380951081751923,0.041822960554404535,0.02338579825637238,0.038535513822331904,0.020682439665984573,0.034080910262946684,0.02526896219474595,0.041638432085543284,0.025417914204055137,0.04188386417848159,0.025346745891970706,0.041766592915726354,KARABÜK,YENİCE,18984,-0.448
54988432B199390104970,0.5652028537186775,0.7408061123856394,48.255554475524,0.5595968490562775,0.735363637102078,0.4935477290271115,0.6600281489115479,0.3937105692452812,0.5406758514480201,0.5598707975293662,0.7356549034541359,0.5597720589550959,0.7355423309655117,0.5613177380380285,0.7371369458798634,SAKARYA,SERDİVAN,168855,1.527
54988432B19989775131060,0.22736555273748507,0.32157228535135834,25.010339542400875,0.22610859768751315,0.32030531816832647,0.20149629786258638,0.2936997798985733,0.15656314778707603,0.23665792111287737,0.22457641236109674,0.31878147609600216,0.22656618673706888,0.3207599439009417,0.22556598052376103,0.319766326114418,AFYONKARAHİSAR,ŞUHUT,35303,-0.488
54988432B20130561704636,0.6043551222922106,0.5839754402174612,23.874706719596706,0.5945767475708462,0.5750492938539455,0.43165374896539066,0.42635928779720594,0.07308376653946093,0.12042645171029188,0.5877810935462818,0.5687772558775259,0.5970544968281246,0.5773297097154217,0.5931153390413468,0.5737005970755505,İZMİR,MENDERES,112853,0.903
54988432B20226026057781,0.09325681915827264,0.14098697892701853,11.522021072357598,0.09266902010292377,0.14026116461227753,0.08435685433423218,0.12820945667224973,0.07345725948989058,0.11209418376411714,0.0920477120529673,0.13939968181888643,0.09285772941800834,0.14051198089381767,0.09243826445039956,0.13994402077474832,GÜMÜŞHANE,KÜRTÜN,11327,-0.705
54988432B20261833520035,0.2105204420647671,0.34689657829978965,27.014535880750422,0.21019212180987532,0.3463557768774003,0.20052027283367505,0.33041916683819805,0.18113592966908643,0.2984779167002316,0.20978481239925467,0.34568465604773324,0.21031003585133992,0.34655004820159657,0.21006737743324846,0.3461502167306408,SİVAS,GEMEREK,21342,-0.478
54988432B20396107752960,0.476847461687439,0.5359931542415408,28.517149907599464,0.46195239541354993,0.5231408233035926,0.2969925933478699,0.36288834874293596,0.09515022601347854,0.15075838169933195,0.4532104287940263,0.5151267037986983,0.4652988171356729,0.5261555318259069,0.4600302033239509,0.5213937466549653,İZMİR,NARLIDERE,61320,1.632
54988432B20434166663535,1.0723000522046278,1.1676888724200658,54.069753470859396,1.0626281366472148,1.1593056979212273,0.9491729478260326,1.0522046445185513,0.7773018194809745,0.8917655263183074,1.0592644984285333,1.1562071561805842,1.0643867814315997,1.160906202681101,1.0628755105713006,1.159531797741598,KAYSERİ,TALAS,173657,0.631
54988432B20444305553089,0.15059676005899314,0.21608514107094237,15.314009326853228,0.14901395532777045,0.2144769699801565,0.1318299787225127,0.1927104444184938,0.11027528668766425,0.16396158488709872,0.14833883450079047,0.2137023190502029,0.14930716306926137,0.2148043813655372,0.1489861971577856,0.21444564344939482,ŞANLIURFA,KARAKÖPRÜ,312031,0.446
54988432B20591788095048,1.4266529493496132,1.385889740177454,53.52579047974765,1.4072065635609465,1.3703384058851216,1.1937406372617456,1.193454344121502,0.9337933859602984,0.9701005592856445,1.3837801098498383,1.3515447729634116,1.4145236375630612,1.3761916506425826,1.396607090874462,1.361896323501934,ÇANAKKALE,AYVACIK,35411,0.133
54988432B20612067222805,0.13228452850201092,0.2176241977024796,15.807686225245885,0.13188568629807554,0.21698754528589387,0.12393557989429418,0.2039694803666796,0.11276760664509412,0.18562838716153987,0.1314354879809737,0.21625545916026642,0.13202183612762072,0.2172079122827511,0.13174447019182345,0.21675821109655702,ORDU,AKKUŞ,20465,-1.012
54988432B20693988968005,0.13425849317185912,0.1877109311455472,14.196589905820352,0.13379387873373802,0.1869975286497482,0.12304905716097465,0.17161158594813095,0.10667587823217677,0.14940318522076101,0.1329316591438825,0.18568862973733277,0.13399934887193052,0.1873145718156752,0.13342914427603833,0.1864387671916609,KASTAMONU,ÇATALZEYTİN,7185,-0.448
54988432B20916998387085,0.7281613392340773,0.8902372332243157,47.339797696284855,0.7224465511562551,0.8848402271675612,0.6552692215961862,0.8136532106524503,0.5547150992205958,0.7079417595591723,0.7204061711119095,0.8827637237972644,0.723509830038424,0.8859058967061348,0.7225955626440302,0.8849898925487679,KAYSERİ,KOCASİNAN,421472,1.558
54988432B20934882721919,0.20470561163961903,0.2762798585044772,17.94227646052111,0.20168854374575476,0.2736143317127579,0.17281527840579528,0.24161716575170694,0.1308662053140168,0.19148447301029006,0.19979015361569444,0.2717037981844164,0.20239037510700253,0.274290908329092,0.2010883394328244,0.273019829209332,BALIKESİR,GÖNEN,75730,0.326
54988432B21001477531,0.03577023855495523,0.05875968393764678,4.537349578865998,0.035581926974586384,0.0584516373934285,0.031885439735892494,0.052377254195782076,0.026942302524309507,0.044250516749920116,0.035356472314948144,0.05808170461058171,0.035648462644059506,0.05856069962021245,0.03550798954967486,0.05833039824602142,SİNOP,DİKMEN,4810,-1.014
54988432B21059504662364,0.5499943123096832,0.7411394298901017,47.31697473259892,0.5423625622190811,0.7330278696621035,0.4243466876690283,0.5924610815078578,0.21398224612736,0.33864764659199387,0.5447840567851728,0.7357246381751632,0.541550141720406,0.7321139096111562,0.5463103076468836,0.7373940846165318,ANKARA,KEÇİÖREN,931722,1.365
54988432B21435707194985,0.28129926876826267,0.45955225776553205,32.89813153125015,0.2802886439714869,0.4579307998064259,0.25992243329208414,0.42499273029173085,0.23185921473139243,0.37952473214150084,0.2788437080070969,0.45560002852124604,0.2806885045641307,0.45857474829987355,0.2797446108653546,0.45705371907859504,TRABZON,DERNEKPAZARI,3717,-0.374
54988432B21454530006409,0.36879745123042285,0.485079036509104,30.581577183275993,0.36223190636612457,0.478584957579409,0.2874003289628301,0.39348178790956684,0.18091337836912177,0.26855574590421016,0.3621512690094432,0.47849884553560773,0.362572503256631,0.47894516375909624,0.3639359788832185,0.48037119519121346,BURSA,İNEGÖL,306004,1.018
54988432B21829167543516,0.29710600454900055,0.26908606185722067,9.632923446976003,0.29215653450702345,0.26531748918698306,0.21317563899675884,0.20300727368048724,0.09930758599956162,0.10940967125409017,0.2920893517983415,0.26526777275748614,0.2924516801206978,0.26554383284139554,0.2936124850877775,0.2664400087308034,BURSA,İZNİK,45510,0.099
54988432B2183648295887,0.113052210824849,0.16555023578470032,12.780166554998901,0.11137635012072736,0.16421008508445217,0.10105870807216495,0.15289393730472248,0.08767258043756274,0.13510011782214876,0.11066110156095976,0.16357413496024614,0.11170736281057916,0.1644920026972041,0.11121046136056782,0.16406524058215766,ISPARTA,YALVAÇ,44596,-0.1
54988432B21974085302576,0.13794355453415322,0.1556833447847352,8.63767846868194,0.13673578095830324,0.15465947525146218,0.12527452107802545,0.14326459823107104,0.11090910338177698,0.12855083388755434,0.13625779752619618,0.15421784675289038,0.1369387300486165,0.15484321225889208,0.1367117030063202,0.15463742263022606,ADIYAMAN,MERKEZ,296876,0.542
54988432B22127329253106,0.2300240916431073,0.3786101479262823,34.43677953622957,0.228788016875006,0.37659537040180996,0.2046558164297936,0.336919242888328,0.17237938093085045,0.28380141052315544,0.22768263904397554,0.3747870450834242,0.2292286220189275,0.37731610817503686,0.22853870028446385,0.3761902309007404,ERZURUM,İSPİR,13984,-0.381
54988432B22219772223336,0.39547966019420916,0.5337911930190928,40.1085092020417,0.3857261242173722,0.525370157280283,0.31218969606774094,0.4430821906245108,0.2248720074455437,0.33340727741008674,0.3788412592297223,0.5185912955866956,0.38819957902590263,0.5276808899386694,0.3831079832866539,0.5228413410251804,AFYONKARAHİSAR,DAZKIRI,11723,-0.088
54988432B22317545762154,0.1716786905166489,0.28285038269211266,18.608500940286596,0.1709656076858497,0.28167575929845085,0.15882983407550136,0.2616858858109676,0.14169252065828328,0.23345654076318026,0.1699951941601138,0.2800773256919422,0.17122090388637157,0.2820962799838391,0.1705731157827288,0.2810292576965861,ÇORUM,BOĞAZKALE,3587,-0.604
54988432B22429834730887,0.1590949877224739,0.24686591541931077,18.825122046070202,0.1575760286051822,0.24522387502800538,0.1401670641917965,0.2208161431458217,0.11614414030937036,0.1849785703766679,0.15653928897202113,0.24392866673531793,0.1579593564724517,0.2456816506489645,0.1572823327690931,0.24486652472705922,MERSİN,TARSUS,358510,0.613
54988432B22474177192054,0.4147066625083883,0.5083367950751043,34.14949267596967,0.40342303412343933,0.49956335678908326,0.34658423799310834,0.4451830682506181,0.28948967474550114,0.3805613866266697,0.3997674924698753,0.49671169913859414,0.4053494024924482,0.5010749447292656,0.403048680989821,0.4993789692783672,NEVŞEHİR,HACIBEKTAŞ,10564,-0.211
54988432B22642598779433,0.3895888073397008,0.6419182770992556,54.54327290586963,0.388116351582014,0.639492205024666,0.3591832660645036,0.5918214314430088,0.31932370731648335,0.5261481593832752,0.38844090910824797,0.6400269561353207,0.38804808392502976,0.6393797251476546,0.38885818112584997,0.6407144672615075,KIRIKKALE,KESKİN,15841,-0.48
54988432B22653723739411,0.5216263834644529,0.5691365070183667,27.968071146516273,0.5143278933741084,0.5625762057756065,0.4275692414716466,0.47480894070903745,0.24738260135292034,0.30389247492865934,0.5142415828409533,0.5624931205145898,0.5146981693556063,0.5629318079345164,0.5161917019605987,0.5643508000248825,BURSA,KESTEL,77374,0.777
54988432B22713208717881,0.2580763141098512,0.3680528920303559,27.519352528999068,0.253870464559193,0.36435979064909474,0.22550206720411245,0.3305633199530786,0.19524890684981544,0.2904237255550691,0.25091519958891145,0.36131735315082797,0.2549760826547771,0.365424523615689,0.252690808576371,0.3631752764162351,ERZİNCAN,TERCAN,16145,-0.527
54988432B22762038949408,0.0009348314571536208,0.0015404327302175442,0.13918218212769803,0.0009301920159278483,0.0015327877723383333,0.0008377366992261296,0.0013804381751568256,0.0007133232424015912,0.0011754273579603603,0.0009255781888970872,0.0015251850220079294,0.0009316515136064613,0.0015351927598648096,0.0009289852207420219,0.001530799192697917,MALATYA,ARGUVAN,6859,-0.877
54988432B22791175863711,0.1219049581497329,0.20087726624157623,15.64951442208411,0.12134819986727291,0.1999598295479796,0.11014154347751651,0.18149329189888821,0.0948307871391689,0.15626394172298733,0.12103674577180286,0.19944660967401096,0.12148363017490153,0.20018299413763707,0.12135748139528514,0.19997512382314234,AKSARAY,ESKİL,27946,-0.542
54988432B2283015809064,0.750571658949132,0.905921214422712,54.69684053541504,0.7462663906156146,0.9019088799940019,0.6689398775229526,0.8248685929051194,0.553490070342727,0.7034527133160947,0.7393857119211881,0.8953121340252279,0.7481574280947885,0.9036993113176912,0.7432560530895033,0.8990347432908992,ÇANAKKALE,EZİNE,31894,0.043
54988432B23049550027928,0.030481464190022033,0.050227925840484286,3.5839000742990916,0.030402557118588344,0.05009790129482752,0.029126923498317265,0.04799588839678642,0.02737202118775977,0.04510412760201362,0.030346274760105013,0.05000515817361768,0.030427729698140477,0.050139381141434486,0.030391580425040195,0.05007981369424267,KARS,SUSUZ,8417,-1.064
54988432B23191513902101,0.025142575770692944,0.04143040581569286,3.658613372093809,0.025081313703245373,0.04132945703707091,0.023482045472409317,0.0386941529848538,0.02045937783553127,0.03371334481372792,0.025042083646592734,0.0412648130172173,0.025096797411621345,0.04135497138084377,0.025079360774816522,0.041326238965140885,ŞANLIURFA,SİVEREK,277399,-0.797
54988432B23223928850559,0.9324349972844495,0.8996954227591667,41.651201045064006,0.9083809948936832,0.8815427976552971,0.7751499162479948,0.7697521091041738,0.6473278392384801,0.6560151161283237,0.8920999410219692,0.8686537915447022,0.9145536039930704,0.8863212283762683,0.9014973972106217,0.876139210107443,RİZE,ÇAMLIHEMŞİN,7051,-0.287
54988432B23323224712482,0.1949692316078576,0.23420784596744948,11.814169462575054,0.19289206459041866,0.2324013407247235,0.17728682956439834,0.21699968890345725,0.15904924690710026,0.19827282635714338,0.1918435883112762,0.23143324369332874,0.1933164490380876,0.232785521432166,0.19263184127618116,0.23216394743064783,BATMAN,MERKEZ,517785,0.367
54988432B23399506189072,0.2125491850012692,0.3177102068003607,23.332231112416547,0.2113541621014434,0.31648012337974524,0.1976091137299601,0.29884773016430854,0.17940904773721753,0.27410939607387336,0.21023533950123707,0.3151609081585242,0.2117268754068295,0.31689873553126446,0.21092616968080632,0.31598400496049184,ERZİNCAN,MERKEZ,169506,0.724
54988432B23414498187301,0.3494958011027189,0.39514731752395443,20.30100899432498,0.3461782434878837,0.39232543859970975,0.3198079579485136,0.36565617719644994,0.2854748367196114,0.33036487341877696,0.3436017325916198,0.38989819195156133,0.34709253578409044,0.39315036830112965,0.3451165021562047,0.39134045251146504,RİZE,ÇAYELİ,42032,0.054
54988432B23567974096892,0.5356057503517974,0.7406876547544999,52.5406868385142,0.5304585426813582,0.7356460923406448,0.4754484632646182,0.6699137129099609,0.4021349166511647,0.5775868657249345,0.5274750452641926,0.732371796487179,0.5317102254437339,0.7369744955246236,0.5297895970398937,0.7349169663690538,ISPARTA,MERKEZ,273638,1.551
54988432B23570910336885,2.567639262095749,2.251946448150121,83.04845191926795,2.5646895131034273,2.248349791996034,2.5065411546945704,2.175147420461537,2.2779044470888374,1.9466722118291682,2.5610392146788565,2.243937876941827,2.5657715112195505,2.2496556448867477,2.5633992470091314,2.2467924498093224,AFYONKARAHİSAR,ÇOBANLAR,14457,-0.801
54988432B23630404748183,0.03016473814367421,0.049706018747421636,3.6285489671094306,0.030038558870624857,0.049498098185278686,0.02749200094012516,0.04530183247821643,0.024023046229789645,0.039585624134400484,0.029844469995215114,0.049178274912362076,0.030087917267593085,0.049579431873420114,0.02996226614561961,0.049372381608481626,ÇORUM,BAYAT,13312,-0.868
54988432B23635827316109,0.33380280148240454,0.5120793644064771,39.18935498958563,0.3312485158518586,0.5088399015001597,0.28019347620306934,0.43546111128450166,0.1809260696502974,0.2862674661264307,0.3315213531731196,0.5092066174363988,0.3312841818410942,0.5088877109369152,0.33225297830943573,0.5101786032042286,KOCAELİ,KÖRFEZ,183077,0.55
54988432B23701812134716,0.15667156040495367,0.22608105744791293,14.079899079446204,0.15567959556394897,0.22492805998553725,0.13721864068789183,0.20269827136801255,0.11146453729278806,0.1702642244279915,0.15457969357501675,0.22364037231889294,0.1560429887303843,0.22535170756521958,0.1553301465777069,0.2245198657901401,AYDIN,SULTANHİSAR,19791,-0.265
54988432B23708733321039,0.474193324164582,0.670128960564152,44.44765152032355,0.46693992853539457,0.6624108903639302,0.36781669742322454,0.5382434765272022,0.19410343267642938,0.3162569971512927,0.46909493887939646,0.6648713537103365,0.46622850578862834,0.6615850609315237,0.47049138556028164,0.6664209441981312,ANKARA,MAMAK,690329,0.779
54988432B24237027631041,0.2349999252352916,0.29299662225091744,16.879329762715393,0.23394087488142937,0.29188120026873077,0.21560449633880208,0.27147635269009934,0.18711937030218628,0.24037444060006716,0.23328041672823568,0.2911454193010403,0.23419886373905913,0.2921657939368536,0.2338474367213173,0.2917776027828588,DİYARBAKIR,YENİŞEHİR,232622,0.466
54988432B24385589746851,0.0,0.0,0.0,0.0,0.0,0.0,0.0,0.0,0.0,0.0,0.0,0.0,0.0,0.0,0.0,BİNGÖL,YAYLADERE,1889,-0.451
54988432B24416647543453,1.112521254963685,1.372181458284916,73.54173011241414,1.0935323491999518,1.3563022642393794,0.9107204009074004,1.174074871778363,0.6784413985108001,0.925537862909389,1.063210495784711,1.3280748547639598,1.1019841652629332,1.363710405348273,1.0773162734272341,1.3414281397244714,MUĞLA,DATÇA,26067,0.923
54988432B24437456666423,0.1475336913879111,0.10687666168203805,1.6431908968935767,0.13908735638214706,0.10076658791783796,0.10529283016601175,0.07631115568055752,0.07993962208232956,0.05795753030996078,0.13440942391669766,0.09738216071866672,0.14093720360398887,0.10210485108047579,0.13717706605223517,0.0993845500062975,TOKAT,SULUSARAY,6536,-0.911
54988432B24535022405738,0.15240071981145092,0.2511287517228827,20.9203820059698,0.15184735694860432,0.25021691006512414,0.14069023567161862,0.23183199729977305,0.1253669939393349,0.20658207345861776,0.15197138976156063,0.2504212936502471,0.1518212276354706,0.25017385369505735,0.1521301085337169,0.2506828334065942,KIRIKKALE,ÇELEBİ,2587,-0.608
54988432B24536505693490,0.20648195856734933,0.21850063731656444,11.152419987203494,0.19870934713598712,0.21267038274337638,0.16385686315839845,0.18315020757418374,0.13456134553500362,0.1558093056496224,0.1942244062945041,0.209144129462115,0.20044850451584287,0.2140080976847078,0.1968926739790744,0.21125482360069603,TOKAT,ARTOVA,7589,-0.583
54988432B24577207429015,0.09442189129608801,0.1555661058257436,12.569362986398305,0.09407881249798081,0.15500093436827037,0.08740471703068847,0.14400634620739342,0.078053184622124,0.12860080793681805,0.09348914188851133,0.1540295517002998,0.09422609499345927,0.15524355796813735,0.09382611880514667,0.15458466514271105,KASTAMONU,İHSANGAZİ,4976,-0.49
54988432B24627803634340,0.054711779972971164,0.0901550926147063,7.105451576355252,0.05457609882268649,0.0899315146818365,0.051737823786549834,0.08525455208118042,0.04774147641658603,0.07866929626538324,0.054444702582323055,0.0897149975035425,0.05462072130454477,0.090005044440631,0.054543724791699826,0.0898781681490906,BİTLİS,ADİLCEVAZ,28769,-0.832
54988432B24762133254880,0.10646417538668466,0.17543365609520756,14.955561775669722,0.10630250817214089,0.1751672578404413,0.10087392019055329,0.16622192920209525,0.08909898182856335,0.14681896590822865,0.10602151671788389,0.17470423487546022,0.10636826654492847,0.17527561571495728,0.10619394860962245,0.17498837136630546,ÇORUM,LAÇİN,4094,-0.789
54988432B24776068854278,0.07515367434380614,0.12262432842502966,7.672803416463241,0.07502331113367396,0.12244356522487593,0.0728820334868918,0.11905133486323988,0.06989050777023802,0.11422399812464926,0.07487996002710116,0.12222565006881037,0.07506770672979543,0.12250919748438081,0.07497235403055082,0.1223668592282368,SİNOP,ERFELEK,12565,-0.585
54988432B24795897015329,0.10260665145123739,0.16907715612691002,15.229360975292863,0.10167459548959946,0.16754129691002712,0.08379738373914654,0.13808289358534961,0.0598451771053806,0.09861400025998987,0.10101310531403682,0.16645128104742804,0.10190891806736414,0.16792741802892563,0.10159631497438959,0.16741230481541497,KONYA,DEREBUCAK,5353,-0.621
54988432B2483198976675,0.09692143176342685,0.14618200425301087,10.419427852870871,0.0960979234138906,0.14528639629923357,0.08649870257895032,0.1322572838912224,0.07396731599411446,0.11444138342635597,0.09573620900075983,0.14484021395435745,0.09625384172780935,0.1454735202007519,0.09608312066500665,0.1452684389515206,ŞANLIURFA,EYYÜBİYE,414516,-0.568
54988432B25026961514665,0.01817439065177468,0.02994810026718305,2.3937453577793493,0.018057244456684253,0.029755064579565973,0.016488823368303766,0.027170591024663224,0.01446933657114775,0.023842842972566912,0.01798937086983033,0.029643221215816307,0.01808230199679365,0.02979635486203119,0.01804727015421482,0.02973862873771721,HATAY,SAMANDAĞ,122952,-0.029
54988432B25326258827765,1.125660465852403,1.8548843338997958,164.95001064416604,1.120224431870013,1.8459267356022964,0.8794047413298165,1.4490995529585933,0.3997629204982814,0.6587368047475867,1.1224600644321638,1.8496106526818126,1.119408096280991,1.8445815625761344,1.1237034991815211,1.8516596076791465,ANKARA,ÇAMLIDERE,10203,-0.526
54988432B25362626597569,0.3583692562587794,0.5087897864364411,33.60730052320651,0.3545654187355297,0.5052227978100193,0.316082155460095,0.4609636144355966,0.26633537364454424,0.3988079400143285,0.35329706684583523,0.5032421109991295,0.35507259124826884,0.5058875028238852,0.35476525349910076,0.5049757676459702,TEKİRDAĞ,ŞARKÖY,34458,0.097
54988432B25487476963014,0.19331518335252607,0.2997023979306524,21.374972081643918,0.1916217960381014,0.2979921334190929,0.17615286506376307,0.27682266302050257,0.15768823283462416,0.24963668943470738,0.19025968816323416,0.29634579083892804,0.19207962068360798,0.29850999574742715,0.19110031910424274,0.2973771062719938,TOKAT,BAŞÇİFTLİK,8445,-0.936
54988432B26148640442068,0.007922411762542755,0.013054698029139864,1.1880623193180482,0.007882999098183532,0.012989753104897707,0.00709759596884117,0.011695551163364796,0.006040762300977184,0.009954080912320373,0.007844858756484881,0.012926904737692384,0.007895196706363801,0.013009852551410203,0.007873418782206302,0.012973966481347313,MALATYA,KULUNCAK,7414,-0.873
54988432B26216305629532,0.5085600140381749,0.5428912117545893,26.110524999047257,0.5015870728583267,0.5362229927904233,0.38492600756973105,0.4191126753336586,0.1104140279180674,0.16714360899992375,0.5030416244624291,0.5376828937015974,0.5013372786866448,0.5359711012741188,0.5046407784608455,0.5392687877039694,İSTANBUL,BÜYÜKÇEKMECE,283239,1.891
54988432B26373171559037,0.07196735734201375,0.10447823614505844,7.099632642029,0.07081427519897353,0.10345160308452306,0.06316251751062273,0.09433670379848684,0.054876161408025266,0.08330273486994223,0.07035089804663912,0.10298103956264716,0.0710030135311196,0.10363599716673089,0.07074237981724514,0.10338017085223877,HATAY,PAYAS,44530,-0.028
54988432B26387222249237,0.1575220097668726,0.22142741732019566,14.914155916861981,0.15574096723804431,0.21975905926014389,0.138813924837207,0.19979027633105315,0.11653567244617265,0.17183136099752347,0.15494029949605206,0.21891028649001892,0.15605302471564336,0.22007966007369287,0.15563554202416163,0.21964932889247274,GAZİANTEP,ŞAHİNBEY,957792,0.854
54988432B2651757206264,0.1210046383761929,0.19936974776753646,18.147064216037553,0.12036160884231811,0.19831131896810536,0.10763677372946209,0.177347767164138,0.09060043112720272,0.14927846554181054,0.11978459361876247,0.19736121633842083,0.12059197075507268,0.1986906046403692,0.12023342148088051,0.19810040661331146,ERZURUM,UZUNDERE,8263,-0.561
54988432B26639415415250,0.015565501174298686,0.025646952389321825,1.7630314013340043,0.015521744110134982,0.0255749731146281,0.01462901776941372,0.024104419712110664,0.013394211936847134,0.02207005690297708,0.015462775100506226,0.025477871788901704,0.015538456572311668,0.02560248497098334,0.015500609067274962,0.025540174536900894,ORDU,AYBASTI,19784,-0.464
54988432B26755452490814,0.2510437442892332,0.29958820147383686,20.208070803319885,0.24683199158654134,0.2959229520877874,0.2083889167530027,0.25563569354361765,0.16359949365708792,0.20588050690763973,0.24454652687803724,0.2937294653853053,0.24781308023045376,0.2968367586203975,0.24632262182554618,0.2954410402904365,ISPARTA,ŞARKİKARAAĞAÇ,24310,-0.249
54988432B26897526032895,0.008692829165919779,0.014324206211614468,0.5970624460048616,0.008677694306747622,0.01429926670807336,0.008430007258014573,0.013891123364372555,0.008090393953071462,0.013331502219246973,0.00866353470865648,0.014275934257951567,0.008682229412682482,0.014306739740312066,0.008673428504249212,0.014292237439065662,ORDU,KABATAŞ,9949,-0.805
54988432B26930911195610,0.2312166176828635,0.3170497471448528,18.676221815849967,0.226031253122739,0.3130959711815006,0.199812706309567,0.28825561851015374,0.172421926691682,0.2568928741556832,0.22465607344637228,0.31194530994347813,0.22679256247833926,0.3137051584117425,0.22610820261120826,0.31313493405006426,KAYSERİ,AKKIŞLA,5440,-0.812
54988432B26980759759875,0.005075164051438386,0.008197953818776863,0.6768692251051238,0.005061956579178447,0.00817714771208533,0.004804028056658427,0.00775617807171235,0.00444155094053623,0.007164049440531013,0.00505112223495482,0.00815977579188077,0.0050659521744250285,0.008183531307001501,0.005059777879385661,0.008173735252105156,MUŞ,VARTO,28804,-0.844
54988432B27026287555316,0.31721647655540763,0.4812573212151927,35.36551064018371,0.3160976449285511,0.4797925422357704,0.2973029134871507,0.4525543778680103,0.2717871488991092,0.4149574375651745,0.3152500218357259,0.478610648693777,0.31643877243483376,0.4802615094698311,0.315921021028184,0.4795498008907245,BAYBURT,MERKEZ,68715,0.161
54988432B27102438634757,0.2560845520729006,0.3676337598978001,24.68960896627748,0.2516978688949949,0.3623400860787096,0.18318569269942556,0.2730571732199652,0.09109885719394756,0.1499099505922121,0.2485232099931843,0.35827780699651135,0.25284354209855586,0.3637868721671246,0.2510117255190357,0.36146504336936514,İZMİR,MENEMEN,220510,0.838
54988432B27162920946888,0.0847300929849489,0.06203060743748607,1.0107416487754857,0.0812333971511607,0.05950029175548576,0.06722762336777667,0.04934773621230072,0.05670708876807378,0.04170661786915155,0.07935319784157566,0.058138925526982146,0.08200616534660929,0.06005965973220417,0.08048739851330969,0.05896021205590041,SİNOP,AYANCIK,23818,0.146
54988432B271913105949,0.2919225155716003,0.40666057337494227,25.892231304342314,0.2900203530797852,0.4049006053587124,0.2722876294742569,0.3839128790759193,0.24807864627784915,0.35411836687934944,0.29005195735693606,0.40492205457672814,0.2900993701325507,0.4049854522476579,0.2905236541069956,0.40540540594086094,KIRKLARELİ,MERKEZ,114710,0.85
54988432B2727016024210,0.6656445045150664,0.9965172661140276,69.4068906748203,0.6495098555388378,0.9771333025136297,0.5534672056470364,0.8476844797105416,0.45806388847222396,0.7120861490482114,0.6450196212136466,0.9714842753497626,0.6520083520836565,0.9802378619696933,0.6498504208952134,0.9775566759208527,KAYSERİ,SARIZ,9213,-0.67
54988432B27415936221667,0.0012045323384331887,0.0019848508782295345,0.15263168780571956,0.0012024901730259615,0.001981485759940309,0.0011588763110412248,0.0019096180238063086,0.0010962208505728478,0.0018063731861473224,0.0012003225845339405,0.001977913967150068,0.001203218830794177,0.0019826864558162307,0.0012018872251743486,0.001980492211212213,IĞDIR,ARALIK,18477,-0.852
54988432B2751478310709,0.1604403005345091,0.264376522952932,20.189235878655094,0.16002055670734378,0.26368486123709617,0.1506380053963199,0.24822411799632646,0.135883354821428,0.22391112928102314,0.159527021724053,0.2628716050763725,0.16016723377214803,0.26392655844322643,0.15986629570560407,0.2634306670780768,ORDU,ÇAYBAŞI,11656,-0.932
54988432B2777192469074,0.5579370459275108,0.6109441881472453,29.3230459099438,0.5498420101488133,0.6032868789988179,0.4084502919698807,0.4648279965175174,0.13714564086877729,0.21056549121573875,0.5515697812515272,0.6049869115697984,0.5495443574680766,0.6029929336938138,0.5534560036864988,0.6068252252019766,İSTANBUL,ESENYURT,1003905,2.479
54988432B2790906472505,0.2201014027878622,0.3173998117481765,23.539346145855063,0.21855480358421345,0.3154596903769973,0.18975652694621314,0.27907046681064607,0.14474807910035214,0.21865935731946792,0.21471382515878737,0.31079361551974405,0.2194090818602989,0.3165037239135642,0.2166036961886439,0.3130940914107297,MUĞLA,KÖYCEĞİZ,41810,0.205
54988432B28277823667542,0.25113379589689755,0.1942046996827831,4.174289195497546,0.23952517072531898,0.18574909073740276,0.19207382423305744,0.15025107745035432,0.15572057044311907,0.1223674081732139,0.23127569740410797,0.1796756643229596,0.2425587977778136,0.18796958756868773,0.23549088259284348,0.18278516946032525,KASTAMONU,ŞENPAZAR,4083,-0.859
54988432B28290030678848,0.31232634470515047,0.4014813945648798,18.3240920210749,0.2995225956402788,0.3890518754116714,0.24202771527612932,0.32917361791725,0.19267689544886793,0.27456878449606303,0.29366674283999483,0.3832280347236672,0.3020337131926585,0.39152442272493815,0.2977141967446001,0.38726262397211575,MERSİN,ÇAMLIYAYLA,8383,-0.505
54988432B28558182878988,0.4778606872429615,0.78742776302653,57.343282469155376,0.4763240868649241,0.7848957242322852,0.4446643347346919,0.7327261935229974,0.400736030065967,0.6603403128630653,0.4748267840793887,0.7824284407447275,0.47680112066284247,0.7856817894316431,0.4759492897070842,0.7842781264774054,MALATYA,DOĞANYOL,4002,-0.973
54988432B28682407811483,0.09288640741517872,0.1529098573725722,13.900350695302489,0.09234650185486658,0.15202168762815343,0.08089339073262918,0.1331769423030483,0.06356829050964266,0.10466376575236207,0.09086969580434202,0.1495899256280327,0.09266727022607985,0.15254963440596547,0.09160101702774377,0.15079382973191052,BURDUR,ALTINYAYLA,5060,-0.663
54988432B2869647225389,0.24894341360534636,0.3527353741963585,19.422483565639162,0.2423635889142757,0.3470825455284338,0.20097254138488616,0.29963572182275655,0.15899106068705338,0.24602644200144988,0.23869956381298,0.34345589948321176,0.2438013725663876,0.34843278740642025,0.24117545330418227,0.3459330380340307,BALIKESİR,DURSUNBEY,32168,-0.456
54988432B2872798866020,0.6329176538130875,0.6874810653158804,38.85083250251939,0.6315799559176793,0.6855749998856556,0.5851363656149325,0.6330194625841502,0.5023337147823039,0.5472815777175903,0.6285837219619308,0.6817028099255334,0.6322211457307718,0.6864577264338012,0.6303541148084747,0.6839545515163148,KASTAMONU,ABANA,4474,0.084
54988432B28758296950663,0.20792714669257448,0.3426262347238832,15.543777974241173,0.2075753933046171,0.3420466089232878,0.20098186677314617,0.3311816727907775,0.1917698631838096,0.31600196127026164,0.207125884920809,0.3413059006152539,0.2077020646407739,0.342255340316207,0.20741103806550024,0.3417757812914393,GİRESUN,ŞEBİNKARAHİSAR,19130,-0.204
54988432B28761186895791,0.5016930506874968,0.610045794971477,33.87253818048605,0.4941695061581247,0.6027937960303369,0.3758617401528461,0.47875639271420406,0.15492477640335497,0.24947527898030197,0.4956819949208707,0.6043221962424795,0.4939156097321977,0.602538715485111,0.49738494342735995,0.6060341321987972,İSTANBUL,KARTAL,475630,2.321
54988432B28793494841069,0.05787444064677989,0.07993479546213535,5.5980969238796074,0.05676438557070059,0.07909389359456007,0.05107816238300529,0.07367709930773368,0.04462078123680577,0.06600130892419297,0.05637469532875852,0.07878140910227012,0.05694455614311027,0.07923521283060293,0.05670329579210674,0.07904498082458146,DİYARBAKIR,BİSMİL,119815,-0.727
54988432B28826403720694,0.45441526077605116,0.42980288683576895,17.430857748833276,0.44447011389584046,0.4217366393198521,0.3509648455452985,0.3385941403533832,0.17795171432652757,0.19074278961510435,0.4443565397957946,0.4216380576194176,0.4449469774098026,0.4221410912470293,0.44688195532781155,0.42376613247731426,BURSA,YENİŞEHİR,55609,0.062
54988432B28913521474336,0.1407325420405081,0.21406256470712923,15.667750831491764,0.1392203751497822,0.21259321381529908,0.12646446510704998,0.1956634908524673,0.11163105413298577,0.17428799711820497,0.1380371430786809,0.21120966986939066,0.13961975309228872,0.21302740397722955,0.13875999177183537,0.2120658077964089,TOKAT,ERBAA,103409,-0.097
54988432B28918062782607,0.4707944896614209,0.5245710260338909,27.37384409475836,0.45610049227579824,0.5122785187256919,0.32541203963998006,0.381378745109037,0.09068557883738054,0.14938939821592948,0.4487460130768725,0.5055679371971126,0.4590465815935164,0.5148927533347514,0.45444716963561177,0.5107909993781752,İZMİR,GAZİEMİR,137220,2.031
54988432B29112177447975,0.7315359618529157,0.8338780334374395,43.04124861804978,0.7204558811679405,0.8235379595456184,0.5562683905929474,0.6553719146868351,0.21257442289241166,0.3192125876002733,0.7226990797889955,0.8257359387703089,0.7200742736209232,0.8231627433529328,0.7252015659844192,0.8281581654341693,İSTANBUL,ATAŞEHİR,412125,3.545
54988432B29207959806558,0.6882344636403748,0.7793366381134057,41.83594008526166,0.6741899968585231,0.7670749067545194,0.49229527422732516,0.589033155148243,0.17481284312410852,0.2736758169962566,0.6782624797785118,0.770794837105896,0.6728496020730484,0.765837381054323,0.6809194832094204,0.7731778863118147,ANKARA,ETİMESGUT,632458,1.957
54988432B2925959455693,0.6886742252957949,0.968363697787244,66.71138768729625,0.6691584166587349,0.9503856206558681,0.4786959272884803,0.715650558182953,0.2339170275160432,0.3834482913968347,0.6744885883736942,0.9557352092910764,0.6674370196887636,0.9486154896456264,0.6780858289747222,0.9592227925557757,ANKARA,KIZILCAHAMAM,27841,0.022
54988432B29479303092234,0.28765351487749985,0.3752817522183319,24.780907470305046,0.28647962490719375,0.37400753287709937,0.263298579583989,0.3479471315436999,0.23073241075765671,0.3102186952304986,0.2849091678052378,0.37227991348742656,0.28691716859305016,0.3744862734519007,0.2859066960752178,0.37337864414646843,GİRESUN,KEŞAP,20859,-0.24
54988432B29488154081251,0.21006903474828903,0.2824902301095739,18.93403223557801,0.20819803095118145,0.2805871035314745,0.1898478823870368,0.2578715846600936,0.16657264923687864,0.22792221156065567,0.2070529377425079,0.27928935502015223,0.20861139859282568,0.2810403975180302,0.20789473003941641,0.28024858850346435,MALATYA,YEŞİLYURT,309890,1.023
54988432B29554911606653,1.2191564112581255,1.8057705698000495,136.7378726185725,1.20108348670505,1.7874233659278924,0.7623638631226576,1.2122224977509244,0.1945817071676311,0.3199527854853794,1.1953233011258335,1.7812121964621233,1.2039054848737674,1.7904284801190697,1.2032072213658134,1.789677273521543,BOLU,MERKEZ,222589,1.48
54988432B29564092922191,0.06993516804288322,0.05058701272908364,0.7693094720905249,0.06678534635530221,0.04830862413892276,0.05418605328245761,0.039195059359911764,0.04473657812535732,0.03235987695575871,0.06593621737675057,0.04769441599723675,0.06725454037931591,0.04864801047497383,0.06677945207275963,0.04830436057439397,HAKKARİ,ÇUKURCA,14299,-0.386
54988432B29828557517044,0.5745858143831613,0.6069690146208827,29.696652561918746,0.5624494585339315,0.5962131855337849,0.4576477022196143,0.4951764244481339,0.3399302611795564,0.3789771840313362,0.5536160684100495,0.588013374791717,0.566284413410862,0.5997080086781293,0.5593220083214757,0.5933296020165213,ANTALYA,KUMLUCA,75588,0.515
54988432B29874817302279,0.10848835375934668,0.17876913501302358,13.018602451121602,0.1082879129704221,0.1784388449384146,0.10401319843044785,0.17139489050221826,0.09788257064187261,0.16129272756147056,0.10813603945722461,0.17818858492759415,0.10835755714166347,0.17855360590417815,0.10826711270209725,0.17840456986788755,KARS,AKYAKA,9382,-0.832
54988432B29894117930942,0.3679971643066448,0.49375458489202056,30.79884589914823,0.362321464677063,0.48828386486275493,0.2956756176411971,0.4120522950350834,0.19401901259358206,0.28983272443988983,0.36225134841015794,0.4882109566583258,0.36262176219181874,0.4885953453426256,0.3638239236404131,0.4898280714258606,BURSA,YILDIRIM,654589,1.085
54988432B29917734585763,0.10983028701636659,0.15182153974935053,10.397418124024,0.10857114864816196,0.15056113719389794,0.0966351393251338,0.13614704045355958,0.08252431409706823,0.11823774089022356,0.10796723093948228,0.14989328441991553,0.10880508106268506,0.15081316840789374,0.10848002585130437,0.1504618086692121,HATAY,ANTAKYA,301855,1.146
54988432B30085289837224,0.7015398173370005,0.8598293334212743,41.72599138621415,0.683090867387209,0.8457224157656796,0.5955976550626827,0.7667238930267045,0.5190788229945014,0.6895155524377226,0.6834983581369314,0.8460485221456656,0.6836944951804366,0.8462052792700687,0.687430127525576,0.8491644555667944,KIRKLARELİ,DEMİRKÖY,9364,-0.286
54988432B30163162134141,0.17492437976533093,0.22291902237027103,10.755924049629677,0.16066883956301167,0.21067100654508383,0.07852262662546763,0.12027906103250383,0.043228244497259066,0.07123230843790652,0.15779810423160898,0.2079110425988061,0.16220497163348477,0.21211885526551894,0.16182763472902342,0.2117648290434218,BOLU,MENGEN,14152,-0.245
54988432B30290835875558,0.2528189430335196,0.4165996689335346,28.165684015234138,0.2524699732942137,0.41602463805133777,0.24113116974464405,0.3973403777255607,0.217328274583422,0.35811754654311817,0.2522274301257336,0.4156249736250033,0.2525511815015365,0.41615845325850204,0.25245587062835656,0.41600139989322515,ÇANKIRI,ORTA,17223,-0.699
54988432B30380906676277,0.4402542476214919,0.6810228556809234,56.579720022187004,0.43766188086104396,0.6777318624846581,0.375278905547012,0.5908391430923075,0.24585389851527914,0.3962495797543079,0.43524549182397737,0.6746000079303747,0.43845941850136133,0.6787555931234655,0.43708399070898113,0.6769836304550271,MANİSA,KULA,43015,-0.119
54988432B30515055342266,0.11116971165319163,0.18318296632881034,15.162096291173926,0.11076055008153061,0.18250904592416353,0.10243417046434694,0.1687898968131928,0.09100323912087338,0.1499547057266505,0.11041367314620393,0.18193762380403095,0.11088348021441607,0.1827115461738064,0.11069304123678948,0.1823978722651994,YOZGAT,AKDAĞMADENİ,39642,-0.393
54988432B3051798529844,0.006752775816528814,0.011127350077922224,0.8319146272486441,0.006739140201070382,0.01110488105616638,0.006458513848321214,0.010642459712267002,0.0060610832120079295,0.00998756608894773,0.006725642342315916,0.011082639032479519,0.00674448523247456,0.011113688698716307,0.006735624470553439,0.011099087769775041,ARDAHAN,GÖLE,22038,-0.831
54988432B30574350937467,0.25917274217950925,0.3593961722263029,23.03094790856967,0.25586793558051707,0.3565519107600009,0.23271466666079235,0.33136101686580266,0.20663954194614353,0.29994630635631925,0.2543953828335405,0.35514531594381116,0.2565088461963281,0.3571437969734508,0.2555728296643724,0.35627487047595463,MARDİN,ARTUKLU,198718,0.311
54988432B30601194399557,0.3073984589104255,0.37653274952022003,21.744297774461213,0.3034964467235983,0.37285667218178353,0.25933911580766006,0.325858120073818,0.20323176520922728,0.26436540183982865,0.3007373185691091,0.37006366457950707,0.30450701109674333,0.37385730680504603,0.30270197951368033,0.37206001490580826,MERSİN,YENİŞEHİR,281358,1.948
54988432B30610507715485,0.08833160728141726,0.14554978951703793,11.573587965419817,0.08810870801260598,0.14518272329099252,0.08345541364655075,0.1375158633528157,0.07691108644628872,0.12673269285011127,0.0878923932145639,0.14482637114389244,0.08818207238028239,0.14530357207945385,0.08805515451455184,0.14509450334965512,BİTLİS,AHLAT,45637,-0.706
54988432B30800064682822,3.329046518339504,5.459303593274836,491.5634613466889,3.31963159947313,5.445355360920935,3.150778112759746,5.173378819687679,2.8859643003207514,4.741711215209077,3.3124359023047916,5.434601423387392,3.3221703250191905,5.4491311141758665,3.3181105064944356,5.44338932229351,ÇANKIRI,ILGAZ,13948,-0.249
54988432B30848484740175,0.19632546857916694,0.2779683240068625,18.058799768614634,0.19461285360053396,0.2763106816792543,0.17712276416857461,0.25506872138843645,0.15581266470713306,0.22767515338113645,0.19303583111000663,0.27456099037125065,0.1951296926831426,0.2768539305719603,0.19398238911023477,0.27562436101425614,TRABZON,HAYRAT,7410,-0.676
54988432B31063140501282,0.302897354731496,0.4180793554402006,27.436555305266175,0.29836992810989693,0.41295044649295715,0.22237355069834192,0.3180778672632823,0.09716312760531072,0.16000440219254233,0.29517279264195845,0.4090920458926538,0.2995286006315687,0.4143264078037452,0.29768576201276664,0.41213119104709606,İZMİR,BUCA,520941,1.227
54988432B31153885682838,0.26180748546027116,0.2845562296664458,16.26425714840828,0.2501067018797585,0.27534013698544346,0.19119190277976417,0.21851793889202256,0.13825692087572322,0.16148471824956823,0.24491608988346963,0.27062945271234184,0.2524325302223751,0.27730661546957525,0.24876082405840474,0.2740323543118808,ISPARTA,ULUBORLU,6287,-0.113
54988432B31165455278537,0.22136687292899265,0.3525612831213766,26.67702697903114,0.22023914665853203,0.3512980245784836,0.20749508587473292,0.3326782427122122,0.19118750499100387,0.307591396025019,0.21909805594622034,0.3497815962620628,0.2206295095851674,0.3517837615349446,0.21977261479048432,0.3506909469054393,ARTVİN,MERKEZ,35710,0.913
54988432B31167647566127,0.3582062744756267,0.5885588823420497,51.323354935355276,0.3571946439835341,0.5869113711739661,0.33374661279984813,0.5486307396215472,0.28866844485348164,0.4747984343302426,0.3561357383325478,0.585186204080353,0.35754097055651524,0.5874754721081094,0.35690412704503743,0.5864381195098343,MERSİN,GÜLNAR,32785,-0.278
54988432B31268227976167,0.17991560401537735,0.2426890373101687,17.107176688944328,0.17860536541229943,0.24119018692329436,0.15205727843334033,0.20946440422898652,0.10888760529476867,0.1533143810252971,0.1771145604211692,0.23948972655492343,0.1790696618884487,0.24171558696723228,0.17813731327170176,0.2406613591702248,UŞAK,EŞME,34444,-0.172
54988432B31302636835519,0.0013023780477233564,0.0021452922822524437,0.13192766138945114,0.0012972262099583947,0.0021368625052915623,0.0012044476123294053,0.001984218269773988,0.0010796638345414698,0.0017787757832885569,0.0012932977397446769,0.0021304109804281567,0.0012985451523194887,0.0021390269423372976,0.001296508737520655,0.002135684958358639,KAHRAMANMARAŞ,ANDIRIN,31609,-0.718
54988432B31401632471854,0.48819002670660133,0.8044473930162126,68.90090549200575,0.4866718636267449,0.801945800764502,0.4463665606991985,0.7355303608157663,0.35935411266309153,0.5921499965516996,0.4849616103385407,0.7991276494284562,0.4872031387577921,0.8028212316526083,0.486170229152108,0.8011192098061188,BALIKESİR,KEPSUT,21386,-0.536
54988432B31459503377293,0.03494215657825267,0.05757833804760535,5.215899749934564,0.03481772760978395,0.05737330167003198,0.032274655720417995,0.05318278032664106,0.02877202466428724,0.0474110794714209,0.034673915197441944,0.05713632489171764,0.03485994004325314,0.057442860106090655,0.034772965762691566,0.05729954226260248,KARAMAN,BAŞYAYLA,3353,-0.528
54988432B3164241130289,0.9466227745135372,1.1231289489282266,60.77862353168834,0.9288193815931364,1.1088365611877928,0.7865810890020977,0.97245329224298,0.5880098761052592,0.7666726290750547,0.9046436840446316,1.0875314874666304,0.9362000194260398,1.1149711030036595,0.9156292228594999,1.097399215548863,MUĞLA,MARMARİS,97373,1.671
54988432B31644697369800,0.022829569768108227,0.03761899133631722,3.200090693851032,0.0227380361911969,0.03746816059917298,0.020884275461607107,0.034413499055640014,0.018349987404022577,0.030237451874269725,0.022678401736315013,0.03736989383092747,0.02276194034465405,0.03750755030957667,0.022734295288884935,0.037461996270493424,ELAZIĞ,ALACAKAYA,5336,-0.729
54988432B31653952568158,0.19802771245537007,0.32631376214614466,15.999542970781627,0.1976519224110424,0.32569452829437123,0.18990059740504645,0.31292175021719126,0.17908902568631116,0.29510624046600703,0.1973116257723669,0.3251337811391623,0.19778712811524754,0.32591732277831365,0.19757661938792143,0.3255704425668187,ERZURUM,NARMAN,11119,-0.796
54988432B31664517784670,0.49252248089158285,0.762679592955869,57.425184286267466,0.4871170479384894,0.757541949530474,0.4374391313976639,0.6907598707698661,0.3664545323888206,0.5850987128766454,0.4824614136255322,0.7521297043167369,0.4885811257245606,0.7591097135336485,0.4851647159670782,0.7553129731659596,DENİZLİ,KALE,18855,-0.379
54988432B31670824468199,0.5832976877462497,0.7545878469409206,53.98532613745815,0.5801025098922488,0.7513250198039849,0.5157214589094714,0.682649379540051,0.42223658548134935,0.5762488759108785,0.5791169215083655,0.7503134223099239,0.5806959469193311,0.7519329710347178,0.5806581961031718,0.7518938399987873,KIRŞEHİR,MUCUR,17920,-0.281
54988432B31747989283018,0.18262112469047345,0.272470203198991,19.910804611707285,0.181159459636244,0.2706369622758527,0.16237165656962016,0.24375403495953352,0.13558601347092938,0.20559640320141304,0.18027465945965182,0.2694202044789808,0.1814684420031575,0.2710528298759206,0.18098405732417724,0.27039833761128457,KAHRAMANMARAŞ,DULKADİROĞLU,213930,0.595
54988432B31972473687163,0.4460705784952009,0.3226973678560568,4.911762212495695,0.44336686186351276,0.3207414861171266,0.39040308640198557,0.2824271717021213,0.3202152881636237,0.23165281873386498,0.43964748221293865,0.3180508732208395,0.4444634842641444,0.3215347839665718,0.4420008962069499,0.31975334316369325,ERZİNCAN,KEMALİYE,4484,-0.276
54988432B32118226842539,0.23851953206463386,0.31582731556112353,21.355741877945817,0.2377076121883727,0.31476471768309827,0.21711974746287432,0.2893253636691976,0.1813690002849473,0.24700444158141227,0.2367037216219978,0.31346773681133344,0.2379971411790417,0.31514195171488896,0.23738658028344423,0.314349663741596,SAMSUN,TERME,71348,-0.202
54988432B32155349148151,0.15629313903676625,0.25721654277902395,20.56209684951972,0.1556125983876372,0.25609696111761127,0.13871484882795168,0.2283155190773929,0.10936696003489134,0.18006501748543818,0.15491569690623705,0.25495079017236166,0.1558343837551468,0.2564618064129312,0.15543008196297625,0.2557968212991978,BALIKESİR,MANYAS,17650,-0.303
54988432B32272260481073,0.2530387235961834,0.3492769820578506,22.49787800003588,0.24871467890491333,0.34565796084896855,0.22266437864993863,0.3168252768122293,0.19624257459278388,0.2839076164302964,0.24568742461332432,0.3427521423964981,0.2498419726799893,0.3466741093396181,0.24744425382313479,0.3444669404286094,RİZE,İYİDERE,8495,-0.187
54988432B32280148114029,0.6083889703651835,0.8539528177742854,59.932461081435584,0.6004197413159761,0.8466924552627795,0.5163712068506252,0.7488091217547104,0.391518015834751,0.5881063332504505,0.5950192616534464,0.8411234632717854,0.6023780503517367,0.8486279172118065,0.5987296618376496,0.8449809427956436,BALIKESİR,ALTIEYLÜL,188858,1.245
54988432B32461225341522,0.21996138149119207,0.3608500698548604,29.97667080463801,0.21914056325332643,0.3595206879212095,0.20341631430295987,0.33384338365794153,0.18104658062565612,0.29725731724168,0.21773450115159793,0.357230033793578,0.21949198352491053,0.3600920485199454,0.21853296972235994,0.358531406310206,KASTAMONU,SEYDİLER,4639,-0.169
54988432B32556235228389,0.0618809923163654,0.08529032393681678,6.272797273670016,0.06140511557851192,0.08483107106835934,0.05653279555124793,0.07892580868164975,0.05054862534377085,0.07127822244521595,0.061083140345692885,0.08447653766346709,0.061522602936968984,0.0849551581902739,0.06131006151061681,0.08472826177399077,ŞIRNAK,CİZRE,166290,-0.475
54988432B32684259878344,0.14291215411340247,0.23549331599567924,17.149458493608293,0.14195195109359268,0.2339110755307806,0.12331969934565017,0.20320850320017578,0.09883251941840197,0.16285807089282509,0.14126583462088727,0.2327804799959288,0.14219432984159386,0.23431047175741912,0.14187088887974814,0.23377749970121842,KONYA,HADİM,10621,-0.681
54988432B32742798326876,0.11221533054347768,0.17337314261012848,11.159253060234075,0.11120538925781485,0.17236943391602866,0.10289082725788021,0.16132040654712923,0.09321780701372649,0.1473770308246861,0.110571505484113,0.17163225803017104,0.11143605914185628,0.1726235863305944,0.11100390842678434,0.1721404887403059,ORDU,ÇAMAŞ,8407,-0.776
54988432B32773336843775,0.3535281598426847,0.2908702689607867,8.402450816483867,0.3515467214638795,0.28934401247411107,0.3123454684031007,0.2588600527632095,0.25964713633142145,0.21728855462647603,0.3501173681120391,0.2882420990915763,0.35214593738523864,0.28980332489980476,0.3513732593975999,0.28921028298068846,NEVŞEHİR,KOZAKLI,12678,-0.13
54988432B32789090404224,0.028226206145546173,0.0404560776909794,3.0472436210846454,0.02766085352591356,0.03997856669536338,0.02411258902897202,0.03594802063329652,0.020007966882637424,0.03054661044103481,0.027447324592916184,0.039774167622326606,0.02774850492195599,0.040059461621062165,0.02763184735980821,0.03995138341306405,GAZİANTEP,NİZİP,152660,-0.157
54988432B32797670855633,0.27285030807520116,0.3120178587522116,18.512854580828,0.27027815850495424,0.3093436283670307,0.23504983706457866,0.2670148111846505,0.18423708277027895,0.2060723062858365,0.26888432693139547,0.30775122597580684,0.2707984197871662,0.30992566731479754,0.2701084253889768,0.3091520002841945,KONYA,EREĞLİ,158010,0.453
54988432B33032294423976,0.4215849747428142,0.537451967417991,31.185652189733162,0.4171430735970309,0.5336112912838603,0.37957920282337054,0.49364912455783544,0.3307005875922048,0.43823427179867974,0.4138101070665054,0.5303938046876808,0.41828855539775744,0.5346697537242597,0.41585581473635413,0.5323892044204046,SİVAS,MERKEZ,393912,1.138
54988432B33037798502080,0.20968986102850873,0.2805695858047074,21.686182037373175,0.2088549868516589,0.2795167636421114,0.1919455940777276,0.2580882720034686,0.16884768046202195,0.22868674489781388,0.20787523367334473,0.27827972924841493,0.20914134654275032,0.279878065092068,0.20854428771073477,0.27912461005956096,KARAMAN,ERMENEK,27629,-0.275
54988432B33062852785358,0.008561530662318743,0.014107850085782485,1.0719180585227488,0.008536083063671356,0.014065917057575213,0.008016948149081483,0.013210476852056414,0.007302204627884624,0.012032709132177848,0.008492825118370838,0.013994635807599121,0.008547235405992169,0.014084294095487346,0.008518104463820278,0.014036291585045211,BARTIN,KURUCAŞİLE,6316,-0.732
54988432B33089612553406,0.15650951876454847,0.19705127613746717,9.50062030514617,0.15507754893494227,0.19568451397378914,0.14510620984944114,0.1854428075491013,0.1341948256545205,0.17385145009729924,0.15411073424335703,0.19472905476614807,0.1554361118876605,0.19603365258179517,0.15470957388182377,0.19532290198577099,SİNOP,BOYABAT,44901,-0.003
54988432B33125693367385,1.035633201064439,1.6071185986296128,133.2083019185333,1.0118679471346086,1.5734669617621386,0.5190831257375286,0.8331219597189696,0.06456407114171525,0.10638988196398322,1.0043020908705675,1.5624119200552615,1.0155573099053508,1.578839145586994,1.014757587676113,1.5776916944911175,BOLU,GEREDE,37196,0.024
54988432B33332852238285,0.26380033422150045,0.3937320451195976,29.371632148370228,0.2617684317964668,0.391048838851601,0.2167048427311139,0.3293203584992017,0.1401013458213116,0.2212852389404562,0.25991749602511616,0.3885971011648008,0.2623837314523319,0.3918603786335442,0.26133175574306605,0.390472154374259,MANİSA,SARUHANLI,58475,-0.192
54988432B33535114810594,0.2706774196465871,0.3371545607785996,23.757784006848745,0.26733224103597447,0.3339734921328956,0.22383112857728268,0.28686481306839606,0.1679410276663998,0.22302825027709733,0.26471346112506183,0.33129366450158365,0.26826478024833794,0.3349073284139451,0.2665868290439963,0.3332177313844141,MERSİN,SİLİFKE,139610,0.519
54988432B33750113115729,0.2350566734028443,0.38732899299475293,30.131942282656595,0.23345283368245906,0.3846863022545222,0.20517286574939655,0.3380866282437652,0.1614435293052497,0.2660290500328889,0.23197843425574485,0.3822568273177725,0.23393850685667172,0.3854865748538517,0.23302984260700058,0.38398931244976303,BALIKESİR,SAVAŞTEPE,16266,-0.426
54988432B33764412560738,0.7591858163852552,0.9485864755881788,65.28349595000152,0.753667529326685,0.94279411540275,0.6532855948433975,0.8383103945726257,0.4993003614986188,0.6613286661202554,0.7521531842797485,0.9406408949495535,0.754516741595274,0.9438287141387188,0.7546268922535955,0.9433790560762257,ESKİŞEHİR,İNÖNÜ,6114,0.323
54988432B337940392373,0.6151486912892854,0.6841115833337496,35.56412713145248,0.6011604223535884,0.6726581339369329,0.46665202589227517,0.5456547830328697,0.2659631894085584,0.347147376773782,0.6010032110629452,0.6725222093776966,0.6018358320105468,0.6732409415614677,0.6045787432236485,0.6755867768570218,BURSA,NİLÜFER,578059,4.072
54988432B34008430678481,0.3270526319968421,0.5368701049708562,41.37283890761508,0.3258787555889632,0.5350245351206252,0.30419605656137777,0.4996603067174047,0.2650001427536694,0.4355238823482177,0.32463032568317474,0.5330502234308192,0.32629077613166946,0.5356721362225266,0.32545277185941446,0.5343692536148438,AYDIN,KOÇARLI,22234,-0.531
54988432B34132798290249,0.24801604123757076,0.32562286200707596,18.410842265279975,0.2452785653615257,0.3232406680568736,0.22142547242379124,0.29773920892610933,0.1937865533080182,0.2663282746098309,0.24342666194388787,0.3214379515039277,0.2459975223863487,0.323912760693805,0.24466589068448213,0.3226539328612469,ZONGULDAK,KOZLU,50616,0.622
54988432B34153029371714,0.19308469280621174,0.13966726150360184,2.1241737827164062,0.17985177736629823,0.13009536320897974,0.126919847653503,0.09180732849230223,0.08722072493722517,0.06309101337519367,0.1747996841797035,0.12644096626593945,0.18230526046364906,0.1318700692092953,0.17865534006191647,0.12922992593505214,ISPARTA,SENİRKENT,10331,-0.387
54988432B34226837880284,0.5854267108193831,0.7849249834854085,47.873863759852476,0.5789191763063876,0.7787624328102546,0.5130518209526891,0.703138855828098,0.4196661351742796,0.5921479922469086,0.5740708621301497,0.7736026219252943,0.5809872076736987,0.7808682924652929,0.5772169717405918,0.7769791264023244,ANTALYA,KEPEZ,649102,1.392
54988432B3445581450876,0.06400529446633081,0.10546911932483843,8.426070803850086,0.06384501566071074,0.10520500891622094,0.06018586364217456,0.09917538989659863,0.054234268766711585,0.08936824073296964,0.06372293945654198,0.10500384946759173,0.06389092903081559,0.10528066582477155,0.0638280730688692,0.10517709059703337,DİYARBAKIR,ERGANİ,141098,-0.572
54988432B34477640243489,0.23153349486212607,0.2719857440390277,16.216974090542063,0.22491396717162537,0.2668915320658942,0.1929567946406108,0.2374861838856526,0.1646315639639201,0.2082520479536595,0.22069395997689464,0.2633844746153386,0.22656156281239132,0.2682125840973402,0.2231094024868037,0.2654120183761036,RİZE,FINDIKLI,16388,0.018
54988432B34565722813998,0.9028747004002142,1.447014558205358,119.75912170856051,0.8959875150628465,1.4384400237185115,0.8071377791724492,1.3031905410875742,0.6847932634953385,1.1099970868143805,0.8871073066780968,1.4257930493743884,0.8986610855489601,1.4420424611461449,0.892019567481601,1.43288231114379,ÇANAKKALE,GELİBOLU,44689,0.465
54988432B34660982943926,0.8990893877151135,1.3383436511811246,107.05887394088282,0.8898286798860708,1.3307679395995993,0.7938002962696427,1.2109094644951233,0.5607599547812645,0.8606579442596375,0.8906786536245815,1.3314945994617,0.8898563063091729,1.330802229519079,0.8926618808376777,1.3332137257864738,YALOVA,ALTINOVA,35490,0.556
54988432B34754350739794,0.03406295738001636,0.04386824575919057,2.452316715219857,0.03335374537439733,0.043312845141885006,0.029748037257852387,0.039824300653544156,0.026423736053004715,0.03618621156079222,0.03313454194312679,0.04312734227653708,0.033453607119324366,0.04339554945401058,0.033342317917130326,0.04330335684326979,ADIYAMAN,BESNİ,75398,-0.444
54988432B34790562397224,0.5455114326211241,0.8410881839097912,67.65452358511035,0.5412004588595956,0.8362246631746376,0.47066879597158984,0.7365673477595783,0.35871941482897357,0.5692115046971201,0.5372830732171705,0.8312152732389776,0.5425481512790414,0.8378755362599677,0.5399383285825007,0.8346374815432135,AYDIN,ÇİNE,47906,-0.07
54988432B34891185513050,0.7969336312695101,0.78128751305014,35.70961203059227,0.7906593657504611,0.7762628489923368,0.6724151097972416,0.6802960284899048,0.5166336118423868,0.549190033710841,0.7832508764324665,0.7702470501452247,0.7932556254633768,0.7783373429180682,0.7882343299812912,0.7742734328339277,BURDUR,YEŞİLOVA,13915,-0.336
54988432B34962882153864,0.21567814764499746,0.31901287915118676,24.824497638567465,0.2117307973530349,0.31521946686933283,0.17897513830321157,0.2722482756341351,0.1402889897982223,0.21687273907905985,0.20937920701126117,0.31254813223559674,0.21264179369609573,0.3161982987998753,0.21103623590710205,0.3144497178220676,MERSİN,BOZYAZI,26832,-0.211
54988432B34987359358505,0.09349768679158166,0.14405642172356128,10.680775095095528,0.09332423692132522,0.14381020073342876,0.08962333611997518,0.13851533959633824,0.08420370466473254,0.13068418098189194,0.09316386048288612,0.1435822254835241,0.09337933035550074,0.14388845652303123,0.09328779671407367,0.14375842221673532,SİİRT,MERKEZ,180837,0.074
54988432B35038871298949,0.15070201892707707,0.18583055544576782,10.585378763381414,0.15009446243979824,0.18521620799865646,0.1419327071374334,0.17577652020889867,0.1303925854140957,0.16220949663512468,0.14962518704828615,0.18469890859407448,0.15025830538703172,0.1853923406843924,0.1499585993082856,0.18506800993085512,VAN,EDREMİT,132309,-0.377
54988432B35042353333735,0.31555588264843404,0.42026149143327035,25.95283240959674,0.3114258826446387,0.41697624614798756,0.28464777581622147,0.3905211662967796,0.25359461223960195,0.35522106465560616,0.3115040228468998,0.4170258857034403,0.3115787388256631,0.41711093937646143,0.31244264138221184,0.4178119167827175,KIRKLARELİ,BABAESKİ,46355,0.252
54988432B35345810127315,1.5846932432145422,1.5727667639041922,72.33969157672989,1.5544304750853843,1.547607876904355,1.0916493262886147,1.1335845205161665,0.24505714013384383,0.3773847126096806,1.5635468360421616,1.5554189756485302,1.5513993718496288,1.5449912893843893,1.56940163726386,1.5603740533213901,ANKARA,GÖLBAŞI,172810,1.79
54988432B35509610678021,0.2910932302223366,0.39172109654358717,25.259755188232553,0.28506422283814087,0.3855364598827674,0.2051883329522281,0.28988200324577035,0.08786453604742703,0.14374516861574357,0.2813110043480706,0.38130413430668836,0.2864718833516389,0.38708406507334436,0.2842476818451023,0.38462688649975213,İZMİR,BAYRAKLI,296481,1.322
54988432B3557290765638,0.7168192956335986,0.6661424746787371,25.848841683622823,0.7128288327329168,0.662857911040777,0.6351931492384617,0.5983268272784539,0.5316937458585903,0.511415530237743,0.7084907753487807,0.6592703122317205,0.7141707663770382,0.6639651793479299,0.7115357751021165,0.6617867782624981,ORDU,KABADÜZ,6794,-0.744
54988432B35702566688880,0.200746069284082,0.2692807161328477,17.90696588269059,0.19881753460721674,0.26754881847932915,0.18032227280898738,0.24697790086549057,0.15763155274424345,0.21996694788491394,0.1974470504870983,0.2661622943430412,0.19933926244501732,0.2680546474275254,0.1983651831234408,0.2670976465800416,ZONGULDAK,ÇAYCUMA,91796,0.08
54988432B35722603775069,0.5294940372894529,0.7117391799838789,50.32329453734378,0.5230444667093747,0.7054167396235402,0.4481759136791171,0.6217643485835118,0.3485819499868286,0.5017036336432594,0.5173535728039431,0.699459234104656,0.5250033522035122,0.7074183959780989,0.5209956510919155,0.7032916977842852,EDİRNE,MERKEZ,200753,2.113
54988432B35777167420059,1.651244398398862,1.5371662081061148,53.37065978860333,1.630284024901005,1.5207784043608463,1.4485952779621163,1.3729280518811118,1.2286962826749885,1.1909583835496833,1.6212551782795688,1.5135941629791634,1.6345854942428164,1.5241843115279667,1.6291249489902133,1.5198633211118946,NEVŞEHİR,ÜRGÜP,39979,0.527
54988432B35906022990026,0.6259223894069684,0.7711657051311245,44.032528618792185,0.6128588055446199,0.7604325586601547,0.517170157360922,0.6672143577883051,0.4077023394933973,0.5490032221099771,0.6042102027148213,0.752709597132813,0.6167557053945733,0.763790466723875,0.6097437156931306,0.757680392452253,ANTALYA,KAŞ,63957,0.203
54988432B35969765693903,0.34199772085813623,0.5335869090272742,37.57147787363865,0.34033460007907396,0.5312726221306685,0.3109201826050981,0.49039930567329676,0.2656292902634159,0.4251229023592981,0.33860377658606994,0.5289005427520466,0.34091443305141095,0.5320692137316797,0.33978177664246195,0.5305146065458699,AYDIN,İNCİRLİOVA,58230,-0.091
54988432B36041856094312,0.15535079275432248,0.2559431909116721,19.73832711046733,0.15444251796495825,0.2544470115278956,0.13688092754612888,0.22551782626262992,0.11382072137656124,0.18753032872703584,0.15368779602089352,0.25320377243147457,0.15468902130594753,0.2548530711881007,0.15429789801172664,0.2542087821144172,KAHRAMANMARAŞ,GÖKSUN,49145,-0.502
54988432B36117430101282,0.3417362598189286,0.4384078430049214,28.70376770942534,0.33755673954076654,0.4345613725130127,0.2988772711055934,0.3906778613052826,0.2511266406735409,0.33438839469437814,0.33526860626907573,0.43218816807762916,0.33860318654704175,0.43560658446019834,0.3370182945241807,0.4340122586946416,ERZURUM,PALANDÖKEN,181922,0.378
54988432B36177439275968,0.023210253103404625,0.038246288444316205,2.8875484490449375,0.023081153451919793,0.03803355562805815,0.020502318569398,0.03378410335678046,0.016843191175426864,0.0277545249139762,0.022938535508603704,0.03779854711810777,0.023126686596225098,0.038108585993436715,0.023038307360797778,0.037962953039087526,MANİSA,SELENDİ,18568,-0.528
54988432B36260416662231,0.46609401174004095,0.5220085365411793,27.12754646090967,0.45986423155105016,0.5164021813637256,0.3719509836871446,0.4278293707001135,0.18950510091257905,0.24910225254230453,0.4605430857685831,0.5171086381839118,0.4598932502088451,0.5164024721360287,0.46209850795336394,0.5185474719419775,KOCAELİ,GEBZE,414960,2.334
54988432B36267085321319,0.0005277858508452129,0.0008214692370300973,0.0635822731089594,0.0005257918159101923,0.0008182322344305188,0.00048394872388196874,0.0007531060629975443,0.00042356671188175033,0.0006615292076450779,0.0005240440443280634,0.000815428687877793,0.0005264870049403736,0.0008193542978806131,0.0005254182579010656,0.0008176316667840787,ERZURUM,TEKMAN,20826,-1.277
54988432B36427542576396,0.026702607888503226,0.04400105586825163,3.029847477948534,0.026539566652383703,0.04373239347507719,0.02439816110685708,0.04020374543295586,0.021655423204770322,0.03568421070565116,0.02645211749137653,0.04358829311472383,0.026574687274082034,0.04379026589128197,0.02652984763337252,0.04371637829407759,OSMANİYE,SUMBAS,13049,-0.987
54988432B36565352267385,0.4755897842004277,0.6219455984516761,36.17014802395553,0.4735785698784208,0.6197442653777294,0.4314369107113293,0.5725913830031755,0.3687125201051272,0.5005053049804493,0.4704143231008355,0.6162761333198873,0.47437450879037074,0.6206147894071092,0.4723160588540526,0.6183630736318593,ÇORUM,KARGI,15119,-0.583
54988432B36689852261015,0.20882308168002453,0.28010463681982983,17.72978153904552,0.2068641865024449,0.2780941775646814,0.18445948626737657,0.25099613384450337,0.15096893673136214,0.20989360076691108,0.20685122874035344,0.27809499854185094,0.2069760233626822,0.27821098540452427,0.20739184436526703,0.27868363424856146,TEKİRDAĞ,ÇERKEZKÖY,223975,1.034
54988432B36753420123285,0.01107599068193675,0.01825122425596354,1.5740023107994527,0.011010904086481399,0.018143973348679,0.009747097084814572,0.01606144857359994,0.008081187626594221,0.013316331862577774,0.01096394777191057,0.018066597856763556,0.0110274337205263,0.01817121118829858,0.011005119148552891,0.018134440819944378,KİLİS,MUSABEYLİ,11692,-1.243
54988432B36991847269691,0.04296494828502502,0.05868285700523769,3.7655789283389716,0.04285015566506291,0.05854011779654133,0.04046560647329108,0.05555515084445518,0.037129380763357166,0.05135255292617065,0.0427286746088543,0.058388824440715685,0.042889191707480234,0.05858869053047485,0.04281615390153443,0.058497790293713804,ŞIRNAK,SİLOPİ,152610,-0.621
54988432B37281508268494,3.4367289932611196,5.068755607722785,413.01652624804575,3.419165302583302,5.0493112663020785,3.0945526888633634,4.638967217647012,2.558978730348804,3.9062025875426865,3.417514285860424,5.047395640538918,3.4209290304361777,5.051349384068092,3.424003350850797,5.054882279480962,ESKİŞEHİR,SİVRİHİSAR,20189,-0.163
54988432B37425525232192,0.19375199649391173,0.15753256677695684,4.649863245121917,0.1832817708766435,0.14988649529438824,0.14014709320286647,0.11723621517138375,0.10680200297862791,0.09111043824932533,0.1758193455372956,0.14435865882724003,0.1860215408639435,0.15190034792697582,0.17963452555910422,0.14719230718942475,KASTAMONU,KÜRE,5108,-0.564
54988432B37474601695355,0.18946838732066645,0.26180532310553156,16.202702471315334,0.1882277297223352,0.26069092976036334,0.17681561160088824,0.24784021979189705,0.16299986733807884,0.23125085407043564,0.18722911294632294,0.2596755226587721,0.18859045309039257,0.26104239326390144,0.1878449864508919,0.2603100894680479,BARTIN,MERKEZ,163766,0.475
54988432B37568422397165,0.3833806334314933,0.522564598040394,32.47500132104692,0.37388309744497683,0.5126637160844331,0.25747936272827493,0.3743200088020501,0.12322722679932882,0.20305612521170538,0.3676793645047704,0.5057035699750189,0.3762003941722213,0.5152143453583458,0.3725338634458876,0.5111637194526256,İZMİR,ALİAĞA,110892,1.154
54988432B3765894828003,0.7477545552119544,0.796179265030429,37.33053501272679,0.7462687850601365,0.7943297206123902,0.7076904720029029,0.7520665875598735,0.6333851420924392,0.6777539262111695,0.7452284686178232,0.7930835865550462,0.7467018766442958,0.7948551395794692,0.7461561933858715,0.794199410061326,NEVŞEHİR,ACIGÖL,19430,-0.746
54988432B37815210260305,0.026476596522297727,0.04362863011894684,3.3438688471536393,0.026347432628650514,0.043415791443254075,0.023813274199690267,0.03923995786635131,0.020444972260466286,0.03368960703815577,0.026252545287650572,0.04325943431102334,0.026380718097311448,0.043470639860017944,0.02633499440815093,0.04339529551126912,HATAY,HASSA,57457,-0.627
54988432B37822408254427,0.01251760202521108,0.020626738345096006,1.817248553411576,0.012486756199751443,0.020575910017952115,0.011840510162658316,0.019511013731360802,0.010929423815793317,0.018009708637244205,0.012467247109403203,0.02054376257460366,0.01249537754442394,0.02059011643068071,0.0124859493985324,0.020574580555838825,TUNCELİ,HOZAT,5332,-0.304
54988432B38029735650586,0.6505245987368995,0.883260329119873,64.58998975954115,0.6425579218163174,0.8755224048827961,0.5554668360398332,0.7701024370821312,0.43876973724030344,0.6175857462036455,0.6371826521951822,0.8692574504558301,0.644597638306394,0.877725440399453,0.641080394234645,0.8736768154143824,ISPARTA,KEÇİBORLU,14033,-0.147
54988432B38192653794481,0.0386144518856672,0.06348094845530063,4.5427979445908155,0.03837876049526472,0.06310400677174348,0.03395805106510458,0.055865275301545475,0.02798063025888749,0.04604995318575089,0.03811286005487444,0.06267270832855612,0.03846580513437116,0.06324487727652361,0.038293568181159456,0.06296662392946495,AYDIN,KARACASU,17225,-0.422
54988432B38234648965516,0.6677839993653779,0.8068760449533207,48.37833790598854,0.660789112872155,0.8005453563420409,0.592207081241846,0.7253613715117886,0.49161956203983403,0.6088446700784406,0.6611001134593251,0.8008514019701808,0.6609964095905332,0.8007452104879922,0.6628076031833909,0.8024873557650385,SAKARYA,ERENLER,92549,0.69
54988432B38360360890356,0.49699861165517684,0.6747409546771386,39.815417485514494,0.49140496108264725,0.6683608203871727,0.39192920707879675,0.5476100608552017,0.19962351093308112,0.3248571822133728,0.49265308946251823,0.6698526350564422,0.4911893638510529,0.6681018702058695,0.49400423501415325,0.6714481493419536,İSTANBUL,SULTANGAZİ,529306,0.816
54988432B38529977657987,0.4039774580716145,0.665681598454531,58.56885258559892,0.4031354901224894,0.6642941879467849,0.3868358917814895,0.6374354054553119,0.35479372899474887,0.5846357313258792,0.4019601725941331,0.6623574777780971,0.40345671270058925,0.6648235045088273,0.4026894955323508,0.6635592697335687,DENİZLİ,ÇARDAK,8497,-0.236
54988432B38557557981800,0.0017115322952036584,0.0028202948736702764,0.17152569207490695,0.001653487724136791,0.0027246479456613623,0.001377572634507193,0.002269989909098847,0.0011272043489846994,0.0018574283733524923,0.0016338839086502,0.0026923444124612303,0.0016618157907646793,0.0027383710893519823,0.0016509135678444873,0.0027204062028584036,KONYA,AKÖREN,5744,-0.672
54988432B38576388688416,0.4462135668645691,0.5235544734629904,31.542010501034778,0.43876678964847693,0.5175440054174079,0.3509743574194389,0.4338831838624689,0.20048167301047817,0.2754361299520169,0.43868478401952393,0.5174794854943511,0.4391392170869185,0.5178543368798458,0.4406541793444303,0.5191190809629833,BURSA,GEMLİK,124400,0.743
54988432B38658846076,0.08691495371778714,0.06286895871908674,0.9560644908956585,0.08625802479442675,0.06239377653699387,0.0736539168400363,0.053276736156941076,0.05725047767500999,0.0414114920809261,0.0856727065092462,0.061970393108314537,0.08649266316668139,0.06256349957668032,0.08612791305939951,0.06229966167012234,ERZURUM,HINIS,23011,-0.909
54988432B38688250747899,0.23207931441434898,0.2706317262542259,16.401836695381967,0.22597949843391282,0.2656115614066788,0.1809996726315832,0.22129196695647813,0.1323824417899854,0.16973896949264627,0.22206780354639438,0.26207619818407907,0.2274652698089025,0.2669078172886058,0.22463597214086525,0.2644134981288457,UŞAK,BANAZ,34624,-0.264
54988432B38711157277910,1.6070173246109611,2.501000662814061,216.11991303903181,1.600776450315674,2.4938696222653602,1.4313336090643827,2.250132282641391,1.0644137999503778,1.6929415509956554,1.5954172107939144,2.487237766239198,1.6025465309909845,2.4960049893588776,1.5993479833132072,2.4921973374521387,BALIKESİR,SUSURLUK,37676,0.225
54988432B38730133189438,0.3797159312067715,0.5583456340887648,22.91247516135797,0.36850837715967444,0.5487045101943421,0.2977383625570625,0.4673959304432524,0.22924408933180568,0.3777526908335492,0.3634232625011792,0.5436917154564262,0.37061623485260253,0.5506923783861293,0.3673450013888532,0.5475828718194216,İZMİR,KARABURUN,13725,0.676
54988432B38814369243914,0.8425465980019488,1.3705033887667255,116.76892284308025,0.8369756312317596,1.3629213352311034,0.7031205664890248,1.1487440183301487,0.3918519567178302,0.6406234597466035,0.837853489734737,1.364881124052239,0.8367045358481344,1.3622528964753369,0.8392547215849494,1.3667449395038018,KONYA,KULU,51732,-0.125
54988432B38852323422695,0.14763666344242404,0.24327278948091122,19.578817890668102,0.14713799482991122,0.2424511117386661,0.13743697396692395,0.22646632073346004,0.12350403187917193,0.2035083217158701,0.14630393421067345,0.24107679877021432,0.14734984594121225,0.242800187184457,0.14678334278835858,0.24186673870927533,KASTAMONU,DADAY,7736,-0.451
54988432B39031228995551,0.01110515650380354,0.0182992842418182,1.3449815454570446,0.011069698709927762,0.018240856227003784,0.010228457177571598,0.016854642722373244,0.008824082730094218,0.014540488285420197,0.011008509884414843,0.01814002813780933,0.011084739206455958,0.018265640238018244,0.011044543905777107,0.018199405671035267,DENİZLİ,BEYAĞAÇ,6011,-0.57
54988432B39086486871912,1.7749465670909254e-06,2.9247900949537928e-06,0.00026624198506363875,1.769162076671118e-06,2.9152583036323587e-06,1.6500915341627204e-06,2.719051640408623e-06,1.4850249528877776e-06,2.447051845669953e-06,1.7635920074184157e-06,2.9060798395137397e-06,1.7710593188297813e-06,2.9183846146866013e-06,1.767792742478614e-06,2.91300188918182e-06,BİTLİS,HİZAN,29948,-1.103
54988432B39242508990660,0.34508101343758485,0.4527353746386662,28.014698856345863,0.33957613327502334,0.4482445700880485,0.3035540170622853,0.4112125106244107,0.26415964792404517,0.3659192184269445,0.33647494925493193,0.44542489524532436,0.3407495950174526,0.4492674431923825,0.33856616444628845,0.4473378270246538,ORDU,ÜNYE,135914,0.266
54988432B39563572942554,0.03033018352178828,0.0499786427306647,4.128730899885712,0.030314326099311093,0.04995251257381788,0.029412867971262035,0.04846707303844374,0.026910227350618286,0.044343175094583624,0.03029769894287336,0.04992511403497847,0.030319944936876297,0.04996177139927244,0.030311041389192623,0.04994709996715275,ISPARTA,GELENDOST,13985,-0.641
54988432B39641834885080,0.47600440817062967,0.6045988509367036,34.672542915510846,0.4699433849516521,0.5981747759340327,0.3695715419325785,0.4830041668412735,0.16222937899296871,0.25992802688627875,0.4712397927311123,0.5996207090434265,0.4697202965983933,0.5979245977357462,0.47265723357419487,0.6011805778639951,İSTANBUL,FATİH,351786,4.226
54988432B39702519018087,0.32381774673262653,0.3557852586844217,17.82085223841118,0.32139376748556014,0.35353525349876647,0.3023853820204512,0.33345837335647693,0.27869851703229737,0.3077664280636044,0.31985139831329706,0.35201091473631124,0.3219383941117781,0.3540612101798205,0.32087029144842205,0.3530257507316087,KARAMAN,MERKEZ,207973,0.761
54988432B39717738295698,0.0019824217256161083,0.0032666715351359512,0.22339981132042672,0.0019700602916561663,0.003246302133444767,0.001812502930095711,0.0029866761711633523,0.0016114128854934128,0.0026553162409258084,0.001963554386725404,0.003235581581821969,0.0019726875144446174,0.003250631320210932,0.0019693393074188084,0.003245114082156272,ADANA,ALADAĞ,15839,-0.764
54988432B39718054130595,0.07926128041691727,0.12131072027033853,9.14568150950659,0.0782904137965203,0.12027695343306577,0.07012007816956753,0.10909702195999285,0.060704353781902975,0.09530751667245405,0.07785337017047751,0.11974718441338225,0.07846262164008636,0.12047852020717563,0.07822384428088444,0.12019780953438729,HATAY,DEFNE,139605,0.338
54988432B39847004244827,0.16645721694136112,0.27429131015565,22.660102897907198,0.16585402575116337,0.27329736044969083,0.15195780561149547,0.25039890943411713,0.12222139987782063,0.2013987048296953,0.16527859500277534,0.2723491549180871,0.16603877908830592,0.2736018004483381,0.16568328641862404,0.27301601298949757,BALIKESİR,BALYA,12296,-0.6
54988432B39970193514521,0.22550673259516094,0.26762415923851474,15.716795086035788,0.21855702307789115,0.2620020812109166,0.1765689539242921,0.22037840608392453,0.135068317719656,0.1754720865199626,0.21441575549253214,0.25831079272586976,0.2200942424257015,0.2633206513044148,0.2170703646151035,0.26069811169959417,SAMSUN,ALAÇAM,24560,-0.417
54988432B39980691668600,0.13290212985922933,0.1837843549465862,12.084406103787721,0.13055130186281613,0.18184808716558448,0.11684889206497188,0.16701888239413842,0.10307307272879752,0.1501312415287187,0.12934562423241733,0.18072636300166978,0.13103717437764992,0.18227970891168863,0.1301792971697305,0.18150916184835397,VAN,GEVAŞ,26253,-0.794
54988432B40127483323381,0.0815105142788236,0.12314623430982413,8.585273854208074,0.08007016608107313,0.12175447720935935,0.06836429512017447,0.10639202668418588,0.054751221361322065,0.08690517622347399,0.07908686762775144,0.1206135594608656,0.08044291626400057,0.12215693810584827,0.07972883597234562,0.1213633229570443,AYDIN,KUYUCAK,26196,-0.224
54988432B40132817708640,0.38131832180790365,0.5136356013437315,33.61154290149518,0.3785128498809778,0.5108105998604903,0.34307630430985386,0.4687777594896951,0.2913692937221969,0.4058514592615916,0.37546129493440167,0.5073989042612234,0.37937961127520364,0.5117427345131925,0.37724651107389007,0.509413217682809,ÇORUM,MERKEZ,299565,1.026
54988432B402287673455,0.4042687383337945,0.4099403266779635,19.92913312865153,0.3990803807662809,0.4052422835499759,0.30675602511958827,0.32153987425393327,0.1899256773182825,0.21263842970619026,0.3927361463572777,0.39967337696636124,0.4009821737354625,0.40692229529907,0.396866963204139,0.403328231679007,AFYONKARAHİSAR,SULTANDAĞI,13641,-0.368
54988432B40385589534090,0.1919513609942412,0.2753881458069771,17.98744893345514,0.1897081660519434,0.27286470427390225,0.1570591141787232,0.22993801326836358,0.10399337336327594,0.15719341621623542,0.19000906572331527,0.27326133011936177,0.18969851342552171,0.27283943818829254,0.19057076557239747,0.273923067153747,KOCAELİ,DARICA,235632,0.603
54988432B40899353462768,0.06233316485155169,0.09883822139628144,6.6037979387409145,0.0617179454742225,0.0980970755367077,0.05467834208451967,0.08768602609116137,0.04578989421532909,0.07399405084746835,0.0612072808560937,0.09739944051120777,0.061927416520543864,0.0983704012897467,0.06154267162131988,0.0978619815669424,ANTALYA,GÜNDOĞMUŞ,6953,-0.815
54988432B4104847116325,0.10775647101970412,0.17756312496896767,14.84737483635654,0.10723373912048006,0.17670175758500592,0.09809760556788345,0.16164706612767107,0.0857291768107638,0.1412661382790909,0.10677676180101245,0.17594874182533266,0.10738323984151643,0.17694810766459862,0.10711799311420316,0.17651102915466,MALATYA,AKÇADAĞ,31479,-0.514
54988432B41050600008895,0.19156125155091935,0.3156582071264005,18.960261468594773,0.19125245052688655,0.31514935903308394,0.18468533103739376,0.30432793691741616,0.17528568531492847,0.2888390251862876,0.19084845380362833,0.31448364568909537,0.19137226946580765,0.3153467989178907,0.19111299207673516,0.3149195567949645,GÜMÜŞHANE,KÖSE,6107,-0.629
54988432B4112577845530,0.006961965593664285,0.011472056898665674,0.8374500268345614,0.006940869315320539,0.011437294057302339,0.0065085820520168385,0.010724963033187304,0.005906838516477209,0.009733398799604028,0.006902779302152096,0.011374528622388818,0.006950228267688407,0.011452715913763937,0.006924547436548512,0.011410398560700601,KASTAMONU,HANÖNÜ,4286,-0.427
54988432B41170442786608,0.44774731215565516,0.5594016234766654,38.68312406188001,0.4406781025429657,0.554044178677087,0.3635726625944562,0.48278156339315353,0.2483222111384673,0.35300016470979,0.437968331621787,0.5519987366124576,0.44193199783236886,0.554990786071335,0.44067818028869793,0.554096123921016,BİLECİK,OSMANELİ,22025,-0.154
54988432B41213332539670,0.1455374624111909,0.11227849579679225,1.0065357699575816,0.1454436782405567,0.11220682492824804,0.14334867076527205,0.11060532263613876,0.14020016603852625,0.10819773685492533,0.14538302628595504,0.1121604715234434,0.14546687434523237,0.11222455218237179,0.14544082532364572,0.11220464461428968,ADIYAMAN,GERGER,14497,-1.289
54988432B41389891217354,0.03854079277716207,0.06350823796969872,5.543883012966194,0.038341222248660725,0.06317938192646465,0.033555351015373706,0.055293133946738786,0.025579536140172294,0.042150437271420114,0.03818656923577015,0.06292454180415129,0.038395377939764934,0.06326862068545815,0.038318566774068974,0.06314204981241062,KONYA,YALIHÜYÜK,1704,-0.682
54988432B41479825758135,0.011092114922747356,0.018277794081042166,1.5511710901772833,0.011038659622745335,0.01818970943958452,0.010021550322349568,0.016513697742985344,0.008651379722824606,0.014255905045340602,0.011001885431832937,0.018129112241153458,0.011052569772715454,0.01821263084443481,0.011034520540442445,0.018182888982481098,ADANA,YUMURTALIK,17806,-0.448
54988432B41555288308569,0.13917671455133396,0.22933798893738774,16.346601260898137,0.1388294580885349,0.2287657732540344,0.13289261051396992,0.21898292496818605,0.12186366726271469,0.2008092263469665,0.13873505848386272,0.22861021982283172,0.1388827768642246,0.2288536329281812,0.13885859799817202,0.2288137905412334,KIRKLARELİ,PEHLİVANKÖY,3276,-0.387
54988432B41651789151995,0.5224287071622641,0.5930366183468718,30.421486913827383,0.5001463839016133,0.5760640335414516,0.3946048064517768,0.4832824739572759,0.29957712257458047,0.38895578323771635,0.4859620202358067,0.5646521047180496,0.5052943134920599,0.5800976890341446,0.49401726490591175,0.5711847901904311,DENİZLİ,BABADAĞ,6199,-0.43
54988432B41717304515053,0.12086920481459053,0.19216258947074763,13.667410672805609,0.12041177961577569,0.1914096157834339,0.1108782046298127,0.17595060617477729,0.0972515952062506,0.15429943341440833,0.11968423321108303,0.19021580121936785,0.12059406392403381,0.19170945158802277,0.12012121193729793,0.190932438204634,ÇORUM,İSKİLİP,28132,-0.492
54988432B41731057290221,0.06923930884976547,0.11408348674933708,10.284212811833338,0.0687393718694249,0.11325984389103051,0.05910851986465107,0.09739125417071706,0.04652784201491043,0.07666220407576266,0.06837830148282767,0.11266493551513958,0.0688664377224662,0.11346919736904947,0.06869437820045522,0.11318571315529355,GAZİANTEP,İSLAHİYE,66107,-0.37
54988432B41923494384983,0.11686053036397413,0.15529656648661483,11.892259800131024,0.11401323777581819,0.15289084792320587,0.09662297260969505,0.13337925758378497,0.07903439250822653,0.11125477686313695,0.1126181380374036,0.15154436492462084,0.11455589423053066,0.15339086501105284,0.11362920702399071,0.15252754206596875,MALATYA,DARENDE,24806,-0.43
54988432B42317071313317,0.0662777928944353,0.09397267700550839,6.156539205875759,0.06544463608410843,0.09328623440257143,0.06055106385146193,0.08796830968821903,0.05557625653871875,0.08183007554629029,0.06519023822601719,0.09305208569913215,0.06557992372081795,0.09340691124519428,0.06544291240968084,0.09328467865568325,HAKKARİ,YÜKSEKOVA,121314,-0.477
54988432B42480062552941,0.5148536751121608,0.805393392377606,62.96035199864664,0.5087902295012637,0.799169167917629,0.44723153893005224,0.7130452976098766,0.35407964556376614,0.5711824662839496,0.5046803373388905,0.7941773406434206,0.5102889999487338,0.8008892686535517,0.5074898753212268,0.7976316002732099,BALIKESİR,HAVRAN,28152,-0.471
54988432B42537798985554,0.46989296363050154,0.6763584205458959,47.317707931620966,0.46711031181442486,0.6731861042588333,0.4367160956235675,0.6313799712219887,0.3909104270867011,0.5686297456507083,0.46414902160775123,0.6693498867354648,0.4679939765020121,0.6742708521419458,0.4657876016482966,0.671508640113782,KASTAMONU,TOSYA,39091,-0.066
54988432B42778469156443,0.28134975880985924,0.39125409487818674,24.991358080922744,0.2791466697460605,0.3884839882184391,0.23854362020976252,0.33546722775806176,0.15948955404467066,0.23839705178437107,0.2791148062798905,0.3884419228509671,0.2792824263157606,0.3886629876234109,0.2798130300453353,0.38935834336637526,BURSA,GÜRSU,105799,0.176
54988432B42781548815333,0.05916583241251813,0.09749456339040563,7.1008776071977415,0.05905501887878128,0.09731196278041003,0.05669475177630016,0.09342267057816855,0.053312463547482855,0.08784927288082996,0.058978234680712546,0.09718543634512221,0.059086731836695536,0.09736421998460378,0.05904802245445279,0.09730043394176474,BİNGÖL,SOLHAN,33233,-0.73
54988432B42922593275037,0.2646725582747051,0.32944231151571574,19.980797135652036,0.26077428138508896,0.3255084079688202,0.19616063278205204,0.25733264582149784,0.11173057137656392,0.16290467034016032,0.2574557626086326,0.32211895148985464,0.26191000340685605,0.3266634849031084,0.2599792384270721,0.3246992041155845,MANİSA,AHMETLİ,17612,-0.292
54988432B43283240341511,0.20757537481111457,0.34204527188502093,28.46475060248471,0.20673090911088998,0.3406537788529516,0.19130134976396196,0.3152289427040259,0.16743355681113814,0.27589950338321834,0.2063040796487834,0.339950452805471,0.20691997646570745,0.3409653220777512,0.2067385901400027,0.3406664361244427,NİĞDE,ÇİFTLİK,25157,-0.977
54988432B43554953634888,0.0742864369034505,0.1220399678263351,8.605292750908273,0.0740337070085965,0.12164781609865263,0.06969589086455028,0.11459708690910182,0.06344288445264744,0.10436617012383685,0.0738717742464868,0.12138864436425,0.07409579857070418,0.12174655170753027,0.07401322991452264,0.12161499730283937,ADANA,KARAİSALI,22872,-0.546
54988432B43586111700831,0.24843237274931082,0.37305448439092015,22.616515881524958,0.2440265719862948,0.36821290102064486,0.2241589974947459,0.345148250374785,0.20349875772341058,0.31835905368840817,0.2415494586020303,0.36547033821432817,0.2449943873676389,0.3692795395929259,0.24301952389292528,0.3671003866275431,SİVAS,SUŞEHRİ,25056,-0.28
54988432B43626736255275,0.2686045866824274,0.33018318607859437,20.046008405056128,0.2658371558447063,0.32745687906740245,0.23519521614906203,0.2928565479214267,0.19065625842291484,0.24290148856608035,0.26433903956229243,0.3258356765792135,0.2663745087159447,0.3280248904899787,0.26553617169403454,0.3271350044046297,KAHRAMANMARAŞ,ONİKİŞUBAT,447591,0.686
54988432B436343701670,0.5338584202682873,0.4767087260792456,18.214219542104765,0.4999866687304098,0.4517849109978737,0.35599970114823853,0.3380832555161464,0.23928790720208662,0.2384354508781813,0.49778700271585347,0.44978240362660876,0.5020940268587122,0.4534396359693933,0.5055344281677243,0.45569297101278006,ESKİŞEHİR,HAN,2126,-0.687
54988432B43742920895959,0.29733121541055785,0.4104453815769015,26.934140657859817,0.2915988770241871,0.40441514634851994,0.2103304073630318,0.30590470514940915,0.09549452076666044,0.15657261427706792,0.2878813570546235,0.400163125494855,0.29297369060152706,0.4059545347016219,0.29079584516819273,0.4035059401843778,İZMİR,KONAK,317399,3.465
54988432B43754311054552,0.25830455152051507,0.3463128145663262,18.73711849821602,0.2573616278544444,0.3447742929731277,0.2400237597538389,0.32067052115973255,0.2094695054129361,0.2836866985518081,0.2559739876511188,0.34258689785734764,0.25775018490774043,0.3454034409943399,0.25675422200863174,0.3438058165989247,ÇANAKKALE,ÇAN,46612,0.258
54988432B44345748787978,0.07812328880472154,0.10343683562736602,6.6182081221214375,0.07633900806906524,0.1019990728032916,0.06668282500830477,0.0920975056039029,0.057322609059421596,0.08118141626614393,0.07491507488852642,0.1007112831452688,0.07683115944374992,0.10241895262662308,0.07565805287733383,0.1013955415331695,KASTAMONU,TAŞKÖPRÜ,36544,-0.319
54988432B44443308147205,0.006123438225768814,0.006891887824593844,0.3272399097318316,0.006006551993443373,0.006796105263675683,0.004827511274017596,0.005759126691544063,0.0034646214250360287,0.004509827053366356,0.005968534672955153,0.006767579855824589,0.0060255330958034455,0.006810927347421127,0.006011744764300702,0.006802850779995948,ESKİŞEHİR,MİHALGAZİ,2861,-0.452
54988432B44474126810300,0.013583084925475712,0.022382460962788186,1.9142675885454083,0.01352342992558287,0.022284160340090002,0.012339114494286586,0.020332623258929594,0.010717540853401476,0.017660563935548306,0.013466348005972796,0.022190099687126156,0.013541719869395192,0.022314298851012732,0.013509102800504054,0.02226055183586986,MALATYA,YAZIHAN,13937,-0.696
54988432B44685519111257,0.22171569015680254,0.2729090013763288,15.346377284454357,0.21668995388828144,0.2681596697464507,0.15992309852858377,0.20790944314916673,0.09235021479356986,0.13424818146053047,0.21339933617935075,0.2648169865118812,0.21788720758006397,0.2693527874552818,0.21587816414775918,0.2673422492801097,MANİSA,SALİHLİ,165007,0.616
54988432B44714852164400,0.1126235057975611,0.15166873160108746,10.195304336623245,0.11082420675252184,0.15023448445651455,0.10126811264571674,0.1406678350554258,0.09189579389604612,0.12990298336926165,0.10982711385476718,0.14936277782969573,0.1112218166904896,0.15056870519896334,0.1104636662996646,0.14992506335986375,MUŞ,HASKÖY,27684,-1.032
54988432B44792581222483,0.5337469771602181,0.6079649571438864,31.59249482194335,0.5281155362616803,0.6023277268512439,0.43118024880897304,0.49816738467680616,0.13493764252954527,0.22092338000155295,0.529284743089769,0.6035413506573732,0.5279212411117676,0.6021292157790185,0.5306004773861686,0.6049124962071045,İSTANBUL,PENDİK,752033,2.485
54988432B44858754124976,0.3384323610200781,0.4148387658648936,25.669317036076034,0.33517886811704606,0.4115763264600226,0.27353758741626927,0.3473991060989972,0.19239508159460764,0.25948693241558013,0.3325734975889816,0.4087537337641174,0.3361096811413027,0.41258605187359887,0.3347129841603679,0.41098331866183324,KONYA,AHIRLI,4536,-0.907
54988432B44904988646230,0.04929466835342716,0.08122867494002156,6.787696414073459,0.04926324659665271,0.08117689758250336,0.047045784556957335,0.07752292222916822,0.041044083746184123,0.06763320756975989,0.04923180177683311,0.08112508222126874,0.04927284663880759,0.08119271671121762,0.0492587388505116,0.08116946963424368,ÇANKIRI,BAYRAMÖREN,2209,-0.836
54988432B45006727271001,0.4600762873251624,0.6264282598265091,43.54929313100759,0.4471515649580823,0.61481168439401,0.3141399107193718,0.46197010810934597,0.15416321243956338,0.2540330199846485,0.4397451488692966,0.607319062725436,0.4499947381837569,0.617579035892674,0.4454706274736084,0.6131105915390659,İZMİR,DİKİLİ,49138,0.609
54988432B45078999476524,0.46374462216156953,0.5846964704069649,33.180993236051606,0.4581840427846645,0.5786807983889155,0.36112462722062355,0.467134146227496,0.16353702001795836,0.25446062602678876,0.4593698345385505,0.5800356639340666,0.4579798120497625,0.5784461939647945,0.4606650866247953,0.5814954789333847,İSTANBUL,GÜNGÖREN,251242,1.92
54988432B4509527375863,0.8680044477789267,0.8521948977511913,34.94688780687521,0.8566299595857163,0.8429938478972125,0.7269798906671954,0.7303957646734646,0.5470332715356784,0.5723844044548224,0.8472952720158188,0.835115747406411,0.8604814551362038,0.8461934548223913,0.8533887425067449,0.8402737431981943,ANTALYA,SERİK,147062,0.852
54988432B4527245450623,0.3055099591497308,0.4239628187880451,27.35038540890661,0.3026112009705377,0.42138160681112563,0.28202123944927554,0.39623531892057684,0.25694823231163927,0.3615066072471976,0.30160464643203766,0.4203327227281812,0.30308522488662826,0.42184971442717184,0.30256031680242806,0.4213159797281479,NİĞDE,ÇAMARDI,11631,-0.733
54988432B45288450631555,0.6331417904448553,1.0429522270248526,91.65517929742332,0.6310587165073335,1.0395197302670593,0.5851010208063472,0.9638002061981779,0.509153279365293,0.8386863767352769,0.6299261467886599,1.037653520510849,0.6315541723649623,1.0403361356700151,0.6310959961574557,1.0395811660033198,AKSARAY,GÜLAĞAÇ,19099,-0.688
54988432B45351721911110,0.4782282273269411,0.6595304325470698,45.1721320114916,0.4732423516989359,0.6546283167755669,0.42025099541161687,0.590551163238051,0.3417905000915538,0.4901819796208897,0.47347642343152246,0.6548827298744406,0.47339225988218064,0.6547865137335721,0.4747240443804002,0.656193670322098,SAKARYA,ADAPAZARI,284006,1.392
54988432B45520240817550,0.32024372998369216,0.5277020214527455,40.828407300771595,0.3194983537265528,0.5264738533532264,0.30384409581335503,0.5006787821269197,0.2817150576502191,0.46421437029341794,0.31834762644397746,0.5245777104255995,0.3198370353821081,0.5270319189754966,0.31904937159920554,0.5257340330925779,ARTVİN,MURGUL,6457,-0.165
54988432B45526631886391,0.07946272367772642,0.13094015979961535,8.48883913176872,0.07931537707201329,0.13069735931147383,0.07621274946633472,0.12558479161075048,0.07181113039910869,0.11833172152499451,0.07922117266929063,0.1305421275376882,0.07935158580712488,0.13075702474127812,0.07931093133320014,0.13069003354004693,ADIYAMAN,GÖLBAŞI,47917,-0.133
54988432B4572982362376,0.4425878725224388,0.580424779224724,37.92394510305153,0.435677969254649,0.5736783580968948,0.3400350832920209,0.46530762823893274,0.20071070833204316,0.29776033064725177,0.43092306248849666,0.5686631255826002,0.4373773974151631,0.5754334095424347,0.4345267398461642,0.5724817503762503,MANİSA,YUNUSEMRE,270355,1.581
54988432B45752355908824,0.41196510999482383,0.5520791790346682,33.37022508826716,0.4067906310290464,0.5462846767574536,0.3209416928446923,0.44164544517954113,0.15494859806243563,0.24987008812926367,0.4079060666600544,0.5476048376910646,0.406598703454078,0.5460561265832402,0.4091249548896314,0.5490261197878652,İSTANBUL,ESENLER,419878,1.354
54988432B45816327347427,0.056999374306894696,0.09392463327197678,6.986164643071014,0.056555022374287764,0.09319242186051309,0.05052885165299192,0.08326238522564477,0.04288814598522113,0.07067188775947034,0.05627831516795256,0.0927364585592527,0.056653023121210545,0.09335390932115684,0.0565074574471273,0.09311404348540847,KONYA,GÜNEYSINIR,9237,-0.621
54988432B4585133817151,7.12782800561096e-05,0.00011745368078044931,0.008610374107809782,7.10472256454204e-05,0.0001170729450082808,6.629030918426638e-05,0.00010923440924271753,5.9694555521188506e-05,9.836580320116051e-05,7.082737997733306e-05,0.00011671067921146069,7.111814799968864e-05,0.00011718981218790218,7.099420957744304e-05,0.0001169855841415547,DİYARBAKIR,ÇÜNGÜŞ,10057,-1.092
54988432B45859142187926,0.003699314932808016,0.006095800219679109,0.31118141476797073,0.0036280593155105186,0.005978383883015459,0.0033182525597312607,0.0054678785261482715,0.0030627985182011463,0.00504693658669161,0.0035875050645607235,0.005911557831073716,0.0036438614033391615,0.006004422858395181,0.003611606256336535,0.0059512722248979836,GİRESUN,ÇAMOLUK,5709,-0.92
54988432B4589751730887,1.4644574045661447,2.0312739010118945,149.32586170570883,1.4333324189344396,2.000611432126275,1.1008283774280634,1.5533678529768038,0.5716963756915805,0.7616485496803825,1.4260123869635237,1.9933486617379457,1.4369846635778725,2.004237592369442,1.4349991788015268,2.0025054240904026,DÜZCE,KAYNAŞLI,20379,-0.099
54988432B45931517008549,0.043120141574690206,0.07105417442360595,5.175412328744719,0.04304063109086017,0.07092315556373555,0.04134661243936058,0.0681317199991746,0.03891639920998123,0.06412716926300008,0.04294344231103252,0.07076300607763218,0.04307010067155367,0.07097171608905664,0.04300903856599089,0.07087109681136214,MUŞ,BULANIK,68983,-1.036
54988432B46025215892894,0.20644958280914222,0.31072407511097233,26.36006028417428,0.20377974393074208,0.30749300415978964,0.17192118150105745,0.2596701592774909,0.1334354694225869,0.19975900170499064,0.2017845512044265,0.3047208926187923,0.2044998499963735,0.30845515495365405,0.20320854030619176,0.3067122654570269,MERSİN,MUT,62758,-0.179
54988432B4616590264443,0.5979014416758665,0.5825707406704983,24.13497790769749,0.5886579578503223,0.575120553607292,0.4880352676589073,0.487297332082518,0.3299290176730213,0.3513787603557771,0.5821466775466649,0.5695785784063191,0.5910088340749191,0.5770858593019272,0.5866209934148613,0.5733997431229538,BALIKESİR,ERDEK,32080,0.352
54988432B46438308523987,0.03778250853308686,0.062258723033671304,5.326906830939555,0.03774701106778562,0.06220022964754127,0.03608301477517101,0.059458265486526767,0.03197844928982989,0.052694685839568337,0.03773764050076175,0.06218478865223265,0.0377516199402644,0.0622078242336684,0.03775548069573807,0.062214186058625734,KIRŞEHİR,AKPINAR,6435,-0.596
54988432B46507991557572,0.36727216597530643,0.4472002850220967,23.965214714505255,0.3638036931988267,0.4438663238920918,0.32917888431099646,0.40469534559713183,0.28393457914895154,0.3514312262483248,0.3635538122979989,0.4436049989999199,0.3640724025459293,0.4441434271375669,0.36454945975438563,0.4446265517108249,ESKİŞEHİR,ODUNPAZARI,431652,1.95
54988432B46518682235057,0.11599737361800669,0.19112000422554584,14.35487015903746,0.1156272378567842,0.19051138483875765,0.10863275415890482,0.1789909329276228,0.09879285508217898,0.16278045519408244,0.11515737800498461,0.1897378593940509,0.11576248464580517,0.1907339629280307,0.11545714365037975,0.1902313937992685,TOKAT,PAZAR,12875,-0.633
54988432B46569875882636,0.13316366097782786,0.21942956698357005,16.72270795478892,0.1329042779601799,0.21900215080390475,0.12740844797287434,0.20994601953299769,0.1195732119800853,0.19703497136499895,0.13264009091986595,0.21856681846598996,0.13300815607073657,0.2191733230940862,0.13283450652272172,0.21888718012649283,ARDAHAN,HANAK,7668,-0.926
54988432B46575800975320,0.28315121106210034,0.32398825589145563,20.057893673639338,0.2786827708129922,0.3204144868404171,0.24603928749501036,0.2893560529989041,0.2086532718690276,0.2509433168345768,0.27547597385724976,0.31762018082303334,0.2797903805563145,0.3213459512998789,0.2774181884951639,0.31932762414646615,GİRESUN,TİREBOLU,32124,0.014
54988432B4660350003677,0.24413120733301502,0.3507092161866463,25.323862684399185,0.24211535814240043,0.34850436361351383,0.21849405924675117,0.3170317987334003,0.18746924353084682,0.2748972405796505,0.24086269571986907,0.3469485154516315,0.2426653054467107,0.3491631377452429,0.24182597639191478,0.34815057123028026,ERZURUM,YAKUTİYE,189149,1.688
54988432B46629415876767,0.3308388157129171,0.5451622739784082,47.29224185671746,0.3290750277605468,0.5422558721710821,0.2885340182479309,0.4754516569862171,0.21952349243350963,0.3617348461731234,0.3267391198423807,0.5384067202769404,0.32975007693749453,0.5433682305091508,0.32825770163687906,0.5409090670899052,AFYONKARAHİSAR,BAŞMAKÇI,9089,-0.427
54988432B46815557775592,2.15557276476246,3.208632064586117,263.323139569596,2.151056687402665,3.202439097335852,2.002129610106716,2.9954301673844372,1.6554963837715369,2.5125142636321067,2.1480451240179503,3.1982494830325736,2.1522561472923436,3.20409093042668,2.1509086006768765,3.202215578786565,NİĞDE,ULUKIŞLA,18780,-0.314
54988432B46858449148239,0.19292107118696525,0.3083579967295244,25.224769394094235,0.19196736401607503,0.3074404581454846,0.18073723116104073,0.2915512271374334,0.15984830524239022,0.25909205867100166,0.19096404865510655,0.30625479865784183,0.19229260819457297,0.3077871791886335,0.1915097403235942,0.3069174902937217,ÇANAKKALE,BAYRAMİÇ,28480,-0.229
54988432B47187297633278,0.7966083720530255,0.8497884337049609,39.7247391872579,0.7850966311746799,0.8393564970260138,0.5996240607348519,0.6608350783650583,0.21172583342897186,0.3025100303691632,0.7874323265524374,0.8415739019761256,0.7846973335166262,0.8389753674280067,0.7900262563260162,0.8440047262821869,İSTANBUL,KAĞITHANE,446420,2.174
54988432B47223063942173,0.012124436199406728,0.019978872356165647,1.154625165673425,0.012103890889787918,0.019945017411354918,0.011668215771675594,0.019227103816828406,0.0110461926215973,0.018202122455748506,0.012075766784407877,0.019898673985377993,0.012111807456754558,0.01995806247822024,0.012093815589434797,0.019928415143307617,GİRESUN,ALUCRA,8473,-0.54
54988432B47270758673920,0.09248285149551137,0.1101667023854508,5.840925150129893,0.09160402360892525,0.10946849486960109,0.08548829929141388,0.10370433572159553,0.07877670696424902,0.09691594645868365,0.09111897905968117,0.10905122938209459,0.09180402000202958,0.10963547472471954,0.0914569911394455,0.10934367112105078,IĞDIR,MERKEZ,152455,0.033
54988432B47330192202647,0.29843574442167575,0.4226927552324282,32.56115980292138,0.29532894936345844,0.4192938903103302,0.2518309321975519,0.3635822923900643,0.1940982213870311,0.28627867934580986,0.29282431473679776,0.41628737422176953,0.29621158197328307,0.42032545831482837,0.2946193685105462,0.41845170815802357,MERSİN,ANAMUR,66952,0.316
54988432B47711735094491,0.409069965773329,0.40743786524816383,16.578695121536164,0.4015700399479706,0.4018369767535177,0.35862645542485366,0.36701941621336626,0.31622402261509686,0.33093085475496903,0.3967487198393892,0.3981057741180603,0.40349903375572704,0.4033055160116965,0.3996410296379024,0.4003536328985691,BARTIN,AMASRA,13705,-0.102
54988432B47787159486686,0.0025181591814648686,0.004149469718142848,0.37772344537846575,0.002505630184038623,0.004128824202243153,0.002255957439863794,0.00371740879251659,0.0019200010471747658,0.003163813575684949,0.002493515977654819,0.004108862186768149,0.002509505747291157,0.0041352104277349745,0.002502591241737513,0.004123816576376426,MALATYA,HEKİMHAN,17116,-0.606
54988432B47827945301604,0.4973268874366208,0.625826418571229,34.03928526545434,0.4930608564838251,0.6217721505666134,0.4529893286506851,0.5737109013041881,0.38712596636162533,0.4992767659809992,0.4917307760335251,0.6203120155575318,0.49377824044248936,0.6225339144390505,0.49316056583072426,0.6218791381415175,KAYSERİ,BÜNYAN,30362,-0.379
54988432B47932358770374,0.023215199497651967,0.03540340053636857,3.0428111510400697,0.022959330149931144,0.03512070043401248,0.020264306561659735,0.031235494989516447,0.017008194819027288,0.026286791821262003,0.022772116078770464,0.034897163975785114,0.02303703196998611,0.0352119637912734,0.022897149629358973,0.03505598740638185,ERZURUM,OLUR,5985,-0.637
54988432B48034047733274,0.0,0.0,0.0,0.0,0.0,0.0,0.0,0.0,0.0,0.0,0.0,0.0,0.0,0.0,0.0,VAN,SARAY,17036,-1.237
54988432B48182517932620,0.12240003328987224,0.20169306030151266,15.130537923714854,0.12209720906378001,0.2011940608874411,0.11545506319150123,0.19024900889733018,0.10545610187351835,0.17377253373752086,0.12200855800746276,0.20104798002155408,0.12213352445898845,0.20125390207374455,0.12215449641279769,0.20128846005081857,KIRŞEHİR,AKÇAKENT,3301,-0.816
54988432B48183111476065,1.4497832161733768e-05,2.38897985388026e-05,0.0018513834235150373,1.4475007159388196e-05,2.385218707375041e-05,1.3980019435025487e-05,2.30365370591629e-05,1.3240086462685848e-05,2.1817261691355256e-05,1.4453842596106203e-05,2.3817311711190824e-05,1.4482266291323986e-05,2.3864148806896303e-05,1.4470202304181001e-05,2.3844269543624004e-05,SİİRT,PERVARİ,26437,-1.345
54988432B48404533288068,0.6431292405321074,0.6683200536013877,33.11735758643915,0.6392890558882671,0.6646885261769538,0.609635697499907,0.6275725989833247,0.5737891484249563,0.5803098759538644,0.6398977818962978,0.6653576845626973,0.6391503851282818,0.6645257596751372,0.6406811697622656,0.6661455874805156,KIRIKKALE,YAHŞİHAN,39137,1.778
54988432B4842956932504,0.015478441328321147,0.025505664633383874,1.904320078023897,0.015449824175392729,0.025458508754450562,0.014840660795329405,0.02445471796251823,0.01396841360687566,0.02301741275883425,0.015420645815025358,0.02541042810742053,0.015461289855278367,0.025477402115852643,0.015442120515368725,0.02544581451962071,ARDAHAN,ÇILDIR,8048,-0.773
54988432B4854228242513,0.2152923355005398,0.35476273036403505,28.353241642973884,0.2146674885150948,0.35373309583431145,0.19991271686937662,0.32941990761623985,0.17485421415971755,0.28812803896032607,0.21366736075228246,0.3520850666324205,0.21491524287210861,0.35414135008985403,0.21427132167487037,0.3530802847177849,ÇORUM,ALACA,28989,-0.339
54988432B48804901701005,0.0043326079511379805,0.007139352280094449,0.5805369009266741,0.004322999399648078,0.007123519129539062,0.004089111817330592,0.00673811480426067,0.003682818472618519,0.00606861704455789,0.004315640129515165,0.007111392386802173,0.004325759099017135,0.007128066613688343,0.00432198615151978,0.00712184948035394,DİYARBAKIR,ÇERMİK,49299,-0.887
54988432B48966185203589,0.03934517885295242,0.06395737993929788,5.563012508305659,0.0390762293236245,0.06351627560318819,0.03387931120470489,0.05499421498242857,0.027040763966234924,0.04381104733533449,0.038852577356239884,0.06314944750412896,0.039149263840631054,0.06363606236412468,0.039033331874710434,0.06344591716614693,KAHRAMANMARAŞ,EKİNÖZÜ,9896,-0.92
54988432B49000461137157,0.13107758880662662,0.19171687420792555,13.654290317453956,0.12968597346752675,0.19051708345017468,0.12052516994621867,0.1797950962864822,0.11065866065064255,0.16681689498887242,0.1292421448655159,0.19008047669051162,0.12991904226170514,0.19073827598712,0.1296829899506088,0.1905142131276621,HAKKARİ,MERKEZ,76165,-0.077
54988432B490212621980,0.2632093960512699,0.3959212271321762,27.634837898310558,0.2618836128928503,0.39443891901344336,0.24484634221400262,0.3716852394036822,0.22206639568869777,0.34000405900000347,0.2607348995748975,0.393005983268069,0.26229183230279873,0.3949302806694324,0.26149936596430695,0.3939660360997358,KARABÜK,MERKEZ,135819,0.962
54988432B49228485155322,0.14318659977895473,0.1036028617708134,1.5783327788417418,0.14252573514677924,0.10312478155960525,0.1292748693479929,0.09353884167611089,0.11134500537122288,0.08056793943933274,0.14183216613968397,0.10262304195504321,0.1427496509063909,0.10328676592884772,0.14233115902312685,0.10298402192729376,ŞIRNAK,BEYTÜŞŞEBAP,13971,-0.723
54988432B49266888844596,0.08014308255954136,0.13206126786869238,11.099219554528858,0.07984611013962258,0.13157191117009806,0.07373745420234704,0.12150595385617918,0.06521791883118545,0.10746730439529913,0.07959646077150966,0.13116053427988278,0.07993506795081814,0.13171849751240128,0.07979856461491772,0.13149356476672208,YOZGAT,YENİFAKILI,5008,-0.352
54988432B49369799231556,0.7460477982441687,0.8463738512678929,47.206961826112114,0.7300052132334531,0.8313031076486064,0.5269244058175763,0.6154168161154816,0.20843456845511124,0.2806403202433593,0.7331444683008553,0.8344624294738361,0.729472056336388,0.8307620597573212,0.736678202580621,0.837949757508544,İSTANBUL,SARIYER,344883,3.249
54988432B49466488520604,0.014870076073332609,0.024503189006852312,1.9049635712815214,0.014836593051155771,0.02444801505771622,0.01409321595736128,0.023223064402266846,0.012942299019730994,0.02132656198258405,0.014844197384734437,0.024460545620574838,0.014834958295470912,0.024445321276774665,0.014853866054338796,0.024476477834881757,KIRIKKALE,SULAKYURT,5564,-0.809
54988432B49471063177420,0.7094495559133344,0.8272091110524755,44.360066664744956,0.697328614612696,0.8159616357790794,0.5310577891024312,0.6429649751718861,0.21172129076725024,0.31967565832635997,0.6997407334760227,0.8183241931147538,0.6969187235111349,0.8155581739830817,0.7024430059083716,0.820933151536614,İSTANBUL,ÜMRANİYE,728913,3.364
54988432B49528694857663,0.16303170538429962,0.1352651242697358,3.9749695148806383,0.16172173920850208,0.13417895738666447,0.13776165394804687,0.11460076443724376,0.10624142975593628,0.08841863425556191,0.16049792371592173,0.13327160511455693,0.16214098416280437,0.13449630155231207,0.16141042794870905,0.13398359947788954,KÜTAHYA,DOMANİÇ,13900,-0.483
54988432B49585252089849,0.9483137098343108,0.9223553940698404,34.94102611305706,0.910551641246743,0.8938447852036028,0.7149032081220417,0.7333323896768813,0.5252907366107069,0.5688818380246914,0.9138391167458528,0.8963698238068216,0.9106103729087488,0.8938950585282939,0.9214215420785535,0.9021897516586803,YALOVA,TERMAL,7497,0.158
54988432B4974900305842,0.0010308812399977068,0.0016987053558241122,0.1261999112126299,0.0010290531823602305,0.00169569304831569,0.0009900153295578846,0.0016313657455554174,0.000933636466048167,0.0015384636015611714,0.0010277761542493657,0.001693588737550011,0.0010295847298580755,0.0016965689422076642,0.0010289311769076355,0.0016954920054528253,TUNCELİ,OVACIK,6700,-0.375
54988432B49773192126459,0.4019985810138703,0.5148581835238673,23.073089805999132,0.3900861412643276,0.5058211369409916,0.3340627616489693,0.45587474220471963,0.28403815074844513,0.405220736500601,0.3870394067218766,0.5033742540292685,0.391816665313494,0.5071837658159482,0.3903114418178318,0.505989723280516,KAYSERİ,ÖZVATAN,3877,-0.325
54988432B49774996339871,0.7268580376068668,1.0343177589963342,79.23295180212246,0.7213481165982725,1.0289084509147113,0.6480024778005513,0.9456051937945138,0.5131716433074066,0.77455103366426,0.7163059459884787,1.0236280444468058,0.7229867498910854,1.0305823492651152,0.7195074962325851,1.026999662465837,AFYONKARAHİSAR,MERKEZ,331982,1.178
54988432B50131654423390,0.2393902219752309,0.3720580897365514,25.87955377036909,0.23790447558317784,0.36976241451872516,0.2015581385515124,0.31685551946495266,0.13668864080163043,0.22145455850870369,0.2380851753305406,0.3700373884099799,0.23792859297600555,0.3697990531963984,0.23855877816699453,0.37076254826888083,KOCAELİ,GÖLCÜK,181227,0.892
54988432B50302580927111,0.18591591345843636,0.27977458260171834,19.656963878875228,0.18436196567694468,0.2779311434749325,0.16350683915958122,0.24929439798533323,0.13524431639719384,0.2092186736514903,0.18316043324493314,0.27637067393234255,0.18478945389267384,0.2784721363316908,0.18402035642894438,0.2774922999912521,MERSİN,AKDENİZ,254292,1.183
54988432B50394805884304,0.003835689443750632,0.0063205206851874645,0.4612954612674988,0.003825678357357762,0.006304024230102856,0.0036165369705926237,0.005959397147915183,0.0033225171406436782,0.005474905782203764,0.003815070500002254,0.00628654440468314,0.003829083933302988,0.006309636001734121,0.003822710923596051,0.006299134437342555,VAN,ÖZALP,51357,-1.159
54988432B50445752113083,0.007558123309303568,0.012454416713919052,0.5898320278634857,0.007548033183779485,0.012437790016678215,0.007295682770789847,0.01202196229428133,0.006863772615485825,0.011310252675769501,0.007535555696227548,0.012417229379711195,0.0075523050543882695,0.012444829284831498,0.007544061484067666,0.012431245375733726,ISPARTA,SÜTÇÜLER,9228,-0.811
54988432B505648184983,0.4258006312757942,0.516472696063737,27.492715895479193,0.4236153691506839,0.5139747927746562,0.3784876029258537,0.46548250216300563,0.3127734654794146,0.3960045960310879,0.4202665623071012,0.5102844058043349,0.4244570457458614,0.5149153055682947,0.4222824447247573,0.5124997820767072,ÇORUM,SUNGURLU,49079,-0.243
54988432B50626886861490,0.541136887252514,0.8120190503469729,62.546943484233864,0.5330742181875808,0.8047017562044982,0.46827486955233155,0.7218548318937006,0.38127965930936825,0.5965008752723407,0.527713107164969,0.7989153484818089,0.5354608509035251,0.8070883899498393,0.531134901298816,0.8026514956729841,ANTALYA,KORKUTELİ,58381,0.081
54988432B50709390359139,0.4926428214530279,0.6166169686567307,36.660185390338874,0.48385136338133533,0.6088645893176038,0.3889164208533096,0.5097668502229787,0.24359643929428812,0.3477199848934461,0.4837461710849938,0.6087655987310879,0.48430239015369253,0.6092880701463045,0.4861171112916418,0.6109745603519753,BURSA,OSMANGAZİ,886111,2.374
54988432B50747108890679,0.02333954693673458,0.03845934123704441,2.8032698173840354,0.023296250426594705,0.03838799643920595,0.02237317117077159,0.03686692920577724,0.021049711014806433,0.0346861068492051,0.02324373778530182,0.03830146512837049,0.023312236796531504,0.038414339078084406,0.023279320481197234,0.03836009895906502,MUŞ,MALAZGİRT,40595,-1.027
54988432B50828281350950,0.617535136300615,0.9520330222476476,66.14612035001123,0.613424595452623,0.9462227797076882,0.5347744824389475,0.8337842611607712,0.432277853440755,0.6859058630942558,0.6089619705597004,0.9395440891640156,0.6150405748583462,0.9486450984489966,0.6120988282696673,0.9441183249598516,ANTALYA,AKSEKİ,10609,-0.182
54988432B50977665989913,0.484389619118273,0.6390263659245655,39.19685374354706,0.47883278528691836,0.6327490217773433,0.3812106619624969,0.5140078301868095,0.18889454865225946,0.2896886697899304,0.48003577631885874,0.6341747405309323,0.47862848479326514,0.632507134674905,0.48135995401190573,0.6357317185669134,İSTANBUL,SANCAKTEPE,507500,1.275
54988432B51005953593095,0.007444610038150785,0.012267367426200151,1.0957310936678337,0.007399533000695821,0.01219308864220598,0.006521539049140276,0.010746313814979615,0.005355166927664668,0.008824344054778185,0.007371647299576253,0.012147138063220932,0.007410782092916328,0.012211625106409343,0.007398436277082839,0.012191281440558544,ŞANLIURFA,HARRAN,101710,-1.447
54988432B51165292836212,0.14581163053125315,0.2261675510691264,17.53100375203373,0.144217678078348,0.2245018320220453,0.12843703841288218,0.20249735567424448,0.10765558131854276,0.17138135136145735,0.1430332029156839,0.2230403937100526,0.1446206780320777,0.22497153193162395,0.14380779068251207,0.22400748971644102,SAMSUN,ÇARŞAMBA,143206,-0.015
54988432B51178823005905,0.14229357389062708,0.19632091901807217,13.283961451788779,0.1414986388141746,0.19548901937096974,0.13239109548081052,0.1844225124186025,0.12082304728600599,0.16987117055258155,0.14108516117023778,0.19501866167182402,0.14170718529423545,0.19572079543496235,0.1414393514583413,0.1954223406944935,KARS,MERKEZ,121154,0.398
54988432B512462683964,0.02346390835893398,0.03866426631061398,2.5952689328103102,0.0233933052973774,0.038547925267484705,0.021958184739082582,0.03618310681503705,0.01997634442350075,0.032917393338211635,0.023340006043407455,0.03846009776159239,0.02341189538897388,0.03857855836753052,0.023385708047172014,0.038535406376740834,HATAY,REYHANLI,117645,-0.54
54988432B51380550593874,0.4160958470814995,0.4818661275486038,25.547983411242864,0.41130364924476265,0.4771868667371461,0.32401578832887995,0.38716665766715824,0.11253225625732675,0.18381064891736784,0.4122626389656773,0.47815131078534717,0.41114977794455365,0.4770373995400374,0.41337517738716056,0.47928791422085465,İSTANBUL,TUZLA,313865,2.73
54988432B51585452929549,0.5571503734216663,0.6488362084192109,35.574828800602,0.5516922892873262,0.6440695880623515,0.49556812003442796,0.5872876191191875,0.42046027012488285,0.5092744182708361,0.5468096656873183,0.6394128117541863,0.5532718746381851,0.6455261592377313,0.5497543916719952,0.642243430450242,TRABZON,ORTAHİSAR,335116,1.807
54988432B51640107069118,0.10393429446137024,0.17126487106868174,14.865437935305302,0.10341857033246048,0.17041505121949257,0.09318101181565423,0.15354541114038883,0.07944957939427583,0.13091850040391617,0.10295538790992223,0.1696518105751182,0.10360344193331096,0.17071968609528607,0.1033158352738545,0.17024576247165854,ERZURUM,OLTU,29765,0.025
54988432B51915781882505,0.28467839133995254,0.3466768764651336,20.711569974663895,0.2821501233118016,0.34431061927594137,0.2477346583069892,0.30861821479738316,0.20044571721310303,0.2587004134653973,0.2800030025055799,0.34219003077853044,0.2829794060214015,0.34511492504927316,0.28145834077154047,0.3436467295914205,BURDUR,MERKEZ,120832,0.917
54988432B51986121551962,0.736018013205251,1.1670492050478085,87.9905501386601,0.7305820759230307,1.1610932855293061,0.6728772263119998,1.0780122346171872,0.5981922242711638,0.9639494520441434,0.7277241207395542,1.1573305062449695,0.7317120967925169,1.1625131764551158,0.7301063923763272,1.1604235391394044,ADANA,POZANTI,19983,-0.185
54988432B52020069669764,0.2527344164020274,0.320986516751877,18.846288774559167,0.25038933830178617,0.3189019067284346,0.22717362121990367,0.2941364459376542,0.19650362195436644,0.26018406162251834,0.2492813708813463,0.31781328715190066,0.25085664037871824,0.31934892605625753,0.2502259434436498,0.3187436495304959,DİYARBAKIR,KAYAPINAR,454311,0.857
54988432B52055893511885,0.20304776544653055,0.3345856689606089,27.209327886892655,0.2022755199416031,0.33331316417761037,0.18703627754966087,0.30820171913528155,0.16388131095588732,0.2700465801718778,0.2016376490268698,0.3322620745982785,0.20251862143542784,0.3337137484327059,0.20214102564087427,0.3330915433842611,ISPARTA,ATABEY,6204,-0.299
54988432B52081033175293,0.02229061842357571,0.03672784124967839,2.8027528364790815,0.022189503802607913,0.036561278422271165,0.020173497735028478,0.03323998446650797,0.017122350216510727,0.028213099473549698,0.022130358302905332,0.036463844067625366,0.022214564633558538,0.036602562190072116,0.02218794871737492,0.036558716656547224,NİĞDE,ALTUNHİSAR,12004,-0.975
54988432B52253881676489,0.6980401027928382,0.7112339527352025,29.096508048349605,0.6937732874348629,0.7076406698601935,0.6677306871059265,0.678477906779174,0.637243923458116,0.6391852342811215,0.6927550517924723,0.7067205661222206,0.6942785001514832,0.7080914887317818,0.6939712473316,0.70783997312326,DÜZCE,CUMAYERİ,16162,-0.237
54988432B52278117237199,0.15147274621646598,0.2160405311359769,14.592876699712011,0.14723918020252516,0.2112270233226869,0.11144705495617939,0.16547837863874917,0.07204678589336469,0.11305775384201548,0.14482127396277447,0.20828949118562026,0.14815633759082766,0.21231839195659905,0.14661144378463328,0.210463282294451,MANİSA,SOMA,110188,0.416
54988432B52458051755801,0.4517590235069938,0.6600239366260062,50.880252727411566,0.44380026326204436,0.6529403802899495,0.3850886496799689,0.580319185805913,0.3126828003002349,0.4791016394411309,0.43772568985877364,0.6465455364284203,0.4458248733434114,0.654924976107228,0.44126111419637204,0.650337263856504,DENİZLİ,ACIPAYAM,54769,0.052
54988432B52534848164203,0.26411376640090106,0.33942692314683776,23.24099252723122,0.26190655761302695,0.3369678505380146,0.2205486392501923,0.29026543888319045,0.16647808505864503,0.2278874759799516,0.25925346059124854,0.3339452095887476,0.26271868594995335,0.33787842219737674,0.26102241852353,0.3359435447197687,UŞAK,SİVASLI,19193,-0.434
54988432B52559980919488,0.0031311115963934245,0.005159504152474758,0.4381746847290179,0.0031167698163052393,0.005135871499456545,0.002830599516008873,0.004664314735272618,0.002444649955952932,0.004028339843784203,0.0031030765899473377,0.00511330754538485,0.0031210898871532698,0.005142990192864045,0.0031134080347903817,0.005130331893105368,KARAMAN,SARIVELİLER,11594,-0.631
54988432B52670947871077,0.195186160663705,0.27021907053991306,17.66699639111803,0.1929667290714504,0.2680633528639203,0.17187970773709968,0.2426041874810057,0.14225593499273506,0.20518948675709936,0.19293565998108383,0.26803741976548934,0.19309261594440688,0.2681935919244339,0.1935159465754236,0.26864464495688095,TEKİRDAĞ,KAPAKLI,152509,0.149
54988432B52977689381309,0.5461551474282352,0.8999646497101014,75.72447204020509,0.5396090821148789,0.8891779210589935,0.29890960497112756,0.4925488282945703,0.04179469401643952,0.068870077188439,0.5368775287431238,0.884676816409606,0.5408789723595234,0.891270469915437,0.5405798400394521,0.8907775540930422,BOLU,YENİÇAĞA,6443,-0.091
54988432B53167672259322,0.09252243647225841,0.15237809897456395,11.128468591989586,0.09238196596825368,0.15214795901344655,0.08937831710750274,0.147206434532138,0.08503106862801324,0.14005098512662684,0.09223335687250427,0.15190376641169884,0.09243193048120044,0.15223000039414508,0.09234062995467358,0.15208005578254802,IĞDIR,TUZLUCA,21525,-0.953
54988432B53179569886424,0.053030896794741954,0.08738473251211112,7.951141968367563,0.05281782068095661,0.08703364735937277,0.048499172332409135,0.07991740055748867,0.04259721997605315,0.07019213020207307,0.05259378631547485,0.08666448626245067,0.052890057045969455,0.08715267597021902,0.052755069677288845,0.08693024513183757,VAN,BAŞKALE,37568,-1.13
54988432B53180025567005,0.4159687280617654,0.4918006011899168,27.64221075931843,0.4062431201826817,0.4828352580654862,0.2764158197813132,0.3495971253950793,0.09724745988836023,0.15470460275111117,0.4001756680479775,0.476866998804289,0.4085137828340178,0.48503092822564936,0.40492471431143884,0.4815490119743029,İZMİR,BALÇOVA,75743,2.902
54988432B53191699702586,0.2717577065432697,0.4478057586613266,36.82743824654472,0.27134828705273545,0.4471311195803318,0.2607270074212884,0.42962937273444296,0.24090913192909152,0.3969733674487668,0.27115982953261275,0.4468205735139936,0.271398442817044,0.4472137676580671,0.2713810634094794,0.4471851239501745,KIRIKKALE,DELİCE,10577,-0.567
54988432B53264158604699,0.06748733884370174,0.08378362775723856,3.5524810590071527,0.06601350253142452,0.08263197174612297,0.059370903567010594,0.07679400907690206,0.053756753378706265,0.07137378452044899,0.06554430088777981,0.08225093831370216,0.06625064922379492,0.08282209546142767,0.06596577779343332,0.08259350599022569,BİNGÖL,GENÇ,31654,-0.646
54988432B53366813523086,0.06361171349709153,0.1048205692548045,7.031040740314713,0.06314037873999262,0.10404389504132112,0.05414472871641067,0.08922069496619707,0.042446693793091954,0.06994445459450964,0.06315201471406866,0.10406306901666987,0.06313693280081184,0.10403821675839665,0.06332111214569486,0.10434171092188112,ÇANKIRI,ŞABANÖZÜ,12493,-0.13
54988432B53536511485227,0.03138883303069887,0.051723105158490996,3.89913227835842,0.03130989675038793,0.05159303248190086,0.02966013912460108,0.04887453106194873,0.027103444156936038,0.044661561355767244,0.03124709815901598,0.051489551790466444,0.03133314938638832,0.05163134860967421,0.031298450423857,0.05157417101131804,MARDİN,SAVUR,23404,-1.187
54988432B53827515712980,0.06323225503525137,0.10419529051615746,8.696060505662635,0.06274077513844613,0.10338542076531711,0.053173840583633,0.08762084737263802,0.04024308990602458,0.06631331496383355,0.06239092511249265,0.10280893136017118,0.06286452651628519,0.10358934059639895,0.06269941106940803,0.10331726028000854,KONYA,TUZLUKÇU,6052,-0.686
54988432B53845687770419,0.026403905358270773,0.04243901748671122,2.9958916466790053,0.02636031930246586,0.042371977088673005,0.02545661035701678,0.040958059428943906,0.024163374297785038,0.038927710175000615,0.026314999107358086,0.04230148194964714,0.026375633175575897,0.042395728207010326,0.026347686823679117,0.04235235057918469,IĞDIR,KARAKOYUNLU,12614,-1.008
54988432B53887880755760,0.1840842335463014,0.3033216215548017,20.581451222068832,0.18353185237632003,0.302412532847749,0.1721855747820097,0.2837204659662846,0.15645016703693396,0.25779477316992777,0.1831198511599045,0.30173390538599126,0.18369014111024903,0.30267320439289175,0.18347659832360394,0.30232146246610275,YOZGAT,ÇANDIR,4360,-0.246
54988432B53975105954432,0.2031398511484425,0.27916906035189815,15.304011854668312,0.20163886692743913,0.27764872473588526,0.1850895033573341,0.258075828696529,0.16434928551137576,0.23266913816489088,0.20021753259523198,0.2760668928186789,0.20208883035254682,0.27813225903814703,0.20107985585143098,0.27703473047965715,TRABZON,VAKFIKEBİR,27278,0.268
54988432B54046828010394,0.7560802940710972,0.9830959185855205,68.66863093714878,0.7449482256603954,0.9728011180617564,0.6066511369344946,0.8314447143016752,0.410346773446616,0.6045285551236265,0.7411634308999435,0.9693200236655274,0.7467844642482622,0.9744938156276541,0.7456468718140596,0.9735464601491234,BİLECİK,PAZARYERİ,9671,-0.301
54988432B54174343653702,0.07081869790090932,0.11667888355310291,8.855222647293044,0.07057679119011273,0.11628039095229764,0.06558793858229059,0.10806209167733527,0.05805420126210445,0.09565102805403877,0.07020879998713409,0.11567419285121419,0.07067046072352819,0.11643469239424414,0.07043067754403691,0.11603969343872232,ÇORUM,MECİTÖZÜ,12911,-0.719
54988432B54271266334519,0.8686753619637468,0.9582050850586861,40.35460408247766,0.859945037362636,0.9500559866124582,0.7171477983501771,0.8082132940511598,0.25173718767744546,0.403030132429363,0.8617918362132777,0.9518599685646671,0.8596273700716146,0.9497443181704028,0.8638144806625252,0.9538135953287954,İSTANBUL,ARNAVUTKÖY,358469,0.771
54988432B54371486123603,0.05843624679721027,0.09628825008065396,5.087539431146088,0.05832795352322467,0.09610982855219755,0.056305897080206044,0.09277835595358397,0.05339045888556402,0.08797491509580103,0.058246872989596625,0.09597624401452162,0.05835848147577449,0.09616012512064356,0.05831347533309171,0.09608597509732064,MARDİN,MAZIDAĞI,37381,-1.019
54988432B54408958625108,0.33407360220586885,0.3533108729043014,14.530761577026936,0.33069972627895355,0.3507353568113213,0.3067826659821034,0.3305355790413725,0.28046092383365306,0.30730024691862934,0.3284017958768502,0.3488938984405403,0.33154898462207605,0.3514021951506939,0.3298266394826671,0.350041309148365,SİNOP,MERKEZ,70311,0.917
54988432B54459736325466,1.0431694492213561,1.003840971049486,44.320434513727946,1.029116277205244,0.9927303977589047,0.807297527810588,0.813234962960438,0.5162751703046397,0.566568185658987,1.0134199384750393,0.9802371657601804,1.0339208665644375,0.9965470170773739,1.0235072683791233,0.9882753539920451,AFYONKARAHİSAR,İHSANİYE,27636,-0.592
54988432B54492076476235,0.5935549198818363,0.6398138992453732,31.73988489202374,0.5818477043911918,0.6302015529984297,0.4641220016841523,0.5233550059810939,0.320122477073888,0.3855848541611808,0.5621435178247666,0.6130573928900184,0.587214449430848,0.6347210002570569,0.5713455498136574,0.6211386933088782,MUĞLA,ORTACA,58704,0.884
54988432B54526822258807,2.4634783064098356,2.712998642478766,134.95142755039984,2.4589637390902834,2.705559485385717,2.3772477113086694,2.570907947624574,2.2582765378684435,2.379663580519592,2.4567513152724265,2.701913819696583,2.460050433960865,2.707350157093981,2.4591142339036245,2.705807472951606,KAYSERİ,PINARBAŞI,20598,-0.512
54988432B54547584341772,0.0037730612231632638,0.006217320733913026,0.15116699756266513,0.0037712714083856375,0.006214371443703134,0.00373091138693404,0.006147865446755165,0.0036696499547033013,0.006046917714855376,0.0037683638492715735,0.0062095803135052,0.0037719900800270915,0.006215555684252915,0.0037701206582444273,0.006212475216133706,YOZGAT,AYDINCIK,9317,-0.928
54988432B54701256478195,0.9497763117715352,1.044768126066873,60.4352697264935,0.9359473025656196,1.0333953682731987,0.7379009583351965,0.8435427088870914,0.32781769970431135,0.4357022179510441,0.9371979606494782,1.0344988751639443,0.9360951172266218,1.0335123614748958,0.9405939899478695,1.0373891950218639,KOCAELİ,DİLOVASI,55355,0.665
54988432B54705083603952,0.03870956654373461,0.06378634653359111,4.746604114311013,0.038619324991127815,0.06363764481822051,0.03693723168421493,0.06086586005913886,0.034579424487499344,0.056980621335549035,0.03855666099474195,0.06353438591491731,0.038648639231664436,0.06368594937113059,0.03861065836532902,0.06362336379040652,KARS,SELİM,20476,-0.977
54988432B54940394851011,0.5238121605501319,0.4284029075486022,11.570947550636511,0.5235319786796161,0.4280597295170333,0.5061039995131876,0.4125880553756708,0.44759730581219925,0.36602488688606677,0.5232883975102879,0.42778026036712935,0.523616489206973,0.42816010395737136,0.5234998101085706,0.42802204327672483,DİYARBAKIR,EĞİL,21674,-1.166
54988432B54960387029794,0.004984262201812385,0.008213160322006844,0.6257758956232616,0.004956573960463899,0.00816753512091954,0.004416564755518383,0.007277697869989153,0.003702856714785772,0.006101636434154007,0.00493652454992933,0.008134497327879226,0.004963621445815979,0.008179148098872943,0.004954078469908862,0.008163423004987293,GAZİANTEP,KARKAMIŞ,9087,-0.837
54988432B55011186911160,0.835491926987253,0.8929959785678021,41.72615806185895,0.8236275799028353,0.8832492813986076,0.6997970684794584,0.771552423128828,0.5330041725846228,0.6169964646060556,0.8144618607140932,0.8753004187915667,0.8274903194272273,0.8865307700756341,0.8204220061780696,0.880489799867829,ANTALYA,AKSU,87070,0.476
54988432B55013104325920,0.2783997628515453,0.34395048259842814,22.85830551858992,0.27542019195808043,0.34107757502591424,0.224390988618843,0.2916990506827325,0.151410052372738,0.2131349199287285,0.27367994548919566,0.33944572972275844,0.2761514394991732,0.34176583572496977,0.2753373154276378,0.34100326224855326,BİLECİK,SÖĞÜT,18284,0.102
54988432B55023919833047,0.12496947144105726,0.146673728126903,9.620859774572148,0.12343050373939658,0.1450084103281725,0.09550393798762363,0.11450378111351915,0.06072591804016354,0.07619360266708916,0.1223467055829874,0.14383255539096915,0.12381591535589552,0.14542609057685663,0.12330114418579864,0.14486771418898325,KONYA,AKŞEHİR,93613,0.372
54988432B55107269659829,0.2695360881133561,0.35261163104252435,24.36811930009299,0.2653625071323758,0.34880194948244286,0.20110228785320922,0.2759789428013474,0.06660553386441466,0.10975384235652322,0.26301127638085786,0.34641965276322256,0.2662598487827085,0.3496838926357246,0.2648468979564638,0.34828681546297935,İZMİR,TORBALI,224133,0.927
54988432B55138126050611,0.36219962395347866,0.4916658620759138,28.357714454400064,0.359574465859394,0.48908698733712824,0.32926768531586703,0.45389587692600686,0.28780662494668957,0.40472069649772874,0.35711701908034704,0.4863823274156045,0.36034998535119056,0.4899071862485604,0.35860919253126733,0.48803903314269487,TRABZON,DÜZKÖY,13105,-0.616
54988432B55145438477707,0.0005494806041495137,0.0009054443993881624,0.06486545513723864,0.000548406305109092,0.0009036741493701051,0.0005257871544565221,0.0008664018905813057,0.0004937261829955747,0.0008135712231673204,0.0005476638982102844,0.00090245079742007,0.0005487133543182203,0.0009041801107901121,0.0005483388453680598,0.0009035629879492277,BİNGÖL,KİĞI,4487,-0.517
54988432B55187358367890,0.6434879796709232,0.4659599505468031,7.132064903745948,0.6317620178438859,0.4574753836946593,0.43506969688201347,0.3151581338071547,0.19940329650566566,0.14463356714824122,0.624604328546186,0.45229758426628563,0.634744939788467,0.45963334071011025,0.6313324825941852,0.4571653171754699,BİLECİK,İNHİSAR,2079,-0.43
54988432B55191393233977,0.014538390797238843,0.023956631815696385,1.4115955091049674,0.014502388664695947,0.023897306829462436,0.013747447370096156,0.022653300467999977,0.012601199221606175,0.020764491366237942,0.01444649512612631,0.02380520441296641,0.01451646166589146,0.02392049658360267,0.014480083764570426,0.023860552398559765,ÇORUM,ORTAKÖY,6491,-0.697
54988432B55246961354568,0.3652733741944846,0.45132443630215835,26.1453679997361,0.36225346005935455,0.4485923733812406,0.3335591799902137,0.4173568587852896,0.2970153809362121,0.3764680049764127,0.3596148829729203,0.44591833128519753,0.36314531815978407,0.4494562725892356,0.3611845173283259,0.44752599459249975,RİZE,MERKEZ,153597,1.079
54988432B55251089321769,0.23066223304486802,0.3508905125503419,24.916697194181154,0.22988368045009905,0.3496165279831287,0.21232930574476658,0.3230802026401523,0.1801484751724899,0.276771748790245,0.22992510910656816,0.3496836874427639,0.22991775612804702,0.34967190794297476,0.23017467909075692,0.3500902952968655,SAKARYA,AKYAZI,99561,0.153
54988432B5550622380583,0.308012575699477,0.2644177614269041,9.06452962671725,0.2875898013777519,0.2494011551978861,0.20166310308613677,0.1823575466951415,0.1338984628947735,0.1266059378456903,0.28650473485993105,0.24859172398643112,0.28880493376503696,0.2503068141887198,0.29108620628266635,0.2520050467300268,ESKİŞEHİR,MİHALIÇÇIK,7605,-0.552
54988432B55561929668739,0.4235736238101476,0.5171747529798916,30.268442356115386,0.41560043961274445,0.5105596517499701,0.35337203528651107,0.44905322419010363,0.2827025074283432,0.3732643764478964,0.41024504847160076,0.5057150894786661,0.4174970202914123,0.512220349115569,0.41371540466132267,0.5088772091970478,SAMSUN,TEKKEKÖY,59356,0.65
54988432B55663903529384,0.035840460831928024,0.05905858056989755,4.289311615228697,0.035742809942222176,0.05889766961050837,0.03370900927983815,0.05554633490402169,0.030858097561671353,0.05084854934276495,0.035607127295684896,0.058674089212085584,0.03578253795189087,0.058963134166639605,0.0356934312011603,0.05881630239898958,ERZİNCAN,OTLUKBELİ,2123,-0.508
54988432B55699950689124,1.1192532352958144,1.6443554241003864,128.95543532996666,1.1103380573660182,1.6360891650364777,0.9918316635417694,1.4928900062345056,0.7719629400249057,1.1927352395972957,1.1038541915510658,1.6292985582702262,1.1126192884451283,1.6383787075790712,1.108337209553318,1.634032025881613,BALIKESİR,KARESİ,189444,1.108
54988432B55782833722779,0.07027123766824758,0.09271802899949774,6.87769700744376,0.06968869916073082,0.0920013689783631,0.058655703326244854,0.0783286805363592,0.04443995095492833,0.06060080442197801,0.06920671269650101,0.0914074735076323,0.06984647049542118,0.09219561907090539,0.06959618012703402,0.09188744172779642,KAHRAMANMARAŞ,AFŞİN,80124,-0.307
54988432B55907978535703,0.18103952456402878,0.29595530206674125,23.32539914874323,0.1805299380199068,0.2951688579276634,0.17097319401031383,0.2797362418215431,0.15769416895754026,0.25816833845596976,0.17980450566988712,0.29401185085290055,0.18074910949789688,0.2955147206026266,0.1802446554385646,0.2947153025724533,ARTVİN,BORÇKA,21628,-0.29
54988432B5616470788648,0.2226192073865717,0.3668360866647738,33.28817043856304,0.2214532115936577,0.36491473702580285,0.19832569187717847,0.3268047782012554,0.16732690732850797,0.2757244022144138,0.2204066760978647,0.3631902362949838,0.22187089807818866,0.3656030086140312,0.22122127628017588,0.36453254968556437,ERZURUM,PAZARYOLU,3537,-0.612
54988432B56207670393992,0.09073436484670676,0.09496393074554473,4.355393231956049,0.09062017348110916,0.09478282690870432,0.086064811048497,0.08949048460354425,0.07557339075235389,0.07916835649598658,0.09042481128700548,0.09449520970808682,0.0906665861924635,0.09485491679096825,0.0905486147456413,0.09467489031507219,AMASYA,GÖYNÜCEK,10823,-0.798
54988432B56214767138280,0.22437970234820312,0.3696782611324043,31.09089263987482,0.22325375211438667,0.36782291535018813,0.2049161400950586,0.33761025740194195,0.17970038725789172,0.29607183702002116,0.22249520299890202,0.3665729963514813,0.22352768058875122,0.36827429243177134,0.2231341898227387,0.3676259023164584,ÇANKIRI,KORGUN,4239,-0.606
54988432B56294268584472,0.08517598352994904,0.14035457606177085,11.643409450898329,0.08473702105927916,0.13963124550631872,0.07606683018651392,0.12534434309686526,0.06448445621512823,0.10625869100138775,0.08449424699287976,0.1392311978666423,0.08484352994463684,0.13980675283633895,0.08474567832447759,0.13964551110956067,AKSARAY,SULTANHANI,12811,-0.667
54988432B56298915275499,0.01815174328037462,0.029910781505719602,2.7227494615950656,0.018045754075253995,0.02973613051449744,0.015962554519201186,0.026303395388649967,0.013193723489539616,0.0217408639185181,0.017903099556908265,0.02950106173553029,0.018086240370782092,0.029802844588226435,0.01799426722945155,0.029651289528624718,SİVAS,ALTINYAYLA,8245,-0.664
54988432B56342138183442,0.09484458655352775,0.15477839717629638,11.079762393628851,0.09456012923732605,0.15430975648153966,0.08887299240114735,0.1449705874434108,0.08080881050156914,0.13180629419278503,0.09435230974983722,0.15396749245449992,0.09463344477202608,0.1544305249941429,0.09453198281217662,0.15426339609854467,OSMANİYE,BAHÇE,22989,-0.302
54988432B56417495854630,0.028810796067722102,0.04747384450505276,3.5393911120517885,0.028664805362040077,0.04723329479785764,0.025706138711978896,0.042358242718575315,0.021191061846320344,0.0349185748754038,0.028559686108431487,0.04706008889308294,0.028701793445219545,0.047294240330757936,0.028651448647071795,0.047211286727186705,KARAMAN,AYRANCI,7127,-0.683
54988432B56455899662396,0.20148461671310922,0.24349162744608466,15.545695103331711,0.20008457430044568,0.2420820705172139,0.1727267565440089,0.2136558073420135,0.13540631819343235,0.17328156273969017,0.19841924508375397,0.24039873052645724,0.20057756217896242,0.24257879403821953,0.19953850311008492,0.24153130938454684,SAMSUN,SALIPAZARI,19406,-0.73
54988432B56795021168307,0.2247024792547765,0.3691756050972992,30.427747284651343,0.22389281604089406,0.3678478641362532,0.20809742300993342,0.3419510529001926,0.1855699618042078,0.30501119983895203,0.22248759556180336,0.3655439396766038,0.2242424362471352,0.3684211236576645,0.22328637443987104,0.36685355499501066,KASTAMONU,DEVREKANİ,12033,-0.416
54988432B56881334411640,0.0,0.0,0.0,0.0,0.0,0.0,0.0,0.0,0.0,0.0,0.0,0.0,0.0,0.0,0.0,TUNCELİ,ÇEMİŞGEZEK,7505,-0.427
54988432B5693993852815,0.02705345553797857,0.04457918917606446,3.188847304124523,0.026895455958039393,0.04431883451808151,0.024764975461055706,0.04080818897494111,0.022006487477562262,0.03626270096940986,0.026808482847472077,0.04417551860253171,0.026929742516722487,0.044375332549676204,0.026885227417113806,0.0443019797373576,OSMANİYE,KADİRLİ,127644,0.157
54988432B57432661063863,0.11923474423793487,0.16586914145981804,10.972950195192489,0.11799835664784161,0.16467444635761272,0.10490204381942661,0.14906289180895455,0.08828169450862672,0.12812343868219173,0.11748150425563036,0.16411567844937028,0.11822374718393844,0.16491194154185726,0.11797705395373313,0.16465177482580878,ŞANLIURFA,HALİLİYE,395975,0.096
54988432B57597376033780,0.9315621820311518,1.1198648051509748,56.99851615440988,0.9221691703066301,1.1115683924929631,0.8450203789651475,1.0331782509407015,0.7508103523693102,0.9343684802470403,0.9182160641026559,1.1078251257626617,0.9240664299713859,1.1133287577711053,0.9216561800882467,1.1110881625979299,NEVŞEHİR,MERKEZ,163126,1.082
54988432B57660440186005,0.007478774015252892,0.012244638148428464,0.8505424831941378,0.007452423082609062,0.012205070056141555,0.006976125635509783,0.01143762069542263,0.006324702371807334,0.010378645801046669,0.007429137382326184,0.012168375340894834,0.007460022864873732,0.012216911039555411,0.007446592726458597,0.012195932992777945,MALATYA,PÜTÜRGE,12372,-1.097
54988432B57830407060109,0.000490911481885152,0.0008089331061216269,0.07020405067772832,0.0004905996019300816,0.0008084191845082572,0.0004756466659629645,0.0007837794574212717,0.0004352922675120348,0.0007172827261587965,0.0004903131537174723,0.0008079471697949748,0.0004906946262295378,0.0008085757673231893,0.0004905424511342438,0.0008083250103597592,DİYARBAKIR,HAZRO,16024,-1.285
54988432B57845000399714,0.23520172914431017,0.31083409708047227,22.675383827621918,0.23411107000251838,0.3098029649715606,0.20990250135702415,0.28417926914681035,0.17121917411504983,0.23855783301398958,0.23271822200311718,0.308401182013028,0.2345627092073011,0.3102293610838232,0.23363512592311306,0.3093082347470973,BURDUR,GÖLHİSAR,23969,0.074
54988432B57864735744186,0.44993222968049823,0.6450774932448217,47.24918097249393,0.4459663113789241,0.6405496514301993,0.3739563907345131,0.5469215997396779,0.23615736907196508,0.36433703320946975,0.4430653581817624,0.6369205040611282,0.44697771718119766,0.641785828116081,0.445271802424063,0.6396920555610957,MANİSA,ŞEHZADELER,168582,0.797
54988432B58047018778260,0.24638218881739288,0.23892851595145934,10.07569281580316,0.24128311418519857,0.23497623892041933,0.2115287314270682,0.2098273523047315,0.18205055265994852,0.183757233882164,0.23763842416016032,0.23203732969111732,0.24273989740225674,0.23612772588837486,0.239710906067749,0.2337177366514542,ARTVİN,ARHAVİ,22025,0.222
54988432B58079099572479,0.5968512478301442,0.6490502818276582,30.91428200065413,0.5859507873733821,0.6393653056948373,0.44696182987359123,0.501886589355104,0.15702447044882326,0.23126732816757747,0.5880571806393118,0.6413388976886669,0.5855930214745375,0.6390278922067806,0.5904308257653021,0.6435290631563596,İSTANBUL,KÜÇÜKÇEKMECE,785270,2.161
54988432B58223508141681,0.7660773731753097,0.8968424894052692,49.60751325284949,0.7511635465918169,0.8835032475933494,0.5583192480672314,0.6889873075446628,0.22875122624806005,0.3487093455974098,0.7555879017065591,0.8876359981090872,0.7497011598447185,0.8821233254325466,0.758450686016209,0.8902640059953171,ANKARA,YENİMAHALLE,721531,4.481
54988432B58240098893835,0.34522198924806347,0.4067357180033849,26.507092675702218,0.34169933939085545,0.40294603341209634,0.27648064301737346,0.33211918676120555,0.19364508930273297,0.2412250866878899,0.3372801812805305,0.3981803384941828,0.3430692727166678,0.40442117833531926,0.34016511646327524,0.40129259767042974,EDİRNE,ENEZ,10399,-0.284
54988432B58451955584879,0.05218376952954509,0.08598938980316159,6.850998448459661,0.052036275289392524,0.08574634604023407,0.04850520617211836,0.07992778441686799,0.042588189126018985,0.07017761324609963,0.051796325542152875,0.08535095236640457,0.052095395624413024,0.08584376563217243,0.051941344165881774,0.08558991676236455,ÇORUM,OĞUZLAR,4610,-0.82
54988432B58494916258206,0.08771584478653013,0.14453980686451018,10.590766183581389,0.087491964284334,0.14417089239270736,0.08287107838232435,0.13655651032245705,0.07626346042133089,0.1256683540692652,0.08742173898533995,0.1440551738337822,0.08752555824407189,0.1442262491468279,0.08753031075596139,0.14423408042465813,KIRKLARELİ,KOFÇAZ,2291,-0.677
54988432B58500670466408,0.313515741859778,0.5166170933846458,46.106752388955194,0.31265198692685414,0.5151937818781908,0.29303740930072814,0.4828725146235825,0.25754504385050636,0.42438753212327757,0.3116133347876126,0.5134822714894947,0.3130140061034485,0.5157903238369843,0.31231869264601053,0.514644573338965,BURDUR,ÇELTİKÇİ,4914,-0.528
54988432B58587024435654,0.08784957389773482,0.1445990967345068,11.102005999351263,0.08757473387219401,0.14415383686263497,0.08203457706358101,0.13505795236931906,0.07434528081513359,0.1224143647746761,0.08719867496260411,0.14353860956005376,0.08768523641395846,0.14433411071427865,0.08743709331503889,0.14392886737178193,ERZİNCAN,ÇAYIRLI,7491,-0.543
54988432B58590356155974,0.29313712764742245,0.2991404624832253,15.73064105213215,0.28946787463031154,0.29631331262384397,0.22113288190711533,0.23979314528692658,0.1272325871158488,0.15255738954452397,0.28720390648276833,0.29459966972557994,0.2904093513319928,0.2970280057800575,0.2893598474694274,0.2962560612432444,BİLECİK,GÖLPAZARI,10049,-0.446
54988432B58678972551568,0.23880408074708134,0.27172767043456725,16.721251516492693,0.2384588279230764,0.27121563513635966,0.22774491953418552,0.25800862439387534,0.208616485734358,0.23651636051517552,0.23792521271733533,0.2704711935472666,0.23860797899516695,0.27143200599606143,0.23827319579351416,0.2709524615793427,BARTIN,ULUS,22876,-0.576
54988432B58741997056063,0.042209765061449314,0.06938433482800324,5.045771428540543,0.04205538281797496,0.06913241348309553,0.038648720218804056,0.06356206522782515,0.03293760372412989,0.05420413503187678,0.04186099134151987,0.06881484053126082,0.04211518908629246,0.06923005037985201,0.04199031313119314,0.06902606743568197,AYDIN,BOZDOĞAN,31624,-0.514
54988432B5885906722527,0.5169862256321993,0.5597315432954242,26.643991410155326,0.5074548508592179,0.5511533627623381,0.37310163173036454,0.42041074951053775,0.14138336741944904,0.19973450641251034,0.5094017138690389,0.5529812957928182,0.5071221522021797,0.5508394269143653,0.5115629579435047,0.554986644649493,İSTANBUL,BEYLİKDÜZÜ,422988,2.503
54988432B58902751390248,0.26940701265016825,0.36766826682554604,22.337391739180312,0.2680559783961018,0.3664120440857519,0.24479713721097218,0.34196528460857806,0.21029121173140078,0.30237675168256334,0.2674354717349776,0.36581134792263986,0.26836454468493415,0.36670788269504767,0.2681001705301949,0.3664545480136573,KAYSERİ,DEVELİ,67818,-0.139
54988432B59053260264390,0.07299403177880928,0.12025922149157534,8.563108943280527,0.07052938425951055,0.11619794603715582,0.06039680964761599,0.0995026618595941,0.05216641176877807,0.08594336390484504,0.06915867720242554,0.11393930258850832,0.07106862063942694,0.11708650213928173,0.06997026237717079,0.11527662322890228,SİVAS,KOYULHİSAR,11782,-0.748
54988432B5911690801414,0.0011300543769946134,0.0018621247027227896,0.13197725161035267,0.001124130566274714,0.0018523633368094825,0.0010314073892642207,0.001699572354409703,0.0009096153289404482,0.0014988811233137666,0.0011205275879506826,0.001846426281852537,0.0011255230681725412,0.0018546579274374383,0.0011237048567257974,0.0018516618446659532,ADANA,SAİMBEYLİ,13133,-0.946
54988432B59251116366587,0.04052324345898996,0.06677495721942112,4.865448053118259,0.04044546457897151,0.06664679172864388,0.038790465884430594,0.06391965397773786,0.03642214051640826,0.06001708321507408,0.04036151762884,0.06650846237676451,0.040473089607548356,0.06669231276654577,0.04042159337939905,0.06660745632026673,AĞRI,DİYADİN,35439,-1.147
54988432B59259344726572,0.011847406358399233,0.01952237741146807,1.5910112341162839,0.011829069419303413,0.01949216146083969,0.011440398194522977,0.018851701759399476,0.010818280343166918,0.017826564347785824,0.01180347683587195,0.019449989523998054,0.011836544306245075,0.01950447871911282,0.011819709376223389,0.01947673780708223,ERZİNCAN,KEMAH,6419,-0.604
54988432B59291188352966,0.18005963256232405,0.247521776139382,16.177307492274867,0.17952009152114126,0.24686227747293113,0.16846098711431634,0.23322606543135146,0.15315897272805049,0.21421250954154933,0.1790015665308231,0.24622709205050128,0.1796968308642286,0.24707854635782545,0.1793926270702807,0.2467062430413116,BİTLİS,MERKEZ,74904,-0.046
54988432B59383828552044,0.0001631478056086495,0.0002688380003684814,0.020116843355461603,0.00016270319452583944,0.0002681053619244741,0.00015350463284208508,0.000252947800226963,0.00014067733617157804,0.00023181074126274752,0.00016226880617179168,0.0002673895686837995,0.00016286216560718782,0.00026836731744061897,0.00016259424239121358,0.00026792582856268956,ERZURUM,KARAYAZI,22570,-1.274
54988432B59635057977952,0.660612176093672,0.8148031767379019,55.36548637418457,0.6484824312869386,0.8051293968098165,0.47411332546902246,0.6300914777679418,0.16593296780016253,0.26892520822884886,0.6519387801859391,0.8079906699726117,0.6473406108864893,0.8041714854804294,0.6541922910247397,0.8098206633659204,ANKARA,KAHRAMANKAZAN,63143,1.538
54988432B59840106930143,0.04389181575525518,0.0723257535469973,4.896951501638055,0.043756504643148376,0.07210278536994634,0.04099695973578625,0.06755555574552942,0.03719953171010035,0.06129808293944405,0.04365387622765199,0.07193367235061941,0.04379227912843937,0.07216173523478801,0.04374188004576605,0.07207868668531005,HATAY,KUMLU,16242,-0.951
54988432B59996123139029,0.40320984294685785,0.5444245127862876,36.646873139066535,0.4012953166541101,0.5424234927803187,0.3631642752551399,0.5011863205326614,0.30804032498201045,0.43787475806744586,0.4002920516850682,0.5413705082130463,0.4017839003024879,0.5429351212171883,0.40136389238547915,0.5424941891489505,KAYSERİ,YEŞİLHİSAR,15409,-0.209
54988432B60002286024348,0.1581709146639149,0.2572737204666981,23.181911383324014,0.15727427365683816,0.2559596711534485,0.14214601428739873,0.23168485281145212,0.1221152100966565,0.19916807709263384,0.15584688784207398,0.25372276374607095,0.1576412246157072,0.25652179142412057,0.15665249984718776,0.2549915157387615,KASTAMONU,AZDAVAY,7266,-0.453
54988432B6005336917049,0.12414065807033556,0.20243668877502616,15.23790734443022,0.12366360660361359,0.20174047657568953,0.11569198689744535,0.1890251791549375,0.10455405327705812,0.1710322142664621,0.12309664987134797,0.2008610454073897,0.12382762355941693,0.2019900186502456,0.12345247717591006,0.20141541043653588,GİRESUN,GÖRELE,31536,-0.045
54988432B60131084551001,0.5453117999356253,0.6273325569716107,34.60268498170256,0.5408109294232908,0.6234844339370301,0.4956135722186797,0.5788422594959161,0.43669930384168865,0.5187132797272658,0.5374460872945939,0.6203637735324168,0.5420707687205149,0.6246188947459396,0.5396622613362115,0.6224312509510247,KARABÜK,SAFRANBOLU,69592,0.662
54988432B60280442746441,0.25140544474743576,0.31581804515447354,20.12622076138883,0.24628273367853012,0.31139182998135573,0.1934867442805904,0.2568642166491168,0.12556830663105775,0.1790832227013523,0.24416972509303536,0.3094769670005651,0.24723917853453822,0.312249243678867,0.24620703994371113,0.3113579784561765,BİLECİK,MERKEZ,82863,0.821
54988432B60297346715567,0.49938221011256406,0.599347160923532,32.3263447268152,0.49072145140159523,0.591135044453703,0.3702880071756348,0.46384003107292826,0.1656563217436772,0.24887991587943034,0.49244714225131553,0.5928704734120218,0.49042714346220123,0.590837016831589,0.49437384525348477,0.5947763255435904,İSTANBUL,BAĞCILAR,707635,2.346
54988432B60464897415028,0.3820438163869461,0.4596201151315543,27.85818237202587,0.3793941200937314,0.45657259117447657,0.31823126510134814,0.3894939717744249,0.22281148883500468,0.2885597112446319,0.3761911141126534,0.4530895724539829,0.38033707432733516,0.4576180302605478,0.3783693870273597,0.4555059736111743,AFYONKARAHİSAR,EMİRDAĞ,43350,-0.183
54988432B60562394154320,0.03685592622240022,0.060727679160754694,4.959582570501356,0.036705136855976234,0.060479515240387305,0.03348762144378481,0.05517887171953952,0.02849935816087928,0.04696004718086897,0.03652502926672206,0.060182886457987465,0.03675792969954058,0.060566446111421014,0.036646220687008096,0.060382489790404704,SAMSUN,AYVACIK,18557,-0.784
54988432B60654827640333,6.723820626915072e-07,1.107963717582704e-06,8.223736072983339e-05,6.712150671866066e-07,1.1060407205996555e-06,6.460122666311615e-07,1.0645110752591342e-06,6.089045490831879e-07,1.0033642854103912e-06,6.697862633288631e-07,1.1036863109243218e-06,6.716479187931704e-07,1.1067539815591315e-06,6.707508319847467e-07,1.1052757451658578e-06,DİYARBAKIR,KULP,33973,-1.102
54988432B60755496163753,0.3541491321074884,0.4818060938474733,35.21267257159206,0.3530592419805172,0.4800964382852707,0.32549590720293137,0.4415434190654732,0.2823462641199451,0.3849575318598446,0.350918468504152,0.4768741926045977,0.3535581526752296,0.4808685889731555,0.3521561473644836,0.47872285698768235,KASTAMONU,BOZKURT,9250,-0.225
54988432B60759999719935,2.8436362243287143e-06,4.685796866662729e-06,0.00034208578233768037,2.8377130564543128e-06,4.676036560042237e-06,2.713191091904033e-06,4.470846941789245e-06,2.5364739166022087e-06,4.17964908067385e-06,2.8314291384170364e-06,4.665681802567452e-06,2.8397294114220792e-06,4.679359147407387e-06,2.8359554836726335e-06,4.673140398795288e-06,ŞIRNAK,ULUDERE,45988,-0.81
54988432B60831632759044,0.16855130938749768,0.21640873931476878,13.715373905732434,0.16343486791399015,0.2121807374179981,0.13546199315006974,0.1829000147582283,0.10838955933281018,0.15090230302058735,0.1592934395223528,0.2083614899608212,0.16499948405066214,0.21354294851333144,0.16144429874564872,0.21038577530479408,ÇANAKKALE,YENİCE,29636,-0.404
54988432B60901714548003,0.3260536433508285,0.32798194841817313,14.41328117531959,0.32326158112031106,0.32570066544296633,0.2882160353324103,0.2949553605017903,0.23949061883941467,0.25172954444766177,0.3217655162566363,0.32442459592478307,0.32387171094864725,0.32621555992691764,0.3230448988962375,0.3255168839467566,DİYARBAKIR,SUR,97961,0.124
54988432B61004264745956,0.17168740449656528,0.2551347444349694,18.6192824601053,0.17010694638655272,0.25356925807061687,0.15354127477888624,0.2327539421916858,0.13088801172242068,0.20190007777645522,0.169348269752815,0.2527172053387094,0.17039785409950703,0.253885793784814,0.1700064770690638,0.25345767994005663,GAZİANTEP,ŞEHİTKAMİL,905880,2.375
54988432B61123808131498,0.4286671042660815,0.6102071794322641,45.29642429096205,0.42323676236637203,0.6053872308073943,0.3730628766596888,0.5471490602014054,0.29826103464453896,0.44858324920084286,0.4149346298708883,0.5968189855657755,0.4256206117277009,0.60764292036203,0.418770674005997,0.600884835253772,MUĞLA,YATAĞAN,45024,0.17
54988432B61168253276741,0.7401790917825246,1.167341019273294,93.5324867364644,0.7330177450687784,1.159941218989654,0.6621892141267872,1.0612884361220556,0.5498585762625722,0.8900600881303189,0.7280523730987886,1.1539288230066747,0.7349074752092519,1.1621007622612192,0.7313569752672905,1.1579784310181465,AYDIN,SÖKE,123843,0.821
54988432B6129080988703,0.34430976706370886,0.4549197423956664,28.597503901519403,0.3386738409539582,0.44885634742499925,0.24482930793425256,0.339426747847434,0.10251565468983617,0.1667061808041547,0.334781076500454,0.4444029333259556,0.34008406511495,0.45044827060241466,0.33784173208506024,0.44791017088703855,İZMİR,KARABAĞLAR,467572,1.078
54988432B61533400869276,0.31581307515097634,0.42065829312975,28.180194241995615,0.31349992243785535,0.41827478121399464,0.28461284213916327,0.3832790202566009,0.24392906123260868,0.3305586148162232,0.31345139353080487,0.4182233535324378,0.31365541848917555,0.4184444934813209,0.3141379805487388,0.4189708481867579,TEKİRDAĞ,ERGENE,68648,0.687
54988432B61600421901359,0.8835452704129201,0.7878634898758092,26.856637553057393,0.8773560582247493,0.7828652500716226,0.7585585282757427,0.686272014202205,0.6033858851249607,0.5593003891752869,0.8707023016863247,0.7774808135681743,0.8795862017936843,0.7846678050742237,0.8753983788228478,0.7812812136916751,KÜTAHYA,ŞAPHANE,5540,-0.516
54988432B61684087584661,0.9694593888630365,1.25926670108107,88.90636130781876,0.9625661011539121,1.2529906059008187,0.8354478040527387,1.133685975442139,0.6266449859320167,0.8999422146648421,0.954187806382289,1.2456217882498155,0.9650786100845591,1.2552143573533303,0.9595889106568207,1.2503688524288163,AFYONKARAHİSAR,SİNANPAŞA,38292,-0.627
54988432B61723076415933,0.25246906738396463,0.38506150851938314,32.23493908145929,0.24954957125173405,0.38208981000008857,0.22310143058865237,0.3458644768575262,0.19160941333691447,0.2994886479731388,0.24648619438466846,0.3783377174091002,0.2504778656238985,0.3831407336017959,0.24814684396510303,0.3804131296123722,KASTAMONU,AĞLI,3176,-0.503
54988432B61743790309044,0.1899258668250458,0.2284085163709586,12.180093568959455,0.18435330461203442,0.22391731295182293,0.12348383087463226,0.1656475917015496,0.05251313567104062,0.08649874468957473,0.18102655245061083,0.2210839954283235,0.18562430592668772,0.2249790604143785,0.18361949192796684,0.22329657506967154,İZMİR,TİRE,87571,0.5
54988432B61783843665987,0.2347826747107961,0.3121735669994337,18.883234898443384,0.2327727052371146,0.3102701606048886,0.21475531373533488,0.2887321925777668,0.1909823816751105,0.25929971237215776,0.23190234648724165,0.30933950685326805,0.23314149937215387,0.31065188664795884,0.23267119413052353,0.3101621673830191,ADANA,YÜREĞİR,396572,0.596
54988432B62220540436660,0.19195912775376506,0.3163138349625716,24.53273094730163,0.19096927942113773,0.3146827443976765,0.1743406636920421,0.2872818009107053,0.14984280666393676,0.24691377467720008,0.18998118692259885,0.3130545471289772,0.19129175180008318,0.31521412040488866,0.19065227089475656,0.31416037182874046,EDİRNE,SÜLOĞLU,6101,-0.285
54988432B62353974928440,0.023536366551680763,0.038783664273557394,3.175414668432136,0.023458568848276216,0.038655467765253096,0.021862296472561483,0.036025100339043326,0.019655313729512142,0.03238839296639034,0.023376483775413712,0.03852020644950243,0.02348498547844911,0.0386989975817018,0.023435578925217204,0.03861758454076991,VAN,ERCİŞ,169040,-0.715
54988432B62375906766923,0.3616793750563774,0.4530654242487106,29.645852032079645,0.3563961041657289,0.44832408984614847,0.3065514815985327,0.3939341792691651,0.24852642333050814,0.3272712715091377,0.35200894856969644,0.4439081423978544,0.3578522455512477,0.4497291980597021,0.35472199023859113,0.44666513609119624,SİVAS,KANGAL,19406,-0.472
54988432B62800627366200,0.28284514102216185,0.4660654233194019,39.339601651719754,0.28188278617312135,0.4644797734235946,0.25508182885753217,0.4203180789839255,0.20538032323080585,0.33842198722388517,0.28055187391641734,0.4622868074808323,0.2822698403155636,0.4651175322512673,0.28143256379507997,0.4637379438173227,AYDIN,KARPUZLU,10352,-0.693
54988432B6281772994077,0.018314733162840748,0.030179359277385114,2.1980724182394606,0.018279668484654586,0.03012157904594427,0.017533351346110185,0.028891783729859642,0.016465099029493672,0.027131497616192442,0.018241819230822163,0.030059210338760092,0.018292124645276655,0.03014210453999804,0.01826890535171068,0.030103843354510704,AĞRI,PATNOS,105968,-1.05
54988432B62899385202427,0.3123618241792825,0.3154534478597944,14.678599353089282,0.3112911275507604,0.3144235969205052,0.29236052007936486,0.2954922021965631,0.25980344843284003,0.2644568818532393,0.3113258664943824,0.3144573975121839,0.31134589945729263,0.3144792345786373,0.31165150173402123,0.31478379660106837,KIRKLARELİ,VİZE,28769,-0.032
54988432B62918956167575,0.3073207466501747,0.493437264278151,42.55296188422683,0.30576795129766193,0.49162402336663813,0.2733018808431143,0.44194344511157635,0.2084954140141335,0.3385262456821843,0.3045442683678219,0.4897205666673574,0.30612985265022746,0.49215716190855535,0.30549461453915827,0.4910849104635905,AFYONKARAHİSAR,BAYAT,7580,-0.62
54988432B63047019861929,0.14603617826305104,0.24064114132107012,18.773552080041046,0.14558001859641198,0.23988947290499504,0.13671676399631846,0.22528443648077529,0.12449917663351633,0.20515206789825374,0.14493362855385863,0.23882433932351754,0.14576435887193134,0.24019323225298703,0.14533249923250302,0.23948160587547834,RİZE,HEMŞİN,2299,-0.27
54988432B63110195465705,0.08585732982373538,0.1414756990234461,10.684162425882212,0.08557340981476111,0.1410079427313731,0.07974087065032123,0.1313973453915817,0.07165712722613539,0.11807707923816994,0.08516467689742672,0.14033447616845865,0.08568376228966136,0.14118976336430805,0.0854202489866339,0.14075558235530827,AMASYA,TAŞOVA,30034,-0.49
54988432B6320038983636,0.09313352922886348,0.15328885483364538,13.45982716355784,0.09254061498041208,0.15231415948156546,0.08019411246854337,0.13200951384903453,0.06175811461323014,0.10168006354361829,0.09171345379914349,0.15095371583519812,0.09276930730481636,0.1526901820301061,0.09223493375725726,0.1518112817904842,DENİZLİ,ÇİVRİL,59689,-0.127
54988432B63314623815647,1.4356411384523644,1.989737777653681,130.7438589690287,1.4292649622926452,1.9838782428991357,1.2990933701913132,1.843775555310463,1.088786120156557,1.58961590251315,1.4246544923706397,1.9794835717977135,1.430896103350768,1.9854110018909268,1.4285465266009512,1.9831991643055282,ÇANKIRI,ATKARACALAR,5063,-0.518
54988432B63323632068596,1.922171357706836,2.033910390033256,96.78016683708525,1.9025969700043026,2.018663888280495,1.67087861518144,1.8225921689505233,1.3756145315131834,1.5568229374036981,1.883078691298445,2.0029146631503916,1.9086764493285948,2.0234988835781587,1.8949501114305358,2.012529059702147,TRABZON,ÇAYKARA,12921,-0.023
54988432B63547038185922,0.3452630698825449,0.5651466947579601,41.25167147423103,0.34458840691470327,0.5641207729043181,0.3289120815140887,0.5387647058270373,0.2976913405192233,0.487595704870042,0.3443235970533085,0.5637046537436039,0.34470648612989574,0.564305184580312,0.34464227468068587,0.5642052911819014,DÜZCE,GÖLYAKA,20840,-0.472
54988432B6366714807225,0.0007472394948023059,0.001231315191948594,0.08612075115264568,0.0007452423151529912,0.0012280242020312282,0.0007067812853535279,0.0011646473989855113,0.0006501658063662025,0.0010713553555891928,0.0007440261616364369,0.0012260202015587011,0.0007457347385042819,0.0012288356264239858,0.0007451656053347935,0.0012278977981604801,ELAZIĞ,KEBAN,7112,-0.416
54988432B63684136000380,0.020286629358228496,0.03342868664727867,1.6471346979390435,0.020246813813051462,0.033363077848502364,0.01950759171144389,0.03214497386676035,0.018476835462988134,0.030446474474332904,0.020219051258976384,0.03331733019351662,0.020257448319291785,0.033380601586452056,0.020242999209983653,0.03335679207434117,MARDİN,DERİK,61553,-1.085
54988432B6368425336150,0.26356390793708034,0.368626591117905,25.254725295317193,0.2611724017221206,0.3658887032412209,0.2304930992474134,0.3263455021585746,0.1850950429834219,0.2683817720708509,0.2601274599922551,0.36460061750737727,0.2616479387246858,0.3664665430426241,0.26114920206557535,0.3658628066902401,NİĞDE,MERKEZ,244326,0.575
54988432B63915674608769,0.5523013604516962,0.7425147466601056,52.54655200303818,0.5441525298224108,0.7351990542555538,0.46614914487973585,0.6489982567189507,0.34138987483669014,0.49572709112172947,0.5392950294130331,0.7304460594223691,0.5459729310189781,0.7369223213199635,0.542614516995328,0.7337161341438582,BALIKESİR,İVRİNDİ,31295,-0.483
54988432B64009730200703,0.23515664597860172,0.3518684914693906,28.784404013399843,0.23131453239303107,0.3481526225573994,0.19400407018919436,0.2986862571739122,0.14239557024215038,0.22360645370430576,0.22958748792418188,0.34618943875906977,0.23199071917740222,0.34889149183425794,0.2310820591108771,0.3478855363375178,KONYA,SEYDİŞEHİR,66079,0.228
54988432B64031240079143,0.8607595135493337,1.0097930100530388,51.20456623960492,0.8535822691124875,1.0032792891816256,0.7692949164241906,0.9186701148728028,0.6433513558402303,0.7929605578740327,0.8510353374387291,1.0008100086612675,0.8549105734180769,1.004550059511153,0.8537693073061668,1.0034590662584277,KAYSERİ,MELİKGAZİ,593262,1.983
54988432B64045217411376,0.16394238606728964,0.17218884478250854,9.436116032538507,0.16306304420704373,0.17118254845435718,0.14617420198477157,0.15180778815032753,0.12151838836754154,0.12458724409727337,0.1623348979647917,0.17034730325424827,0.16330133478686287,0.17145558879253375,0.162922902048519,0.17102173682337773,KAHRAMANMARAŞ,ELBİSTAN,132036,0.13
54988432B64064239831257,0.5264971281814299,0.6386211474179497,29.737220345399383,0.5080373772008848,0.6246376037370037,0.422592334107521,0.5495787809596397,0.348898861401182,0.4774496366264521,0.5032642077627284,0.62076532762102,0.510724480599352,0.6267552662778186,0.5083454601808035,0.624830819008533,KAYSERİ,FELAHİYE,5529,-0.552
54988432B64089683735003,0.4851731453010807,0.5803226937905324,31.01448068632016,0.4790810763710518,0.5740574343109843,0.3755837417934438,0.46087132918677237,0.16810562694203302,0.2469898479141533,0.48036598035051664,0.5754502847037294,0.47886006699108186,0.5738165913782537,0.4817738624680272,0.5769561928007971,İSTANBUL,BAHÇELİEVLER,539035,2.423
54988432B64260003407372,0.11532538630151569,0.19003532489669242,11.996924606567749,0.11440112192398375,0.18851230479758344,0.09697718502204508,0.15980081623180994,0.07456068753023662,0.12286249310524147,0.11474834928686967,0.18908447252955646,0.11428250324501237,0.18831684272353313,0.11496198307582312,0.18943650227595188,ANKARA,KALECİK,12564,-0.359
54988432B64303277963843,0.2875539880117372,0.3839374901988197,29.28509898593487,0.2834461496304754,0.380696765093234,0.2515327581330281,0.3482439335937118,0.20821958254293954,0.2960367803025571,0.2823843867204622,0.3798255076811857,0.283962103554341,0.381117514425209,0.2836451146691178,0.38088086290881296,DÜZCE,AKÇAKOCA,41134,0.257
54988432B64452586859960,0.21016308166389203,0.346276993646215,30.647848027283015,0.20862695435625023,0.343746228908237,0.17685338034875428,0.291397952088071,0.13088592323515374,0.21566270883545272,0.20753576317438938,0.34194849021747226,0.2090142878284711,0.3443843607459737,0.2085033888487629,0.3435426565186132,KONYA,ALTINEKİN,14374,-0.641
54988432B64593282211695,0.3841418870519966,0.4494392808679384,25.699921479138236,0.3685832196273434,0.43586565210834893,0.22809164487812622,0.2924506027210679,0.07879581036066016,0.12270129110537642,0.3600084404387396,0.42779715932925083,0.3719404428811592,0.438954836347072,0.3666754986211988,0.43409030123641196,İZMİR,GÜZELBAHÇE,39474,1.882
54988432B64635925513807,0.18608449607373687,0.14826436502229212,4.004704826130759,0.18417752785242317,0.14679147374678725,0.14875862469295828,0.11936321842303574,0.10390218833670131,0.0845464398955225,0.1826062345117543,0.14557711152310293,0.18469293396680764,0.14718968373945063,0.18387538371096357,0.14655800309540462,KAHRAMANMARAŞ,NURHAK,11675,-0.661
54988432B64680094373147,0.09477002529907963,0.11067655589249555,5.6846782522565436,0.09423621976840427,0.11004166357381091,0.08431490851920731,0.09949996086440488,0.07026560287234683,0.08500888173270668,0.09389443195392826,0.10965871401274817,0.09436766704697908,0.11019109714838626,0.09419937132177601,0.1100000347194851,ADANA,KOZAN,132572,0.016
54988432B64689999411335,0.5457083695090107,0.716973696197711,41.44876212930256,0.5381871276421074,0.7102058318582117,0.46833351623814573,0.63578200148861,0.3809672914212563,0.5364984082580017,0.5315894421873351,0.703698648451582,0.5402633362499228,0.7121795912108787,0.5354858474823425,0.707576888729674,DENİZLİ,MERKEZEFENDİ,351085,2.375
54988432B647422472855,0.15410677005825577,0.25375464906698275,22.093894745542993,0.15321618360492298,0.2522887959419005,0.13572235931300933,0.2234933060601078,0.11246516099403218,0.18520962034286037,0.152662402001519,0.2513772859017625,0.15343934871093834,0.25265611775979424,0.15319441740317774,0.2522529694735317,ŞANLIURFA,BOZOVA,50534,-0.947
54988432B6478152958828,0.24459574764699193,0.26698571651721104,13.704128755562799,0.24343510660539108,0.26594950100214054,0.23486239906768858,0.25641010963399374,0.22270536473026276,0.24271109865340168,0.24270992489444118,0.26522357235116484,0.2437095950103284,0.26621214811781924,0.2431782639628969,0.26569716477205946,MUŞ,MERKEZ,203810,-0.303
54988432B64920064899617,0.00036782317815234344,0.0006061059009328973,0.02253955455359403,0.000367347929419671,0.0006053227771973823,0.0003571513592030962,0.0005885206784047312,0.00034238978295851754,0.0005641962774416021,0.0003667983167384417,0.0006044171151589157,0.00036753900023793587,0.0006056376272593825,0.0003671795065050826,0.0006050452467739404,ISPARTA,AKSU,4073,-0.679
54988432B6508967515470,0.2792763007622365,0.31616773084846383,15.939856331323226,0.2781640438326049,0.3148669830815287,0.25328003408118227,0.2876831915073999,0.20797170778801982,0.2418859400241316,0.276864911869302,0.3133708021669784,0.2785476108749717,0.3153111115535286,0.2777389228228812,0.3143761552993929,SAMSUN,19 MAYIS,28658,-0.137
54988432B65104046804588,0.346094817955268,0.4027719089196445,22.176022673107223,0.33817609716748714,0.3953706698052365,0.24571898878843923,0.2954495984438178,0.07465206848638857,0.12145763317972334,0.3336246135889775,0.3906903507313324,0.33992409981748734,0.39712118998474527,0.33717384446431087,0.39435297678599174,İZMİR,ÇİĞLİ,216430,2.046
54988432B65208484098159,0.12009947550163265,0.14440362588574931,9.151789458451217,0.11537128975459587,0.14070019275421025,0.09128745375083488,0.11744286034105968,0.06834432171626113,0.0920093682288618,0.11219575992617623,0.13792065468350512,0.1164945139244059,0.14163395855497482,0.11398904007529133,0.13949465553044393,DENİZLİ,ÇAMELİ,17447,-0.542
54988432B6527400252078,0.09388755357006358,0.15470966383581197,11.433624446738133,0.09346827874231475,0.15401877494597171,0.085529278794202,0.14093674259491593,0.07429596311607348,0.12242627527266424,0.09298764322526436,0.15322677476657703,0.09361147544750408,0.15425473715054344,0.09331023504150873,0.15375834758480053,SAMSUN,ASARCIK,15673,-0.745
54988432B65496848768167,4.107107811797785,6.767112915811771,614.5362811769111,4.106721807652425,6.766477245761554,3.8197389789306575,6.293673367978098,1.998270035208399,3.2924566000108295,4.106875217947461,6.766729796898905,4.1066653705156915,6.76638435559158,4.106961979458442,6.766872672835073,ANKARA,EVREN,2927,-0.478
54988432B65548594921961,0.40588055647538085,0.6217167913113365,47.65504955476901,0.4029423495873556,0.6185944014537471,0.34919540351838246,0.5470343237601761,0.25003076734232155,0.40213963027701616,0.40239884376374174,0.6177205549885859,0.4032458355837702,0.6190013040643019,0.4035398492723019,0.6191127066135746,BURSA,MUSTAFAKEMALPAŞA,103652,0.285
54988432B65637439254468,0.22977600870238446,0.3786291975043571,29.49840186448171,0.22934460042363974,0.37791831488741073,0.21913842162057728,0.3611003828865342,0.20203721168969302,0.33292068984960377,0.2290597322956016,0.3774489038669879,0.2294591229541321,0.3781070272515142,0.22932753758938193,0.37789019843052446,ELAZIĞ,KOVANCILAR,37874,-0.428
54988432B65670234538071,0.14926374444137594,0.2459595851346474,12.088052243983716,0.14876956846779207,0.2451452727381502,0.14464704283189747,0.23835209801975887,0.13970191498026743,0.23020342401069685,0.1484072808499594,0.2445482884368718,0.1488993036480211,0.24535905279053954,0.14863363821889322,0.24492128433593285,SİNOP,SARAYDÜZÜ,5656,-0.751
54988432B6573283101831,0.40972652367618323,0.4436979563714164,18.095314843323738,0.4010667233561802,0.4369001084034726,0.33138120978951435,0.3757624513476766,0.25451528883835883,0.30494391900171924,0.4019467589117489,0.43761407655082746,0.4010831347756591,0.43691515304966355,0.4039001033100925,0.43919359280747,YALOVA,ARMUTLU,11984,0.029
54988432B6573458732183,0.15892273882757108,0.2289531334924168,15.271701312677186,0.15666131690486854,0.2270100666847707,0.14195357909471137,0.2100809703039702,0.126077945535425,0.1895684459296248,0.1553967511243192,0.2257608484113066,0.157141687270678,0.22746052533185782,0.1562516017655113,0.2266144219223683,ORDU,PERŞEMBE,30053,-0.418
54988432B65769294434717,0.7284539068857654,1.1020911837273646,86.69775786837943,0.7219621032834155,1.0961424866863452,0.6278216147840249,0.9773905564522245,0.43543883791542703,0.6976390332989473,0.7219526739424239,1.0961777625397457,0.7222804719890921,1.0964385655939102,0.7237452402509834,1.0979136502140547,BURSA,ORHANGAZİ,81997,0.486
54988432B6587538084917,0.4393220450882369,0.5640771756930192,32.80052262111399,0.43299115561255574,0.5575872941185701,0.3364561898707599,0.447701353791134,0.14893813690053473,0.2426061891898679,0.4343242177979059,0.5590284070286229,0.4327624663426695,0.5573385243607553,0.4357909186388741,0.560590707301078,İSTANBUL,BEYOĞLU,215991,3.394
54988432B66052692688505,0.11716268854380041,0.13805376163070907,5.3408279197025985,0.11448691561105624,0.1359357120842123,0.10288138403653325,0.12597645667372395,0.09341256533909893,0.11724697758472458,0.11300840797473925,0.13473079722935802,0.11508665023063515,0.1364177453659756,0.11390371177102587,0.135463319481145,SİNOP,DURAĞAN,16788,-0.687
54988432B66082429692342,0.20562478201812465,0.2281331779629987,6.975960339696639,0.20542892904494062,0.2278958556497431,0.1957612957109222,0.21890839551094934,0.17667165758993894,0.2022685231780293,0.20513102749864026,0.22757445010906086,0.20550635284553487,0.22798430457892827,0.20534707747558792,0.22780519019723336,ORDU,GÖLKÖY,24780,-0.61
54988432B66082608132209,0.9261518358638886,0.9370503067756729,40.419898915960765,0.9102578963034409,0.9234883822293164,0.6866654785800983,0.7180939257639296,0.23895078873557118,0.31758411383124446,0.9133643705451349,0.9262519663058724,0.9097297156009486,0.9230160174137518,0.9168559015910162,0.9293203195190585,İSTANBUL,BEŞİKTAŞ,165895,5.94
54988432B6640602467318,0.19921775873314398,0.18663890932673527,4.6754834965402114,0.19797825499408334,0.1856944926386958,0.17412896182543844,0.16741030868404677,0.14298223312975936,0.14337721063878717,0.19664318189237148,0.18467581149700893,0.19842563276347439,0.1860355656639401,0.19758563770943668,0.18539503889587458,KÜTAHYA,EMET,17352,-0.299
54988432B66454172152747,0.24328009341617401,0.4005940015696676,29.20150336246981,0.24264414951576702,0.39954834781105036,0.2294195929073143,0.3777729454324227,0.2108231386975182,0.3471510536074795,0.24197271577129326,0.39844315806071234,0.24285990362531543,0.3999033930222031,0.24245628977568234,0.3992391566296184,VAN,GÜRPINAR,28505,-1.116
54988432B66516402107678,0.03342361759626862,0.055076061159018495,3.9131282758494494,0.03335028522722593,0.054955222712052165,0.03181748714630151,0.05242944941398628,0.029659184023132147,0.04887295722791463,0.0333034659395996,0.05487807301569441,0.033368291719710404,0.054984894146584265,0.03334807416727566,0.05495157928618131,ADIYAMAN,TUT,9199,-0.979
54988432B66531887129041,0.03370478629704227,0.033329116070136014,1.4654300236283107,0.03274924235346425,0.03259041169892339,0.028116706516623576,0.028300267772041282,0.02404659662345649,0.024101041035852346,0.03246102096580474,0.03235204441431919,0.03288644610902943,0.032701586606027566,0.032736497062038655,0.032579842629780226,ŞANLIURFA,HALFETİ,41624,-0.798
54988432B66575483981903,0.1427756875848833,0.22857823213863782,15.12131341355759,0.1421902895033877,0.22781220428752044,0.1332994356767385,0.2143297997099391,0.12144812730835478,0.19594412846424833,0.1416426454203415,0.22702122401339325,0.14238082845015976,0.22807960079101716,0.14201679070709644,0.227564328594905,ZONGULDAK,KİLİMLİ,32441,-0.197
54988432B66595965845834,0.80698835258888,0.9987709598515752,55.4964953332219,0.7931611291894977,0.9862053440280046,0.6753160350086315,0.8646466642784728,0.5152033164787961,0.6922348233781974,0.7730109941004718,0.9665255222566829,0.799088517778203,0.9917506841242529,0.7822422295232567,0.9756613801288756,MUĞLA,FETHİYE,187332,1.522
54988432B66719827251090,0.039573904315049646,0.06521061845202976,5.0612083901777,0.039494198360974446,0.0650792774926396,0.03780801248854507,0.06230074892768374,0.035407793034495406,0.05834562249453955,0.03941304449625969,0.0649455506390623,0.03952611457432415,0.06513186962493497,0.039472763629488795,0.06504395694186946,ARDAHAN,DAMAL,4526,-0.814
54988432B6679854543098,0.3107709503274713,0.38157789859533126,22.198306844426877,0.3069165711109905,0.3778253779405629,0.26273432305128974,0.32983131776627195,0.2049500615110105,0.2662153012494673,0.3042107551445329,0.37499825933765785,0.30790682584843726,0.3788387419817668,0.306138050455638,0.3770190345943914,MERSİN,MEZİTLİ,233140,1.147
54988432B66867123396579,0.06865768015996121,0.10940723258154467,8.32648213251963,0.06842940420102288,0.10909285940162149,0.06437972747657326,0.1029059957742688,0.05838137215498897,0.09360332832844663,0.06815702973610425,0.10868943963323452,0.06850755369191351,0.10920615953624853,0.06832956677243314,0.10894614759663127,GİRESUN,DERELİ,20100,-0.824
54988432B66869796973700,0.5134668816360777,0.6498942110175161,37.284209578908154,0.5071051591658335,0.6430797051191002,0.3968040175887838,0.5171818182094157,0.17103530494346533,0.27507647335313457,0.5084900655072676,0.6446367503720519,0.5068665519570161,0.6428100352641533,0.509998928626272,0.6463115575403034,İSTANBUL,GAZİOSMANPAŞA,478395,1.46
54988432B66916600910791,0.5729344408767909,0.741869860397549,47.50353322024864,0.5665305487638066,0.7359319209325148,0.5106708883298918,0.6692440535096117,0.4287406520529466,0.5634412964399158,0.5668115766967868,0.7362241514759713,0.5667096518031605,0.736109831254809,0.5683271138061996,0.7377301694091765,SAKARYA,ARİFİYE,55589,1.148
54988432B66992053729181,0.018544768971553122,0.030558416578196905,2.1219050149903107,0.018529631794849417,0.030533473255784028,0.01808700443305419,0.029804103624304933,0.017192488797625794,0.02833010405790094,0.018519504411309087,0.030516785164088348,0.018533912758354424,0.03054052750738149,0.01852912576939452,0.03053263941759098,ELAZIĞ,KARAKOÇAN,28320,-0.483
54988432B67026781349893,1.11721267712068,1.0677201111788135,39.67825156797192,1.0963570222510006,1.0507175282873422,0.7906745200636686,0.7899061412704039,0.20230591833537373,0.2973620658112247,1.1004265725470892,1.05414386063101,1.0956638220627422,1.0501317285336704,1.104988655391611,1.057950712478286,İSTANBUL,BAŞAKŞEHİR,536797,3.468
54988432B67060937110843,0.20553714475948318,0.2615229522396722,16.045469269770813,0.2024828720012093,0.25896359299864885,0.17939572432786283,0.23506438616865066,0.1520968698162612,0.20451475826427692,0.20016360012293904,0.2567948355718234,0.2032854311157691,0.2596802873923994,0.20153928140472124,0.258096218848589,TRABZON,ARAKLI,49230,-0.24
54988432B67214587682111,0.0740271426369815,0.12197156020212985,10.190450594118941,0.0737122004721486,0.1214525926224306,0.06737582971096241,0.11101143005576501,0.058763800613899866,0.0968208284774998,0.07340717302330717,0.12094996269845502,0.07380967412386252,0.12161321152567144,0.07363572900657352,0.12132658151373406,ADIYAMAN,ÇELİKHAN,14530,-0.631
54988432B67228037605884,0.17443805227957238,0.2627305081947638,20.117851324965162,0.16856638403676005,0.2557208580714149,0.12624118616023391,0.19663978448723862,0.07813705708696399,0.12537028573058046,0.16559497533519874,0.2519008937245008,0.169736700934332,0.2571887034915481,0.167804609853645,0.2547528813320191,MANİSA,KIRKAĞAÇ,37363,-0.219
54988432B67289676642995,0.32670175648968075,0.31155624464850723,9.212245473253907,0.3228494612052048,0.3085406218924803,0.2534970299555382,0.25363671307478064,0.1677063424126177,0.1849819221909349,0.32014425296764926,0.30641785673249416,0.3238125841386895,0.30929555492137595,0.32252830333056776,0.3082887678754031,KONYA,YUNAK,20259,-0.559
54988432B67392778171164,0.2213299249119086,0.3099292508568185,22.526351683228203,0.2185165890724486,0.3075700916723952,0.20127178087065417,0.28826060729254244,0.18339267780210594,0.2656292118454497,0.21759520935358923,0.30669833970135374,0.21899254055160478,0.3080050313370744,0.21847483718014776,0.3075314044857061,TUNCELİ,MERKEZ,41045,1.084
54988432B67500599414022,0.8561385716707604,1.3561455371518913,97.02339643125765,0.8505706468412061,1.3510764722696271,0.7939678470830434,1.2742287844072737,0.6967714448382655,1.1263843347901872,0.848158873378072,1.3485114786974988,0.8515323369254507,1.3520464933338667,0.8501977299948477,1.3507082220370157,ÇANKIRI,ÇERKEŞ,16927,-0.232
54988432B67540218019421,0.29193896896614424,0.36814343837719005,21.952788698014952,0.28850139954731086,0.36482663590050574,0.24870590025923991,0.32116091633984506,0.1973508414729096,0.2629100735624151,0.2860509876285646,0.3622773341935607,0.28939590752231686,0.3657360714802747,0.2877969264625139,0.36410091246071374,MERSİN,TOROSLAR,322971,0.396
54988432B6759828088489,0.1575218992997825,0.16511153434879988,8.228642601299924,0.15699335822241337,0.16462614180491184,0.14642242631525393,0.15501311529717543,0.13172890098013157,0.14145718352799447,0.1563688795798727,0.16406280643416624,0.15718523439249976,0.16480005359501668,0.15679040517247625,0.16444361828870316,MUŞ,KORKUT,19251,-1.22
54988432B67777118952628,1.1427465727385449,1.466538598881116,88.22638068832127,1.1220105280858652,1.4488713242879407,0.9255928805002215,1.244118209396729,0.6680518643446309,0.9480225727387821,1.1085254243832787,1.4363625241827294,1.1269917006693335,1.4533558302497571,1.1178146512724219,1.4450738023097578,BALIKESİR,AYVALIK,75815,0.907
54988432B67849230922765,0.09877756928772338,0.16276752304146724,14.635878197256131,0.098352821546991,0.16206761578342277,0.08979183161305523,0.14796065671996614,0.07815219228752193,0.12878064170466882,0.09799406482458133,0.16147644975755096,0.09848023729948592,0.16227757383948355,0.09828327123946494,0.16195300948804192,YOZGAT,SARIKAYA,30785,-0.411
54988432B67949060177809,0.3461038379828519,0.4505821482793957,28.499963936440853,0.33756513995435333,0.44256172835490926,0.2354963553920547,0.32943781756612966,0.10194751683069775,0.16662065045821037,0.33244715846885575,0.4373174713647227,0.33950344117741565,0.4445001233792078,0.33644505764403193,0.4414268254462601,İZMİR,BORNOVA,452479,3.028
54988432B67969855832244,0.6323669811326286,0.915256419662137,66.40903323573771,0.6253998895203532,0.9088542780121406,0.5547779534320443,0.8245399432077918,0.4467011101811231,0.6825872376498481,0.6144448912197291,0.8970163029879885,0.6284644094010542,0.9118772984794158,0.6195627485112714,0.902691103409133,MUĞLA,MİLAS,152275,0.681
54988432B67997917440066,0.0816958481437215,0.11711214555971877,7.277116278562306,0.07926611738458365,0.11506813494225113,0.05982442801789138,0.0915263964716521,0.0341904689016436,0.05558086231658937,0.07813348647465487,0.11397114469014719,0.07972637699468973,0.11549141601097204,0.07900539624281888,0.11482152117402021,İZMİR,ÖDEMİŞ,132548,0.336
54988432B68103092763105,0.06320488201129497,0.09171183237866887,6.616999421059707,0.06212366264200317,0.0906998254583616,0.05472825591671576,0.08159274393991872,0.046828024055673385,0.07088443670050239,0.06168117299490892,0.09022887991798019,0.062302945703475415,0.0908836797136659,0.06205519953381563,0.09062846150999888,HATAY,ALTINÖZÜ,69834,-1.038
54988432B68104406742537,0.42643501609873125,0.4782748057613828,25.03153768834882,0.4221014961260137,0.4745730633451832,0.3731705285353326,0.4278707805968576,0.3094807599103394,0.3652787499240898,0.4180012241130049,0.47082252913296385,0.4233961798518799,0.47572812887533067,0.4204887220247458,0.47311066917486766,TRABZON,AKÇAABAT,131162,0.405
54988432B68279142747121,0.38014000904452444,0.5477739282974159,32.51154840470993,0.37459399646598834,0.5430812698282037,0.34040090473888296,0.504616827420615,0.30487324204551475,0.45962151915544264,0.3715592865081116,0.5401487451464917,0.3757567916966753,0.5441498060960631,0.37360719824548294,0.5421486746015016,ORDU,GÜRGENTEPE,12499,-0.859
54988432B68378780511422,0.2953706469939354,0.2658657542571772,9.379481222506195,0.2872586935816272,0.2597541801757576,0.22549398962241082,0.21022116770002186,0.15947205347437665,0.15572664137089506,0.2867247294909331,0.2593374484429997,0.2878407618596915,0.2602033948131328,0.28889396884035745,0.26100707970865406,ESKİŞEHİR,SEYİTGAZİ,12565,-0.31
54988432B68476887974785,0.00011715484630301664,0.00019304994324673887,0.005851663483317452,0.0001168131030630179,0.00019248681235485853,0.00011475965503855418,0.00018910310235828253,0.00011257841316935223,0.00018550881127818734,0.00011669361035312418,0.0001922899100363346,0.00011687163736824289,0.0001925832662759576,0.0001168011696306281,0.0001924671482221463,DİYARBAKIR,LİCE,24060,-1.022
54988432B68647212812297,1.8904538079091042,2.1380301926621517,100.5777346762838,1.8542215461365557,2.1080155277293233,1.5255995442771135,1.8039575157298793,1.1185473757058688,1.4124400354793967,1.797767190952895,2.057777807651602,1.8702741649883243,2.1217395700041943,1.823834168134383,2.0812319408667737,MUĞLA,BODRUM,207196,2.483
54988432B6867596275120,0.05950916677098618,0.09686119203379263,7.556934668166487,0.059264466749326145,0.09650100513210248,0.05500367043577807,0.08970108567057541,0.04921608142655482,0.08036613081349618,0.05896249657448959,0.09603110091986396,0.05935089491509947,0.09663309035322935,0.05915274750764022,0.09632851179708246,GİRESUN,ÇANAKÇI,5783,-0.637
54988432B68766699896789,0.015352299622506041,0.02474907505002185,1.688557129240008,0.015309863881139208,0.024694962110464156,0.014685197972934836,0.02374372184605196,0.013831067453361441,0.02240632030846872,0.015275440864028047,0.024646824976612806,0.015321972674484366,0.02471145964104881,0.01530009228019092,0.024681983717929703,BİTLİS,MUTKİ,26748,-1.257
54988432B69064282981007,0.30409632818982896,0.291161044467588,10.492127756232264,0.3035882977046212,0.29058721170021257,0.2914093133071066,0.2788024317518897,0.26525888312051227,0.25584555564501077,0.3032150455768218,0.29016825140982616,0.3037170795568789,0.2907344549701249,0.3035027693307706,0.2904902032648979,BATMAN,BEŞİRİ,31864,-0.792
54988432B69245819346506,0.7856078548473587,0.7230705098904605,28.23314092662972,0.7800794309248937,0.7183370631095983,0.6772256034745949,0.6298301891973869,0.5349909645903349,0.5054526818811855,0.7804394047088358,0.7186435550340031,0.7803265944871938,0.7185468344351003,0.7823265151132547,0.720248147238492,SAKARYA,FERİZLİ,36015,-0.139
54988432B69251305297416,0.04119605283595626,0.06788362507344461,6.176263172627042,0.040977655267848065,0.06752374548280897,0.036648969143458304,0.06039085566205836,0.030852514640859054,0.050839349701606466,0.04078157195729641,0.06720063574242552,0.04105593285236671,0.0676527327481734,0.04093415945407013,0.06745207226871432,ERZURUM,ŞENKAYA,14918,-1.119
54988432B69475506510516,0.004356277620117295,0.007178355602597277,0.5012507115572973,0.0043123632447460945,0.007105992674893893,0.0035952252058756586,0.005924279224082509,0.0026692085145877706,0.0043983716296473255,0.004275876738049154,0.007045869527884695,0.004324874570588771,0.007126609071228218,0.004303599565971086,0.007091551721373522,MANİSA,KÖPRÜBAŞI,12217,-0.412
54988432B69574392637180,0.0005069442904507342,0.0008353522674396831,0.06972767266807027,0.0005045896263308434,0.0008314722079367725,0.0004575101232433941,0.0007538937236834693,0.0003939457378639439,0.000649151142584622,0.000502028778495778,0.0008272523950581467,0.0005054429967154081,0.0008328784075905415,0.0005038385236721479,0.0008302345269512279,BURSA,HARMANCIK,6089,-0.372
54988432B69584017445691,0.05645599775607151,0.09302924724563429,7.235046506904479,0.05633181700136025,0.09282461987932512,0.05371442610385989,0.08851163428665,0.05000238959486374,0.08239487121619157,0.05619807422815391,0.09260423604039825,0.056375891713635204,0.09289724701317227,0.05629375809420362,0.09276190570147864,AĞRI,HAMUR,14336,-1.275
54988432B6966801542176,1.384947035277001,1.4668696481493164,75.76096910175673,1.372238720906689,1.4566853870275176,1.270760651947396,1.3535900098276823,1.117886880816899,1.1626193082369702,1.3635210323038716,1.4492402127421344,1.3753951383720047,1.4592956936990922,1.368923458417668,1.4538939959336432,AFYONKARAHİSAR,SANDIKLI,54376,0.052
54988432B69685064161896,0.35814346473741865,0.4859038632414146,31.301911365132273,0.35449988048431325,0.482383517669943,0.3147760652490606,0.4364323516489599,0.26141961235929223,0.3718861557978012,0.35163818409088116,0.4793020985274286,0.35545455206363846,0.4833750996715926,0.3535173897873787,0.4813405291806889,SAMSUN,CANİK,100247,0.553
54988432B69692013830482,1.6184373361397482,2.4920263663481697,207.6247342494533,1.6121020065588658,2.4847079772507175,1.426677230370975,2.2350651406668924,0.9699737374615148,1.5565826399412228,1.6118267148624335,2.484304116978803,1.612603375203247,2.485322690357904,1.6142077050541166,2.487151179973853,BURSA,KARACABEY,86543,0.56
54988432B6973395963202,0.5356213555209983,0.686915171327955,40.44445971758026,0.5282582859208348,0.6803974231008051,0.4597236009817504,0.6078858042471128,0.36247622704788546,0.4942170158544435,0.528982331745042,0.6810659663602079,0.5282843004018442,0.6804264514345304,0.530656742740905,0.6826192319644169,YALOVA,MERKEZ,157901,1.137
54988432B69784551217741,0.0014711048593490145,0.002424114055621584,0.16876741001008091,0.0014678589866957963,0.002418765446056861,0.001399240144941858,0.0023056940373676104,0.0013015647875035854,0.002144742759592105,0.0014648066703014917,0.002413735782109648,0.0014689052737611565,0.002420489537419374,0.0014671452698768327,0.0024175893701560928,MARDİN,DARGEÇİT,26675,-0.866
54988432B69862067996452,0.015596167335325642,0.025699655745899185,2.339425100298846,0.015435017554689399,0.025434110128387238,0.012442390447382025,0.020502803302802984,0.00865334162865627,0.014259137910402607,0.015320930052270336,0.025246114611665756,0.015475510518701165,0.02550083519056815,0.0154214648301643,0.025411777695859086,ISPARTA,YENİŞARBADEMLİ,2353,-0.421
54988432B6991575510752,0.4106448460536354,0.4813663248311638,27.075929892784483,0.40703263142201856,0.47832788201938725,0.3765752703527185,0.4424496986442276,0.32209884788782245,0.37416709142232446,0.4056672906936636,0.4770188663153484,0.4075890595690502,0.4788396991042241,0.40685788520562804,0.47816443232862826,KONYA,SARAYÖNÜ,28401,-0.386
54988432B69940512809265,0.14552802869800835,0.2388810938555738,16.202550701279378,0.14502817014042832,0.23812365247683961,0.1358666823498217,0.22329212137580629,0.12320539131824515,0.2026273142603989,0.1446906235068608,0.23758352945182257,0.1451611439426439,0.2383334587152264,0.1449866452190024,0.23805395965182277,YOZGAT,ÇAYIRALAN,11777,-0.398
54988432B69998185816997,0.04205169546279456,0.04835059398658503,3.157109713653138,0.041692096294053384,0.04796961858761973,0.03487948534228352,0.040682757194091534,0.0260761126757746,0.031174205212276134,0.04126392596158156,0.047514757429544884,0.04181904134426592,0.04810425785199296,0.041551288644726195,0.047820063654252835,SAMSUN,VEZİRKÖPRÜ,87575,-0.537
54988432B70012419752472,0.4842618168208941,0.6212859665076904,38.22953274200814,0.4746608761217492,0.6127169098803871,0.36281176381889085,0.4949839796809187,0.20451420615132335,0.3118360353221313,0.47552199878070844,0.6135292938758216,0.474777103957943,0.6128283187365383,0.4779415194342577,0.6157910217235679,KOCAELİ,BAŞİSKELE,131387,1.562
54988432B70042500930466,0.3219295359049992,0.3971039834029051,23.460579845437685,0.3164694568139643,0.39253373268428493,0.27438235209954515,0.3494924504403516,0.22792334228003786,0.2986363190244264,0.3131523976367305,0.389456663880098,0.317792423626834,0.3937160058193265,0.3154229052351649,0.3915780813190367,KÜTAHYA,GEDİZ,48539,-0.083
54988432B70258579646367,0.16531120948045225,0.2473528094808096,16.382124491958535,0.16366721487312155,0.2458215604301622,0.15120290345167187,0.2302624729847594,0.1371216676098701,0.21099215924262793,0.1623801122509206,0.24441372624426483,0.1641235707332174,0.24628818838520444,0.16313652031101442,0.24525490474253225,RİZE,PAZAR,32144,0.199
54988432B70315199389199,0.24193206163385775,0.19655996002111692,4.787575307383977,0.23549880313000615,0.1917752627426684,0.18151737664287193,0.15008029519534177,0.10757100199770674,0.09220097306139942,0.2354331738409885,0.19172563300229045,0.23578141312938344,0.19198884944628392,0.23694242637388155,0.19286393121939804,BURSA,ORHANELİ,18963,-0.354
54988432B70364934790471,0.5796332547117131,0.8233527368295896,55.197912568467586,0.5750909203018165,0.8193537542425757,0.5293591424509196,0.767706006798271,0.45969636670078295,0.6798372157664774,0.5737675741446034,0.8180759124331984,0.575712587526836,0.8199417488958265,0.5753012501142651,0.819553816555912,DÜZCE,MERKEZ,267249,1.032
54988432B70424898114793,0.034472458500154124,0.05680436078433878,4.36901717244982,0.034343899765357164,0.056592519300698925,0.03176709813174486,0.05234641745493902,0.028273875934212954,0.04659022069259973,0.034223460124545406,0.05639405661172719,0.03438291046010585,0.05665680185191131,0.034315193761980334,0.05654521701233774,ADIYAMAN,SİNCİK,15801,-1.202
54988432B7043343413230,1.076407542522644,1.0838706159129698,32.63244686739492,1.0150947514226956,1.036895401627502,0.41999846921028483,0.5569978286663646,0.20505011483068772,0.3378854079020908,0.9998225692744851,1.0250306295226985,1.0229479853532468,1.0429849864773626,1.021187759296811,1.0417466354409435,BOLU,MUDURNU,18101,-0.461
54988432B70515567552987,0.4948042257010898,0.7126651857623454,54.69781809694022,0.49100883980444426,0.7084271506052527,0.4215604352803097,0.6181687857106705,0.27031499491901845,0.4134588272724655,0.488338682214998,0.7051109288277079,0.4919468925594375,0.7095633825307163,0.4903722556902757,0.7076491991370532,MANİSA,TURGUTLU,179326,0.489
54988432B70702003005022,0.419356109399612,0.597743170689901,36.96580332654579,0.41609923751355554,0.5949237105985977,0.3920550010138871,0.5682162327597986,0.3604252079892254,0.5296951292965761,0.41461906610443056,0.593483623952868,0.4167156556374333,0.5954998699899038,0.4157819654702242,0.5946173346034155,YOZGAT,MERKEZ,109042,0.812
54988432B70812604960370,0.05347621908975944,0.05069683789580561,2.0283988499005012,0.049771881080207005,0.04794072023945135,0.033778816944649945,0.034978889267196,0.020929846293687708,0.023849994562215867,0.04853296327075304,0.04697456266459062,0.05030151744689019,0.048348902949788136,0.04959857039308742,0.0477977724379543,KONYA,BOZKIR,24704,-0.574
54988432B70813006049679,0.41163055630880907,0.5097942191888147,31.02760297580976,0.4018046904670921,0.5016893867758743,0.31524654466225044,0.4141704222355752,0.19660076532210935,0.27877823192826484,0.40169592830651807,0.5015938807882655,0.4022723025291588,0.5020990173653715,0.40417732991655375,0.5037500218687768,BURSA,MUDANYA,112225,1.037
54988432B70826700680977,0.040134684653470594,0.06609401531542385,5.2078215035385815,0.040032377664859016,0.06592730378563734,0.03794724566468698,0.06249887168755937,0.034983237436512646,0.05762033909433434,0.039960171955045566,0.06580891317720923,0.0400579024300177,0.06596910742831874,0.04002427292567817,0.06591402056503538,KİLİS,POLATELİ,4968,-1.155
54988432B70965233026524,0.438725014092969,0.5268558130349121,29.14033677626446,0.43145067362681716,0.5209744329959127,0.38763684352447814,0.4770447449553665,0.3433308672116233,0.4281077599778001,0.4263497154024352,0.5163998388620037,0.43335070430900835,0.5225990312397624,0.42930908405050733,0.5190879597161917,RİZE,DEREPAZARI,6772,-0.37
54988432B70975944471904,0.02833606232519368,0.046692692588798504,3.3886527128836894,0.028218382394694538,0.04649877740200906,0.025862425030917582,0.042616586867675464,0.02264877892323544,0.037321080806419465,0.028033757075885474,0.04619454835436203,0.028264953293178817,0.04657551779810061,0.02814456211550835,0.04637713496759801,ÇORUM,UĞURLUDAĞ,5992,-0.923
54988432B71029132182367,0.1032906075862333,0.1455783111866653,9.39307897285527,0.10287279973642385,0.14507967623146273,0.09438549090487587,0.1347293422403064,0.08247122499347381,0.11981989675221781,0.10255986253181751,0.14470513743716085,0.10299148445793925,0.1452214736901055,0.10282918001150664,0.1450275410268223,DİYARBAKIR,ÇINAR,79114,-1.256
54988432B71099254802304,0.2963548230194699,0.434752188065507,31.22789294427178,0.2929552696612587,0.43127328616549787,0.2538604019919899,0.3825973337151065,0.20007524150265424,0.31021719647142143,0.2912251404565733,0.42930343690426165,0.2936125698826697,0.43200357647654763,0.2927422392100034,0.4310340235359399,KONYA,KARAPINAR,51756,-0.161
54988432B71168384186260,0.3226002494836666,0.5315867146726992,41.10489768227181,0.3202775462247598,0.5277593208732895,0.2754466520492463,0.45388613637097147,0.21494426449873527,0.3541891724680996,0.3186270707927597,0.525039636638856,0.32086181780474937,0.5287220944922816,0.3200823083711408,0.5274376042926259,KONYA,DERBENT,3954,-0.936
54988432B71225398808763,0.0044752668319984115,0.007374428247694778,0.546997605884084,0.004466354667973907,0.007359742617407779,0.004277216111262323,0.007048076572074056,0.004007224452428967,0.0066031792753795514,0.004456740459726584,0.0073439001455418915,0.004469520012370252,0.007364958531007207,0.004463619877634844,0.007355236178823223,AĞRI,TUTAK,25920,-1.254
54988432B71285314938898,0.002254489869946376,0.0037149905034042858,0.2601516255736731,0.0022132793632388147,0.0036470830609713276,0.0019463694356567675,0.0032072638985746423,0.0016698526576343683,0.0027516143886437768,0.0022000631194035616,0.0036253050876066456,0.002219887804743834,0.0036579725742757426,0.0022133016168608714,0.003647119730905271,ADANA,TUFANBEYLİ,16027,-0.521
54988432B71286228514784,0.02094625610713359,0.03289191410557993,2.5551760121541736,0.02072845761525044,0.032633532547970856,0.018662353367217024,0.029631010846028486,0.016198278947302042,0.02587219559994624,0.02062432409112586,0.03249565606380952,0.02076881205899943,0.03268545943393789,0.02071274233468398,0.032613049543775585,HATAY,YAYLADAĞI,42019,-0.863
54988432B71345383711908,0.768634135424794,0.7178665469414596,29.17324156680363,0.7614521023194253,0.7108587974184174,0.6128756676274983,0.5669843160327463,0.2098700073433761,0.21597128947479596,0.7630402621814455,0.712468744961526,0.7611779103078515,0.7105805763768108,0.764759705242577,0.7142001996428423,İSTANBUL,ÇATALCA,81143,0.761
54988432B71616500059418,0.5115232072645716,0.5894960588660973,30.20006085331995,0.5064480143119127,0.5840564831392921,0.42115109448740157,0.48591940142487555,0.14386994309642315,0.22457651122066513,0.5075290402943423,0.5852786718747439,0.5062619995973565,0.5838450144021478,0.5087115962249715,0.5865973563463299,İSTANBUL,BAKIRKÖY,218204,4.465
54988432B71738622898176,0.1009675131451232,0.0731544263454089,1.1268250776810071,0.09478138574381802,0.06867918049578943,0.07002688112047808,0.050761727119828286,0.05145354225924623,0.037311343711774164,0.0922036650880154,0.06681383175226453,0.09584816320389218,0.06945104383665787,0.09405187576455343,0.06815121517595354,MALATYA,ARAPGİR,9917,-0.393
54988432B72028378604273,0.047936517609316796,0.07213755235438428,4.969134589060878,0.0476442018494245,0.07178450998340088,0.04340171999686852,0.06590056002688417,0.037187899697857185,0.05724859494948029,0.04748250781187184,0.07156753772548825,0.04770375380554357,0.0718628265165266,0.047623607345961286,0.07175718480867431,GAZİANTEP,OĞUZELİ,36644,-0.389
54988432B72030220276956,1.2028632409501414,1.2718609979516526,61.818332774032356,1.180440668230059,1.252667745772159,0.8497108175724294,0.9481941576393799,0.2539499329650925,0.39628439222793566,1.1872642429500233,1.258690522983659,1.1781680356478261,1.2506479964978054,1.1916277447071142,1.262495816268076,ANKARA,ÇANKAYA,952198,6.901
54988432B72106000461584,0.13653120891032808,0.22497867534540736,18.526751150194666,0.13603865413958224,0.22416703439721775,0.1258213071450797,0.2073306992419544,0.1113977296962091,0.18356325900548748,0.13563642294312617,0.22350423032125935,0.13618459876004252,0.22440752466788183,0.1359674199803765,0.22404965341959834,YOZGAT,BOĞAZLIYAN,35316,-0.197
54988432B72271864351662,0.5875589227188608,0.7549780156517121,43.647447869663246,0.5803905344818284,0.7485169070859639,0.507466994705314,0.6725008426209836,0.4117535142622251,0.5668884477509267,0.57380323899801,0.7420803977571793,0.5824245475593991,0.7504424723304378,0.5777121724711002,0.7459294077643124,DENİZLİ,PAMUKKALE,343071,1.227
54988432B72298129420798,0.819562918785416,1.0253897321238497,70.5950576680717,0.8173856795162839,1.0227404172953456,0.7574137662182063,0.9521867928317425,0.6443703055803826,0.8218469879180235,0.8142982836198912,1.0190126515015072,0.8182280869137096,1.0237627914652838,0.816296535493209,1.0214238818496264,SİVAS,GÜRÜN,17062,-0.475
54988432B7232586942515,9.829728207942768e-05,0.00016197609681174214,0.011054233435778237,9.814558214193358e-05,0.00016172612282220675,9.491555579634217e-05,0.000156403625099073,9.020744544567953e-05,0.0001486455129536823,9.798911460733991e-05,0.0001614682926971504,9.819646925193465e-05,0.0001618099755522277,9.810347242531906e-05,0.0001616567336448991,SİİRT,ERUH,18339,-1.098
54988432B72387127190617,0.3145074860109175,0.4165694084451403,24.971277954111397,0.3127364607411149,0.41476664872886043,0.2924399387409465,0.3899428785267268,0.26405565028853556,0.35464290605521653,0.3119588283524889,0.41388294846092777,0.3130739290319622,0.4151405744448346,0.31268539039646776,0.4147094675378878,ELAZIĞ,MERKEZ,463686,1.135
54988432B72818442943555,0.11804771880426052,0.1945212352259531,17.26914671830002,0.11742315905952201,0.1934920740168289,0.10494550691417966,0.17293116582972248,0.08797026354646321,0.14495904284762048,0.11658061140299424,0.19210370825640055,0.11766187883878378,0.1938854409264586,0.11711941865505456,0.19299156490692385,SİVAS,ŞARKIŞLA,37282,-0.178
54988432B72902905976460,0.4562331307710055,0.6492541708246875,41.61391634436665,0.45396236089084846,0.6469034266334126,0.42475733794659615,0.6109581883081173,0.3869512798623886,0.5626894986598857,0.4517381342025103,0.6443538864863476,0.4546756657901011,0.6476955781056285,0.45313625696909915,0.6459754185531418,GÜMÜŞHANE,MERKEZ,54697,0.655
54988432B73072447730570,0.3622653772559788,0.503322092562735,32.61489175725699,0.3562716251132626,0.49777655153987255,0.3003461462477398,0.4326366299251396,0.23068002316689024,0.34412454491643424,0.3467501904450306,0.4876264343324562,0.3589516327699377,0.5004152659006972,0.35115835050321303,0.4924311756266601,MUĞLA,DALAMAN,53327,0.548
54988432B73173192257924,0.1604477763119868,0.18613366826068534,9.810092925044211,0.15958771542056785,0.18535682071203885,0.15097823553347245,0.17601824615532574,0.13896920597391596,0.1626988862844914,0.15903668932920353,0.18480206812770986,0.15979166091268077,0.18555501979056255,0.15942417749640989,0.18519466360963946,VAN,İPEKYOLU,362816,0.404
54988432B73242449830307,0.03722301383812228,0.061336777228455534,4.564867256458653,0.0371103643498054,0.061151151298222135,0.03479433555176582,0.05733475580005454,0.03119718751309277,0.05140730809618546,0.03696423834458201,0.0609103621383586,0.0371519144248654,0.061219618287726665,0.03705769235823725,0.061064357407027724,SİVAS,ULAŞ,7603,-0.595
54988432B73294820193521,1.0876085602293233,1.684993280178562,138.07764619731023,1.0830688698463904,1.6802754151069788,0.9862283103813508,1.5444289232147455,0.7334984470440328,1.1540692580650886,1.0835273364646403,1.680739746162937,1.0831183956009292,1.6803522380218252,1.0847301043957087,1.682083939260801,YALOVA,ÇİFTLİKKÖY,58589,0.828
54988432B73322112171643,0.4534723539671248,0.6601618449822523,44.86543518701035,0.44811624084591917,0.6537739783402952,0.35865578403244985,0.5357143445446151,0.20033578428091664,0.3231390063287859,0.4498821981723274,0.6559683094456985,0.4475195903829633,0.6530258960876666,0.450980466769326,0.657311347886839,ANKARA,ALTINDAĞ,418072,2.528
54988432B73440266741351,0.2772189114484168,0.3760097095052767,26.49588752186461,0.2741385072449322,0.37321208525226834,0.24671572460281443,0.34162167979032376,0.21428193556652897,0.3015998137332192,0.2725565898697179,0.37158420265133413,0.2747756929735879,0.373844195375166,0.2738108562995114,0.3728809802261131,YOZGAT,SORGUN,80068,-0.038
54988432B73618387821891,0.2516540934300448,0.4146803140249498,31.01840071641477,0.25016717327764404,0.4122301392341352,0.22115483194075353,0.36442306146241943,0.18268525395531396,0.3010321725562396,0.24835768144924206,0.4092484248125659,0.2508249742698275,0.4133140759914779,0.24956520831377124,0.41123821012681,ANTALYA,İBRADI,3256,-0.264
54988432B73640437939057,0.21053628642722252,0.2897225311329161,18.31157615687335,0.20900343554454182,0.2882258089266448,0.1921227065880168,0.26805106455579697,0.16914333670130483,0.23968810772446186,0.20823402140318206,0.28738222293483556,0.20932293257628937,0.2885658541541682,0.20889090309890698,0.2881043636805117,DİYARBAKIR,BAĞLAR,402275,0.017
54988432B73654359915704,0.20730665840262874,0.2881718170155121,18.47269527618374,0.20172077199059293,0.28334865073157206,0.17140194127520236,0.25091416194793276,0.14001804646177568,0.2123432790115673,0.19848254944418683,0.2803320297165471,0.20303549615346453,0.28453138926865856,0.20049480196124012,0.28223491148037805,EDİRNE,HAVSA,17302,-0.198
54988432B7371544527763,0.15747629924602274,0.25949238628610066,19.260383020091005,0.15715943028411536,0.2589702436941104,0.1504408735641111,0.24789928048237847,0.14085825866611767,0.23210886872742445,0.1568187411117276,0.25840884971452105,0.15727199753540508,0.259155734112635,0.15706288735865392,0.25881115845889113,AĞRI,ELEŞKİRT,28661,-1.013
54988432B7377784075511,0.20888360829793157,0.24217482458308226,13.088375600766167,0.20785160263809316,0.24115385872523207,0.1874493609787764,0.2207325164530916,0.16012425867299254,0.19306308477099182,0.20599879233039228,0.23932075024002988,0.20831013064206813,0.2416071774642829,0.20705455815516233,0.24036720458002875,KASTAMONU,ARAÇ,18121,-0.565
54988432B73997329760660,0.5499464820967639,0.7589273517706833,41.71719736498962,0.5427001884831028,0.7532095189035193,0.5046431635485152,0.7153894228249372,0.468218805747636,0.6740369210825385,0.5404611261478184,0.7512870174138353,0.543877429340083,0.7541945695112117,0.5425976256645427,0.7531228176943596,TUNCELİ,MAZGİRT,7257,-0.58
54988432B74105915560914,0.7995192051472974,1.036804161947661,67.07250052380343,0.7911853727630542,1.0290372100751926,0.6961992294305323,0.9205182433333172,0.5317693344261781,0.7289645547300636,0.7776323037223699,1.0144280017128267,0.7949047020594917,1.0327371170989519,0.7839988109222276,1.021433749162661,MUĞLA,ULA,27649,0.355
54988432B74200485211602,0.15858493161742404,0.15236883001654178,6.852601660193541,0.15828389481928357,0.15198303497087293,0.145313488863991,0.1392483954140631,0.12103503772174248,0.11713838292059807,0.1579341489140646,0.15157946145840656,0.15840627577029465,0.15213164705262092,0.15821114699960773,0.15189702047398201,ERZURUM,PASİNLER,25401,-0.765
54988432B74224800333323,0.447663054835328,0.5680757656105101,37.2402812019825,0.4346495847684253,0.5573988856242773,0.3546553481883145,0.4766059210757474,0.2695065728491139,0.37960753600797714,0.42648598384239644,0.5500499736565344,0.43785619130329667,0.5601736215003672,0.4315611109762583,0.5546645843090484,EDİRNE,LALAPAŞA,5932,-0.351
54988432B7423640406971,0.30443981899601774,0.3686655564379728,21.29277784793173,0.29846206573078354,0.36393427814012874,0.26372406282536665,0.3306045426231357,0.22923553192992197,0.2942405909094514,0.2943354311543411,0.36035858389455944,0.3000117520466444,0.36522244062685766,0.2967237219750735,0.3624512152577472,RİZE,ARDEŞEN,43519,0.078
54988432B74473203693004,0.6123540661626864,0.9147379093179743,75.71151960757564,0.6060939436003726,0.90844002436069,0.5396215452282802,0.8279559838724534,0.41163896655819043,0.650079754012521,0.6035874720629156,0.9057184175305766,0.6072223743005986,0.9096401145704576,0.6059292160049248,0.9082591380312268,BİLECİK,BOZÜYÜK,81332,0.608
54988432B74566589804455,0.11623215687826768,0.19152951838423307,13.954044456393968,0.1160243959175437,0.19118716599385122,0.11158557021634109,0.1838727861219085,0.10520760773809668,0.17336306046130462,0.11583173363579903,0.19086969348861318,0.11609049094780707,0.19129607861884182,0.11598064175774332,0.19111506707235695,SİİRT,BAYKAN,23219,-1.061
54988432B7457666939336,0.3294927943941183,0.4269384893668589,19.899867466095568,0.32322904669492264,0.42153197743579995,0.2784812198987114,0.3762106652352329,0.22990858859082713,0.32367626487030093,0.3238363326306052,0.422084375730013,0.3232394631572721,0.4215419002538154,0.3251955464161573,0.42330622471013285,YALOVA,ÇINARCIK,40174,0.141
54988432B74694372837116,0.0850012765207348,0.14006669058986831,10.191285069542184,0.08470992269840501,0.13958659232129125,0.07974335862917854,0.13140259531261803,0.07293735974395443,0.12018754326832161,0.08476900160595867,0.13968394364827622,0.08469757886112524,0.1395662519157382,0.08484629939154671,0.13981131638266808,KIRIKKALE,KARAKEÇİLİ,3062,-0.423
54988432B74865173574888,0.0016394261459149147,0.0023332935786460726,0.16145908126022968,0.0016227329060053055,0.0023189375711937387,0.0015063753699937528,0.0021865296199921943,0.001378362139905726,0.00202527689096106,0.0016113443272067873,0.002308377389892421,0.0016275463636334778,0.0023233327231743303,0.0016182059716343714,0.002315049651968292,ARTVİN,ŞAVŞAT,16151,-0.405
54988432B75065207924044,0.3467694180227612,0.4389902842320381,24.52321244542953,0.3424114372783023,0.4349612891474307,0.30006111064655244,0.3895338985446525,0.24313821705151567,0.3267801179501132,0.342080270807107,0.434621348106375,0.34274850872708035,0.43529683887716697,0.34331257980455193,0.4358361013734317,ESKİŞEHİR,TEPEBAŞI,398129,1.477
54988432B75072745188363,0.91207709160067,1.1888381666460004,84.56725143095834,0.9094798084723478,1.1864454811868723,0.8520895332220194,1.1288741358558758,0.7610710424417834,1.0279555287811712,0.9100516249903652,1.1869639160778453,0.9093596020391534,1.1863366269486373,0.9108047620755348,1.1876620232734518,KIRIKKALE,BALIŞEYH,5888,-0.527
54988432B75199317168320,0.6157167971516346,0.5872117066499589,21.885192080335987,0.5877968558292109,0.5665320561835226,0.4544841747050051,0.46033555246969776,0.3387102122585308,0.36279694677730256,0.5806191739576215,0.5610872668033137,0.5918827326028936,0.5696106090739046,0.5883559228629699,0.5669542163026188,KAYSERİ,TOMARZA,20156,-0.674
54988432B75263721717029,0.44822432012558727,0.4434402109828362,20.092071199037587,0.42955919226279715,0.4294484734072859,0.34556623807302034,0.3601270554654967,0.2748525927655839,0.2970375349235892,0.4214693083529456,0.4231734369159201,0.43285544445851537,0.4319715432285233,0.4272877645718715,0.42769819186303154,MALATYA,BATTALGAZİ,274563,0.813
54988432B75303442304473,0.2832650774153416,0.3744287576948147,24.199601087725714,0.2812732654581865,0.37255619989435074,0.2589765609612018,0.3471260868760804,0.22868078952272108,0.31131097897949117,0.27955720112978527,0.37075374479051504,0.28182387385012136,0.37311343310538936,0.28063082295097264,0.37189837958572247,GİRESUN,BULANCAK,70397,0.063
54988432B75596931390993,0.00047032584122936097,0.0007750117030751028,0.06937645208152464,0.0004700608974215238,0.000774575123721533,0.0004574438772493448,0.0007537845622975333,0.0004239377033760949,0.0006985724633638187,0.00046986239758171975,0.0007742480319791261,0.00047013501108468113,0.0007746972495995298,0.0004700468719244193,0.0007745520122455209,ELAZIĞ,ARICAK,12340,-1.07
54988432B75676722749160,0.06102804496884911,0.10002619447599903,6.546301668448097,0.06083963168762605,0.09973575729878556,0.05740347267553631,0.09421237849762375,0.052122396176718516,0.08560538988067196,0.06076228793580132,0.09961263429916616,0.06087386529410706,0.0997899083883904,0.06085228482515966,0.09975503870613936,DÜZCE,YIĞILCA,13492,-0.88
54988432B75798552461852,0.24438205527487217,0.2902762808650783,14.783337476124602,0.2430380378247485,0.28902461137709956,0.2307222074821052,0.2742553312676852,0.21596704448164994,0.2552925623114961,0.24235119026453994,0.28829186680781316,0.24332383052946074,0.28931738775025245,0.24290202998653462,0.2888815416937782,MARDİN,MİDYAT,125791,-0.36
54988432B75808003725453,0.19052142505325795,0.2504900867712044,13.728982590338102,0.18655843712302475,0.24724047196191778,0.16351573495401397,0.22378086199499111,0.14032006032548808,0.1976175119188571,0.1838833296085284,0.24481276213329253,0.18753396140028808,0.24808639355630474,0.18544840069794713,0.24625082149807417,TRABZON,ÇARŞIBAŞI,15004,-0.34
54988432B75995786409497,0.2498062563391778,0.37587621463744286,30.255110291538628,0.24752695022965296,0.3726210710949405,0.20890867043487124,0.3205158621936547,0.13392084151090292,0.21279197889591567,0.24586334350375055,0.37037393660750817,0.24810719514668136,0.3734173966220895,0.24712527369629644,0.3720745641300034,MANİSA,AKHİSAR,181472,0.543
54988432B76021463807070,0.39415715117112443,0.5114054776686678,35.381777727645705,0.3828810552740098,0.5018317706325818,0.27059835736343407,0.38202116337352776,0.10674535581535954,0.1758745492803782,0.3849361973472614,0.5036641862184525,0.38254213969377465,0.5015317987861255,0.38733305015903274,0.5057869878177229,İSTANBUL,SİLİVRİ,240029,1.312
54988432B76024124703750,0.11957341441876908,0.19703530494724206,16.637905711175417,0.1193415744144356,0.196653274659198,0.11364184388845631,0.187261152273445,0.1036407891800174,0.1707812275857546,0.11918732494406509,0.19639909950178416,0.11940274248332206,0.19675406854523578,0.11933198533888305,0.19663747360145578,ELAZIĞ,PALU,17872,-0.737
54988432B76125229912177,0.35102041736786094,0.4838615072026958,35.33544718725678,0.3429583792749494,0.47604463419121046,0.23350755719595784,0.34279258381585753,0.09027516328168285,0.1487570996682722,0.33770680554805593,0.4704079869722992,0.34490303462476485,0.4780653084325018,0.3418127028014854,0.4748289648468566,İZMİR,BERGAMA,107549,0.379
54988432B76166578755153,0.3974055843320732,0.5105224511890661,29.152075828565334,0.3949238650142155,0.5083188214882787,0.3722704465157526,0.48357431107215626,0.34277038012504096,0.44922468816890754,0.3949887708208995,0.5083801978520643,0.39502313043895704,0.5084149371728849,0.39560711723276015,0.508967895114973,KIRKLARELİ,LÜLEBURGAZ,157136,1.12
54988432B76227245488219,0.6439581305051534,0.7277011250389,35.38504726738923,0.6394728125381196,0.7236662294031411,0.5840247195995152,0.670922330425114,0.5080240170548799,0.5958312691505511,0.637204407796188,0.7216006697434431,0.6405072664568504,0.72460690888728,0.6392012124964015,0.7234301629672489,NEVŞEHİR,AVANOS,32093,-0.044
54988432B76333131904133,0.15505104994564387,0.20305130728237508,13.104637371392892,0.15139085014109285,0.19963816238266666,0.11285999473498577,0.15616870790981255,0.0658113905185525,0.09904015994550178,0.14911234462507028,0.19730258380126586,0.15223289750682,0.20047685015194752,0.15082457009099443,0.199065577607256,MANİSA,ALAŞEHİR,104565,0.038
54988432B76430100737170,0.1879598354978345,0.2666709054256307,15.066284403428707,0.18563877177986998,0.26456484582050005,0.1684760304620764,0.24467022484149425,0.14941759325626439,0.22067049588435125,0.18388072284602133,0.2627498149068499,0.18624773198135697,0.26516039222684296,0.18492451786658634,0.2638429701265772,TRABZON,BEŞİKDÜZÜ,23246,0.17
54988432B76534692680801,0.1270248580864598,0.18995616657255504,12.688119584784125,0.1249088262940788,0.18789438183676854,0.10843167959450721,0.16644443281116433,0.09021569259486233,0.14070462836211553,0.12348625653989337,0.18626770322496505,0.12541227752826414,0.1884378521310104,0.12440825107825851,0.18733517751786835,SAMSUN,BAFRA,143387,0.256
54988432B76630597783829,0.00026542913034795484,0.00043737907706498796,0.03550049017300437,0.00026490656967353765,0.0004365179918284601,0.0002519470727026343,0.00041516309074081506,0.00022878114064084527,0.00037698983533643305,0.0002645047714557022,0.0004358559012227574,0.00026505686661015024,0.00043676565392694616,0.0002648509900188084,0.00043642640663561706,DİYARBAKIR,KOCAKÖY,15088,-1.131
54988432B76667969574644,0.15988652868996678,0.26342509971941463,19.279141391744915,0.15945813250638724,0.26272072905125565,0.1505162770344033,0.24799369063705626,0.1377334795028092,0.22693654765117527,0.1589823482532657,0.2619374960644596,0.15960374799588173,0.26296036933033995,0.15931645995822974,0.26248753416021703,ORDU,ULUBEY,18027,-0.73
54988432B76694666867888,0.2150711995161878,0.3206060258959513,21.595020928748713,0.21275523285353606,0.318420698883447,0.19696436499517925,0.2989499016768702,0.17979669698134632,0.27559247580654705,0.21098028872355823,0.31649477489435557,0.213441297038949,0.3191191734477619,0.2119987141963038,0.31761778397354995,ARTVİN,HOPA,27844,0.502
54988432B7673990663622,0.39088935408170705,0.31104451884172757,8.502360777426755,0.3574554121572329,0.28665262009225,0.2140593659773894,0.17888025137287084,0.10018327057078796,0.09098383255407903,0.3476144362451905,0.2795411469416323,0.3623470161633577,0.29020242584939815,0.356887357186533,0.2863228560688057,BİLECİK,YENİPAZAR,2692,-0.501
54988432B7686376545923,0.11728676544917341,0.1718242717105452,12.555260473786461,0.11562943083198401,0.17032226352854998,0.10374676872260628,0.15565770601579482,0.09073158537076702,0.1378979801074722,0.11445409760283977,0.16906612205231666,0.11604522731764973,0.1707382732099019,0.11517052015725615,0.16984399631061178,TOKAT,REŞADİYE,43108,-0.657
54988432B76895088825803,0.3386133053165823,0.33974036902954785,16.52982885777898,0.33822371738736384,0.3390988333644365,0.329086997105393,0.32624949803761494,0.30348007406334115,0.29890165419950776,0.3379653149528497,0.3386748079815766,0.3383179483783009,0.33925385155811144,0.3381894900678392,0.33904257744155303,OSMANİYE,TOPRAKKALE,22358,-0.084
54988432B7698417663735,1.1150488098597509,0.9934574840767516,31.374775005939675,1.0456689104803327,0.9405524045504705,0.323859860107146,0.3703539790447799,0.08464757962495026,0.13948385260476898,1.0271640407073135,0.9266064771618665,1.0551420355260577,0.9477104799546604,1.0532794753847075,0.9466860271156861,BOLU,SEBEN,4438,-0.425
54988432B77006112817305,0.5250117749399291,0.6647343395426307,39.66052755726255,0.5128552593765069,0.6535335157588165,0.3893473207980001,0.5136104290843486,0.1801346948145784,0.2758202840861644,0.5150330560364506,0.6557094999090999,0.5124910288452535,0.6531665077754917,0.5175552197446469,0.6581722642184195,İSTANBUL,ÇEKMEKÖY,315959,1.45
54988432B7739562354117,0.22952940807565103,0.2649932792683637,16.425894947047663,0.22871108152297964,0.2637060561807055,0.20181041870567085,0.22968472944121,0.14042060508004928,0.16410642307034945,0.22811549705426676,0.26277536093699494,0.228916499223839,0.26403052421639606,0.22864187560164753,0.2635970953548168,KONYA,HALKAPINAR,3947,-0.765
54988432B77407650026764,0.34351570317261937,0.4285576280510383,25.017461027627864,0.34084730736205476,0.42548444103663574,0.2756410680280575,0.3526729741394904,0.13083527170723314,0.20002049781211054,0.3412798358499652,0.4260340162089913,0.34082170097470715,0.42543839599297245,0.3420041329442676,0.4268782336003166,KOCAELİ,ÇAYIROVA,162262,0.962
54988432B77479397394986,6.291184319855919e-05,0.00010366730990894446,0.00884497821387202,6.272670754045691e-05,0.00010336223991468108,5.890494181118075e-05,9.706466298618745e-05,5.357112514469482e-05,8.827550029043045e-05,6.25372621562569e-05,0.00010305006827328282,6.278860528583175e-05,0.0001034642361752609,6.267579927221268e-05,0.00010327835231971193,BATMAN,SASON,28150,-1.063
54988432B77607425257095,0.14920215113880658,0.22717497821690172,16.045113441593525,0.14666228523939548,0.22467657941463276,0.12408892971381587,0.1942271412952211,0.09597341609500709,0.15295839193591337,0.14502808345280405,0.22276739986991326,0.14726868466968995,0.22534460449660407,0.146145585002296,0.2240878943856355,BALIKESİR,BİGADİÇ,49275,-0.138
54988432B7766374171238,0.08550416472304083,0.1407468426566183,12.802973239615426,0.08509758579936745,0.14008409211721182,0.07707858196727901,0.126899099082877,0.06625655060636565,0.10908800714593292,0.08436946489425104,0.13888936642438804,0.08527749250749454,0.14037866688139714,0.08478367926619385,0.13956932227111968,KASTAMONU,CİDE,22496,-0.533
54988432B77763600838598,0.2905597419012865,0.42222554278028107,32.16567597229492,0.2878358113165905,0.41969589268532737,0.25939741812433387,0.3855007497603823,0.21933555644014144,0.3322034121544683,0.2872719822659639,0.4191095261880745,0.2881927352981063,0.4200599534364738,0.2881677514130492,0.4200332395326913,KIRŞEHİR,MERKEZ,163368,0.686
54988432B77928955362752,0.8826346258096041,1.3499454081703466,109.24842801045664,0.8724414751171335,1.3379996428615888,0.7757880657057585,1.2054342613926434,0.6347239318014557,0.9982055431380097,0.8712023481213702,1.3362256123987188,0.87330272980094,1.3391188906837024,0.8741922495500866,1.3399798501162088,TEKİRDAĞ,MALKARA,50123,0.068
54988432B77963946080728,0.37947888533873403,0.554734146040157,41.79355710985441,0.37368756792272173,0.5498817887115491,0.3354462780495381,0.5056298117979137,0.28846251335912293,0.44228113799680496,0.3698746698036365,0.5461964731452785,0.37507260535122144,0.5511396534111447,0.37218290913702184,0.5484631862511345,SİVAS,YILDIZELİ,26567,-0.762
54988432B78096221215444,0.22704561778433283,0.24608325599786862,13.214265947419841,0.2251445650844793,0.2442442946734747,0.1892987422919303,0.20926075150949955,0.14322743205822652,0.16390052467620067,0.22288668857962463,0.24205644263511347,0.22581469976674867,0.24489278940972792,0.2244024408173012,0.2435256422011052,SAMSUN,YAKAKENT,8916,-0.538
54988432B78199019874123,0.16421102983088645,0.15176270086132154,3.995353972860277,0.1559378260698387,0.1457305915699057,0.12188787431470459,0.12009041053094818,0.09555538517983152,0.0995956093940498,0.1520908928935906,0.1428954222959046,0.1576463805430327,0.14698383154595276,0.1546654350528724,0.14479486973684083,KÜTAHYA,ASLANAPA,7813,-0.782
54988432B78675491052886,0.24892823315905308,0.28255970020253046,16.927686459864425,0.23797469395372947,0.27429340879951347,0.18642563719318303,0.2284825306419345,0.13857059581019193,0.17897556497455988,0.23734205040614603,0.27376466361818735,0.23864790609693465,0.27482703269647946,0.23985783891437418,0.27573898346466835,ESKİŞEHİR,ÇİFTELER,14487,-0.202
54988432B78684581776772,0.14847693695982725,0.2148405964029402,16.47726564478201,0.1478043005380495,0.21401744221486355,0.13944699806398198,0.20173443535352134,0.12663792125197512,0.18209120914834812,0.1470901414439166,0.21303195973579328,0.14801398039653013,0.21429512116581367,0.14751875917249324,0.2136288825176223,DENİZLİ,ÇAL,17277,-0.232
54988432B78726151143019,0.16689135344703313,0.24147689741105366,16.572968185129177,0.16497992895101615,0.23972263529425406,0.14961052031669403,0.22078924925930926,0.13099197224582287,0.19601425749207507,0.16415602245964947,0.23884402643193667,0.16530791995903665,0.24005824590366148,0.16485374646035686,0.23959112818805087,HATAY,ARSUZ,115077,-0.064
54988432B78779774927417,0.21555329375449436,0.3138200306314424,24.776157245866074,0.21085814445393025,0.3093406753885533,0.17367163363113208,0.26109364627889525,0.13193829117005867,0.2020968636553644,0.20712778488161998,0.3050842411226894,0.212093656575446,0.31065125197492677,0.20934660487392284,0.30765494302069296,DENİZLİ,BULDAN,26231,-0.011
54988432B78813645008161,0.08532792660897141,0.14043641457889083,11.997554700905553,0.08497284287217714,0.13985144236603633,0.07779910023324611,0.12804178296918842,0.06802369209283078,0.11195772486072723,0.08432777379871575,0.13878899049546128,0.08513135002864312,0.14011255099362238,0.08469521945909528,0.13939415875060018,KASTAMONU,İNEBOLU,19678,-0.236
54988432B78882156403317,0.14501607754981805,0.23896020031854365,18.82331293324714,0.14442950853833758,0.2379936409490429,0.13257449306061875,0.21845872508868303,0.11640991593387905,0.19182243307517644,0.14390051633903805,0.23712195772572492,0.1446401646904866,0.23834076408991373,0.14431230291821218,0.2378005073397436,ERZURUM,HORASAN,34896,-0.778
54988432B78938998312930,0.5479577321868181,0.6019894171654283,31.43889079437472,0.5449660867099527,0.5992768855725272,0.49186482869118564,0.5492388225425793,0.42079314030199216,0.48087051445579526,0.5416451854601407,0.5962180056174871,0.5459674395472038,0.6001948939971518,0.5438650267799662,0.5982700364405534,ORDU,GÜLYALI,8881,-0.145
54988432B78941092059801,0.09297813895958912,0.1532111134601343,13.740856344059486,0.09258127239703831,0.15255714932809317,0.08457810485235649,0.1393693804132772,0.07369159879544622,0.12143039246047842,0.0922454559939807,0.1520037847887901,0.0927004084354882,0.1527534639167522,0.09251592209373542,0.15244946387809355,YOZGAT,SARAYKENT,12605,-0.587
54988432B78961906506617,0.27252530166653394,0.20901138285824447,4.271573540793836,0.2719560995373448,0.20828514215422955,0.25380036201576944,0.19371027515862635,0.21756788762659252,0.16627164744845369,0.2713338460444332,0.20765280704746847,0.2721331691919225,0.208483590950747,0.27176438858890173,0.20807297620713755,ORDU,MESUDİYE,11829,-0.842
54988432B79088719689200,0.18905255296832182,0.3088581029360397,23.855065088248526,0.18776665837624734,0.3068909749063497,0.16415739278565022,0.26859435859242403,0.1307032162025759,0.21392332103219502,0.18690803832219588,0.30552488022130336,0.18807370321008246,0.30737586634847536,0.18766375955077189,0.3067278833072617,KONYA,DOĞANHİSAR,14097,-0.616
54988432B79162079631621,0.7435411065119684,0.8306748239002587,41.75420728671065,0.7315147723966275,0.8197248870513414,0.554073909406303,0.6435351377129698,0.1948288566232441,0.29957598658350953,0.7339401406649901,0.822040678436656,0.731100729022239,0.819327378881419,0.7366398031432458,0.8245842199582138,İSTANBUL,ÜSKÜDAR,514294,3.045
54988432B79254890835341,0.4223991051304321,0.5676260776795452,37.73662543140912,0.4162280585616524,0.5620469165147288,0.3624964134601016,0.5026037972848801,0.2960173479253535,0.42257699340164284,0.4161121682715576,0.5619357824552343,0.41658902909847,0.5623981725457582,0.417724039126001,0.5634950088252894,TEKİRDAĞ,ÇORLU,306939,1.577
54988432B79409783151776,0.29365037223829077,0.3018026485872533,14.223627236127593,0.28311005176503373,0.2935635554430805,0.19261212898193852,0.2139879466663742,0.09176632120326769,0.1185901045492154,0.2771515428354287,0.2886827449905295,0.2853805860854659,0.2953938839846161,0.28160729896076847,0.29234227216585734,MANİSA,GÖLMARMARA,15140,-0.543
54988432B79438437943955,0.055919912662774525,0.07572404046077935,4.14536664196032,0.05578091333307297,0.07556501867501861,0.052933989666771326,0.07227712061489183,0.04898734151921703,0.06768306089008853,0.0556325905638981,0.07539485339258785,0.05583001969293591,0.07562128970672966,0.05573864763789212,0.07551656524755361,AĞRI,DOĞUBAYAZIT,113699,-0.647
54988432B79616482779548,0.07598803844137772,0.12521450858803485,11.394997005884258,0.07576770196682334,0.12485143403115395,0.07119579463620355,0.117317759765365,0.06480987178781517,0.10679491685820236,0.07561587378952844,0.12460124872568039,0.07583058118461963,0.12495504758031589,0.07575389454137815,0.12482868189769396,BİNGÖL,KARLIOVA,25265,-1.017
54988432B79652739540199,1.2928027380603997,1.2768288793538858,51.608820601059044,1.2554465008000475,1.2459869658305898,0.7687640744889654,0.8242210893680124,0.19451998395174872,0.3141486083954825,1.2634240585172976,1.2527178991777335,1.2540789777268073,1.24483057710479,1.2721958133744196,1.2600770213166241,İSTANBUL,ŞİLE,50090,0.698
54988432B7974453528026,0.42587781638190647,0.5398381923070862,32.73905322297447,0.4158641598113877,0.5305134887363286,0.30565908563735206,0.4065526863316391,0.14816323156763136,0.21923299946952104,0.41771535638939333,0.5323802575790939,0.4155516654288494,0.5301950945708883,0.41982977544672145,0.5344626394856516,İSTANBUL,BEYKOZ,246833,1.732
54988432B79784154417408,0.17015484947765908,0.26635693905916435,18.478787961763146,0.16794595092252268,0.26392551561096,0.14778491217956055,0.2355382219211731,0.12280614521499408,0.19800737944156346,0.16495887185054933,0.26021692445782507,0.1688758309752823,0.2650048685774935,0.16639133266390305,0.26206664194212426,MUĞLA,SEYDİKEMER,65648,-0.505
54988432B79821561664997,2.5552619760291058,4.210608395807069,382.3333171538728,2.5549469791150385,4.210089338010465,2.3755438074877286,3.914465441997164,1.243566023119445,2.049171312690288,2.555058354545536,4.210272864524433,2.554907624846296,4.21002448931161,2.555134041998703,4.210397583722994,AKSARAY,SARIYAHŞİ,4717,-0.491
54988432B79971827749664,0.5940207817489056,0.9730361176005926,79.02087665471869,0.5921195677685489,0.9700280031226824,0.5529330755212049,0.9063275904042472,0.48971611377679464,0.803081579368497,0.5910443392804464,0.9683060124050816,0.5925914542375795,0.9707812569689899,0.5921017469237457,0.9700051682573744,NEVŞEHİR,DERİNKUYU,21107,-0.615
54988432B80108419437417,0.36198485517637874,0.596485403320268,51.120893547403114,0.3600222652863503,0.5932514110541123,0.3217074477316052,0.5301155392753089,0.27014770861823456,0.44515443844378,0.3564536133720133,0.5873709197960022,0.3609723787039321,0.5948170256840675,0.35846872566121807,0.5906914594522159,ÇANAKKALE,LAPSEKİ,30654,-0.056
54988432B8015815916555,0.4721533419374777,0.6626239930479871,44.18923518165039,0.4678829929013748,0.6581040522654603,0.4052356119194362,0.5818583542244825,0.3217572154102281,0.4753452376439064,0.46369313407819124,0.6532992815339914,0.4695093561553855,0.6599174320974224,0.46645821285654104,0.6564864146586141,ANTALYA,GAZİPAŞA,55850,0.152
54988432B80335300627236,0.14246308882547976,0.21953416894107694,16.73501788018409,0.1407924995459402,0.21774074101321708,0.12336753276050483,0.19338018157093267,0.10083936550297365,0.15985683338549037,0.13922640771177566,0.21576560131564332,0.14127274630165873,0.21831124092578885,0.14015722674016673,0.21695617220775956,DENİZLİ,SARAYKÖY,30883,0.078
54988432B80355579984190,0.1912706343509553,0.3135796889904234,24.163102105631694,0.1906002116850234,0.31248456488987986,0.17868129320767415,0.2930327675038092,0.16196614994000377,0.265739110301692,0.19074722487306225,0.3127246575773847,0.19056684921023076,0.3124300439783398,0.19092522618635893,0.31301520647186365,KIRIKKALE,BAHŞILI,7353,-0.005
54988432B80433190891515,0.22439524593530671,0.36976267614747005,27.553269160583195,0.2237117042075915,0.3686363233254886,0.20954312300864986,0.34528907067093006,0.1897107343183743,0.3126088902778602,0.22326278346182774,0.3678965833383964,0.22389102179616793,0.3689318061961526,0.2236826584214169,0.3685884611366888,ELAZIĞ,MADEN,9139,-0.592
54988432B80507521007844,0.13295877688251642,0.21909195514573165,19.92377904814131,0.13238246444476562,0.2181422967499328,0.12075769486460591,0.19898678437870906,0.10492196406874287,0.17289237148942113,0.13159067428129603,0.2168375701343067,0.1326015680812822,0.2185033398132755,0.1320942086634429,0.21766730349117372,GİRESUN,DOĞANKENT,7327,-0.593
54988432B80615389544588,0.5971253799329367,0.7646451000299688,54.73009164447874,0.5946199209669739,0.7618259601147327,0.5387609399499259,0.6981734876576359,0.44310092072681617,0.5883026600651492,0.5917318155775813,0.7585212598905777,0.5956336526533037,0.7629818127572896,0.5936919698036337,0.7607651031646465,BURDUR,BUCAK,68312,0.439
54988432B8063224387677,0.006131098701980107,0.01010293892064913,0.5798643779466819,0.006102360695538592,0.010055583897040381,0.005536468992089852,0.009123096981799842,0.0047815494859687205,0.007879126523799351,0.006070922834254438,0.010003780002210394,0.0061123441006907765,0.010072034738459723,0.006093023981675581,0.010040198685602318,BURSA,BÜYÜKORHAN,9148,-0.752
54988432B80643331900802,0.8344985514815154,0.8818672457453952,40.8667894063907,0.8199315727307098,0.8691660397516867,0.6111702293865627,0.6726018588691903,0.20115138282891057,0.296411156409804,0.8228362535075924,0.871808651755639,0.8194363807477626,0.8687131737179918,0.8260807949719008,0.8747246492356014,İSTANBUL,ŞİŞLİ,261959,6.959
54988432B8068662711190,1.0822577570684622,1.4535355146791777,95.7285407219788,1.0732326607585574,1.4444039279778853,0.9748501150901047,1.3157885473525863,0.8037943509502574,1.0918568713848344,1.057955939230131,1.4259779870491276,1.0773626580810234,1.4489452083591738,1.0651215989027312,1.4348253681959788,MUĞLA,MENTEŞE,126288,1.555
54988432B80772091068357,0.7714688370082642,1.0379023743404152,70.8356802534121,0.761096986647755,1.0283744912219326,0.6412367082745662,0.8968688829771553,0.4763521838842135,0.6979518979804644,0.753228803312274,1.0204428839877895,0.7638666638624392,1.0310843507454541,0.7586417777350595,1.0259250138087703,BALIKESİR,EDREMİT,176251,1.072
54988432B80891618089015,0.09697772881808768,0.15980171230908263,14.51608992279418,0.09647058221570808,0.158966026668269,0.08641142586156454,0.14239036100391586,0.07292883535841835,0.1201734966266684,0.09600453610208928,0.15819806718026141,0.09665339256109748,0.15926726496882604,0.09636277958394183,0.15878838747875998,ERZURUM,AŞKALE,19983,-0.578
54988432B80955885520909,1.9141362204793915,1.8787564375188874,86.14652030132343,1.8917183368777837,1.8609290623748724,1.6202988418346445,1.6281469405001219,1.1768415226605102,1.2023616072693508,1.892856088017337,1.8618912412920652,1.8924325694150301,1.8614921505356934,1.8987764500409137,1.8666767591067133,SAKARYA,SAPANCA,47505,0.695
54988432B81043238073761,0.15619087212818802,0.25598822873873694,19.723194459958997,0.15573093187382478,0.2552504345617865,0.14574216214522662,0.238997549594931,0.13012184948840425,0.21355355452017497,0.15519589706633344,0.25438293314531757,0.1558899821080482,0.2555076560536301,0.15556182620792386,0.2549764339359116,ORDU,İKİZCE,12537,-0.979
54988432B81083365712780,0.3648236941266647,0.46576085005347506,28.868814344497952,0.3579218112596928,0.4592503798727274,0.26765641631795717,0.35956054262143805,0.11468406935727032,0.18614924198573002,0.3599442870852687,0.46127522905129237,0.3572559857545595,0.45857387423599627,0.36126129094582915,0.46256160199858215,ANKARA,SİNCAN,605366,1.05
54988432B81091968456381,0.23128094763445142,0.34475833667873346,24.791358096978772,0.22984018923741784,0.3432621431718075,0.21294001215700395,0.3212168089422216,0.190483060356417,0.2902150568378776,0.22850084252979488,0.3416652051833257,0.230258676073627,0.3437376469373186,0.22933262098408172,0.34266795436580216,GİRESUN,MERKEZ,143915,1.145
54988432B81190990661925,0.19188757213681226,0.31619244967828464,24.16522909852622,0.1914857858009445,0.3155306863832646,0.1777061266167898,0.2928255381812486,0.14856059551441778,0.24479991375355348,0.1911744610768406,0.31501777853326235,0.19159100219375766,0.31570402121905533,0.19145003384409187,0.3154717867518966,KONYA,KADINHANI,31478,-0.526
54988432B81237191806076,0.7735524040508726,0.8266834749246668,34.55134708309951,0.7639151108142812,0.8187770877233268,0.6590388761040642,0.7272080428465378,0.48349173586965394,0.5725716244042427,0.7572763747622744,0.8130493090093251,0.7664163077051507,0.820887396293667,0.7616650379039835,0.816822995916565,AYDIN,DİDİM,103141,0.842
54988432B81292966390728,0.6813060980378989,1.1221675079777418,89.24417981800318,0.6782893832510293,1.117204045920916,0.6079347295605769,1.0014062479130614,0.4829500711354254,0.7956178186233759,0.6744151139594301,1.1108295126150096,0.679409636012217,1.1190471743872283,0.6769357983691779,1.114976975308583,AFYONKARAHİSAR,KIZILÖREN,1977,-0.64
54988432B81439827862263,0.0018438854761242895,0.00303838891648236,0.2653160566979034,0.001835565274935088,0.0030246787336084702,0.0016700687306918866,0.0027519704378624605,0.0014461175076863142,0.0023829394309893776,0.0018279876885034655,0.0030121922451981794,0.0018385085175932703,0.0030295286638166827,0.001833831085279297,0.0030218211035129674,ERZURUM,ÇAT,14015,-1.131
54988432B81567150601582,0.08974504679454189,0.12939827970740297,9.268087363322367,0.08921740737902581,0.1288712612720576,0.08351276073419732,0.12168606644986027,0.07633323138327838,0.11216142286922426,0.08884604624730594,0.1284461532076603,0.0893557899613516,0.12902294114643817,0.089106288235161,0.1287463490549331,AĞRI,MERKEZ,150035,-0.231
54988432B81711897085768,0.11382552732959232,0.10621936228225518,4.469119135813125,0.10653733775041302,0.10084355232287696,0.07558840347527045,0.07638054020297536,0.05063018822147789,0.055155341830964495,0.10287771744584286,0.09807424696114794,0.10807246954289627,0.10199205264152564,0.10522422677272025,0.09985439303665727,UŞAK,ULUBEY,11365,-0.261
54988432B81810188934288,3.5040655780930545e-05,5.774064687294945e-05,0.004529336719630053,3.492819463440876e-05,5.755533129584272e-05,3.261568992526438e-05,5.3744742857158205e-05,2.9411936966555544e-05,4.8465538911504714e-05,3.477147338031499e-05,5.729708308705668e-05,3.49740240637951e-05,5.763084988531004e-05,3.487084031929526e-05,5.74608217844822e-05,BİNGÖL,YEDİSU,2842,-0.968
54988432B81913319762602,0.2223357609346072,0.3013406042334296,19.176750921206335,0.22023930584694065,0.299410578334203,0.20429642388758615,0.27999452822744875,0.18402188006576897,0.2539411430491725,0.21940203492616814,0.2985279982350315,0.22060232741833294,0.29977910879835357,0.2201416757295925,0.29930922721913045,ADANA,SARIÇAM,263080,0.862
54988432B81969335457168,0.37117227372203776,0.5757612613014604,49.8868385335608,0.3652111968567308,0.5690862100429273,0.3026158530872015,0.47853132382282987,0.2287171778996898,0.36620287453201134,0.35981262064261377,0.5617310971862868,0.3669411429782885,0.5712575562749976,0.36317622966300983,0.5662850825280166,AYDIN,BUHARKENT,13137,-0.293
54988432B81976291496552,0.04280292305121834,0.051519224275538116,2.958659079190467,0.04175253523752553,0.05071414007133634,0.03669003530137477,0.04609783621552238,0.032185246935115895,0.04148619324355422,0.04129012421468163,0.05033475504542632,0.04195252131035937,0.050873865286000935,0.04162522502027966,0.05061061952127295,BİTLİS,GÜROYMAK,49372,-1.002
54988432B82014905265154,0.3873670078019377,0.3534049064085188,14.656536216137239,0.3780709448400123,0.3458810003872433,0.2219339319986588,0.21550713749495246,0.033564757281939916,0.051018969664931656,0.38159362420447007,0.34873637913729694,0.37685994300347914,0.344898198751858,0.3836974278022145,0.3504390680686819,ANKARA,AYAŞ,13136,0.032
54988432B82471311142852,0.260011296611482,0.31102369291048865,21.098492078699692,0.24241272060318295,0.29622497380941404,0.13857189129896652,0.1830694830042169,0.038398144339495975,0.06207632096193301,0.24669656935975495,0.30011675661500853,0.2410787789024943,0.29498589705761424,0.2497311085252033,0.3027816414836207,ANKARA,GÜDÜL,8028,-0.493
54988432B82480836109015,0.35959179092477583,0.4589241367414081,26.436246245902986,0.35368724535201773,0.4529334837608583,0.267756092182203,0.3559967191612667,0.12006086389764016,0.19303368703641047,0.35486371999984984,0.4542132493125278,0.3534864820968563,0.45271337069095247,0.3561760810427871,0.45561388696773875,İSTANBUL,AVCILAR,440663,1.64
54988432B82856135372204,0.2025544307007685,0.3337708151620557,29.382479578196392,0.20210087556556952,0.3330236338968954,0.1933940284219365,0.3186771100213674,0.1767774836034174,0.2912966432723607,0.20146836561622336,0.3319814775837304,0.20227355763968366,0.3333081400218423,0.2018603008837884,0.3326272524191254,DENİZLİ,BAKLAN,5266,-0.532
54988432B82883997351457,0.15484846134460797,0.2033300115787486,13.901934457105465,0.15357755930904649,0.2020744212575721,0.1396050591464467,0.1851216707860369,0.12128961446823325,0.1624772294378826,0.15288364072366817,0.20129356493736023,0.15386013468608767,0.20238169940792267,0.15344317656358422,0.20192571039092008,MARDİN,NUSAYBİN,119559,-0.395
54988432B82979993724988,3.2071782543547185,2.93099678568307,102.17615441077777,3.1678999379454775,2.899218823728389,2.676998766829329,2.48403805577522,1.949452107889674,1.8772177896381779,3.1346121192154555,2.871331796738448,3.18143898447846,2.9104251724023373,3.1564070847291563,2.8896298785941985,ANTALYA,KEMER,52339,1.501
54988432B83102483310447,0.33711351611930795,0.24490133445617113,3.860047364410513,0.33341360227167754,0.2422173110830519,0.26551257349275753,0.19295512067822657,0.18001778499338608,0.13092158962043307,0.33302620732754346,0.24193750293883792,0.3338229097109804,0.24251376432951813,0.33452191966240274,0.24302209363788724,ESKİŞEHİR,SARICAKAYA,4477,-0.525
54988432B83298049825125,1.5663630688942878,1.440482335629931,49.25248077514317,1.5542421326896054,1.4310815985359833,1.441558507918871,1.3349225366507522,1.215956725594153,1.1471358492819927,1.5460707583367523,1.4244056141365373,1.5577200710682206,1.4338631338796919,1.5514184764503183,1.4287939631669737,BURDUR,KARAMANLI,8097,-0.034
54988432B83441396702588,0.2566193199941757,0.33911186214150735,22.27289086852132,0.25500211435200204,0.3366989668697207,0.22518873122323638,0.2973371787112306,0.18004535480441727,0.24204626290782438,0.25392151102374527,0.3351481825430798,0.2553883261329725,0.33726085866220357,0.25483802286211377,0.3364626568734898,ÇANKIRI,MERKEZ,99287,0.704
54988432B83485436335892,0.3893293728306285,0.4444480745793484,24.123828661826234,0.384724217448054,0.44058959962644545,0.34559192853739806,0.4017965092190166,0.29218623713775704,0.3475661875675088,0.38113966404195804,0.4372730924890265,0.38594695056356476,0.44167604689342527,0.3832751867645395,0.43926848698945753,TRABZON,ARSİN,31493,-0.083
54988432B83633646725804,0.026235546044244128,0.0431790928628072,3.5128386967222176,0.026076980329215942,0.04292232672180587,0.02081039214530785,0.03426705335823584,0.01122774829938755,0.01849581982594234,0.025920162317967923,0.04266587063412868,0.026127454324644674,0.043004675040881284,0.026042688987686458,0.042866304186275746,İZMİR,KİRAZ,43340,-0.599
54988432B83968093361276,0.2689569752264776,0.24958234951300376,10.789050371289227,0.2659720559658746,0.24704485499821469,0.21118479155949854,0.2001181891886272,0.14229498270600097,0.14061055085911095,0.2624523716950547,0.2439721607137149,0.26706415171630665,0.24797998240650346,0.2648139895389721,0.24601097784100115,UŞAK,KARAHALLI,9408,-0.609
54988432B83996271763455,0.28409858731222776,0.3680105979285406,22.824319407935377,0.27891252564583474,0.3625523793550624,0.20721548091294145,0.27608397285183284,0.0790915002511342,0.12902217972866692,0.2756764368330924,0.3587957565715463,0.2801274308216007,0.3639261585520714,0.2782080589092099,0.36174486574982706,İZMİR,KARŞIYAKA,339624,2.222
54988432B84046531787884,0.30567655787005976,0.5036888027693258,37.51156914291149,0.30452158977665156,0.5017857772830613,0.27794482335374016,0.4579948141989526,0.2324454454328963,0.38302344260494614,0.3032117589998292,0.499627586159565,0.30494429233058423,0.5024822574094772,0.30411030955487073,0.5011081169947079,AYDIN,KÖŞK,28307,-0.306
54988432B84066107129786,0.01273850428231158,0.02099074520902059,1.5762335477831988,0.012704027095689026,0.020933933057147875,0.011986266559542613,0.019751193843701907,0.010974747767094244,0.018084394290484113,0.012667584762331083,0.02087388269979148,0.012715736247134325,0.020953227615532047,0.012693829126297112,0.02091712865276798,VAN,ÇATAK,16361,-1.064
54988432B84070698117276,0.6501399288734822,0.7824976283815858,41.56285530604651,0.6390364644579359,0.7728531835274892,0.536673582134602,0.6688265395209119,0.4174107538711654,0.5410258687510359,0.6307226524968571,0.7649869580530889,0.6426014280784859,0.7761150415759078,0.6361070155649957,0.7701151617676485,ANTALYA,ALANYA,371547,1.676
54988432B84158817868170,0.02469359340289743,0.04069056428666617,3.123037275602543,0.02463356382097603,0.04059164642070716,0.02354109244827485,0.03879145169420679,0.022018134627857847,0.03628189336114184,0.024589063017054037,0.04051831716508802,0.024652955988724523,0.04062360119681256,0.024625720111241704,0.040578721409349615,KARS,DİGOR,17557,-1.164
54988432B84437905813511,0.27396802223574457,0.35292337312685323,20.475400877626704,0.27075599018513397,0.3500607078367801,0.2417645096019912,0.31897119525820494,0.20629820481091302,0.27885454584716446,0.26935612622776967,0.3486804467808286,0.27134697066959385,0.35062737442076597,0.2705891112693574,0.3498934483516129,ADANA,ÇUKUROVA,380653,1.529
54988432B8459545237186,0.12640399484082754,0.17248245090139303,10.474004213257153,0.1241132603737593,0.17047268587293454,0.10477846103098452,0.1493746276636678,0.08213103800422344,0.12240986163663109,0.12255415204722557,0.16893668734970463,0.12471468166903966,0.17104082005397778,0.12358700166462665,0.16996297000848867,AYDIN,NAZİLLİ,162156,0.756
54988432B84703414085242,0.0,0.0,0.0,0.0,0.0,0.0,0.0,0.0,0.0,0.0,0.0,0.0,0.0,0.0,0.0,KASTAMONU,DOĞANYURT,5057,-1.113
54988432B84747582634168,0.595353253534862,0.819564923963843,62.76468176839589,0.5912991762264611,0.8159979740787469,0.5388064819892568,0.7618704936470159,0.4587971047434422,0.6677279660890113,0.5876969887508502,0.8125524899069627,0.5924476130880303,0.8170609341018698,0.5900550905302642,0.8148040938642416,SAMSUN,HAVZA,38103,-0.124
54988432B84759555585504,0.19212211053117084,0.3165360208590439,27.165359310001282,0.19172882898140353,0.3158883847839215,0.18037032786662463,0.29717955643982796,0.15798502802136588,0.2603027901272433,0.19106611026123058,0.31479699625183405,0.19188783624047728,0.31615023369675177,0.19146984540826467,0.3154618886675137,ÇORUM,DODURGA,5036,-0.511
54988432B84830435055173,0.11279974108298042,0.1831252576607585,13.80217085164006,0.11253200705885925,0.18270201355620128,0.10644391982732426,0.17301787910299568,0.09667965581022485,0.1573864642734912,0.11224346612046318,0.1822468970467325,0.11262807652104706,0.1828535840901287,0.1124498888096178,0.18257302813181023,ZONGULDAK,ALAPLI,43217,-0.17
54988432B84852030517373,0.039023181050428145,0.055732295022771695,3.8050870507242056,0.038194786710664064,0.05495860006480866,0.03266701937019271,0.048215236638351394,0.026900792126871877,0.0404875858286368,0.03791251882438801,0.054660840498407706,0.0383246271505349,0.05509125626366598,0.03818275953611656,0.054946162443587375,ŞANLIURFA,VİRANŞEHİR,215727,-0.803
54988432B84880544185271,0.251707724493045,0.4147686882919578,33.98081914488517,0.25049751148783317,0.4127744767049412,0.2263730064833001,0.37302166690708605,0.1938878904894673,0.31949208621220976,0.24886256874913681,0.4100803875325595,0.2509604468903019,0.41353731030503266,0.24990802794387248,0.4118031147143995,SİVAS,DİVRİĞİ,15657,-0.218
54988432B84889548595985,8.1427652551961e-06,1.341780062876193e-05,0.0009772618425121248,8.121608748254337e-06,1.33829385415902e-05,7.6794586616292e-06,1.2654355373048024e-05,7.0576477130959084e-06,1.1629723681636196e-05,8.099189023621247e-06,1.3345994900719972e-05,8.128806067465563e-06,1.3394798418574394e-05,8.11533723167837e-06,1.3372604219474918e-05,VAN,BAHÇESARAY,11438,-1.244
54988432B84935584659514,0.3640788616874345,0.5071600137600258,36.808674615652954,0.3632762996789548,0.505926332965973,0.3401845153370005,0.47478505069037036,0.2985532484634461,0.42060830081226,0.36199973501252125,0.5040681892189286,0.3635930405665937,0.5064026199080138,0.3628034026081492,0.5052298705048077,AMASYA,SULUOVA,46928,0.061
54988432B84973807429467,0.0880263048506031,0.10944127630779424,6.885118452178597,0.0836904713987944,0.10577013260586104,0.05494208513046565,0.07513603901857818,0.022822354672454834,0.037181609990000405,0.08476479699141082,0.10674438688517111,0.08335375692500108,0.105458747805885,0.08551911485464252,0.10740819783093097,ANKARA,ÇUBUK,101437,0.298
54988432B85224967015288,0.3342573902078941,0.3420699064901213,15.468047924274995,0.3309187235696879,0.33916849545831873,0.2743792162054928,0.2885685681043291,0.20289962436679124,0.22364457423778838,0.3305929667917295,0.33888202664950157,0.3312670658408371,0.3394745684451229,0.3318731414559946,0.3400063545837918,ESKİŞEHİR,ALPU,9725,-0.401
54988432B85329501367983,0.014730635476851592,0.024273416188344,1.9281397841992802,0.014693876408920998,0.02421284390984474,0.013859440503302017,0.02283784484402601,0.012503448056136943,0.02060341517057354,0.014665976405571306,0.024166869763377844,0.014704377426929942,0.02423014768339429,0.014690002569112204,0.024206460524275695,DİYARBAKIR,DİCLE,35948,-1.122
54988432B85338768534815,0.5593840823655689,0.8034301976737215,60.592679737231784,0.5553630800507747,0.7985834614846611,0.4722337025976841,0.6932057572495873,0.34607190986249803,0.5239293235018714,0.5501395164626007,0.7922322311035269,0.556892305186669,0.8004318717273212,0.5535251458284224,0.7963553639863469,AFYONKARAHİSAR,DİNAR,46878,-0.132
54988432B85449040916206,0.000734002054665825,0.0012095022909229714,0.09478423986304886,0.0007321524583403657,0.0012064544915623221,0.0006936918970036083,0.001143078460458199,0.0006398235984018741,0.0010543132721964532,0.0007301946408775774,0.0012032283633908831,0.0007327814898810433,0.0012074910214802917,0.0007316045135217117,0.0012055515778589495,ŞIRNAK,GÜÇLÜKONAK,12562,-0.959
54988432B85482798443397,0.055866414344396986,0.07840670024585607,5.571033366437824,0.055093960943240504,0.07776216458886294,0.050425321606007406,0.07258240343895613,0.045627380572358205,0.06656124905874242,0.05481302120428208,0.07749771392503742,0.05521049216294408,0.07786807235258297,0.05506067189237617,0.07773145195382362,KİLİS,MERKEZ,135430,0.193
54988432B85515105263219,0.3083318928562378,0.39701155280219225,21.41769687311028,0.29942554077329253,0.3903079774025718,0.25728583716519465,0.35275929841322406,0.21716674390794777,0.310567741027174,0.29712252825048197,0.38845004676707695,0.30071815493860726,0.3913172994594783,0.29957118943010863,0.3903954411069717,KAYSERİ,SARIOĞLAN,13510,-0.613
54988432B85612149706662,0.05359758102662602,0.08831909478665938,7.7326189846958115,0.053227176374941836,0.08770873508543961,0.046116334508513795,0.07599135708470453,0.036799626939952285,0.060639112392194945,0.052953896854032345,0.08725841998822528,0.05332207214529287,0.08786510610771249,0.05318953536832186,0.08764670953190047,GAZİANTEP,NURDAĞI,38269,-0.45
54988432B85758697491434,0.16526337028979884,0.1866376747903042,11.113866829212776,0.16433433348348228,0.1856894873082763,0.15317407756264137,0.17284175932983678,0.13730628204910536,0.15482700865792232,0.16386109852941766,0.18516917302817915,0.16452593224617762,0.18589593614763458,0.16428022469039363,0.18562977109547887,ADANA,CEYHAN,156081,0.103
54988432B85980099192103,0.3746777570048906,0.39098222356764484,20.053350071501118,0.3704990095949147,0.38748904884633606,0.2946251752388882,0.32275827557081055,0.19334868792017312,0.22956280121813524,0.36529854925913463,0.3832207227135529,0.3720534259541086,0.3887700172458075,0.3686651734174083,0.38599247367610884,AFYONKARAHİSAR,HOCALAR,8220,-0.772
54988432B86025337203985,0.16721182989931851,0.15213608301133416,5.394442982710235,0.16181994570661734,0.14818068380319913,0.13922073680134514,0.13065907836416002,0.12140623555572175,0.1160923553049265,0.16026788433088884,0.14702297900725256,0.16265484393314017,0.14880006155125244,0.161747855201644,0.14812708994602464,TUNCELİ,PERTEK,10569,-0.465
54988432B86036130950643,0.04517516356268372,0.07444047802667535,5.01026891021855,0.04443175322778908,0.07321547259592046,0.04144182034777262,0.0682886053683726,0.03895750620399967,0.06419490613529114,0.044020051397485174,0.07253706263267252,0.04459410608591524,0.07348300066698406,0.044263628448383295,0.07293843344519926,SİVAS,GÖLOVA,2998,-0.594
54988432B86037969006851,0.33846247289327447,0.44440473303677963,29.968005144595033,0.33517922825754876,0.4411064486784119,0.3034432453997259,0.4043766386487996,0.2628393849298201,0.35554343456542425,0.33401705870038795,0.43985087707694287,0.3357345505538086,0.44169667779420546,0.3352229624686865,0.4411531620853193,AKSARAY,MERKEZ,327575,0.96
54988432B86248275111612,0.7531042849958985,1.0401194456433323,78.5651589967954,0.7461059409584307,1.034302235097509,0.6783321290545405,0.9662598248436349,0.5799360049799719,0.8507483933363441,0.7408957984454416,1.0295587004553528,0.747874195931891,1.035854617001576,0.7442773169815349,1.0326424660820999,SAMSUN,LADİK,15942,-0.26
54988432B86259306109163,0.6904635105403815,1.1131815500098956,93.1619334328292,0.6863810758718273,1.108298557263122,0.6274216313690175,1.0185843464213493,0.5292918572631846,0.8625410732400914,0.6820202616934653,1.1022208322888005,0.6876444141341562,1.109966533489512,0.6846476006037686,1.1059264578912336,DENİZLİ,TAVAS,40104,-0.165
54988432B86310086710434,0.13685924056584403,0.17958733531969626,10.080410706049491,0.1360492634115084,0.1788392697051525,0.1274868469110661,0.16935584595901018,0.11623692536008622,0.15634401004787304,0.13550101605423387,0.1782777524217983,0.13624896766763248,0.17903714043661362,0.13588759758331484,0.17867604015165303,VAN,TUŞBA,167758,-0.19
54988432B86380728470389,0.3030273109277928,0.4754038652321506,35.358768256120726,0.3020999800656615,0.47414542214973165,0.2841176204967535,0.4482563849449784,0.25808660520682875,0.4100122777197707,0.3011793724071425,0.47293243457217504,0.3024177438718167,0.47457808777867905,0.3018388187049354,0.473832493959896,BAYBURT,AYDINTEPE,5982,-0.598
54988432B86465154282957,0.015392336185937864,0.025363778972014375,2.1099999867267925,0.015354621265129384,0.025301631621295305,0.014565619063732469,0.02400149906162922,0.013454237883154228,0.02217014440062621,0.015327723284820191,0.025257308627104253,0.015364119944289314,0.02531728372217383,0.01535170661679266,0.025296828809343905,KİLİS,ELBEYLİ,5273,-0.835
54988432B86482877826828,0.5618158531914925,0.5960303301166252,29.6443703228712,0.557784140503595,0.592621943895896,0.5009960288344001,0.5410269075901845,0.4268101778977231,0.4718302474970956,0.5536104087697106,0.5889915076985496,0.5590485187792622,0.5937135342687134,0.5562562001705635,0.5913141636955667,GİRESUN,PİRAZİZ,15109,-0.168
54988432B86685660972424,0.061779740089272714,0.10180180926689734,8.588284216387931,0.0615635010244044,0.10144548649820385,0.05714357048416889,0.09416224242531204,0.05105468865454008,0.08412886925519443,0.061335548149215526,0.10106986149414449,0.06163689909535012,0.1015664332099928,0.06149964067615838,0.10134025622396725,VAN,ÇALDIRAN,50170,-1.22
54988432B8670840315207,0.06222178218777947,0.09407929364774414,6.956052540073473,0.061425598089577114,0.09328569177371164,0.05512711692438935,0.08498650737828436,0.04785845263307446,0.07457515474029931,0.06108014260637382,0.09289047148394014,0.061563466665240964,0.09343769284261581,0.06137318429071158,0.0932272566729936,HATAY,DÖRTYOL,132987,0.323
54988432B86746221394106,0.4096022370368377,0.46804859900593,25.145027388718827,0.4024155850686995,0.46232149737729844,0.3507627702169771,0.4139985904127886,0.2932412369053641,0.356585727793225,0.3994289555730678,0.45976268868495584,0.40361930711104893,0.4633311141155693,0.4019548998463906,0.4619314900384528,HATAY,BELEN,37876,0.064
54988432B86802398359191,0.09948981540719014,0.1639411754961436,13.471000603330094,0.09884061711237062,0.1628714144241463,0.0863474144173149,0.14228488175086326,0.06998623825448676,0.1153246301748041,0.09869250251633187,0.16262734842720633,0.09891359995511641,0.16299167691515434,0.09898671540446026,0.16311215791779066,AKSARAY,AĞAÇÖREN,7480,-0.563
54988432B86910929123877,0.04473147727546224,0.07370936347810667,6.35010158805214,0.044585834267695204,0.07346937021047015,0.04161390917213781,0.06857217654639432,0.037505392549571505,0.06180208614174082,0.04445176670205495,0.07324845117250618,0.044631774335515836,0.07354507111201536,0.04455498865359693,0.07341854223161147,BATMAN,KOZLUK,58781,-0.885
54988432B86957506981644,1.0409480710321728,1.434734132940137,110.47728744976833,1.0389468968864812,1.4330926875085412,0.9928470048548494,1.3874294714635096,0.9099020221185788,1.2908974862636,1.0361012090961317,1.4306889511226943,1.0397485903183925,1.433755277109642,1.037872754497971,1.432201094490372,RİZE,İKİZDERE,6287,-0.5
54988432B870340746196,0.4427608053553291,0.5740257192342031,35.237654760705595,0.4371285315613567,0.5679290190783363,0.35059832261384216,0.46311081038324514,0.21259024565676593,0.287367262848567,0.4389619967005126,0.569994338010278,0.43651121045306274,0.5672274583632969,0.44010844447604786,0.5712658508427911,ANKARA,PURSAKLAR,168881,0.447
54988432B8708369070409,0.3693010396479704,0.2725850634401755,4.778415946590117,0.36645825337755983,0.27050523529063436,0.31202742570470865,0.23066037150074525,0.24131138113557074,0.17886676226596662,0.3633997001306997,0.26826724947403546,0.3674838307697204,0.2712556052493139,0.3655585147920849,0.26984690896795904,KÜTAHYA,ÇAVDARHİSAR,5503,-0.562
54988432B87097212821795,0.23394475787519903,0.27064623112040226,14.045390578798887,0.23351532247426807,0.270020324172607,0.22041328959105436,0.2551441903652514,0.19629551163231548,0.2298517317873848,0.23320594367784056,0.2696115454495381,0.2336403278056926,0.27019230378900977,0.23348662539871212,0.26998387204095375,NEVŞEHİR,GÜLŞEHİR,21173,-0.385
54988432B87156479266793,0.29431765806753235,0.4849821324462545,35.33067591143117,0.2938186414868923,0.4841598436070665,0.2831286412499469,0.4665446616135514,0.2677288578329804,0.4411686109551938,0.2934959156432384,0.4836280499359751,0.29395941268242437,0.4843918090115362,0.2938019141251099,0.4841322799479893,TUNCELİ,PÜLÜMÜR,3580,-0.492
54988432B8720609877048,0.2559510233009092,0.3774835688361818,25.327589595685303,0.2529279535178047,0.37484715299762134,0.23281682339084547,0.3511762672097665,0.21077412610957966,0.3220867779894869,0.2530013530730426,0.3749183519262808,0.25303661904293373,0.37495248872666104,0.2536956594687197,0.3755781434233143,KIRKLARELİ,PINARHİSAR,17694,0.002
54988432B8721285077518,0.1588191082900017,0.21607403233065806,15.206359060844557,0.15755060818686129,0.21481903417713755,0.14514551952817958,0.19996291024781596,0.12868610458780938,0.17957561295550556,0.1569532473018588,0.21416269876810903,0.1577844117982077,0.21506929384269083,0.1574633416234415,0.2147250338123672,OSMANİYE,MERKEZ,284895,0.515
54988432B87255554726822,0.13900238099750015,0.2290507188522342,18.188929754544777,0.1380487998643949,0.22747939005589055,0.12339016866483729,0.20332462386013148,0.10428420276273519,0.17184145650113875,0.13742257210377126,0.2264474802590459,0.13827598120675658,0.22785374371375133,0.13794842725978498,0.22731399420386292,ÇANKIRI,YAPRAKLI,7002,-0.893
54988432B87330314310527,0.16440442556437698,0.2005706934339719,12.918211033807705,0.16232278580455906,0.1988939139271912,0.14570636602212406,0.18286612002958028,0.12588054596917872,0.16183268936993514,0.16132530475826262,0.19803043368909592,0.16273231528657908,0.19923958477181425,0.16211661739648106,0.19871960707315936,YOZGAT,YERKÖY,33000,0.079
54988432B87370140672235,0.04657580571279292,0.03823651116662991,1.0523318269858752,0.04382880196247316,0.03623522026514529,0.03256692183019722,0.027778776582756022,0.023854383808931526,0.020997913261870244,0.04295391867019889,0.035589986366300744,0.044235887758938476,0.03653400504086105,0.04372222345115458,0.036155588958199036,ADANA,KARATAŞ,24005,-0.564
54988432B87552585727000,0.253355649566873,0.24873436377516472,6.771078359776743,0.24818761525487698,0.2449148995767808,0.21218160312253764,0.2171334993930311,0.1742999632142697,0.18722701836988953,0.24518936112449852,0.24265641606203303,0.24940498374279088,0.24582509917896786,0.24723436922731234,0.24419917664542043,KÜTAHYA,HİSARCIK,10799,-0.514
54988432B87659764102191,0.1320111200589091,0.18365128942963488,13.131217163124232,0.13125243185647073,0.18291329982943824,0.12135427127940247,0.17137165725863807,0.10760371662143041,0.15424608544433724,0.13080735198820825,0.182451735168894,0.13142370644709275,0.18308698877437818,0.13117358912193539,0.1828394286804855,KIRŞEHİR,ÇİÇEKDAĞI,13350,-0.697
54988432B87892506897385,0.19100091191681523,0.2573930684606267,18.87232300694721,0.18508589850986687,0.2510532193051581,0.11761544897975171,0.1663744857599015,0.04208048095936327,0.06857385510340117,0.18693423660246544,0.2531784489401036,0.18447310276501278,0.2503380301891126,0.18811593904710786,0.2545013947428766,ANKARA,BEYPAZARI,48359,0.269
54988432B88005070896558,0.5184853115865273,0.6353195353588793,35.395661618594374,0.5112722618080808,0.628147868508735,0.4049580073260482,0.5100392361193663,0.17245160508954752,0.2684772856574308,0.512732266782846,0.6296812690182286,0.5110252593589932,0.6278880965959004,0.5143668276682952,0.6313778379249328,İSTANBUL,MALTEPE,525044,2.685
54988432B88117784045273,0.001708621025088785,0.0028154976284159184,0.2080792723659873,0.0017051101204003626,0.0028097122941149223,0.0016313619600130354,0.002688188698407228,0.0015269751098080315,0.002516178097534091,0.0017026863301074014,0.0028057183272133064,0.0017061128251143068,0.002811364569665005,0.001704889847384054,0.002809349324125724,BİNGÖL,ADAKLI,7491,-1.097
54988432B88177358385570,0.04946976628936891,0.08035619823357754,5.316146255313847,0.04925316453225862,0.08006626704244861,0.04630040689129976,0.07546861478240614,0.042425578809024936,0.06928456840370333,0.04906750496269893,0.07979146556386854,0.04931393780650134,0.08015364566954915,0.049195005127786774,0.07998087252157371,ORDU,KORGAN,26428,-0.704
54988432B88316498186109,1.2706530734290813,1.993508569904672,166.1434356042777,1.2658775552557897,1.9870959194478006,1.1116935784158584,1.7607506786620788,0.5761775476378139,0.9468910176144872,1.2675885427173916,1.9894541035531395,1.2652890375711194,1.9862808408149721,1.2686412286622764,1.9908977545585778,ANKARA,BALA,20109,-0.611
54988432B8852789210155,0.5660975259390025,0.7334997511452126,43.24291051085867,0.5595487342302734,0.7274593218114153,0.49013765800433046,0.6522671273010925,0.3947468683015288,0.5443873839642585,0.5544624138103031,0.7223052397736495,0.5616867108958588,0.7295506243525178,0.5577716242769415,0.7256811177867415,ANTALYA,KONYAALTI,199414,2.465
54988432B88681826210305,0.6357611998634614,1.0251586567683553,80.5547961721286,0.6334246887383455,1.0228174825718397,0.6019493388273035,0.9770773023309747,0.5378845387907366,0.8761885643678474,0.6327392914394755,1.0220219363508272,0.6337443985767934,1.023176309971705,0.6335374226127127,1.0229473805370197,DÜZCE,ÇİLİMLİ,19022,-0.196
54988432B88727338828677,1.361160818638131,2.147649060833655,174.87852849754756,1.3511946719464603,2.138390863897893,1.258846948559608,2.014875383669987,1.1162514575590132,1.8013964880746003,1.346746921443458,2.1335206004721488,1.3529673926243764,2.140239466625356,1.3504562581668023,2.1376037648044233,ÇANKIRI,KURŞUNLU,9130,-0.173
54988432B8876383914528,0.2529308095266095,0.3380102128808475,19.910801625779577,0.25016852865431466,0.3358483410655279,0.22570165417113353,0.31252259978349534,0.19302747104028167,0.276381720084817,0.24928914508512218,0.3351199276515425,0.2506410658123035,0.33623360071903974,0.2502344173659995,0.3359023347405868,KAYSERİ,YAHYALI,35207,-0.395
54988432B88783696627318,0.08539167798424385,0.07951222215916463,2.8499762129401125,0.08512384422262048,0.07929148797842145,0.079943681574406,0.07497453306315907,0.07279495519024519,0.06898680897828093,0.08478821180817292,0.07901353396585267,0.08522409174127715,0.07937432918352849,0.08500608504291855,0.0791941376276894,SİNOP,GERZE,30701,-0.106
54988432B88821463332228,0.39975497116050274,0.5699544523336615,40.4335055490363,0.3957430569503202,0.565507005285942,0.3232973679466119,0.47494179013162763,0.19742892116184876,0.3061630293401221,0.3961674365254124,0.5660014724208721,0.39579835729054375,0.5655709336776921,0.3973086023072047,0.5673159291324096,KOCAELİ,DERİNCE,147892,0.68
54988432B88890114136269,0.18030005279874045,0.25378033772463715,19.237675344019813,0.17628102034735652,0.2500425091428457,0.1499398365994194,0.21817624726088744,0.12242984641460268,0.1814991961736073,0.17354213269420574,0.24712689403915206,0.1772644865801169,0.25103307439452105,0.1752040765085718,0.24892030297439224,SİVAS,ZARA,21340,-0.4
54988432B8890840155709,0.19326703179260604,0.2603399253041518,17.850415389630257,0.18928504520758235,0.25593262132445377,0.1543899092817895,0.21335727093202655,0.11533260796410436,0.16422079214737018,0.18636143662598043,0.2525182023984815,0.19054969509609246,0.2573785825561056,0.18825134264454507,0.25473469618964145,ANTALYA,FİNİKE,52436,0.315
54988432B88923492741350,0.2119620013655287,0.3092460500173196,19.160450477164407,0.2063037411803872,0.3037955033773249,0.1617114606326941,0.24638712266832302,0.11167830035632857,0.17612447452163096,0.20693910589878936,0.3044666263467827,0.20628778493773994,0.3037847905614025,0.20819344032111167,0.3057909366167571,KOCAELİ,KANDIRA,54260,-0.235
54988432B88971047069977,0.8973810580178174,1.1717455384439592,78.35518931897089,0.8824027533949368,1.1588006564583084,0.7317585097724887,1.001218593855223,0.5344786661936317,0.7707717147447838,0.8719089183429287,1.1488675917577484,0.8861966132141302,1.1622811159736508,0.8791178277974722,1.1557328437184855,BALIKESİR,BURHANİYE,68370,0.586
54988432B8910528917269,0.5101886458140685,0.6756512898101716,44.10536100920984,0.5000387441183719,0.6665352645221821,0.39212419314152513,0.5469352959322356,0.2269160274616408,0.3465171405324394,0.5008873097395734,0.6673578160638585,0.5001566839415291,0.6666499918629418,0.5033209538804941,0.6696774363871266,KOCAELİ,İZMİT,381254,2.023
54988432B89158159538815,0.43340886292561626,0.3705064037543681,10.853255709577363,0.4243628922798528,0.36381374124539023,0.3607760133847518,0.31493738380059094,0.29312738372601876,0.26186189782923425,0.4210874034918798,0.3613523106410116,0.425863431942876,0.36493632744070076,0.4241404225155031,0.36364686557079273,ELAZIĞ,SİVRİCE,8070,-0.647
54988432B89273666554884,0.42030050656858453,0.3126557893725092,5.27125206915585,0.41465754328616367,0.3085478849629321,0.37810656634462636,0.2815876115651575,0.31610285880171046,0.23596597257909244,0.41233761781882367,0.3068466803248823,0.4157422987455089,0.3093411789010412,0.41411875237766577,0.3081527867862581,ISPARTA,EĞİRDİR,29200,-0.087
54988432B893295612098,0.431493898409587,0.6381699023801879,49.0385939132902,0.4233619067537501,0.6306033234277059,0.32864857980661266,0.5044867659001706,0.1686219819769815,0.2681118366508273,0.4255523699805569,0.632849365266863,0.42265368955396254,0.6298558513890326,0.42702607170736223,0.6342946061106216,ANKARA,POLATLI,131894,0.581
54988432B89494188716886,0.20712936014858546,0.2975790771637523,18.282318764501127,0.20675536954505278,0.2970563257735171,0.19806470802940346,0.28545317596664055,0.18480571587847067,0.26825119466691644,0.20634801403706488,0.2964940898725755,0.2068841850140792,0.29723536039119547,0.20664224594943484,0.2968996608830443,ŞIRNAK,MERKEZ,105697,-0.333
54988432B89533170865064,0.2143849790908778,0.28461792888826926,17.654023095754237,0.2130076677843948,0.2832585775326126,0.19526515363652158,0.26288376800042085,0.17165898697283852,0.235085822520796,0.21186472390269215,0.2820133199672653,0.21341952424469676,0.2836937920306776,0.21264083932339836,0.2828635719010542,ZONGULDAK,EREĞLİ,173884,0.612
54988432B89555629027377,0.5590544308816343,0.6063679216061078,33.499435705746485,0.5440426219039852,0.5933260227349982,0.36041866265602474,0.4143491807920424,0.09384353859614235,0.14919281626895994,0.5482656166287343,0.5971852122216206,0.5426603881036415,0.5920473264760792,0.5510600617233412,0.5996923903489094,ANKARA,HAYMANA,25798,-0.578
54988432B89638439219394,0.5089612807324715,0.6361355832660023,36.01322805909063,0.5021989661984109,0.6292210698546469,0.3894952056094825,0.5049879229722208,0.17967673687556002,0.2776893709348042,0.5036656048324792,0.6307828902631282,0.5019468762366738,0.6289516414849359,0.505267644494115,0.6324711829674694,İSTANBUL,KADIKÖY,458573,4.91
54988432B89653427211969,0.1507836468273259,0.11318756968408425,1.8769866176582852,0.14346263409680954,0.10788974280048637,0.11413356815689088,0.08662425867915827,0.09209506687573384,0.070606428540266,0.14136418975795914,0.10637039721708309,0.14444003535581015,0.10859729293896228,0.14335107114806786,0.10780897636574416,ADIYAMAN,SAMSAT,6834,-0.84
54988432B8973824492298,0.0003027649739411698,0.0004989017772706358,0.036331796872940365,0.00030223458048443756,0.0004980277850291561,0.0002908902594484763,0.0004793344010055818,0.0002745743020905955,0.00045244866182063783,0.0003019167363169455,0.0004975040354751945,0.0003023791494175784,0.0004982660084165685,0.00030223262261976937,0.0004980245588231988,HAKKARİ,DERECİK,24869,-1.135
54988432B89770527018948,0.6389551105467296,0.8326310056853464,59.185724874665134,0.628318093511345,0.8239671348009469,0.5295600005828346,0.7270475704420681,0.39121708240259256,0.5669332043132584,0.6201171694410984,0.816842912539561,0.6311612638282118,0.8263670125925626,0.6252488644248827,0.8213327312858091,AFYONKARAHİSAR,İSCEHİSAR,25220,-0.392
54988432B89902778138642,0.18827807299918523,0.27505019721740537,19.901485631639662,0.18687116943881385,0.2736831894833619,0.17345182080613614,0.2566892589842829,0.15715995105857386,0.2346706864020568,0.1860335745753026,0.2727399311974747,0.18719654975135933,0.27403328415091965,0.18665287267313935,0.2734424110555707,BİTLİS,TATVAN,105045,-0.128
54988432B89911278235882,0.08973429124279718,0.12405956374694159,8.053101879617111,0.08804789790761104,0.12264391913676913,0.07817708041638517,0.1118324904412168,0.06827592890851866,0.09960962642413658,0.08696208881213287,0.12160966526735606,0.08844830729573394,0.1230051700408371,0.0876169197288643,0.12224204740790671,TOKAT,TURHAL,77707,0.037
54988432B9007948244439,1.0661296491810919,0.9806374831567887,40.52992623696287,1.0617140567766044,0.9764304827317616,0.9358376417977795,0.8647526829692771,0.7010060347970283,0.6636393477213745,1.0620107264404588,0.9767104527080119,1.0619216677595529,0.9766271836226976,1.06356200354961,0.978183139039072,SAKARYA,TARAKLI,7064,-0.437
54988432B90144731477668,0.041961701739402404,0.06914527563269596,5.382221655772485,0.04186016734990263,0.06897796536983389,0.039734896605180745,0.06547590455374665,0.0367404480403523,0.060541596296449056,0.04175254261895094,0.06880061932860881,0.04189471916644135,0.06903490049827593,0.04183006601216709,0.0689283638234628,ŞIRNAK,İDİL,76548,-0.842
54988432B90296339099195,0.7832039686233986,0.7620623062636458,19.102036651215034,0.7573825982281763,0.7431092883623751,0.6201786071701799,0.6390983411111438,0.4934751554649504,0.540650577046646,0.7364513230566276,0.7275299791952158,0.7652928025531842,0.7489522936880265,0.7472745804417018,0.7356052517437314,ÇANAKKALE,ECEABAT,8746,0.058
54988432B9057851226548,0.028274553040557288,0.046591336441076804,1.8027531828315493,0.02825578403831315,0.04656040852872517,0.027841681132260727,0.045878042028026075,0.027226016879692252,0.04486353897699583,0.028243677522759743,0.0465404591863441,0.028260420379122166,0.04656804837767976,0.028255214749937817,0.04655947044471058,ADIYAMAN,KAHTA,136769,-0.512
54988432B9062232449039,0.4461704523337491,0.5274297180751654,29.324506478444764,0.44099117727471865,0.5229077594637129,0.3841502335293427,0.4667016886244992,0.30836173072943107,0.3889743473174433,0.4368954630480521,0.519060784155312,0.44235519415269536,0.5241577495976172,0.4395858283165874,0.5216006052751188,SAMSUN,ATAKUM,261809,1.734
54988432B9070985819609,0.36696968027401544,0.5154088267749702,31.7567886444772,0.3627431727557527,0.5112374359267258,0.32477866934232114,0.4639195139946285,0.26855539388900473,0.3929964096966236,0.3598950091848465,0.5080337723797104,0.36384094533327105,0.5124147560007573,0.3617828652480551,0.5101776793727347,AYDIN,EFELER,310241,1.518
54988432B90803924076576,0.23298120531832972,0.3839107803353607,33.97285009717943,0.232385130834943,0.38292855767176714,0.21874562109097667,0.3604531188395092,0.1934666797676663,0.31879800732000335,0.23166830163926821,0.3817473531385404,0.23263489255905506,0.3833401197042958,0.23215525049382918,0.38254975655336715,BURDUR,AĞLASUN,7347,-0.476
54988432B90807122868998,0.01737624027760494,0.02863289317760777,2.221322765542799,0.017296900219395107,0.028502155148256544,0.01571332149084906,0.025892704550866414,0.013419013809122785,0.022112101513735282,0.0172150894446135,0.02836734582600529,0.017323937447761475,0.028546707597996226,0.01727432697464468,0.028464958534070457,MERSİN,AYDINCIK,11271,-0.186
54988432B90947496422305,0.18839619448713527,0.209586497586829,10.712758912567532,0.18670076669399807,0.20809333809450142,0.16366215122964847,0.18609122376447576,0.13465052389346172,0.15771879849181653,0.18527030046334428,0.20677248900663167,0.18721253114955547,0.20855905888578388,0.18626976298472134,0.2076980898531489,KÜTAHYA,TAVŞANLI,100882,0.309
54988432B91005720032741,0.7098623228743894,0.8361158106523957,45.66477725361711,0.7003800315273063,0.8278684492199272,0.6018774259861168,0.730143051282536,0.4652241186839836,0.5906286877540626,0.6932866599546627,0.8211659008740201,0.7033831870681645,0.8306212702006787,0.6978993762206356,0.8255491060697403,ANTALYA,DÖŞEMEALTI,97121,1.216
54988432B91142232694102,0.7422915639006152,0.9792445295599653,66.05924798439905,0.7351516533971968,0.9726132112732914,0.6471029119457294,0.879066590339903,0.51209329596893,0.7229858183752341,0.7290464756929343,0.9665896847204115,0.7372567333546702,0.9746418392004611,0.7329608402779821,0.97047420904631,EDİRNE,KEŞAN,85259,0.623
54988432B91196125429368,0.05828333826389695,0.07727416846166213,5.574072946468244,0.057890352146132,0.07679373535465416,0.05030074583068801,0.06744133397008026,0.04035883578555435,0.05510578053941321,0.057646833183727465,0.07649552066516974,0.05798863135144798,0.07691399856205655,0.05788076041499329,0.07678199031449565,ŞANLIURFA,SURUÇ,98022,-0.91
54988432B9128675861083,0.3507970356946901,0.5256718088705129,37.15102621426442,0.3496044153248303,0.5242916785846662,0.33220863114215393,0.50072807306173,0.30880444768342313,0.46812156870267596,0.3485744197361424,0.5230194164741382,0.3500206831363475,0.5248000442295463,0.34928267911682037,0.5239197279423897,ARDAHAN,MERKEZ,42136,0.088
54988432B91293750640231,0.19975163938609317,0.29150692941998774,23.08079488882588,0.19894354008993442,0.2907292743141591,0.17620760153821466,0.2631221952651749,0.1332841085275133,0.20446200959122646,0.19834282803241501,0.29012720655843305,0.1991510552050498,0.2909329962627822,0.19887474500116675,0.29066198134874077,KONYA,CİHANBEYLİ,49126,-0.159
54988432B91546860150128,0.11832790390008066,0.12898636553778026,6.89866008685434,0.11411068343699332,0.1258309707406046,0.09519516560567709,0.10983690657108967,0.07902169476341546,0.094567418803884,0.11249507570747642,0.12457275771085977,0.11482859187372872,0.12638183685949433,0.11375876207245342,0.12555904750969177,YOZGAT,ŞEFAATLİ,14008,-0.362
54988432B91560004091691,0.0628625329879434,0.10358605562317436,7.525745272035688,0.06269083282135841,0.10330312488269981,0.059220642939671116,0.09758488120046738,0.054011102610868236,0.08900050337442525,0.06250151422208958,0.10299116215987855,0.06275303379535173,0.10340562080905906,0.06263128976409162,0.103205008721151,KARABÜK,OVACIK,3986,-0.776
54988432B91646102966816,0.47449662205922255,0.6815696707509316,47.64219857920633,0.46411330705886594,0.6718842236761201,0.3655463400146675,0.5565179663391087,0.2375502410308856,0.38548840734535095,0.45821855029375325,0.6656548029363661,0.4663916813190705,0.6742051565438842,0.4626496581920762,0.6702822075750913,İZMİR,SELÇUK,38578,0.69
54988432B91709779235115,0.36192171251800276,0.4441769808586666,24.685542619579614,0.36051689458611574,0.44256627676717714,0.327674263156664,0.4090892149887144,0.2745212211292034,0.35493974237793124,0.3597878419550056,0.44177627049229123,0.3608656914560993,0.44294882069940583,0.36056035235720835,0.4426097823915971,KAYSERİ,İNCESU,29780,-0.295
54988432B91755987711190,0.04157526294496083,0.06850849457165194,4.987239311007179,0.04149833249965493,0.06838172714743597,0.0398603323242591,0.06568259987377259,0.03751159729765241,0.061812310441483234,0.04144010783860937,0.06828578346379752,0.041525038879595355,0.06842573441896183,0.04149035727009354,0.06836858541525169,KARS,ARPAÇAY,13770,-0.943
54988432B91769619824833,1.0708744276689997,1.2382047699427194,77.03554971639274,1.0637252446564724,1.2307383083649617,0.9055548846139937,1.0654775961492888,0.67371277074559,0.8177256876543386,1.0633189593854901,1.2303319532843255,1.0643475667128997,1.2313806171815607,1.0661250540985108,1.2332559320130683,ESKİŞEHİR,GÜNYÜZÜ,5008,-0.541
54988432B9177912033932,0.0712246619024932,0.11649257728506143,8.304948723166422,0.07080270200560974,0.11582899923200561,0.06037029203618317,0.09888935541527379,0.043508082278947986,0.07136678178889179,0.07035560655730691,0.11511305907447636,0.07094919221288955,0.11606232707870688,0.07067747297366693,0.11562948865450298,İZMİR,BEYDAĞ,11904,-0.481
54988432B9192246794602,0.007691171303454168,0.012673655682944991,0.9819560623576475,0.007476523938158953,0.012319955746528131,0.006424879394603538,0.010587036231410404,0.005487061555558118,0.009041682485350007,0.007348143642480914,0.012108408298200276,0.007525361878459921,0.012400431816455313,0.007424873335855241,0.012234844919634964,SİVAS,DOĞANŞAR,2770,-0.625
54988432B91961372611243,0.050711649229059616,0.08356360248467505,5.993997054980086,0.050417754441043926,0.08307931716539603,0.04485199881202516,0.07390796111642632,0.03735892589056279,0.06156073564620915,0.05022088847030141,0.0827549177429363,0.050490395187685166,0.08319901594405536,0.05039952629009576,0.08304928047790863,KONYA,EMİRGAZİ,7647,-0.733
54988432B91991689904144,0.17646410102224833,0.21890162006091562,13.801062296498865,0.1753646229186248,0.21786332523712368,0.15356254580680523,0.1962120760120996,0.12249115299503763,0.1630187209608731,0.1753377111217961,0.2178417766716777,0.17545880213955922,0.21795030342122054,0.17574888405481742,0.2182268314746814,TEKİRDAĞ,SARAY,51468,0.125
54988432B92019352916706,0.08699464075370844,0.14137310143665244,11.749193223534947,0.08675784202200694,0.14101681243445663,0.08189696766503743,0.13329316058798635,0.07423099396269678,0.12098448806325045,0.0864487919220418,0.14053430699916297,0.08684398101653079,0.14114983975726905,0.08664524845874556,0.14084169004288685,GİRESUN,YAĞLIDERE,14688,-0.576
54988432B92026614951064,0.5335558528173064,0.6831557138759772,48.21066289285516,0.5286026746083305,0.6779406939160736,0.43191946023195305,0.5709845361792956,0.29559884406421977,0.4103299318534809,0.5222205417081132,0.6711620365496892,0.5304815513335623,0.6799243689607533,0.5263477694927408,0.6755512215087818,AFYONKARAHİSAR,EVCİLER,7038,-0.525
54988432B9206806134552,0.6383650161305513,0.5326755647840646,15.997099114983076,0.627053343145235,0.5243269719858262,0.5519967030823439,0.46654173597058957,0.4729891983559494,0.4044562349700673,0.6184482676021552,0.5178458540852638,0.6303943423121432,0.5268192428343081,0.6233790722644565,0.5215691038615352,ARTVİN,ARDANUÇ,10889,-0.454
54988432B92152901818020,0.33154652452278216,0.4024534818282519,22.762364797736478,0.3298787711992952,0.400772876548531,0.3030601512669764,0.3718706987618314,0.2672149259862665,0.33281090907358163,0.3278074408147954,0.39859047953551463,0.33049385194995073,0.4014104518847872,0.32907564030373554,0.3999315240889709,RİZE,KALKANDERE,13350,-0.453
54988432B92223927432104,0.18685324971964748,0.30790027380128826,23.87998400783493,0.18560880305081642,0.30584965134415104,0.16179216779614464,0.2666041550686437,0.13076377037032802,0.21547498242991087,0.18410080407465185,0.3033647424739559,0.1861587144851315,0.30675580567353045,0.18510623611165344,0.3050215121578969,ANTALYA,ELMALI,41550,-0.15
54988432B92272966578930,0.17734511703093356,0.25475175955711604,18.453038926358765,0.17539334804695556,0.25279227247157376,0.15710784800376862,0.2290384450149585,0.13432845839354987,0.19816546392777665,0.17432375763033808,0.2515426136162957,0.17588178016520004,0.2533368228598207,0.17514186508310475,0.25250451550324876,ERZURUM,AZİZİYE,71827,0.062
54988432B92286094750173,0.1699287123131743,0.2799635880816001,19.074180040189113,0.16958198975933964,0.2793935273497144,0.16231936501293157,0.26743384666065606,0.1520380277683555,0.25049987998013157,0.1691218672450422,0.27863618951397995,0.16971721659831412,0.2796160286132298,0.16942041614074704,0.2791276294264877,GÜMÜŞHANE,KELKİT,38520,-0.429
54988432B92573303470858,0.26366201304695375,0.3390795223879379,22.573428519256694,0.26203138864266956,0.337052104577746,0.23141239066154326,0.2981389617574383,0.18179985292093437,0.23850384609315559,0.2605254953355146,0.33510913692023314,0.26254046465516295,0.33770365025355426,0.26161247349232514,0.3365132331859234,MERSİN,ERDEMLİ,157566,0.331
54988432B92605767261652,0.03343165878103548,0.05477276330634694,3.866354368511242,0.03322762118795795,0.05443689937444842,0.03044240405749119,0.049874642133274985,0.02684074678855299,0.04399565544522661,0.03311595624136694,0.05425331493989736,0.033272296916615866,0.054510386841871525,0.03321531075932956,0.0544166539329551,ADANA,İMAMOĞLU,27196,-0.434
54988432B92706545600609,0.21318551029964966,0.2563411097547134,14.043343007806968,0.21039798529704634,0.2539841304371462,0.1869229739407422,0.23034188720125864,0.15889748500884845,0.2007641111117009,0.20808023281811683,0.25181942261637763,0.2111429795954715,0.2546526277233843,0.20944347504672622,0.2531055726819728,AMASYA,MERKEZ,151433,0.651
54988432B92712728908494,0.257885589598898,0.35096889689155913,21.116070591206014,0.25588368588667226,0.34908376011594744,0.23379973527148676,0.32398855723877845,0.2062387629343298,0.29107528213728895,0.25434316247510513,0.3474648941294071,0.2564548231392572,0.34966226991445754,0.2553833919641693,0.3485656041299596,ZONGULDAK,MERKEZ,115279,1.189
54988432B92775377874874,0.27431840224630016,0.450711180530514,33.311230890523476,0.2735876342795839,0.44951472347198657,0.2585091529058419,0.42481972007200824,0.2370859289317501,0.3897195585875689,0.2727099171342149,0.4480775636765551,0.27386929922222314,0.4499758818091534,0.2733019449564303,0.4490469251527147,KARABÜK,EFLANİ,8663,-0.658
54988432B92870291656697,0.1748271611561737,0.25696247932021343,18.550304980991893,0.1719550799483094,0.2545951927486997,0.15383081829436623,0.23419122586071736,0.13121928228967122,0.2040276620412926,0.17187056627767935,0.2544919158946752,0.17211100081061345,0.25474152626886715,0.17254546243342048,0.25509766022551644,TEKİRDAĞ,HAYRABOLU,29706,-0.182
54988432B9289353120970,0.08272858557682645,0.13632170801694007,10.35961975028666,0.08249226198408453,0.13593228958819922,0.07692645235771892,0.12676084456139317,0.06740573928572348,0.111072435791146,0.08230980191032335,0.13563162847177143,0.0825573216449255,0.13603949611212326,0.08246346785043722,0.13588484207713275,KARABÜK,ESKİPAZAR,12570,-0.383
54988432B93214958535035,0.06834922100331468,0.09919050110621211,6.871723993396126,0.06638876209637379,0.09716211900145427,0.0533398372846446,0.08046825179861121,0.03964225310832531,0.06150341289538925,0.0656266604926689,0.09629242413998013,0.06669898699227199,0.09750651048723301,0.06629063312088258,0.09705163456734021,KONYA,ÇUMRA,68803,-0.233
54988432B93266011015625,0.49036097548082747,0.49836374798561023,21.34803604529538,0.4843204564894724,0.4936982660367546,0.43595163719135893,0.4524749492799345,0.3811235575673144,0.4039689788434813,0.47989899955387155,0.4901048171921268,0.48591114774786326,0.49496455006583007,0.482649491132244,0.4923504951877469,GÜMÜŞHANE,TORUL,9779,-0.368
54988432B93269367761582,0.295514918855431,0.4479295717904205,35.497122873123644,0.2941560897579585,0.44620354475944984,0.2637981127493362,0.40506305465619435,0.21084023943556798,0.32878975931314347,0.29336824435932274,0.44520256796817526,0.294487991251142,0.44662228150423067,0.2941302706148051,0.44616898256660176,NİĞDE,BOR,62594,0.116
54988432B93270610822610,0.06711871462272898,0.11059947119215549,6.186028619340673,0.06699548607821809,0.11039641289559403,0.06451436018628455,0.1063079673234244,0.06084919371862259,0.10026843758223115,0.06691829846775052,0.11026922170982292,0.06702655838009697,0.11044761441481032,0.0669906274503499,0.1103884067578728,ELAZIĞ,BASKİL,13397,-0.714
54988432B93290960432341,0.13120574420879055,0.2140384640439641,16.71184531947403,0.13078271341114586,0.2134632399234388,0.12413676311061039,0.2030005452716113,0.11456113408001184,0.1875889897596705,0.13030220071824283,0.21274028431803033,0.1309322230871954,0.2136810934435855,0.13060323050224243,0.21319608718424393,ERZİNCAN,ÜZÜMLÜ,13960,-0.63
54988432B93447432062077,0.27238152281570877,0.41808065407099354,31.05744586605524,0.2713646742291872,0.41652312706019146,0.25182588075783185,0.38720795534155783,0.22426482283428129,0.3462265364045639,0.2716149497336071,0.416908204666755,0.2713022928291825,0.4164261307356976,0.2718870995757109,0.41732220523701924,KIRIKKALE,MERKEZ,192821,0.726
54988432B93570541264630,0.3140308949598309,0.4555662556880438,31.534846309451204,0.31300053189151134,0.4539393186778267,0.2883484577007884,0.41889139629837613,0.2416245665524417,0.3561926571529738,0.31306401250301386,0.4540384644071045,0.3130431627571155,0.4540057916406498,0.3133925000996317,0.45455324852516776,SAKARYA,KARAPÜRÇEK,13734,-0.453
54988432B93591493775599,0.24444126694104504,0.321569380706096,21.377314323350856,0.24338142614852398,0.3203559611085339,0.2221257994809453,0.29561987354882446,0.19293972056499767,0.2610728400019745,0.24216960523819983,0.3189616446134764,0.24378056316053684,0.3208140435633782,0.2430044171543191,0.31992225625526777,ZONGULDAK,GÖKÇEBEY,21070,-0.17
54988432B93613395519692,0.07071670720821989,0.11652831055604031,8.486875481106953,0.07024166732142026,0.11574553096065417,0.06102365021878598,0.10055591026064227,0.048908861797768904,0.08059293569384983,0.06990217915526181,0.11518611602155451,0.07036158821351732,0.11594313884580777,0.07020153436765549,0.11567939913008034,KONYA,TAŞKENT,5669,-0.71
54988432B93760304684016,0.20941308755109525,0.34507479581595696,31.288530715186457,0.20830819617869523,0.3432541351820474,0.1864066765362397,0.3071644021712798,0.15707544016989974,0.25883184321564734,0.20731615623350838,0.341619433237055,0.20870421524832353,0.34390670279942637,0.2080881335198788,0.34289151182385214,ERZURUM,TORTUM,12881,-0.592
54988432B93817562876661,0.1538312078350956,0.25348593659823543,18.570783708488015,0.15325032458065935,0.25252874632535627,0.1414551216053456,0.23309239062327508,0.1252006826122369,0.20630802254847003,0.15246365290014427,0.2512324540415146,0.15347248206026098,0.25289482156835563,0.15296704682982118,0.25206195595817915,SİVAS,HAFİK,8950,-0.742
54988432B93840376788897,0.998922150493859,0.9904035627259569,40.575458212832736,0.9923510236807026,0.9836565916707689,0.8893859152836304,0.8673085273034895,0.16848382489915914,0.27333491776020835,0.9937348724664768,0.9851595594582904,0.9921136238533171,0.9833970907900963,0.9952574204014509,0.9867878658721692,İSTANBUL,EYÜPSULTAN,425216,1.839
54988432B93890673668777,0.18654127458539002,0.24054698698280505,16.23700967468274,0.1856950774481049,0.23958718357677145,0.16867560825738803,0.220000771079851,0.14532136769654982,0.19266357180086188,0.18472691562498814,0.23848604446012578,0.1860140886856917,0.23994937389450094,0.1853945936218487,0.23924577504824182,ZONGULDAK,DEVREK,56900,-0.038
54988432B94080378973677,0.4450033676431722,0.3992724613772088,14.645828051099135,0.44065678526987057,0.39575574591015283,0.35951516523342236,0.32934270025192103,0.25592380900947737,0.24342114997189215,0.4402056211997691,0.3953902046523373,0.4411376512512601,0.39614526525612637,0.44196947986060137,0.396818852982422,ESKİŞEHİR,BEYLİKOVA,5611,-0.424
54988432B94200918295696,0.4723764777745012,0.5568508326307289,33.54040294460771,0.46232004583411784,0.548171181126741,0.3614290714212049,0.44683252109970995,0.2405841849057282,0.3166913569751126,0.45389980250730516,0.5403189845601095,0.46516009172359785,0.5507435360059617,0.4591987008523637,0.5452929427372013,AFYONKARAHİSAR,BOLVADİN,45906,-0.045
54988432B94235279152789,0.44284206675802307,0.6647360565209798,51.134614372043075,0.44012475330421774,0.6621600590929717,0.4056673079538938,0.6188151971870427,0.3500843833268772,0.5412307064607214,0.43731596335259026,0.659089638834221,0.44093262920214166,0.6629918842242853,0.4389564355056479,0.6609103528352374,ÇORUM,OSMANCIK,42673,-0.194
54988432B9428918047476,0.37765295994951137,0.5463703511701969,39.28180934674919,0.37627275881186184,0.5450328774418962,0.3474064610473294,0.5131596223917395,0.2948612952372065,0.44611842288013165,0.3763538493856764,0.5451110916503892,0.3763342892696931,0.5450935028340572,0.3768143673840277,0.5455622861479882,SAKARYA,GEYVE,51708,-0.043
54988432B94361787420306,0.06447252407200921,0.10623902899315993,8.598893973345218,0.06407936318011778,0.10559117113442343,0.05695759410274434,0.09385578707146026,0.04733444865647143,0.0779985883222672,0.06377619852432491,0.10509161075393472,0.06418032304137389,0.10575753467891802,0.06402321395774564,0.10549864739738353,KAHRAMANMARAŞ,TÜRKOĞLU,81055,-0.477
54988432B94555839005307,0.7109008946307539,1.171435768073635,96.44806591445588,0.7033035849935199,1.1589167793968669,0.6212330061529535,1.0236793471662007,0.5220930114088331,0.8603146126904948,0.6964813444870168,1.1476749641057644,0.705502790153619,1.162540670723112,0.700728412537684,1.1546733621406668,SİVAS,İMRANLI,6788,-0.587
54988432B94612974297738,0.12596135648988124,0.15900544891634072,8.91673644054383,0.12404822445271618,0.15725932833059214,0.08796111321232748,0.12100280034556174,0.04090299345650384,0.06737604653902793,0.1224338422130237,0.1557630668334084,0.12461575850515082,0.15778066543414232,0.12370651206732255,0.156943777499195,İZMİR,BAYINDIR,39971,-0.304
54988432B94698647501880,0.4458175197236248,0.5772105619217062,40.253548077478925,0.44213126099405936,0.5738878788658259,0.40336912503549055,0.530982707498306,0.348183389221026,0.46613715400229777,0.43878546144738517,0.5705021588436853,0.4431659523749346,0.5748885614934237,0.4407749443440914,0.5725382725167439,AMASYA,MERZİFON,77077,0.547
54988432B94777693463903,0.3310562979563094,0.4237722630451542,27.700799960037365,0.3223239729434019,0.4163143429676975,0.267879179445129,0.3543246681643084,0.20932167865022908,0.2786266293570121,0.319006542235695,0.41307415277008513,0.32369058376660986,0.4176044750245542,0.32188089403715636,0.41587953392331733,KONYA,HÜYÜK,14878,-0.506
54988432B94880790490903,0.0758013489671767,0.08846828889579748,4.767438665616112,0.07523268654135447,0.08793895008923096,0.06651115689933845,0.07921728779661455,0.055314899542711425,0.0677928504277711,0.07471364379071302,0.0874346044007482,0.07541408635309332,0.08811297370995665,0.07507768961218778,0.08778913283932085,KÜTAHYA,SİMAV,60886,-0.027
54988432B94897839100366,0.301600505050822,0.2664812295908298,7.291443190324847,0.2939164193600029,0.26011030616861613,0.23565253809978268,0.21370480372492076,0.1650513172954945,0.15795059315657614,0.2890068176145624,0.25610542574150197,0.29613987874325154,0.26193911360926253,0.29215490412504186,0.2586685673406324,ANTALYA,DEMRE,28075,0.18
54988432B95082960881175,0.9083400415648748,1.4967796809642027,130.6508747161368,0.9077716972230927,1.4958431525457212,0.8963542919055252,1.4770293388782907,0.87219243611156,1.437214981752197,0.9070265042908668,1.4946152097177994,0.9079923026548073,1.4962066702952324,0.9074979546746056,1.4953920744630185,ERZİNCAN,REFAHİYE,10954,-0.391
54988432B95140172364371,0.02025599976329398,0.02897695264340188,2.324142053876006,0.020080947814627752,0.0287426276690015,0.01677976599736987,0.024288401612806036,0.012542577929635213,0.018534079047117357,0.019845752200092725,0.028417062234498035,0.020147375793370007,0.02883243775675938,0.01999519255515941,0.028621196097785302,DENİZLİ,BEKİLLİ,6243,-0.231
54988432B95156445816279,0.3147066367435615,0.44610836602097814,29.758588390510777,0.3120710822356476,0.44347838310950055,0.282667944235973,0.4079632575098059,0.24485509185385743,0.3596641585488465,0.30955984512500334,0.44067209961953613,0.3128651512413184,0.4443293998421725,0.31108211101894384,0.4423894635381441,TRABZON,YOMRA,51660,0.48
54988432B95277821649488,0.1582881052071379,0.242574206207803,17.11578549540472,0.15766365012526337,0.24174797209432614,0.1471076634475763,0.22624672781134123,0.13144283756605843,0.20337413977871072,0.15726927932449064,0.2411799511453903,0.15780542348440404,0.24194901487713794,0.15760656972553153,0.2416664163355857,HATAY,İSKENDERUN,228149,1.056
54988432B95310559341669,0.24587935555018267,0.27989278426983294,14.461379333655303,0.24557665317519,0.2793985752700629,0.23782066011030742,0.2683674017420476,0.2205341537202148,0.2481157113073068,0.2453513389443591,0.2790363933716976,0.24565517739446796,0.2795258946171893,0.24554581202981374,0.27934872941668326,OSMANİYE,DÜZİÇİ,88274,-0.269
54988432B95455201540726,0.44853112274217916,0.6244982772843959,43.95666608506289,0.4428325517254629,0.6192284625319592,0.3895880949472842,0.5569081091714808,0.31936174692318375,0.46795511562491016,0.44272060077322883,0.6191144445343473,0.4431726019422134,0.6195736649150172,0.4442309141647094,0.620632382905144,TEKİRDAĞ,SÜLEYMANPAŞA,226582,1.314
54988432B95500955332095,0.09229996221611739,0.13519922843666693,8.793963653524553,0.09092936684890612,0.13398648530957388,0.08152307246672824,0.12266969314896518,0.07138137374938862,0.10909537777436731,0.09036857643535927,0.1334132063202081,0.09115656874849115,0.1342092818300739,0.09084260432064799,0.13389983461838342,HATAY,KIRIKHAN,108200,-0.206
54988432B95701093255845,0.15592941158281332,0.19694083521139621,13.04181177397264,0.1525238867118305,0.19413267303267234,0.1319240986485122,0.1732331035204574,0.11090962570951787,0.14967701458685587,0.15120428738029218,0.19294825793688022,0.15306912139191906,0.1946106167146409,0.15231987538402056,0.19395386660894898,HATAY,ERZİN,43103,-0.24
54988432B95842578753435,0.3838417339819188,0.47457948811204836,27.25369429591621,0.3794679786844611,0.470253030799974,0.3207145612523914,0.40620786402802456,0.23517000159375523,0.312748274495593,0.37714515396931114,0.4678050057842211,0.38033717758252933,0.471156351466378,0.37918474118925,0.4699568588509804,KONYA,MERAM,349685,1.053
54988432B95867498741596,0.08677453514236545,0.07034616821019381,1.9592771348739682,0.08505351645262094,0.06903626103411775,0.055509894918208305,0.04628436445901486,0.02012984537607707,0.018606883532667387,0.08351011455415633,0.0678604067460619,0.08557671166834835,0.06943445377810574,0.0846843747125773,0.06875518690724304,MANİSA,GÖRDES,25456,-0.362
54988432B95928924596257,0.150751697229764,0.23253720832058317,13.70990688332887,0.14974780614960986,0.23142081695101913,0.1393349770201406,0.21704828963042605,0.12614546972631052,0.19814003857549992,0.1488465641856092,0.2302724564730126,0.15003799178930868,0.2317723863321505,0.14939203069098808,0.23097587979703152,TRABZON,ŞALPAZARI,10575,-0.527
54988432B95992453735660,0.16947908198436096,0.2455818970028644,16.567058378735442,0.16700949181420388,0.24344329280356514,0.15078179496664146,0.22442632131604992,0.13345247241928318,0.2016632378357861,0.16533501312760152,0.24175332886614345,0.16761311655259922,0.24401510271652124,0.16635090291195292,0.24279471678866882,TOKAT,ALMUS,28135,-0.626
54988432B96002875694716,0.050329206559322916,0.08293340631253515,6.021735406975515,0.050238655079583534,0.0827841938934485,0.0483120937278165,0.0796095701253628,0.04554625135207603,0.0750519634149661,0.05015490247623951,0.08264618478983438,0.05026740013924713,0.08283156053948829,0.05021962452462054,0.08275283498964305,SİİRT,KURTALAN,60674,-0.746
54988432B96055728964295,0.08722289696109298,0.13428143976340698,9.91738496714192,0.08706021312818232,0.13405072571786128,0.08359111824322758,0.12909250838923145,0.07851912004971875,0.1217721659320911,0.0869097910637484,0.13383710592482767,0.08711188752777729,0.13412405430418547,0.08702603443058056,0.13400220732230303,SİİRT,TİLLO,4090,-1.092
54988432B96253439504552,0.08767851270771775,0.14447829036798063,12.192653841724734,0.08734008524821378,0.14392062328111174,0.08048215075713676,0.13261999077575215,0.07110702160876055,0.11717147791317951,0.08678325234589745,0.14300306362752263,0.08748574259519189,0.14416064017716795,0.08711240351757678,0.1435454450741077,KASTAMONU,PINARBAŞI,5782,-0.63
54988432B96395317243392,0.00010061931070777442,0.00016580237894231833,0.00807590217079412,9.76522216638718e-05,0.0001609131542144578,8.57471333385723e-05,0.00014129572738089702,7.679089777372487e-05,0.00012653747518682028,9.600724278020904e-05,0.00015820252729500605,9.830057796535393e-05,0.00016198152783411196,9.698061028969403e-05,0.00015980646045179824,ERZİNCAN,İLİÇ,8543,-0.301
54988432B96423732732859,0.4915774225374999,0.8100304555629715,71.41021301767145,0.48960286930673125,0.8067767498805656,0.4447993372771092,0.732948653233152,0.37206136763571296,0.613089668698827,0.4863265306640394,0.801377937889529,0.49053136866788444,0.8083067484647611,0.48826008572751295,0.8045640860263509,BURDUR,ÇAVDIR,12539,-0.448
54988432B96595900966368,0.11251739036421489,0.18540825676046777,13.567455319778661,0.11199243376098152,0.18454322346769994,0.10449116342902072,0.17218249015140186,0.09457264182470441,0.1558385650537381,0.11158242209819139,0.1838675985940399,0.11212787808808708,0.1847664111589133,0.11188288684002734,0.18436271000589774,KARAMAN,KAZIMKARABEKİR,4679,0.022
54988432B96614579404360,0.13001657538307632,0.10104789297855728,2.4220372013700535,0.12488478155614421,0.09730625463978258,0.10384004529928577,0.0814868546888389,0.08766261913518655,0.06897327184107462,0.12208570629478498,0.09522781397102534,0.12602585546061834,0.09814485409391309,0.12377214460240758,0.09647829940575466,SİNOP,TÜRKELİ,16298,-0.194
54988432B96920408348513,0.614527380982215,0.718319877597414,40.38140934064963,0.6076848817722614,0.7127079685832746,0.5535578924595129,0.6604670544187716,0.4919939351293504,0.5975352684000649,0.6020034367355481,0.707621651675566,0.609802591023212,0.7145313838499436,0.6052934772014935,0.7105954882764092,ARTVİN,KEMALPAŞA,9263,-0.432
54988432B96933409073399,1.335254201941145,1.528243100792845,84.42875276406761,1.3104303552266088,1.5076821078699778,1.1058094235422111,1.3086125663240817,0.8159313557346892,1.0132457715365921,1.2944800938704017,1.4934881596623577,1.3166941416645292,1.5130996885375252,1.3050529447624666,1.5029778354770775,AYDIN,KUŞADASI,141431,1.495
54988432B96952912352901,0.17764251758711108,0.17514583345091045,7.610506763639227,0.1753983109604228,0.173215197674784,0.1348941178148722,0.13774260300986507,0.08436918493500568,0.09269428624075447,0.17300911002971153,0.17115484446912574,0.1761675402403572,0.17387732218053256,0.1746857022077505,0.172602543421475,BALIKESİR,SINDIRGI,31482,-0.477
54988432B97004073269629,0.12181824201630001,0.15890247384750086,9.225356043851848,0.12093100572471804,0.15808822213696647,0.11309221061507845,0.14963698939828737,0.10199316461989714,0.13728864317027284,0.12051361963153528,0.15767086387164694,0.12110854243732605,0.15826116940517757,0.12084840986105709,0.1580067131139629,MARDİN,KIZILTEPE,275217,-0.201
54988432B9710176470958,0.35849325398792115,0.49784872319334544,33.589237646703765,0.3542388359738388,0.49345994508869506,0.2979182318738356,0.42690727609376145,0.22603424842877137,0.3377577144611584,0.35064236116434344,0.4894392652684049,0.3554672028596945,0.4948009561072803,0.3531414386367698,0.492246514855685,BALIKESİR,BANDIRMA,169476,1.072
54988432B97142079698078,0.4299007982056039,0.5654250725482719,38.901992089334954,0.42504664430768,0.561016942736505,0.38044516666681727,0.511431153006472,0.326860378741877,0.44786030426439455,0.4199345344558595,0.5557982041014097,0.4265936180214657,0.5625172038066055,0.42271254713376577,0.5586762382526801,KASTAMONU,MERKEZ,158953,0.892
54988432B97259494958593,0.7523041156605966,0.8340694403002807,42.28479042372854,0.7445974788046957,0.8271654746319324,0.6844155305426644,0.7594982674951769,0.6131217372465211,0.6724207685078479,0.7383679279923362,0.820863672967255,0.7466293245713517,0.8291206955681284,0.7420121443408317,0.8245974614883115,DENİZLİ,HONAZ,34468,0.636
54988432B97290216608091,1.076444753972915,1.7672467437848853,143.60130034971263,1.0740679572565686,1.7633832732730634,1.0140244408748167,1.6649323183942664,0.8915695021696568,1.4637180096589695,1.070553224590586,1.7576398129334074,1.074977313730238,1.7648666883114357,1.0727271782965875,1.7611936076338546,DENİZLİ,SERİNHİSAR,14661,-0.064
54988432B9750170463020,0.7472934616333337,1.0231210605931105,64.72263794421856,0.74061237584251,1.0168685381407674,0.6679572380713593,0.9346207332177145,0.5735311089194219,0.8220105113623345,0.7327152168799598,1.0085222286137696,0.7430902137889951,1.0193541587328678,0.7370174496568658,1.0131263964777835,ÇANAKKALE,MERKEZ,208613,1.846
54988432B97522403673638,0.23262669542254716,0.28552750377939073,14.317830433329263,0.23038802838591194,0.2835308778132954,0.20727950351549496,0.25951814367148796,0.17600875821650158,0.22695279074258076,0.22789266851655296,0.28105004922971333,0.23118954437899153,0.284291231226413,0.22924560378294506,0.28241030462258776,ÇANAKKALE,BİGA,94526,0.426
54988432B97580121786260,0.25774644687181203,0.31937151339239156,19.54094618269928,0.2541699027464135,0.31637637685359543,0.22726474537774902,0.2888616356221768,0.19647894529138227,0.25510603891041533,0.2515917707570219,0.31397840864466225,0.25507476329332196,0.31718307417669545,0.2531665855690568,0.315458187368195,TOKAT,MERKEZ,201969,1.015
54988432B97639118870532,0.045226716448534474,0.07452542783457275,5.501497760453123,0.04513808216953737,0.07437937461466712,0.04325518646384651,0.07127670391350815,0.040564852040197476,0.06684352061644792,0.04504248220755998,0.07422184321228371,0.045169567661634394,0.07443125699643989,0.04511090346469172,0.07433458903734325,AĞRI,TAŞLIÇAY,17431,-1.124
54988432B97717565208806,1.0247831580044129,1.5760803158913623,129.03251875952546,1.018904617571105,1.5664612944765843,0.8373172429937511,1.2829890768892203,0.4345391409061784,0.6593993491091323,1.0212172436566684,1.5702306900506546,1.0180882035131715,1.5651345250121118,1.0225553380595556,1.5724199592475114,ANKARA,ŞEREFLİKOÇHİSAR,32831,0.115
54988432B97750786537608,0.21584221598522912,0.3067390217219526,21.20598492773975,0.21259002901666813,0.3039638919999275,0.1919646548188012,0.2803125540385479,0.17037201630520937,0.25248345518759246,0.21106338743285816,0.302478169019697,0.21322573191247823,0.30455626551520854,0.21220925912672595,0.30360433965087497,BATMAN,GERCÜŞ,18894,-0.962
54988432B97753800028148,0.14888267815553985,0.2453316569935987,12.731396962193564,0.14871642823363893,0.2450577072680812,0.1450845504221725,0.23907303119613094,0.1397481637858337,0.23027963365606402,0.14849333909046017,0.24469009681244352,0.14878155666443282,0.2451650271124178,0.1486383747845235,0.24492908933721932,GÜMÜŞHANE,ŞİRAN,18377,-0.515
54988432B97910607288533,0.24304620723442336,0.36085445573836367,25.552904786822833,0.24194352916254241,0.3594892005897753,0.2202839997387417,0.3319215888580762,0.18618877214626126,0.2859374656350089,0.24198328403516742,0.35952912355444444,0.24199890071274874,0.3595591314150899,0.24235355493332592,0.35998511772878494,SAKARYA,HENDEK,93990,0.328
54988432B97960602645981,0.5695709085562398,0.6915423318640759,38.01448847597748,0.5620013260217264,0.6838333503234619,0.4371117942741979,0.5470229471958147,0.17662248863583419,0.2794238295783648,0.5636105392036452,0.6855563036480924,0.5617247726209705,0.6835356093208134,0.5653746157594443,0.6874198663870843,İSTANBUL,BAYRAMPAŞA,272978,2.266
54988432B97969826728737,0.18690287300517772,0.24571510785029982,14.149656856611532,0.1855474495248382,0.24442821690245534,0.17084339688699202,0.22798848315262038,0.15153530550713878,0.20581975798003818,0.18458287179589516,0.24341438660366738,0.1858821921175176,0.2447690316574448,0.18524722599679935,0.24411679936038494,ORDU,FATSA,129844,0.363
54988432B98025236452990,4.179526181560723,3.3361209370761955,64.61679473022535,4.177600346882441,3.333521710444389,4.147433770998832,3.2875453276755127,4.10319035287159,3.218413464679216,4.176103381725417,3.3313206547762064,4.17816440128113,3.3343309201140543,4.177231884839329,3.3329753096083095,ISPARTA,GÖNEN,7065,-0.034
54988432B98169837554418,0.003933496042651698,0.0064816882250958935,0.4653761523029088,0.00391378756080099,0.006449212220706644,0.0036019295339609833,0.005935326741084338,0.003182860783323029,0.005244777428955237,0.0039020628063369425,0.0064298919513768385,0.003918400700892527,0.006456813839085769,0.003912524369800788,0.006447130710990281,ADANA,FEKE,15586,-0.954
54988432B98216013465603,0.05509267289342798,0.08997988300550466,5.844874434288401,0.054879615229675036,0.08967211366424051,0.05175376026818798,0.08470024297107044,0.04759603297170132,0.07798740533276573,0.05469290657497639,0.08938481114445189,0.054940589882125836,0.08976428159910863,0.05482292034682606,0.08958550400604229,ORDU,ÇATALPINAR,12888,-0.854
54988432B98307515925592,0.03319382746236093,0.054697408685737116,3.7366412885688893,0.03311971821444872,0.05457529008326369,0.031589952693931854,0.05205451389486121,0.029437404517222,0.048507504817021554,0.033070558050070996,0.054494283046486305,0.033138121499581716,0.05460561536013095,0.033116105508617925,0.054569336999139496,KAHRAMANMARAŞ,ÇAĞLAYANCERİT,22440,-0.84
54988432B98311610120765,0.11169215568210994,0.18395439474519143,14.562637255565889,0.11125050898288914,0.18323317283554844,0.10181225913973325,0.16770677558447214,0.08721281736693734,0.1436691381345177,0.11124521988495771,0.18322589716190318,0.11128040113230792,0.1832817044606047,0.11140958943315851,0.18349506745598568,SAKARYA,KOCAALİ,24966,-0.253
54988432B98497297447828,0.17452126744669005,0.2875794031498374,19.23722858441432,0.17416968300174862,0.2870000557366982,0.16679668070764275,0.27485068488819087,0.15638305983282444,0.25769092596812865,0.1737396850964336,0.2862914971594235,0.17430277178756254,0.28721936192298836,0.17402925195524796,0.28676865083615366,BAYBURT,DEMİRÖZÜ,8139,-0.724
54988432B98585505562385,0.45669110133302865,0.5332523717602028,28.76879475375111,0.4502714245439807,0.5274444709946761,0.3758489461832329,0.451982185733085,0.26939142720828263,0.34275381159610446,0.4471367267410202,0.5244128934389353,0.45146866064711344,0.5285839280446527,0.44988470712826756,0.5270738628820313,KONYA,SELÇUKLU,703449,2.562
54988432B98751035289582,0.2940753034244472,0.39634131997000893,25.87241944316543,0.2918595442427743,0.3942344296987192,0.26642857018985583,0.36524873798135526,0.23422527639123933,0.32671750911641123,0.2901634667572485,0.39242993167291623,0.29243550759094356,0.3948252393079076,0.2913279974636677,0.39367261712164664,ORDU,ALTINORDU,239714,1.121
54988432B98936853989480,0.5556156257340368,0.5781319714810006,27.992726787086156,0.5391870576956126,0.5638302860323056,0.3229425041784835,0.3635549646531508,0.07708835961804067,0.12307946080256563,0.5283102699893836,0.5540042847674371,0.5432101515490152,0.5674324092461492,0.5368350110225983,0.5617143912296639,İZMİR,URLA,82021,1.768
54988432B98947703445317,1.0097822301179042,1.3378173646998703,84.68897971014647,0.9927169997946012,1.3234025001029714,0.8358285630200913,1.158408491234583,0.6298762246992272,0.9127817550085879,0.9815497621872094,1.3130565297211443,0.9968426060200671,1.3270963905639332,0.9891964171899548,1.320193914216729,BALIKESİR,GÖMEÇ,19020,0.062
54988432B99023740963316,0.00010655146741063387,0.00017557749752218277,0.008563602859465613,0.00010644538004633148,0.0001754026847824281,0.00010411967789979311,0.00017157034935998396,0.00010068945841359243,0.00016591796964175924,0.0001063770489747085,0.00017529008756673388,0.00010647159135482208,0.00017544587626597497,0.00010644218117447848,0.0001753974136216595,GAZİANTEP,ARABAN,32540,-0.736
54988432B99037585062650,0.3732176841745865,0.4570589757543029,29.52242249725499,0.3643534768075946,0.45014754856110545,0.3198037005555924,0.40752076584213714,0.2790563807841442,0.3634657577129112,0.3584313151747105,0.44509480195427586,0.3668020262548522,0.4521454475820079,0.3617671568115556,0.4479766632682407,ARTVİN,YUSUFELİ,17564,-0.29
54988432B9927108056692,0.6577154462631999,0.5450696839575765,12.98202250687628,0.6528233117900328,0.5411849175869772,0.561543576324971,0.47070560877726303,0.4425156318891317,0.37837343728979267,0.6476326776179908,0.5371248002511072,0.654564961575001,0.542548141641595,0.6512805388276367,0.5399644903838102,KÜTAHYA,DUMLUPINAR,2812,-0.226
54988432B9941685819623,0.009123395149915963,0.015033700879546944,1.1804165758035738,0.009109496107510284,0.015010797777948743,0.008806841289022553,0.014512077516891105,0.008349710731123514,0.013758809248069282,0.0090966079186578,0.014989560379710092,0.009113916185138633,0.015018081264396176,0.009106570365886881,0.01500597668627242,SİİRT,ŞİRVAN,18773,-1.277
54988432B99449067758267,0.2519602546817666,0.30488733647260313,16.861738423758673,0.25054074675669175,0.3029753964883873,0.21687200323100206,0.2623690188516816,0.16358445578741523,0.2022482701449026,0.25067177073095487,0.3031576111443523,0.2505820421992947,0.30302862859111296,0.25112593268387373,0.3037733227076901,SAKARYA,KAYNARCA,25440,-0.351
54988432B99760089985669,1.0890830750444163,0.9437147465749314,30.408549252275062,1.06964194006326,0.9288812174119537,0.8538481341685782,0.7573813350095712,0.6008239630722075,0.5535435072394939,1.0681361904725897,0.9277111109306053,1.0712755930488105,0.9301490264768927,1.074189357753289,0.9324052703603488,ESKİŞEHİR,MAHMUDİYE,7407,-0.351
54988432B99817490386194,0.15132628539437723,0.24935827862865037,21.298049555371875,0.15053338607700464,0.24805172432851283,0.1350522378907694,0.22254159928411585,0.11432834503841202,0.18839238168665243,0.15010138444701843,0.24733986397631164,0.15072338533626883,0.24836480865558372,0.1505507124836406,0.24808027510488526,AKSARAY,ORTAKÖY,31089,-0.212
