shapeID,ENERJIK_NOM,ENERJIK_K1,ENERJIK_K1g,ENERJIK_NOM3,ENERJIK_K13,ENERJIK_NOM3p5,ENERJIK_K13p5,ENERJIK_NOM3p8,ENERJIK_K13p8,ENERJIK_NOM3Y25,ENERJIK_K13Y25,ENERJIK_NOM3KIS,ENERJIK_K13KIS,ENERJIK_NOM3Y26,ENERJIK_K13Y26,il_ad,ilce_ad,nufus,sege_skor
54988432B10253984912437,0.11245063995582828,0.13345260181920646,9.053424289579699,0.10557061186678633,0.1277084392798292,0.06658933268110283,0.08584586441838907,0.03034804800786501,0.04290542746633929,0.10237420517705097,0.12469959845931572,0.10687002337056448,0.12888323655457795,0.10473868904233984,0.12694031785662963,MANİSA,DEMİRCİ,35629,-0.192
54988432B10287230279323,0.8447070238385058,1.0028803662840868,50.87384653483864,0.8380409264991641,0.996762125480708,0.7562957974258538,0.9147473099010084,0.6336233294813527,0.7923064533430508,0.8356591476635106,0.9944311741614433,0.8392775771424569,0.9979578057237938,0.8382152851876763,0.9969314408844496,KAYSERİ,HACILAR,13701,0.963
54988432B10558365680808,0.10006232457355026,0.16186566044552184,8.650038290304213,0.09788444716922441,0.15847794462418047,0.08879103481857785,0.14429777488394574,0.08088373873164803,0.13187107843944926,0.09667400996939603,0.15659469249623834,0.09836056741340261,0.15921860155425296,0.09739079164820864,0.15770995323580395,SİVAS,AKINCILAR,4641,-0.511
54988432B10626729870430,0.3200974810858735,0.36604767412636546,20.05814363398086,0.30539503191953965,0.35300749322087493,0.18872815158626294,0.23168563768065162,0.07515405908485083,0.10297825159227109,0.2977542514154567,0.3456499380061836,0.3084400521391565,0.3558690488389467,0.30368006739103176,0.3513757959988421,İZMİR,SEFERİHİSAR,63712,0.924
54988432B10630286252901,0.27566568432637745,0.361147608713927,22.46904837242952,0.27179959244274066,0.3578847281325336,0.2379810422540315,0.32405042635481446,0.19752844519967533,0.2799893726020443,0.2717361640968604,0.3578368513634157,0.2720241610818451,0.3580823389348836,0.27275215317195617,0.35873833594108473,TEKİRDAĞ,MURATLI,30410,0.193
54988432B10710239542127,0.0025583180657998117,0.004138001891237266,0.3199108276122279,0.002546235912772674,0.004122542659766942,0.0023750959374209324,0.0038583348764067342,0.002143307272913073,0.0034897390847411307,0.0025336577198475604,0.0041042804195096615,0.0025500864596622354,0.0041279131160051755,0.0025415834312149744,0.004115882576529372,TOKAT,YEŞİLYURT,8045,-0.729
54988432B10923405291908,0.19940071246354715,0.19843377288617373,8.619946988866985,0.19751827340533382,0.19696237237832473,0.1804655776999365,0.18230585525555676,0.16024747575049508,0.1643763674654562,0.19664698229795788,0.19624630271425678,0.19797253053806038,0.19732930811754007,0.19738959833383476,0.19685613706657762,KARS,SARIKAMIŞ,35518,-0.804
54988432B10954011235531,0.486725302603818,0.6066857890149322,34.053165246148836,0.4811386698766949,0.6006319737179862,0.37886528955475246,0.48479387188222395,0.16309208055179378,0.25745896168407056,0.4823514766037503,0.6020105638438122,0.4809292863476239,0.6003929146786048,0.4836689512139565,0.6034909533628824,İSTANBUL,ZEYTİNBURNU,275471,2.382
54988432B10964336547790,0.41997780482946556,0.407777731245213,17.534785405675787,0.41171873275402127,0.4008155896565659,0.2602181266834773,0.2719594994576422,0.06120191046104775,0.09626398585634915,0.41484436632431143,0.4034385375153663,0.4106397747801311,0.3999104719757393,0.4167031469940757,0.4050001736507817,ANKARA,AKYURT,46956,0.705
54988432B11094776022203,0.22961062016098843,0.37673342338287885,23.179470955412587,0.22912886482935788,0.3760583131179311,0.2201077113090503,0.361668028567987,0.2045968699056664,0.33646517998340575,0.2286353117483946,0.3753040110134919,0.22930873363663112,0.37632602330764053,0.22896804119514735,0.37581481426593716,BURDUR,KEMER,2727,-0.549
54988432B11123047057176,0.2011544896136613,0.3303047503466051,24.35988160337273,0.200357818193781,0.3290205756316684,0.1825676063082299,0.3000167027081849,0.15292513424156493,0.2515259803741813,0.1994535222283413,0.32755352700830986,0.20065025665970052,0.32949405096959017,0.20007331935185702,0.32855939394589273,AYDIN,YENİPAZAR,11596,-0.296
54988432B11153156770264,0.3063171949121786,0.3433062255479698,20.40437313347481,0.30399100421680353,0.3413144839793898,0.27622442940181224,0.31430506704985567,0.23769219065886457,0.2754977681763574,0.30186454769490617,0.339344773725612,0.30465486540915643,0.34191275046523917,0.3031847811044407,0.34057505814553496,GİRESUN,ESPİYE,39182,-0.178
54988432B11210263033857,0.5299914711546212,0.5976520661956717,25.37857855814032,0.5240683272413817,0.5927993744395587,0.4737743908573529,0.5458847158945027,0.4056047290385897,0.4818267599676885,0.5196107694632847,0.5888247184189511,0.525592421695558,0.5941135086785303,0.5222698734108442,0.5912152909542809,TRABZON,TONYA,13332,-0.469
54988432B11239792936467,0.516975242064016,0.8183598774754348,69.1118742298697,0.5155204282508151,0.8163252828622243,0.49350561801408394,0.7815347750324051,0.45306025684225437,0.7161705394627029,0.513792918626264,0.8136923217946112,0.5160110409657789,0.8170526404511946,0.5148452975693325,0.815304107110393,DENİZLİ,BOZKURT,11176,-0.311
54988432B11310133229622,0.06988703190361893,0.11516115609746873,9.693363698480285,0.06934397463444156,0.11426629618938386,0.05669130104125918,0.09341698439253611,0.036843616784715524,0.060711599679771674,0.068807656774901,0.11338254160633633,0.06951615751470508,0.11455002235447105,0.06920921017189954,0.11404422879169271,MANİSA,SARIGÖL,34786,-0.3
54988432B11333989170250,1.3409537295812035,1.1814671023744596,42.18259985367042,1.3394916637489167,1.179142811591406,1.3033300638340974,1.12786335354828,1.143050942503016,0.9779545593541298,1.337400184899384,1.175804523082405,1.3400514147200149,1.180035288774485,1.3386961668955883,1.1778742565279523,DENİZLİ,GÜNEY,9043,-0.457
54988432B11359051677875,0.12163221168229824,0.20042782951983076,16.09970405811472,0.12109555561811922,0.1995435176368651,0.11341380646290158,0.18688538794571413,0.10244115901555431,0.16880445460132618,0.12086003060170694,0.1991554151171112,0.12120304807230617,0.19972064570996742,0.12110347231153785,0.19955656291210036,AKSARAY,GÜZELYURT,10419,-0.755
54988432B11506112394599,0.0459113109702144,0.07565351547010692,5.508879841811207,0.04583089142357017,0.07552099863955736,0.04411084056794225,0.0726866667229619,0.04163698090772167,0.06861019458308355,0.04578269913641711,0.07544158648894288,0.04585281131204472,0.07555711864107263,0.04583059456744971,0.07552050947449919,HAKKARİ,ŞEMDİNLİ,43034,-0.633
54988432B11733036150032,0.28415195683177336,0.4682304940743068,40.46962281375271,0.2835169262099485,0.4671841080107644,0.2671082200306211,0.4401456525954641,0.23556266317691774,0.3881643827521558,0.28330651366415804,0.46683739063392443,0.28363882302137194,0.46738496892176207,0.2836235541773106,0.4673598088268037,KIRŞEHİR,BOZTEPE,5049,-0.584
54988432B11866351639272,0.18784994827971802,0.2719813964483026,17.917246001553977,0.1870583038772593,0.27097393655901997,0.17133283435625016,0.25070734720907056,0.15012122008591905,0.22307358626628754,0.18592083358593248,0.2695190835182386,0.18737493328009625,0.271378510267763,0.1866284718738463,0.2704242337140976,TRABZON,OF,43591,-0.06
54988432B11894887373653,0.11613941637259162,0.19137669884733458,14.498844277748981,0.11571339337176395,0.19067469019189354,0.10743287927791148,0.1770299044547551,0.09600182247984486,0.15819359562285848,0.11540626713859091,0.19016860185022735,0.11582190999609043,0.19085350591167494,0.11567262756593946,0.19060751553587915,OSMANİYE,HASANBEYLİ,4914,-0.58
54988432B11965473551698,0.09101828027104353,0.1391935721896505,10.764263550880987,0.08977673655181341,0.13768776479357772,0.07437757683688284,0.11506989927808199,0.055252002039206556,0.08642758128338544,0.08959413814516713,0.1375366602075284,0.08990731466555306,0.13782656660017772,0.09000484036606404,0.13806443319661202,BOLU,GÖYNÜK,14257,-0.441
54988432B12089273300588,0.3094258074109242,0.4035687407960395,18.88116228629766,0.3013140185255857,0.3965192205421817,0.22486326607766846,0.3196729615372775,0.1401615210394245,0.22953855916166188,0.3036491449243384,0.3986603903743459,0.3005543934200751,0.39581368505775427,0.30519157508442024,0.400044525461227,ANKARA,NALLIHAN,26083,-0.102
54988432B12282198097688,2.9141129372905668,3.1169494271031155,153.96807619756245,2.8388892464272177,3.0561822125221196,1.8853822044198574,2.1748017054120683,0.5149472424765855,0.8188887055692516,2.7949890202085585,3.018763748177227,2.8555697005360856,3.0701404907569727,2.82928529585862,3.0480736642865507,İZMİR,ÇEŞME,51902,1.998
54988432B12649673902080,0.08054052963680756,0.11993449446832277,9.572355333700912,0.0803707540943105,0.11969299516612611,0.07605566693195327,0.11367384921214367,0.0685918938159309,0.10321166249362622,0.08012641939925691,0.11934833106500026,0.08043618329460286,0.11978582715412837,0.08028313623673111,0.11956909945091782,GİRESUN,GÜCE,8194,-0.805
54988432B12652451571712,0.14574918055302372,0.24016301644998445,19.65920542464145,0.1444715462800101,0.23805781617900806,0.11025798074538982,0.18168192199175356,0.053733239443510494,0.0885415919427094,0.14329443453746699,0.2361182474433361,0.1448654057003774,0.23870679184500912,0.14422466393435082,0.2376510222834099,İZMİR,KINIK,28604,-0.297
54988432B12770771460380,0.6694734675239548,0.7936427218881127,48.259006224511644,0.6651351554667551,0.7901685744356615,0.5786330216039661,0.7146780032510426,0.44878306433139453,0.5844309650148701,0.6649395593568519,0.7900436910814819,0.6654798421356766,0.790434751556628,0.6666069010048639,0.7913723067083261,SAKARYA,PAMUKOVA,31536,-0.024
54988432B12859589940172,0.07130764731821365,0.11750207270328818,8.594254316586444,0.07112065547556591,0.11719394405347221,0.0672157730232166,0.11075940583674791,0.06172812091999154,0.10171675023592565,0.07092253574127055,0.11686747865601989,0.07118426379325167,0.11729875902704563,0.07106523214897412,0.11710261646105302,VAN,MURADİYE,41402,-1.112
54988432B12971115509737,0.26024311295925706,0.30338670490660147,14.037246036491089,0.2587490047811917,0.30189723714176064,0.22999364107338505,0.2731266944852502,0.1922496336178964,0.23510308921486006,0.25710152596167224,0.3002287471880688,0.25929101752871175,0.30243952875617086,0.2582498073915917,0.3013824382580922,KÜTAHYA,ALTINTAŞ,14739,-0.516
54988432B13012659541885,0.3174529019658502,0.5228661978462964,38.94987894600682,0.3168797747117748,0.5219323243052537,0.3048362403723657,0.5021289085430759,0.2875674098595742,0.47370461593034313,0.3165199190196934,0.5213423393458277,0.3170388499209548,0.5221928347046587,0.3168648918162762,0.5219079393474612,TUNCELİ,NAZIMİYE,3095,-0.744
54988432B13089930907673,0.1610515138330804,0.23918596805905834,15.819647739829795,0.1590555267475038,0.23739845729344275,0.1448808560311158,0.22004722631015217,0.1293242724984054,0.1989173395621733,0.1576494378498799,0.23591262933815524,0.15955415346521468,0.23789138887568065,0.15850615661557543,0.23683247139271985,TOKAT,NİKSAR,63594,-0.169
54988432B13153830049799,1.8065671507808665,1.5739871151281406,50.46972200896734,1.8018243028581735,1.5700554932806587,1.7718743961104562,1.5362387476617965,1.731333305127919,1.483267686390365,1.8006898221870833,1.5690421676426782,1.8023853000727998,1.5705487073896116,1.8020345826188429,1.5702586308330808,DÜZCE,GÜMÜŞOVA,17344,-0.134
54988432B13184104417142,0.08419188392676728,0.13873295836059613,11.958275945015838,0.0840790770716515,0.13854707311841313,0.08019033076942667,0.13213912435115732,0.06972519653608149,0.1148944807570598,0.08392328117660369,0.13829034973354132,0.08412400312410065,0.13862110310649559,0.0840268503039014,0.13846101287533932,EDİRNE,MERİÇ,12329,-0.806
54988432B13336850419353,0.08513571734516495,0.14028822469063573,11.607003161007293,0.08469012737485215,0.1395539732175237,0.07586704833061002,0.12501513882439133,0.06404795837928927,0.10553942171722953,0.08441260166983314,0.1390966611788492,0.08480188806862966,0.13973813457551962,0.08467922426799561,0.13953600687446333,ŞANLIURFA,HİLVAN,41969,-0.84
54988432B13359639505311,0.13571160106773286,0.18115042068066028,10.318860595857883,0.13386660421081112,0.17964108406318696,0.12308065987724759,0.16869979279517136,0.11220914293838277,0.15645147594823428,0.1332230115371853,0.17906718288174764,0.13418234673534865,0.179915254492307,0.13380226875619286,0.17958458812559452,BİNGÖL,MERKEZ,175438,0.214
54988432B13394167497593,0.08576953726833704,0.14133264499468826,10.452997739535654,0.08550801938376247,0.14090171094143922,0.0806710436420874,0.13293125199857106,0.07376440951489581,0.12155037132350507,0.08530886597696968,0.14057354223914498,0.08558273768615328,0.14102483315525466,0.08547095399642533,0.14084063390410229,MARDİN,ÖMERLİ,14112,-0.858
54988432B13587691087198,0.1658008415179304,0.20920726127643982,11.322684315407175,0.15767772162876031,0.20238464338337178,0.10361983727040373,0.14620729822370931,0.05077971164897382,0.08367575701106732,0.15387542414588956,0.19886766693344388,0.15924107218897204,0.20378683734119482,0.15681114498816126,0.20159535657220015,İZMİR,FOÇA,37711,0.844
54988432B13628237636764,0.6763427449097331,0.7839647711402299,46.22548033546713,0.6746255664384201,0.7823471181232147,0.6311455398825957,0.7402951143314804,0.5526127289853425,0.6619207558790174,0.6719893262777793,0.77985022989724,0.675300745359716,0.7829838656283558,0.673622896113475,0.7813980832303808,AMASYA,GÜMÜŞHACIKÖY,22319,-0.269
54988432B13760722847594,0.0135871920003282,0.0216606163087278,1.6610623144405492,0.013500007229098804,0.021558711023999234,0.012456768174550653,0.020006679867463774,0.01112803009824765,0.01794243868284685,0.013417790094126667,0.021446357983543617,0.0135260583238071,0.021592493153363798,0.013469211236095149,0.021517408729869597,YOZGAT,KADIŞEHRİ,9854,-0.847
54988432B13849312279861,0.2532606084557768,0.36516287834051253,25.538400189973263,0.2501328720937401,0.3620755406694645,0.21322220918458598,0.31658089678460793,0.16340961295282785,0.2503156176804682,0.24855654374029432,0.36033574406019836,0.25073128262552397,0.36271815498051274,0.2499390348427694,0.36186493860995916,KONYA,ILGIN,53167,-0.121
54988432B13977847971239,0.1609314861568752,0.2138786476213287,15.096365944945486,0.1600842365280439,0.21284633487689145,0.1434960092835668,0.1925353549570304,0.12135112331626377,0.16523413137545814,0.15927262021740343,0.21185803107872492,0.16034463598702714,0.21316329288058716,0.15988062662907015,0.21259857855340702,MALATYA,DOĞANŞEHİR,36037,-0.59
54988432B14215635599319,0.0697746942507578,0.05954160423680053,2.004622732323811,0.06917722921725067,0.05909379604575267,0.057795362074782385,0.050376947084407035,0.04289925269207737,0.038616335706931015,0.06900032556006884,0.05896657131596278,0.06928503830681466,0.05917222985191121,0.06928486689454823,0.05917813616533788,KIRŞEHİR,KAMAN,33354,-0.126
54988432B14217813536294,0.035082725931058094,0.057809970851861105,2.1313293402404985,0.03505514091164237,0.05776451574180196,0.034445568792847756,0.05676005142255624,0.03353888990444993,0.055266009020797646,0.03503639354757639,0.0577336234852443,0.035062484668412365,0.05777661692132974,0.03505370586685052,0.057762151048198866,MALATYA,KALE,7462,-0.717
54988432B14260044534811,0.22660119324691766,0.3376247231729997,23.23552440708045,0.22558516887733507,0.336376469063189,0.2124694056725758,0.3171660978400805,0.19406958336928842,0.29045261096858455,0.2245304843557127,0.33490090451502097,0.22591790480786195,0.3368215406979138,0.22516812437349676,0.3358014532790421,RİZE,GÜNEYSU,15013,-0.195
54988432B14282860472632,0.00019716828597596587,0.0003248975831462201,0.023660194317115905,0.00019680499539857348,0.0003242989461494519,0.0001890560877758552,0.00031153015148157416,0.00017794127019120975,0.00029321494753035363,0.0001963605216913041,0.00032356653407542566,0.00019693973724883832,0.0003245209762862106,0.0001966605248991462,0.0003240608849629507,ERZURUM,KARAÇOBAN,19922,-1.172
54988432B14340726912856,0.52967871318884,0.487044270710039,18.335018044896973,0.5260314007792546,0.48402492348533344,0.455708460367032,0.42538387761143165,0.3637422657317814,0.34817229441730807,0.5221005155525891,0.4807649545829168,0.5273481642900991,0.48511579618613,0.524875542674836,0.4830667792747091,KÜTAHYA,PAZARLAR,4713,-0.592
54988432B14406336237626,0.11532461264011967,0.15874083290156882,10.870312095787304,0.1145076192461801,0.157783504012038,0.10019654805053846,0.1412738981469254,0.07957083506225501,0.11608874333047961,0.11363384735878959,0.1568293681498935,0.11478917568377424,0.1580964698355297,0.11421989200909576,0.157478210045681,EDİRNE,UZUNKÖPRÜ,59085,0.1
54988432B1446118549854,0.15943876112015756,0.26197669351658576,20.162973983250716,0.15823592989722512,0.2599955017890545,0.1395647775643386,0.22930631673846846,0.11549971369646829,0.18982164002248886,0.15752385762948967,0.2588233084709901,0.1584953651114326,0.2604226791123803,0.15816211583771214,0.2598740291793527,ÇANKIRI,ELDİVAN,6198,-0.573
54988432B14467270081386,0.05020460715275235,0.06919636848663076,5.310302211203296,0.048839028238573695,0.06796485167979059,0.039703215426580105,0.056985527248631214,0.030231613736383296,0.04443417400818249,0.048226475560585486,0.06733000619262117,0.0490731302314408,0.06819757730357424,0.04871193647693345,0.06783617366691283,KAHRAMANMARAŞ,PAZARCIK,66777,-0.388
54988432B14556173736384,0.410721231851647,0.47017743926457467,25.01062894913006,0.40004829493641925,0.4618368649515791,0.3379836273975894,0.40463807378343153,0.2764519367543388,0.3429295350590053,0.39281092784951566,0.4557312801146063,0.4026847604196221,0.4639859393347436,0.3970467682260886,0.4593377788293265,TRABZON,MAÇKA,24931,-0.15
54988432B14645765693693,0.510339053283591,0.7070044147244238,51.38221238894728,0.5079290336734691,0.7047249969375997,0.43289235824783656,0.6245465987183202,0.26582358323964606,0.41436883313939304,0.508230131538042,0.7050131400561109,0.5079641022121798,0.70475752560254,0.508982234775696,0.7057275288059951,KOCAELİ,KARAMÜRSEL,59488,0.328
54988432B1484249621136,0.3250133552905974,0.41296816859943064,24.529482904381066,0.3206761779984843,0.4087575622433408,0.2698258410925479,0.3524891616925851,0.19914140306220676,0.2727238931215986,0.3185386266164688,0.40651510229731525,0.3214904184243373,0.4095966662022396,0.32041367011905186,0.4084854133023583,KONYA,KARATAY,395499,1.481
54988432B14970064024432,0.0,0.0,0.0,0.0,0.0,0.0,0.0,0.0,0.0,0.0,0.0,0.0,0.0,0.0,0.0,ARDAHAN,POSOF,5976,-0.492
54988432B150490693817,0.010283294591237037,0.01694500483653223,1.5275103100303251,0.010219713656937902,0.01684023498581452,0.008981500979615534,0.014799885016286025,0.007343363698849832,0.012100531817834149,0.010180320907986496,0.01677532287855323,0.010235602115584056,0.01686641628464005,0.010218164499592614,0.01683768225541518,ŞANLIURFA,AKÇAKALE,131351,-1.258
54988432B15058920594435,0.15289228687997744,0.18989127648633888,11.356920366568666,0.14902938013696265,0.18663902002205343,0.12154200174801537,0.1578880346009679,0.09256158543052402,0.12519348682169198,0.14918764191103767,0.18678359210248,0.14913808760953517,0.18673841455971463,0.15008706816412698,0.18759208520019363,SAKARYA,KARASU,75887,0.159
54988432B15496700745430,0.6925292195546058,1.0680175620431045,85.08504238745518,0.6904024047147279,1.0654220404523327,0.6388051649784339,0.9969303338310223,0.5365321527724624,0.8489774749651567,0.6877157641801208,1.062130180477795,0.6912154307254358,1.0664088390234479,0.6894820611871604,1.0643001019365446,EDİRNE,İPSALA,25278,-0.408
54988432B15523271257274,0.03469837241406783,0.05717662594993751,3.914693265502593,0.03459417873713453,0.05700493366358842,0.03303874794283829,0.054441865757831734,0.030841738628644495,0.05082159278747022,0.03451957327469154,0.05688199738954591,0.034621424394632276,0.057049829566742566,0.03457713322491834,0.056976845750285735,DİYARBAKIR,SİLVAN,86752,-0.824
54988432B15558909248688,0.6986937251694467,0.9761906274054344,74.35097832882074,0.6949557471238165,0.9712548285723167,0.5646223601307292,0.8152290134471359,0.2862536058885556,0.47124211390267273,0.6915105985734388,0.96676498998872,0.6960950582272493,0.9727515595417874,0.6942308425651724,0.9702987229286474,İZMİR,KEMALPAŞA,122840,0.983
54988432B15641118678695,0.15866319508147067,0.2302935285383533,15.71067949816064,0.15762250097888988,0.22917938892795256,0.14372710795417068,0.2116360617849619,0.12517982449975934,0.18713642072645073,0.15651220175140232,0.2278626195582116,0.15795964080311028,0.22956530820746998,0.15719134949149366,0.22867429712953447,TRABZON,SÜRMENE,25281,0.056
54988432B15644410313065,0.37938260528388534,0.508209696370518,32.275820676437405,0.3759401078070188,0.5048265790047405,0.33458006139857316,0.4574830449298473,0.2774586275384458,0.3897279538252188,0.3730869719131811,0.5017420981520487,0.37687424475197273,0.5058060213041157,0.3749679265708525,0.5037880369605672,SAMSUN,İLKADIM,330290,1.343
54988432B15919915720396,0.1464072342606928,0.24061655372020108,15.903504373140285,0.1458875274132649,0.23979565385146728,0.13701858683473098,0.22533120739171553,0.12498235618712704,0.20561607340638663,0.1452437245611661,0.23875587432598272,0.14607239279321244,0.2400921046935474,0.14564554931114465,0.23940588658940382,GİRESUN,EYNESİL,12548,-0.35
54988432B16159073535028,0.2989464478162246,0.322614131494441,18.176665917135384,0.2961871235580165,0.32039598238871625,0.2438347903104466,0.2759840022173447,0.1711129529650635,0.2077597240523214,0.2885934191825506,0.31421778791299965,0.2978371981281805,0.32172445474143246,0.29231899185239385,0.3172614629471838,MUĞLA,KAVAKLIDERE,10854,-0.34
54988432B1626041363194,0.09554077558883946,0.12565492240268974,7.021573924264103,0.09339136276354991,0.12394511006260824,0.08232928938982279,0.11304796682120898,0.0719867425446912,0.10150586032733815,0.09229755141215173,0.12299422698752675,0.09382288854946752,0.12430706663331388,0.09303053940485696,0.12363613065180049,ORDU,KUMRU,27638,-0.606
54988432B16266988631438,0.276584842382196,0.4064320157386542,31.067018009553482,0.27410097401433603,0.4037445601665592,0.24282087708985045,0.3628852512453765,0.19806333799649642,0.3021765182430178,0.2720241148924178,0.4012008040977603,0.27481633006455697,0.40458789348309415,0.27341461146262214,0.4029160412789883,UŞAK,MERKEZ,265371,1.204
54988432B16312548829707,0.13421876001831168,0.12028652763286639,3.2117543442896803,0.13253875839215518,0.11900046611514904,0.10238456115701308,0.0957239496606711,0.06519220936907148,0.06678220106948585,0.13135973085083416,0.11809627900389696,0.13295863873676048,0.11932220464278863,0.1323987485047096,0.11889313033908493,KONYA,ÇELTİK,9482,-0.544
54988432B16358110737710,0.4033276050153057,0.5675412930325618,37.06230334640517,0.39508778784672344,0.5610638938032608,0.34936229066955493,0.5141178671887848,0.297836872498358,0.45051429711006735,0.39057247185592897,0.5571506890469151,0.39717903577860214,0.562794777099193,0.3934717612727908,0.559687226489754,BURDUR,TEFENNİ,9514,-0.325
54988432B16406650788150,1.4865858604713993,1.26704239234993,41.03273989008391,1.4837863666245874,1.264166639697694,1.4182232790901348,1.2002187921545209,1.2469336171555216,1.0498795965558259,1.4839671161894765,1.264350311705952,1.483909528438772,1.2642909217382496,1.4849103043375453,1.2653062159088506,SAKARYA,SÖĞÜTLÜ,15288,-0.077
54988432B17114220369178,0.6934689132656082,1.063929539759041,86.28840167030603,0.679840421692424,1.047439280487896,0.34640770447019376,0.5557282155684624,0.03639884529097285,0.05997869690763447,0.6751184910180997,1.0412328171421446,0.6821131108864836,1.0503773832709138,0.6815723575131512,1.0496817189636414,BOLU,DÖRTDİVAN,6214,-0.784
54988432B17229261486281,2.3272732689320802e-05,3.834924347260417e-05,0.0030328228982033577,2.324234860626015e-05,3.829917601320694e-05,2.2368701047315133e-05,3.68595632528798e-05,2.059371926723273e-05,3.393471513330117e-05,2.321850316215779e-05,3.82598830451743e-05,2.3251166550664378e-05,3.83137063866444e-05,2.3239073167714525e-05,3.829377868441267e-05,DİYARBAKIR,HANİ,32285,-1.267
54988432B17351022548299,0.2674195236379529,0.33066974119301645,20.460426963859433,0.2577257365438898,0.3230554629508032,0.20914037164047558,0.27643369718775224,0.16271950140098393,0.22502012138929434,0.25758080673270695,0.3229438219693224,0.25819827129678435,0.3234432651014851,0.2597480534337219,0.3247255505617596,TEKİRDAĞ,MARMARAEREĞLİSİ,33623,0.287
54988432B17518540104638,0.6802344558455317,0.7015842954755473,35.139710809145996,0.6691170067949305,0.6919631308718965,0.5124745013606309,0.548851650864203,0.31971101650526695,0.3663139886369769,0.6573773913664154,0.6815579355411014,0.6727895098816143,0.695188912089908,0.6648817599144502,0.6882232971302862,AFYONKARAHİSAR,ÇAY,29140,-0.328
54988432B17530851783527,0.0013022075053134795,0.002145801842000039,0.16101709149189739,0.0012993600992244401,0.0021411098330799162,0.0012457547341490802,0.002052777911592409,0.0011703719814180138,0.0019285608040996857,0.00129713826917398,0.002137448660036883,0.0013002959930458523,0.0021426520163937944,0.0012989381750173647,0.0021404145784933515,KARS,KAĞIZMAN,42717,-0.784
54988432B17532401262571,0.44979886515863615,0.4802128138657097,25.48998165517772,0.4455960572903613,0.476804091930555,0.3981260177361006,0.43437563903042103,0.32058107817872844,0.3630070804650466,0.44249841989377986,0.4741256528899134,0.4466442670024101,0.47769100834337563,0.4445285353687874,0.4758887060309306,SAMSUN,KAVAK,25370,-0.331
54988432B1769560269502,0.09365521357685747,0.15431632776752247,12.883336582159254,0.09355178739201299,0.15414590152610766,0.08978085529936514,0.14793251465206902,0.08114665772160014,0.1337062611677609,0.09337198505083279,0.15384962646270275,0.09359392471591689,0.15421533535170168,0.09348361237835585,0.15403356338317675,AMASYA,HAMAMÖZÜ,3628,-0.665
54988432B17723605206621,0.6759058310744718,0.8416109122055556,47.54479143241916,0.6668849268454451,0.8336975069913377,0.5792503157461131,0.7435245924798329,0.46183258377221975,0.6169260614501946,0.6601645247089294,0.8272559726441238,0.6697600405759484,0.836359998630126,0.664521186107226,0.8314600053009804,ANTALYA,MURATPAŞA,510887,3.173
54988432B17733923685340,0.27136458903585053,0.4471596367174486,36.21096385947675,0.2704811016722647,0.44570380974330615,0.25341536256988567,0.41758256619989603,0.22987549034537771,0.3787931252131966,0.26969978480227547,0.4444163412162336,0.27075096859038766,0.4461485014899289,0.2703004073910426,0.4454060583327949,BATMAN,HASANKEYF,7152,-0.697
54988432B17876819529278,0.17297274967375367,0.28502737230610053,20.672724174110407,0.17250722162606785,0.28426028710999707,0.16385345706845392,0.27000053474210645,0.15107521660950501,0.2489443733588306,0.17215620757736932,0.2836818870887265,0.17263907348278915,0.28447755155896065,0.1724418665088768,0.2841525952855484,MARDİN,YEŞİLLİ,21166,-0.936
54988432B18155993888482,0.0005356702071366346,0.0008826873693233927,0.06736550796981584,0.0005323829744599237,0.000877270605939687,0.00047974157405505935,0.0007905271234353166,0.0004113086543918261,0.0006777620806386562,0.0005305691226203558,0.0008742817070103082,0.0005331275769788654,0.0008784975758735748,0.0005322920401042816,0.0008771207626105384,ŞANLIURFA,CEYLANPINAR,93105,-0.835
54988432B18249389019037,0.01034579752110861,0.016976527529649857,1.1607268381189986,0.010274593927883992,0.01686217619126915,0.008981818071183102,0.014754575006242516,0.006963237651696283,0.011457374677434842,0.010273424258297408,0.016860279120963707,0.010279362272824912,0.016869902797428175,0.010297725908304115,0.01689962333830063,BURSA,KELES,10939,-0.392
54988432B18439797691554,0.0,0.0,0.0,0.0,0.0,0.0,0.0,0.0,0.0,0.0,0.0,0.0,0.0,0.0,0.0,ELAZIĞ,AĞIN,2532,-0.622
54988432B18592908532301,0.03217444562750794,0.03288291278415686,1.6550203521242906,0.0319204759977126,0.03264374217351505,0.02708633502084065,0.02806184729832596,0.020834665126802893,0.022102263550194335,0.031760367966645886,0.03249048930579537,0.03198400982197426,0.0327037115321077,0.03191224644524761,0.03263453786304387,ŞANLIURFA,BİRECİK,91837,-0.66
54988432B18647546937138,0.21629028068049266,0.3357253550527867,26.873026252372682,0.2113313421748044,0.33010474354543634,0.1606564564524908,0.2568311947489965,0.10064605154422442,0.1656380534668834,0.21274672768239294,0.3318704784063727,0.21087523062309144,0.3295244743960002,0.21370769346779867,0.3330353969924826,ANKARA,ELMADAĞ,45644,0.462
54988432B18669123151161,0.42128923986557687,0.4536427161290145,22.542102230951507,0.4162332971465661,0.4494959739880724,0.3632804387732948,0.40108436019249055,0.29788605946523006,0.33922105641482353,0.411559079771813,0.4454158298215884,0.4177301625389894,0.45077208751494585,0.4143843648016094,0.44789611354988496,TRABZON,KÖPRÜBAŞI,4271,-0.482
54988432B18726314643148,0.14121102670082286,0.18495287602583038,11.842349683439798,0.13980348799777723,0.1836604200862101,0.1279783639461853,0.16967011638330542,0.11228643737355155,0.1508204995276433,0.13875898230124295,0.18254008648248374,0.1401636915381098,0.1840245206381848,0.13939831236694736,0.18323547766522794,TOKAT,ZİLE,52729,-0.186
54988432B18782972179490,0.0072808600579188495,0.011637191103702645,0.9016382959947243,0.007110458128230414,0.011388203164929415,0.004559083806364339,0.007379231459816535,0.0016524251569700894,0.002719660015592476,0.007106039309010616,0.011382466683730644,0.007116794662417809,0.011397229299072572,0.007164631151713544,0.011471454832134726,BOLU,KIBRISCIK,3783,-0.655
54988432B18897698290342,0.07811379897244833,0.12871737648321271,10.2059758114439,0.07779033497100131,0.12818436646192685,0.07127514515023695,0.11744851502401756,0.062418280325310965,0.10285400779062814,0.07749886265981241,0.12770407294519542,0.07790646030344525,0.1283757199530136,0.07772574531112302,0.128077934414365,ERZURUM,KÖPRÜKÖY,12903,-1.189
54988432B19023122389933,0.23300540485477214,0.32019381004010933,19.678015117927554,0.2307373135117057,0.31803397708623593,0.20814900342024326,0.2919083866769415,0.17983506312272332,0.25740587604587295,0.22969271304517447,0.31692349063619074,0.23117169909035465,0.31848245109586987,0.23061163340962043,0.3178981205822554,ADANA,SEYHAN,782204,2.043
54988432B19168401993834,0.5025869438073716,0.7432548024612042,54.64358302037668,0.49676493249079606,0.7377443330886269,0.44098156672806055,0.6707673583074851,0.36077838082179986,0.5626236849995163,0.49274649064177894,0.7335149121121807,0.4983003432285047,0.739295522284439,0.4954309022327951,0.7363736923316783,AYDIN,GERMENCİK,44697,-0.282
54988432B19253807136892,0.7053638254591125,0.8500098020166746,49.68762919576325,0.690365000158987,0.8370050596164232,0.5274602713454825,0.6730446595640924,0.2933431519754715,0.42140274010152495,0.6916109740728337,0.8381455726544139,0.6905525614640382,0.8371821417246214,0.6952407049198098,0.8414507846074464,KOCAELİ,KARTEPE,154377,0.837
54988432B19331703481644,0.41300664008101123,0.5770083584246406,43.38413937875874,0.4094003842099864,0.5725635316921457,0.3618886917312849,0.5009921512583893,0.28883333179095894,0.3913585398256311,0.4074658120495778,0.5698569423094886,0.41012522630243625,0.5735501092924327,0.40916420918995366,0.5722381744932677,KONYA,BEYŞEHİR,80353,0.369
54988432B1936830285057,0.5101199755288282,0.648325831402052,38.49741183962456,0.5048928589922288,0.6424736206517998,0.4085884864814626,0.5276964829224196,0.16374594688978436,0.2685732234286541,0.5060618489487462,0.6438202222335317,0.5046959794794927,0.6422488167082618,0.5073483195111184,0.6453037833708337,İSTANBUL,SULTANBEYLİ,378908,0.684
54988432B19409093219384,0.9220616074989537,0.8995088551210711,32.97209259221727,0.9052092198873394,0.886447474896103,0.740926741794091,0.7503811234698123,0.5372363058473724,0.577917737684753,0.8924182826267918,0.87617194474592,0.9106535324016601,0.8907594331873748,0.9007166084939179,0.8828571114262241,ANTALYA,MANAVGAT,266480,1.538
54988432B19462176511596,0.37483614670020027,0.49754316074350446,31.89346304101544,0.37078622099011443,0.4938068260647296,0.333215209523441,0.4530376860042954,0.28668076238545254,0.3992647214387569,0.36811800039557385,0.4911287556223368,0.37181782768772936,0.49481198276535526,0.3699564750243391,0.49298482811647015,KÜTAHYA,MERKEZ,277000,1.23
54988432B19525680012961,0.00024716083409379665,0.00040727623739279724,0.0296593000912556,0.00024614182714643014,0.0004055970987180869,0.00022552652126281124,0.00037162681275524056,0.00019740339457995868,0.0003252849994938139,0.00024452987409714515,0.0004029408923851794,0.0002465474678491953,0.0004062655210422035,0.00024549777398599927,0.0004045358158946051,ÇANKIRI,KIZILIRMAK,6830,-0.715
54988432B19751816948051,0.0029636793401993425,0.0048836061544325834,0.3913264047494908,0.002953437861363882,0.004866730054379202,0.0027440182301411474,0.004521644475778933,0.0024553807945842934,0.004046022320046566,0.002943734598055809,0.004850740835921376,0.0029566822438520293,0.004872076208422097,0.002951106682028995,0.004862888693543527,YOZGAT,ÇEKEREK,18426,-0.619
54988432B19771634656837,0.002958497373349763,0.004875067212700455,0.3739571048537773,0.0029469501439747877,0.004856039472527161,0.002710306768266963,0.0044660940994441555,0.002355001041713421,0.003880614688980907,0.0029386000534559415,0.004842280037457791,0.0029498675885890105,0.004860846892236838,0.002945870296404759,0.004854260079538417,GAZİANTEP,YAVUZELİ,23436,-1.049
54988432B19879435718056,0.022851212529822206,0.03765446088784548,3.1084840318952667,0.02276146405455706,0.03750660502717574,0.020957983244342296,0.03453492908421516,0.018516124662271954,0.030511215950518478,0.022660347467047672,0.03733998907198093,0.02279484616573717,0.03756160947916401,0.02273062459770456,0.03745578477455846,KARABÜK,YENİCE,18984,-0.448
54988432B199390104970,0.565093954838693,0.7407311451996523,48.26126278483185,0.5594863156876592,0.7352887912840972,0.4934713553663346,0.6600023152677027,0.3936804210494918,0.5406909136729776,0.5597601804580061,0.7355798394443236,0.5596615660880843,0.7354674970179839,0.561207229249686,0.7370615580596868,SAKARYA,SERDİVAN,168855,1.527
54988432B19989775131060,0.22138581091270393,0.31181442801752735,24.12726221936528,0.22013193146679003,0.310550916945077,0.19577466721834413,0.28435617377825273,0.1519441962914189,0.2291224046260123,0.218603489764642,0.3090322282111831,0.22058852495193237,0.3110042858668518,0.2195905397482141,0.3100135570880575,AFYONKARAHİSAR,ŞUHUT,35303,-0.488
54988432B20130561704636,0.6040660632403752,0.5840107425336378,23.891837701786017,0.5942841318194846,0.5750749877856912,0.4313721000298728,0.4263544560542861,0.07323830005994152,0.1206816085848497,0.5874881647699367,0.5688004593117919,0.5967621437267085,0.5773566361091725,0.5928227035945309,0.5737258106822651,İZMİR,MENDERES,112853,0.903
54988432B20226026057781,0.0824958726620641,0.1268294830136679,10.53606587249032,0.08200162192797686,0.1261959470060971,0.07471119338425392,0.11537546903343426,0.06515478367339897,0.1009052594081505,0.08146255230139388,0.1254276005159962,0.08216364350956798,0.12641809887456842,0.0818023473964093,0.12591387465209186,GÜMÜŞHANE,KÜRTÜN,11327,-0.705
54988432B20261833520035,0.210239690621758,0.34643397496794,26.97283435549736,0.20991237734518486,0.34589483113051867,0.2002629583431778,0.3299951746907716,0.18091351224901106,0.29811142339891894,0.2095067176148142,0.3452264282537865,0.2100298643778323,0.3460883990651753,0.20978829656024164,0.3456903644956781,SİVAS,GEMEREK,21342,-0.478
54988432B20396107752960,0.47552664148962737,0.5351435570914971,28.52104052477473,0.4606903368676068,0.5223319993634569,0.2963321772576049,0.3624748861421635,0.09517243829785967,0.15079431687472297,0.4519819180806918,0.5143403696953341,0.46402377275357254,0.5253379150936479,0.4587755649882735,0.5205899214559437,İZMİR,NARLIDERE,61320,1.632
54988432B20434166663535,1.0718466178719295,1.1673305110530712,54.0646182368086,1.0621719663165738,1.1589450400691654,0.9487360241074773,1.0518553212514026,0.776942486748513,0.8914708115494874,1.0588076913633087,1.1558459237735308,1.0639310120707286,1.1605458949383305,1.0624193937322537,1.1591711870214683,KAYSERİ,TALAS,173657,0.631
54988432B20444305553089,0.15033679411169165,0.21577039035710702,15.29381354885422,0.14875902214610873,0.21416655524208678,0.13161639702438105,0.1924436072178744,0.11010748403832352,0.16374604192775266,0.14808579648131504,0.21339370786904457,0.1490513802731438,0.2144931776883384,0.14873134344770028,0.2141353032041688,ŞANLIURFA,KARAKÖPRÜ,312031,0.446
54988432B20591788095048,1.4255133876415154,1.384151333601638,53.421620209980645,1.4060750345139956,1.3686069493680255,1.1926713692996853,1.1917928911455073,0.9327956264628602,0.9685275078045397,1.3826571482633747,1.3498223843823738,1.4133893020807353,1.3744574966128074,1.3954797463734236,1.3601693115641422,ÇANAKKALE,AYVACIK,35411,0.133
54988432B20612067222805,0.12670970824475802,0.2084796574256126,15.12289329905312,0.12633001412901904,0.2078721532937716,0.11874948703125288,0.1954534708857041,0.1081311129879726,0.1780108046366124,0.1259022813771366,0.20717590541406994,0.12645955467533754,0.2080821078397216,0.12619646834297665,0.20765503346402536,ORDU,AKKUŞ,20465,-1.012
54988432B20693988968005,0.1282860833746869,0.17638880263477652,13.150184378118343,0.12786566358115328,0.17573641057026326,0.11768121121367638,0.16134200465297913,0.10193686056573582,0.14038668337513321,0.12706240967152105,0.17452290998729134,0.12805487912883967,0.1760287326334351,0.12752637105559902,0.17521875485111202,KASTAMONU,ÇATALZEYTİN,7185,-0.448
54988432B20916998387085,0.728791218245263,0.890733831630356,47.35075774762824,0.7230701176574394,0.8853323372279599,0.6558241324225231,0.8140977696415297,0.555157696070321,0.7083057796700184,0.7210276544916895,0.883254382186416,0.7241344941471286,0.8863987719242428,0.7232192745557381,0.8854820958242967,KAYSERİ,KOCASİNAN,421472,1.558
54988432B20934882721919,0.2046600001147014,0.2762047009732672,17.93594783605213,0.2016422970880411,0.27353812741808764,0.17276145574959326,0.2415284768661504,0.13081442017900252,0.19139914105085218,0.19974347036913026,0.27162687438696254,0.20234430257575006,0.27421499099855556,0.2010420401400632,0.2729435381536449,BALIKESİR,GÖNEN,75730,0.326
54988432B21001477531,0.03389300402419662,0.055676240043788294,4.298487261687683,0.03371476545764139,0.05538455030579581,0.030213601311480973,0.04963081195971672,0.025531157777152067,0.04193254800184851,0.03350127217222841,0.055034186283914904,0.0337777617041107,0.05548783607864354,0.03364475613991486,0.05526972877003761,SİNOP,DİKMEN,4810,-1.014
54988432B21059504662364,0.5492483359264921,0.7406001436929507,47.31080487413216,0.5416355938716104,0.7325025460739367,0.4238370703710081,0.5921007199684849,0.2138235408946304,0.33854500321410247,0.5440512558924546,0.735195013306005,0.5408251105990455,0.7315900173620424,0.5455737751727097,0.7368617146757511,ANKARA,KEÇİÖREN,931722,1.365
54988432B21435707194985,0.28721710956487173,0.47127036545950196,33.80435971792766,0.2862023575397888,0.46961453299588823,0.2655069517576825,0.435815392537621,0.2369833889920749,0.38920572809443604,0.2847383252652117,0.4672247198060427,0.2866063975034773,0.47027396406121463,0.2856516405014095,0.4687156244246356,TRABZON,DERNEKPAZARI,3717,-0.374
54988432B21454530006409,0.36999917407158256,0.48702538959849795,30.720778798654187,0.3634254402395341,0.480518725425694,0.2884238918377465,0.3951531074119402,0.18167463866874953,0.2698131466332904,0.3633447387428945,0.4804325241403141,0.36376659813220946,0.48087978611655835,0.36513238174592333,0.4823093537679498,BURSA,İNEGÖL,306004,1.018
54988432B21829167543516,0.2972597441589599,0.26883940531985256,9.601875172270965,0.2923164830224189,0.26508317403082926,0.21330433552543404,0.2028554080939386,0.09925414373835566,0.10918567445915457,0.2922489029675658,0.26503287125648944,0.2926114806003302,0.2653090348878397,0.29377033938423947,0.2662011991905021,BURSA,İZNİK,45510,0.099
54988432B2183648295887,0.11283822330544732,0.16519774438934984,12.750458185233288,0.1111648483675741,0.16386168147234803,0.10089334098607101,0.1526215220232548,0.08756823008250275,0.13492822212300393,0.11045164705566257,0.16322910166924584,0.11149525219104679,0.16414259732422262,0.11099936342736696,0.1637175016408865,ISPARTA,YALVAÇ,44596,-0.1
54988432B21974085302576,0.1379822896121828,0.15574717316957148,8.64235597826663,0.13677443134281153,0.1547231640767327,0.1253113908069424,0.1433253528588099,0.1109434554506071,0.12860743986799247,0.1362963956270425,0.15428144942416638,0.1369774008050944,0.15490693465347455,0.13675035201607258,0.1547011091901481,ADIYAMAN,MERKEZ,296876,0.542
54988432B22127329253106,0.2293361098970899,0.37748208218116847,34.33482789542261,0.22810019569286222,0.3754679292472562,0.20398496889690215,0.33582004652966513,0.1717465814859445,0.2827642585067539,0.22699600612669793,0.3736617112486541,0.22854056162001146,0.3761881994282343,0.22785143017108703,0.37506376801299596,ERZURUM,İSPİR,13984,-0.381
54988432B22219772223336,0.39892845158162216,0.5395502867316915,40.60768247245322,0.3891718042994169,0.531123170727869,0.31551561892257124,0.448617778292204,0.22784530819023957,0.3383368319637486,0.38228216775944956,0.5243350704084222,0.39164647184543794,0.5334362980578206,0.38655194228974527,0.5285910356216593,AFYONKARAHİSAR,DAZKIRI,11723,-0.088
54988432B22317545762154,0.1732709164043548,0.28547728873131417,18.85395971845538,0.17255215279650107,0.2842932753685734,0.16028029751504103,0.2640786162837147,0.1429120469138612,0.23546802699865607,0.17157235922303268,0.2826793400856018,0.17280974403629243,0.28471758935397495,0.17215590883639728,0.2836405729540835,ÇORUM,BOĞAZKALE,3587,-0.604
54988432B22429834730887,0.15933833568742553,0.24726658942211047,18.849184507915886,0.15781824276445847,0.245622682612772,0.14038904921150755,0.22118168420666626,0.11634179983029173,0.18530411638391375,0.15678060026025925,0.24432598985143616,0.15820189478747929,0.24608099138290226,0.1575243799088784,0.24526505801437984,MERSİN,TARSUS,358510,0.613
54988432B22474177192054,0.41396595974395684,0.5071162512295141,34.00922400909015,0.40268699305624,0.4983504945752357,0.3459512453507847,0.4441400111553945,0.2890074045278017,0.3797666927570227,0.39903254872234717,0.4955006451085897,0.40461257742555046,0.49986079062607564,0.40231147442737675,0.4981641865396924,NEVŞEHİR,HACIBEKTAŞ,10564,-0.211
54988432B22642598779433,0.38862492830832185,0.6403323501273275,54.4183466619337,0.3871549012772546,0.6379102682585281,0.35827831376117664,0.5903323399700151,0.3185010405110216,0.5247943021520384,0.3874788672505534,0.6384440472974561,0.3870867614701111,0.6377979984848842,0.3878954084355655,0.6391303575834903,KIRIKKALE,KESKİN,15841,-0.48
54988432B22653723739411,0.5203867467367439,0.5658439343978965,27.67609859370875,0.5130857543890724,0.5592931235669931,0.42648075350897985,0.47189322752370955,0.2462366549401056,0.30144156761752977,0.5129994904022118,0.5592102345834307,0.5134558447495812,0.5596479000339377,0.5149488750329421,0.5610638450451735,BURSA,KESTEL,77374,0.777
54988432B22713208717881,0.2585563959833742,0.3688442088929212,27.589015700858404,0.254348646707868,0.3651479641517612,0.22594152552038796,0.33128763177037696,0.19563541745123375,0.2910607502657209,0.25139071320733786,0.3621011220856156,0.25545504226979576,0.3662139812723596,0.2531680081611586,0.3639618277924507,ERZİNCAN,TERCAN,16145,-0.527
54988432B22762038949408,0.000909604644595336,0.0014988635174503929,0.13555997703769687,0.0009050889194900544,0.0014914224213045469,0.0008150992904754016,0.0013431358303329672,0.0006940046211781493,0.0011435937731921757,0.0009006146539733352,0.0014840496430428662,0.0009065063478493848,0.0014937580862211934,0.0009039248289749974,0.0014895042112180042,MALATYA,ARGUVAN,6859,-0.877
54988432B22791175863711,0.1217474395067006,0.20061770408040838,15.633809589327209,0.12119187607836233,0.19970223628974393,0.10999834519361779,0.18125732709288966,0.09468667642319657,0.15602647339438103,0.12088092888783085,0.19918985170319783,0.12132702984470255,0.1999249451895027,0.12120105953437887,0.19971736896004091,AKSARAY,ESKİL,27946,-0.542
54988432B2283015809064,0.7512663707074337,0.9069638126391765,54.78390847170662,0.746952319823645,0.902942768974502,0.6695477707481774,0.8257996622867532,0.5539975990038751,0.7042395706192279,0.7400625852367805,0.896335421321502,0.7488463785973005,0.9047364756964538,0.7439377833256661,0.9000638294913501,ÇANAKKALE,EZİNE,31894,0.043
54988432B23049550027928,0.030257944907338255,0.04985960659293863,3.5551066926631534,0.03017956589157012,0.049730452187267384,0.02891432691142222,0.04764556777130939,0.027174039646794514,0.044777889922111,0.030123668433856034,0.04963834331273196,0.03020456092798155,0.049771639474972026,0.030168644093861625,0.04971245504507212,KARS,SUSUZ,8417,-1.064
54988432B23191513902101,0.025233967298416933,0.04158100248153386,3.6715977812313114,0.02517219800506367,0.041479217886593624,0.0235630452677072,0.03882762595996923,0.020527160078552622,0.03382503765940469,0.025132650371865024,0.041414050558177734,0.02518780921793776,0.041504942334659234,0.025170229910348754,0.04147597482337423,ŞANLIURFA,SİVEREK,277399,-0.797
54988432B23223928850559,0.9435574735581397,0.9218935441039557,44.14873373453135,0.9196770938851021,0.9038046467552746,0.7860119472145133,0.7904392635235621,0.6570009769954916,0.6741207702262503,0.9034378354313285,0.8908543283696579,0.9258203156115725,0.9085876358990103,0.9128168943147057,0.8983830417829715,RİZE,ÇAMLIHEMŞİN,7051,-0.287
54988432B23323224712482,0.19495811706097776,0.2341946208864339,11.813156138997721,0.19288099620583524,0.23238810864625295,0.17727687459434274,0.21698768597181345,0.1590408258937771,0.19826267510905238,0.19183256716465139,0.23142004748404815,0.19330536472566345,0.23277228011279869,0.19262078315566894,0.23215072180817184,BATMAN,MERKEZ,517785,0.367
54988432B23399506189072,0.21260832732294538,0.3178063707822694,23.33974915699426,0.21141313949439028,0.3165760646422157,0.19766545289384593,0.2989395652910609,0.1794614229366477,0.2741949127037917,0.21029412697889338,0.31525656650294587,0.21178591160232896,0.31699476172216945,0.2109850757904459,0.3160798410475624,ERZİNCAN,MERKEZ,169506,0.724
54988432B23414498187301,0.3437588999046029,0.38582595338552794,19.624068677627157,0.34045280312292986,0.383024131811862,0.31441479900661295,0.3568926660418202,0.2805427940249647,0.3223432143507454,0.33789865856656054,0.38063364146025563,0.34136123602207613,0.38383928506888826,0.3393994088809206,0.3820529252123641,RİZE,ÇAYELİ,42032,0.054
54988432B23567974096892,0.5360307107318809,0.7413878996658784,52.59818525596619,0.530881748030607,0.7363434455658989,0.47583891167588543,0.6705570909663066,0.40247532301892247,0.5781477862119923,0.5278971077064635,0.7330672665539595,0.5321338949139346,0.7376726134735199,0.5302126563408412,0.7356140789658192,ISPARTA,MERKEZ,273638,1.551
54988432B23570910336885,2.56872956478894,2.254356119022499,83.2962039565744,2.5657792639150325,2.2507515066508232,2.5076137429482124,2.177395815528276,2.2788613134007476,1.948567932591263,2.562128963545686,2.2463306595685224,2.5668612911287827,2.252060065369004,2.5644889924311975,2.249190987375353,AFYONKARAHİSAR,ÇOBANLAR,14457,-0.801
54988432B23630404748183,0.02905814239678143,0.04788254961339885,3.494910971984406,0.028936720922513332,0.047682469040925,0.02648540122873983,0.04364313867862312,0.02314583543516662,0.03814013980779059,0.02874960919923666,0.04737414284957026,0.0289842735116052,0.047760827085129826,0.028863096463822676,0.04756114928318285,ÇORUM,BAYAT,13312,-0.868
54988432B23635827316109,0.3338774623755128,0.5121895812611141,39.20352606459999,0.3313243501395556,0.5089516231563089,0.2802555097287999,0.43555393987767793,0.18091190251224906,0.2862469243350593,0.3315969757023946,0.5093180175551484,0.33136003811994486,0.5089994723540667,0.3323282858683081,0.5102895711473305,KOCAELİ,KÖRFEZ,183077,0.55
54988432B23701812134716,0.15543409143762338,0.22410281792580045,13.871849732015027,0.15444961435557336,0.22295891703953427,0.13616980734284928,0.20100808206559528,0.11076927043553655,0.16913832306063262,0.15335721768066052,0.2216818219218858,0.154810574196215,0.2233792792903835,0.15410245162448413,0.22255392534890242,AYDIN,SULTANHİSAR,19791,-0.265
54988432B23708733321039,0.47379978781618814,0.6698292983575164,44.444557848808955,0.46654877877287676,0.6621131959633662,0.3675109869236598,0.5379983407714604,0.19404259952226036,0.31617579993016826,0.4687025470587281,0.664572743419379,0.465837803136269,0.6612876886771065,0.47009831940316876,0.6661218143463985,ANKARA,MAMAK,690329,0.779
54988432B24237027631041,0.23422958532743865,0.2924749588924124,16.874984379530943,0.23317642505766487,0.2913637245091562,0.21496813355746983,0.27104980191008415,0.1866432818435253,0.24006092076282345,0.23252083329560053,0.2906314076167355,0.23343259624062918,0.29164702437399553,0.23308366082790546,0.2912606067475641,DİYARBAKIR,YENİŞEHİR,232622,0.466
54988432B24385589746851,0.0,0.0,0.0,0.0,0.0,0.0,0.0,0.0,0.0,0.0,0.0,0.0,0.0,0.0,0.0,BİNGÖL,YAYLADERE,1889,-0.451
54988432B24416647543453,1.1125201509881113,1.372179639133353,73.54158272956514,1.093531248850566,1.3563004510631151,0.9107193947664877,1.1740732138405798,0.6784405844618736,0.925536521504368,1.0632094050525231,1.328073057435094,1.1019830629462029,1.3637085889301819,1.0773151777922925,1.3414263343167578,MUĞLA,DATÇA,26067,0.923
54988432B24437456666423,0.14765221186238595,0.10695118317716418,1.6430441255885293,0.13919843193610554,0.1008357638011027,0.10537482568792883,0.07636010201275058,0.08000033985017052,0.057992181563220266,0.13451641107213017,0.09744843313596961,0.141049902517154,0.10217518598216009,0.13728646920754645,0.09945253555516974,TOKAT,SULUSARAY,6536,-0.911
54988432B24535022405738,0.1526623432180674,0.2515598596573227,20.965582846703654,0.15210706063527632,0.2506448546491947,0.14092029650666793,0.23221109583945015,0.12555856063160706,0.20689774063106617,0.15223147021740416,0.2508498590815937,0.15208085289885137,0.25060166905176434,0.152390686519599,0.2511122186772281,KIRIKKALE,ÇELEBİ,2587,-0.608
54988432B24536505693490,0.20660982765991331,0.21870984141172997,11.167126036027714,0.1988368348267755,0.21287904438434452,0.16397941616815034,0.18335108186267945,0.1346760003071863,0.15599742315508558,0.19435154240971955,0.209352259410944,0.20057610386050123,0.21421692447106228,0.19702003008794697,0.21146328787353763,TOKAT,ARTOVA,7589,-0.583
54988432B24577207429015,0.09274007255266074,0.15281882318963533,12.342376389520743,0.09240357377119676,0.15226433421445287,0.08585400801875562,0.14147183747446102,0.07667738474694188,0.12635042630177845,0.09182514433521735,0.15131118738944446,0.09254804260394306,0.152502392654566,0.09215574589329671,0.15185595880982103,KASTAMONU,İHSANGAZİ,4976,-0.49
54988432B24627803634340,0.05419100703630852,0.08929695324583091,7.03190857552932,0.05405684812662698,0.08907588368945016,0.05125009475845913,0.08445086308184388,0.04729769998248419,0.0779380331711019,0.05392691787443342,0.08886178219383531,0.05410097140215098,0.0891485908467259,0.054024833670225356,0.08902312967041943,BİTLİS,ADİLCEVAZ,28769,-0.832
54988432B24762133254880,0.1057199231630082,0.17420726338439835,14.877053400019225,0.10556431810673252,0.1739508544672185,0.1002287434373558,0.16515879490147273,0.0885462507173861,0.14590816526266692,0.10529197632055803,0.17350208458680982,0.10562780305902687,0.17405546615699652,0.10545927268808739,0.173777758664973,ÇORUM,LAÇİN,4094,-0.789
54988432B24776068854278,0.07276507230510508,0.11963417545331251,7.526719559454732,0.07266516859287653,0.11947710256980354,0.07067473872909127,0.1162274363506557,0.067821153575559,0.1115478964093786,0.07253950110321516,0.11927408333499726,0.0727025549135699,0.1195370402257466,0.07262112226645112,0.11940613243539305,SİNOP,ERFELEK,12565,-0.585
54988432B24795897015329,0.10111588120316152,0.16662063707655334,15.009658774570523,0.10019499697204284,0.16510318684581798,0.08254693413716638,0.13602237938288284,0.05892890040808049,0.09710414240951239,0.09954149700767138,0.16402633740241251,0.10042650112549076,0.16548466371250184,0.1001176594309848,0.16497574860162037,KONYA,DEREBUCAK,5353,-0.621
54988432B2483198976675,0.09699954722458343,0.14630422277290392,10.429096301383208,0.0961761016503771,0.1454083260868658,0.08656949403539974,0.13236719617049436,0.07402683759485362,0.11453414597714125,0.09581424199393644,0.14496182955037007,0.09633206565144352,0.1455955671910277,0.09616129393806266,0.14539035693642108,ŞANLIURFA,EYYÜBİYE,414516,-0.568
54988432B25026961514665,0.017930753826645413,0.029546630957562107,2.3623942785175087,0.01781493382824485,0.02935578060161324,0.0162663024493015,0.02680391689943334,0.01427281450122234,0.0235190102362949,0.017747880651392413,0.02924528912478269,0.017839693028352643,0.029396579273853234,0.01780507910703536,0.02933954180799745,HATAY,SAMANDAĞ,122952,-0.029
54988432B25326258827765,1.1252090538825972,1.854140488827212,165.0256860607167,1.1197645630206214,1.8451689551256238,0.8787273196235712,1.4479832848222625,0.3987178843764506,0.6570147747131788,1.1220035416283813,1.8488583858815717,1.1189470518258688,1.8438218449143882,1.1232488551244242,1.8509104367127744,ANKARA,ÇAMLIDERE,10203,-0.526
54988432B25362626597569,0.358073347061192,0.5083531773672548,33.555624427821655,0.3542789335992368,0.5047982223161062,0.31587458210103375,0.4606550889660689,0.2662131772237942,0.39862961355122317,0.35301719639126966,0.5028259358957587,0.3547838029984827,0.5054601435957812,0.35448098005559353,0.5045536013392963,TEKİRDAĞ,ŞARKÖY,34458,0.097
54988432B25487476963014,0.19490364339459146,0.3027316760512935,21.59655665375094,0.19323056093962518,0.30103126943618735,0.17775535881759927,0.27975706200297057,0.15921582444819027,0.2523768607815905,0.1918754591028014,0.29938340166287875,0.19368480590687345,0.3015484017084162,0.19271229343164276,0.30041619349755366,TOKAT,BAŞÇİFTLİK,8445,-0.936
54988432B26148640442068,0.006488387960495645,0.010691686832115752,0.9730774743486811,0.006456105756063227,0.010638491612880527,0.005812801565171063,0.009578442955389151,0.0049471819932769955,0.008152058862022686,0.006424866339849866,0.010587014719543543,0.006466096481372802,0.010654954516591899,0.006448259070280383,0.010625561697534687,MALATYA,KULUNCAK,7414,-0.873
54988432B26216305629532,0.5074792644927355,0.5420225653564957,26.103970895206583,0.5005272672223811,0.5353709927180988,0.38418608965221457,0.4185020594087645,0.11024415955499181,0.1669009835512478,0.5019777232128375,0.5368275903275801,0.5002781732430367,0.5351196666974418,0.5035723142042419,0.5384098175022095,İSTANBUL,BÜYÜKÇEKMECE,283239,1.891
54988432B26373171559037,0.0718864873616081,0.10443568318388068,7.101769579460727,0.07073937933157494,0.10341328567209274,0.0631110016020905,0.09431447032923161,0.05484093446675229,0.08329050107859456,0.07027800334372018,0.10294413815759045,0.0709272524509801,0.1035970670920034,0.07066780584265911,0.10334208179820782,HATAY,PAYAS,44530,-0.028
54988432B26387222249237,0.15752689297224998,0.2214124798579824,14.911955557488312,0.15574432858171788,0.21974301343698216,0.13880926627463636,0.19976829554830006,0.1165248131661899,0.1718045295497248,0.15494308543890298,0.2188938163360761,0.15605662345906787,0.22006378849385871,0.15563882323464406,0.2196332226071848,GAZİANTEP,ŞAHİNBEY,957792,0.854
54988432B2651757206264,0.1308590970740556,0.21563206355224795,19.62886456110834,0.13016490204429032,0.2144881560202306,0.11640601150903422,0.1918159992910139,0.09798205291048866,0.16145665630122327,0.1295415958753024,0.21346106047663502,0.1304137196568266,0.21489816232807618,0.13002662136689697,0.21426029453805284,ERZURUM,UZUNDERE,8263,-0.561
54988432B26639415415250,0.013677018754625748,0.022536945449288807,1.5959862281496864,0.013637315015026795,0.022471538161937872,0.01282289240325858,0.021129586479838265,0.011696286828438986,0.01927319660605387,0.013583388640265813,0.022382686842009218,0.013652562641563244,0.022496659702163514,0.013617939188420832,0.022439614220075132,ORDU,AYBASTI,19784,-0.464
54988432B26755452490814,0.2506960007572412,0.299015183188773,20.150762556959847,0.24648849181270147,0.29535692674664593,0.20812114760654263,0.2551944585443105,0.16341564801905156,0.2055775626325281,0.24420669392767905,0.2931694823043635,0.2474681829811282,0.29626843049305684,0.24597989872201448,0.29487629476113064,ISPARTA,ŞARKİKARAAĞAÇ,24310,-0.249
54988432B26897526032895,0.004174362682750253,0.006878592772098498,0.24486480300813088,0.004169195882549653,0.00687007882225375,0.0040792800091832985,0.006721913767216598,0.003954125385905214,0.006515681642098963,0.004164173648183477,0.006861803090690291,0.004170787108549877,0.006872700874168202,0.004167689840794468,0.006867597138528834,ORDU,KABATAŞ,9949,-0.805
54988432B26930911195610,0.23189361053685445,0.31742518984192974,18.681612738258764,0.22665171035222387,0.3134313814119443,0.20021749776464554,0.28844816261486217,0.17266405708982463,0.25697676630674754,0.22526322175151137,0.31227169761105883,0.22742083011785255,0.3140459707099945,0.22672984573815858,0.31347128191695955,KAYSERİ,AKKIŞLA,5440,-0.812
54988432B26980759759875,0.0049203660553041135,0.007990747403799191,0.6635071346207255,0.0049074454120857985,0.007970339201458164,0.0046543014365237325,0.00755685455290861,0.004299249561176654,0.00697583625602004,0.004896880624944742,0.00795337380141723,0.004911351433934604,0.007976590847348579,0.004905349329729077,0.007967048995376676,MUŞ,VARTO,28804,-0.844
54988432B27026287555316,0.31635983020580205,0.4803400374274578,35.32111322995124,0.3152495922551323,0.47888160665224694,0.2965527360863695,0.4517229314236009,0.27116760559298836,0.41424493908305904,0.31441040726697134,0.47770627310080005,0.315588102403785,0.47934860247700845,0.31507634236305004,0.4786415217270926,BAYBURT,MERKEZ,68715,0.161
54988432B27102438634757,0.25677393601292714,0.3687891480092488,24.775060015313723,0.25238476085529776,0.3634895425623774,0.18378590582427148,0.27404811983781274,0.09150963879586459,0.150591383406069,0.24920741099061489,0.3594218411867835,0.25353128680008336,0.3649381140592139,0.25169801148663706,0.36261326766694224,İZMİR,MENEMEN,220510,0.838
54988432B27162920946888,0.08464186906079461,0.06184756576494362,0.9975306572082067,0.08114365998307052,0.05931632527046559,0.06713476239638506,0.04916489722241298,0.05661438322198652,0.04152874120938743,0.07926278021988453,0.0579546809137445,0.08191673426677203,0.059875851016696215,0.08039738065644854,0.05877611760506901,SİNOP,AYANCIK,23818,0.146
54988432B271913105949,0.292644287396402,0.4078736247548168,25.974256611957916,0.29074103773421983,0.4061117338504232,0.27298586755859194,0.3850843943408185,0.24873930771990774,0.35522442669971704,0.2907722049652172,0.406132468280485,0.2908202432737936,0.40619689927309666,0.2912444316464213,0.40661673964413636,KIRKLARELİ,MERKEZ,114710,0.85
54988432B2727016024210,0.6659241291142626,0.9969779382568855,69.42935502549163,0.6497838121480166,0.9775846419068208,0.5537183886028572,0.8480983205329693,0.4582966951661727,0.7124697303335578,0.6452920928603072,0.9719331695117653,0.6522831065550173,0.9806905151012573,0.6501244094045728,0.9780080677444838,KAYSERİ,SARIZ,9213,-0.67
54988432B27415936221667,0.0012107487765087009,0.0019950944409633416,0.1537093146878528,0.001208689904757627,0.0019917017936487862,0.0011647228747099256,0.0019192521005862986,0.001101565444370384,0.0018151801076008547,0.001206504626138122,0.0019881008507361673,0.0012094245179384837,0.001992912302964857,0.00120808203379554,0.001990700132527327,IĞDIR,ARALIK,18477,-0.852
54988432B2751478310709,0.15174623998424577,0.25005028764320403,19.08376259633418,0.15135075532272568,0.24939860063348404,0.14250396931413456,0.23482070146184225,0.12857745241084187,0.21187232687346494,0.1508854842262791,0.2486319182332439,0.15148899249061315,0.24962639041988552,0.15120526197925344,0.24915885398546703,ORDU,ÇAYBAŞI,11656,-0.932
54988432B2777192469074,0.5580792278923702,0.6110090998442218,29.317928486472958,0.549988629725434,0.6033554953498845,0.40863324471401036,0.4649386767353915,0.1371661051504527,0.21057837671828628,0.5517153260907314,0.6050546233733642,0.5496911627485516,0.6030617070278337,0.5536003956270598,0.6068919737939982,İSTANBUL,ESENYURT,1003905,2.479
54988432B2790906472505,0.21877859119723578,0.3152621917301129,23.419355751722282,0.2172390591278494,0.31333361291727657,0.18855904765780496,0.27713226951501113,0.14369044965956224,0.21693857615505335,0.2134186262334376,0.3087007916897086,0.21808880751595003,0.3143702580819213,0.2152985914933466,0.3109852790432982,MUĞLA,KÖYCEĞİZ,41810,0.205
54988432B28277823667542,0.24983562199074894,0.19089211950959847,3.800594451874897,0.23817730715178248,0.18241165867073436,0.19071951818402272,0.14713114002522906,0.154506068665576,0.11964892584179203,0.22990610999865643,0.17634261595926243,0.2412216406330639,0.18463495286345852,0.23413109065297377,0.17944776451844177,KASTAMONU,ŞENPAZAR,4083,-0.859
54988432B28290030678848,0.295682363302555,0.37498154377538684,16.162086073902273,0.28294573816872615,0.36266237706530285,0.2271899075058621,0.3055884060994292,0.18058294266535455,0.2552762052862978,0.2771688477962292,0.35696845452727816,0.28543161303763015,0.36509339054965784,0.28115876505946663,0.3609084216283183,MERSİN,ÇAMLIYAYLA,8383,-0.505
54988432B28558182878988,0.47865703386416225,0.7887399978582835,57.43884406369948,0.47711787276800804,0.7862037394649118,0.4454053602050597,0.7339472691294547,0.4014038497717009,0.6614407586436655,0.47561807475311824,0.7837323442918332,0.47759570153455083,0.786991114628413,0.4767424510171471,0.7855851124939899,MALATYA,DOĞANYOL,4002,-0.973
54988432B28682407811483,0.08633773971076168,0.1421187934093175,12.918513457586736,0.08585869777537235,0.1413309163515852,0.07555280122186597,0.12437658135946199,0.05970697575739727,0.09830099248650315,0.08454995496107245,0.13917609263759156,0.08614302883454865,0.14179882085153106,0.08519877587172317,0.14024405081563746,BURDUR,ALTINYAYLA,5060,-0.663
54988432B2869647225389,0.24912062228425086,0.35302738196628763,19.433930047462585,0.24254041416135508,0.3473739214722422,0.20114137455772824,0.29991392827740915,0.15914866476765724,0.2462861449482433,0.23887596325919572,0.34374657378440643,0.24397833190842177,0.34872438431439884,0.24135215247206077,0.3462242062221776,BALIKESİR,DURSUNBEY,32168,-0.456
54988432B2872798866020,0.6807658094507456,0.7479166388317843,42.955912888911314,0.6792976449755403,0.7458110333793925,0.6292119129818292,0.6884956186230246,0.5404344272090376,0.5955384356963587,0.6760350619121602,0.7415551097401815,0.6799993572543346,0.7467844865996709,0.677960472432299,0.7440278226075252,KASTAMONU,ABANA,4474,0.084
54988432B28758296950663,0.2084681849093734,0.3435177675997593,15.607484370648903,0.20811656664788394,0.34293836446308085,0.20149020441125726,0.3320193210425084,0.19223202022529373,0.31676351227258914,0.20766538211123953,0.34219489415910603,0.2082435541512247,0.34314761684218903,0.2079516563891434,0.34266662225953326,GİRESUN,ŞEBİNKARAHİSAR,19130,-0.204
54988432B28761186895791,0.5001268748178845,0.6084488539798572,33.804316569591705,0.4926085661954697,0.6012027348255587,0.37456703399820684,0.4774093355579894,0.15460936477984485,0.24895752113405106,0.49411944525203627,0.6027295243692053,0.4923549511615605,0.6009479262890355,0.49582077829856475,0.604439767448816,İSTANBUL,KARTAL,475630,2.321
54988432B28793494841069,0.057941619733547015,0.0800454944156743,5.605523842173843,0.056831185439244494,0.07920396766523008,0.05113864659282274,0.0737767663180286,0.04467438247794782,0.06608963405018616,0.0564412164407299,0.07889102383265496,0.05701146133232562,0.07934546045064188,0.0567700503361648,0.07915498020871736,DİYARBAKIR,BİSMİL,119815,-0.727
54988432B28826403720694,0.4543593966611914,0.42948633656198165,17.390787248591128,0.4444093287286458,0.42141616765365925,0.3508555335946468,0.33824550353978333,0.177796050455194,0.19041578341245402,0.4442959065156824,0.42131788840712575,0.4448864175667204,0.42182076756661,0.44682270989709655,0.423447083175261,BURSA,YENİŞEHİR,55609,0.062
54988432B28913521474336,0.14136641122984686,0.21511452843793188,15.750841040923955,0.13985249926678478,0.21364187429507872,0.12705325702123352,0.19663903696637036,0.11215892133240092,0.17516186728479888,0.1386664360368412,0.21225342826384247,0.1402526297804243,0.2140773982219122,0.13939108639931602,0.21311267514215101,TOKAT,ERBAA,103409,-0.097
54988432B28918062782607,0.47161592753435666,0.5253606521543313,27.404748716969085,0.45689088568478703,0.5130441771184321,0.32602949082717175,0.3819883310820805,0.090797844536911,0.14957389706791663,0.44952392255012535,0.5063234507393412,0.459842362092156,0.5156627055267786,0.4552346488111257,0.5115543135243571,İZMİR,GAZİEMİR,137220,2.031
54988432B29112177447975,0.7308928447454921,0.8330656812559892,42.992779811498394,0.71982328383729,0.8227362389907141,0.555710191673009,0.6546860590832261,0.21237474469305012,0.3188925426266786,0.7220646387772743,0.8249321138622344,0.7194419869178962,0.8223613876783354,0.7245649701053163,0.8273519987690205,İSTANBUL,ATAŞEHİR,412125,3.545
54988432B29207959806558,0.6882786944649111,0.7793811765380051,41.836151899677816,0.6742273430355592,0.7671145193500393,0.4923123461823212,0.5890582798430793,0.1748370394722698,0.27370732801730774,0.6783012882992973,0.7708354845535383,0.6728865115393274,0.7658766853429453,0.6809593921986653,0.7732193158313233,ANKARA,ETİMESGUT,632458,1.957
54988432B2925959455693,0.6897972535293558,0.970229495276569,66.79486718509602,0.670269872802148,0.952231955082923,0.4796217554961118,0.7171842245993845,0.23465239165928276,0.3846602687008422,0.6756050717409755,0.9575899816453727,0.6685467463513008,0.9504589210576762,0.6792047151347823,0.9610816154216153,ANKARA,KIZILCAHAMAM,27841,0.022
54988432B29479303092234,0.29060396147141915,0.3794074646055288,25.085347193902173,0.2894189951005517,0.3781142002526118,0.26592615795383684,0.35161849278365986,0.23295806848337247,0.31334534282010557,0.28782816251644205,0.37635677694256015,0.28986180722286786,0.3786009407395818,0.2888388057772074,0.37747456146172303,GİRESUN,KEŞAP,20859,-0.24
54988432B29488154081251,0.2098361029160425,0.2823370604369252,18.934185256135187,0.2079726634571313,0.2804393526294077,0.18965225599573943,0.2577435429557958,0.16640312768374574,0.22781052978460814,0.20683069460051887,0.2791437866259453,0.2083847335007029,0.2808917309368126,0.20767024819507388,0.2801014594201139,MALATYA,YEŞİLYURT,309890,1.023
54988432B29554911606653,1.231173167087277,1.8255896890643553,138.5662873366406,1.2130834947616294,1.8072131344144298,0.7703556287305084,1.225419926936026,0.19367957589038495,0.3184919507040548,1.207313476390722,1.8009855308270428,1.2159096454756968,1.810225218048538,1.2152107800905918,1.8094728615749096,BOLU,MERKEZ,222589,1.48
54988432B29564092922191,0.06993496048674734,0.05058667071420748,0.7692845653542206,0.06678513916276987,0.04830828272319929,0.05418585386685999,0.03919473075916654,0.044736389894927585,0.032359566786141984,0.06593601040211172,0.04769407494056221,0.06725433308767645,0.04864766889593981,0.0667792448815695,0.048304019160882186,HAKKARİ,ÇUKURCA,14299,-0.386
54988432B29828557517044,0.5714051448244368,0.6038046772252508,29.601855222862927,0.5592903754341132,0.5930668821624052,0.4547946275919475,0.49229959980452365,0.3376734855737071,0.3765962717269917,0.5504753020038372,0.5848832883091528,0.5631178936341144,0.5965552514250121,0.5561692405476605,0.590188852877535,ANTALYA,KUMLUCA,75588,0.515
54988432B29874817302279,0.1085420116720971,0.17885755352355115,13.02504140065165,0.10834147174594724,0.17852710008877135,0.10406464294898714,0.1714796617404364,0.09793098297603833,0.16137250230966113,0.1081895231167079,0.1782767163003346,0.10841115036292158,0.1786419178148568,0.10832066118989156,0.1784928080659293,KARS,AKYAKA,9382,-0.832
54988432B29894117930942,0.3658741488628113,0.490152652390327,30.523569257768965,0.36020292988379166,0.4846921503454112,0.29373632966978613,0.40878949116240365,0.19253375826057847,0.28736537238582277,0.3601328834961338,0.484619392156867,0.3605029322342271,0.48500299511394396,0.36170397849221025,0.48623328562800194,BURSA,YILDIRIM,654589,1.085
54988432B29917734585763,0.11004272500635717,0.15213179641110128,10.4159993803785,0.10878218996955374,0.15086962295847423,0.09682880757483327,0.13643291753618,0.08269612403612903,0.11849485014162892,0.1081774939433118,0.1502007712075945,0.10901641255647469,0.15112202538076222,0.10869095217654907,0.15077014710745051,HATAY,ANTAKYA,301855,1.146
54988432B30085289837224,0.7043539404548659,0.8644664980400399,42.14649332298204,0.685893717369283,0.8503410043007964,0.5981720355551605,0.7709660052708951,0.5213410176386197,0.6932432390118702,0.6863016708960914,0.8506678732535058,0.6864980276509431,0.8508249924223678,0.6902374570554589,0.8537904255844325,KIRKLARELİ,DEMİRKÖY,9364,-0.286
54988432B30163162134141,0.17706963445437646,0.22645387682489448,10.979354716549999,0.1627625117174839,0.21412088578987803,0.07980207113704267,0.12238733457926684,0.04390999641394431,0.07235571197585348,0.15987394153402257,0.21133153735213103,0.16430751478191039,0.21558335003959728,0.1639283125424321,0.21522625064221457,BOLU,MENGEN,14152,-0.245
54988432B30290835875558,0.2552291485766319,0.4205713148143073,28.472022339174565,0.2548834649192985,0.42000169397417614,0.24352767093349884,0.4012894171896699,0.21955965366566466,0.361794480241303,0.2546340984114655,0.4195907842658082,0.25496699200636813,0.42013933099703815,0.25486400007633514,0.4199696196311165,ÇANKIRI,ORTA,17223,-0.699
54988432B30380906676277,0.4392214030792841,0.6794020055651991,56.45685021787536,0.4366378089271005,0.6761215056819387,0.37439504413772173,0.5894289427315661,0.245222310249708,0.3952234417947407,0.4342279693316726,0.6729982738395669,0.43743307178784746,0.6771423244176146,0.4360616112808245,0.6753755121662859,MANİSA,KULA,43015,-0.119
54988432B30515055342266,0.11114968622329861,0.18314995936294018,15.159073773822229,0.11074060618891866,0.18247617389552653,0.10241592474238659,0.1687598253761795,0.09098739958769828,0.14992860098818261,0.11039380029534253,0.1819048691597277,0.11086351152437983,0.1826786331571557,0.11067311175436254,0.1823650241127805,YOZGAT,AKDAĞMADENİ,39642,-0.393
54988432B3051798529844,0.006673253023314306,0.010996310934418286,0.8216650376375957,0.0066598664428042945,0.010974252277100414,0.006383854575595494,0.010519434768635864,0.005992731469143232,0.009874934810795427,0.006646583517405163,0.010952364424609699,0.006665123376019277,0.01098291474980922,0.006656400375059703,0.010968540825952656,ARDAHAN,GÖLE,22038,-0.831
54988432B30574350937467,0.2598180319842694,0.36053643610600034,23.12189640409899,0.2565119340606422,0.35768944657066776,0.23332639696188245,0.33243558034117904,0.20720261954955724,0.3009280326153353,0.25503818326109556,0.3562804409860069,0.25715327530096715,0.3582822085527736,0.2562166097054105,0.357411964470518,MARDİN,ARTUKLU,198718,0.311
54988432B30601194399557,0.3081103796789502,0.37732362533267383,21.796055265539252,0.30419952391410077,0.37363981182961375,0.2599097497874398,0.3265073047954816,0.20363096961965535,0.26483598052394863,0.3014328447359458,0.37083954786152806,0.3052127101106559,0.3746429034088595,0.3034029303230997,0.3728411323971236,MERSİN,YENİŞEHİR,281358,1.948
54988432B30610507715485,0.08844235668170579,0.14573249311804368,11.59367377539994,0.08821897765577444,0.1453646260288349,0.0835557615680401,0.1376813756507261,0.07699784225599514,0.12687577688116608,0.08800219047912612,0.14500749123511908,0.08829250170919524,0.1454857398394478,0.08816530588141963,0.14527621000803212,BİTLİS,AHLAT,45637,-0.706
54988432B30800064682822,3.335080170686631,5.469180450321797,492.45161201338016,3.3256470388200654,5.4552060973647905,3.1564758641311053,5.182721628428255,2.8911593713533708,4.750237371257504,3.3184375133500157,5.444432114907641,3.328190664935336,5.4589889129707325,3.3241228511491676,5.453236302252408,ÇANKIRI,ILGAZ,13948,-0.249
54988432B30848484740175,0.17447837132852678,0.25042015181224053,16.37253603793668,0.17303610863386967,0.24899713462475345,0.1577341594578841,0.2301260813950118,0.13890717148109308,0.20561460998021228,0.1716785244710748,0.24746254591497974,0.1734766481177349,0.24946943464457516,0.17249537696284137,0.24839708775251246,TRABZON,HAYRAT,7410,-0.676
54988432B31063140501282,0.3021454950013418,0.4172598663295283,27.385737441339053,0.2976393786193932,0.41214834178280696,0.22193976706065385,0.31755106114027226,0.0970453896688067,0.15981306109521487,0.29445646160139444,0.40830229069775853,0.29879283022809633,0.413519846017004,0.29695827391119817,0.4113317229273123,İZMİR,BUCA,520941,1.227
54988432B31153885682838,0.26026105386486226,0.28200437393673017,16.06465977381313,0.2485726726134981,0.2728089659267851,0.18989781379912912,0.21638313744221221,0.13727440959470766,0.15986408399548438,0.24339750760802414,0.26812383013004076,0.250893837735764,0.27476771431030245,0.24723204151748177,0.27150985131696737,ISPARTA,ULUBORLU,6287,-0.113
54988432B31165455278537,0.22799779978715085,0.3612062264082977,27.202399517339273,0.22674134565487014,0.359842027177809,0.21333663527021826,0.34057833251048364,0.1964120213737373,0.3148082657638045,0.22551360325576897,0.35825080286817784,0.2271673936829586,0.36035713638733186,0.22623702581636865,0.3592028916091183,ARTVİN,MERKEZ,35710,0.913
54988432B31167647566127,0.34364849360302985,0.5649061279019486,49.18704706004455,0.3426789275141208,0.5633240847711941,0.3202913270167937,0.5267202377915138,0.27729764216780056,0.4562342199348161,0.3416646036890334,0.5616684855823251,0.3430107982802302,0.5638656654169109,0.342400584910481,0.5628698141716312,MERSİN,GÜLNAR,32785,-0.278
54988432B31268227976167,0.18041366671661632,0.24351082622009496,17.16668892198884,0.17910501311392074,0.24201458762643466,0.15258523264735974,0.21033544157512168,0.10938379523834812,0.15413295849830175,0.1776144541224729,0.24031453262014887,0.17956904060751225,0.24253954443590148,0.17863651375232883,0.24148502293417745,UŞAK,EŞME,34444,-0.172
54988432B31302636835519,0.0009386776332007574,0.0015467705309235964,0.0939218022507718,0.0009352964450556108,0.0015411989459646709,0.0008707761536697428,0.0014348812050998258,0.0007838059536034563,0.0012915700855279692,0.0009326192868929162,0.0015367874747564377,0.0009361888136746808,0.0015426694076374305,0.0009348118702060121,0.0015404004544795483,KAHRAMANMARAŞ,ANDIRIN,31609,-0.718
54988432B31401632471854,0.468922785859565,0.7726986003489749,66.04442872682716,0.46745831254390974,0.770285468285564,0.42869808035345847,0.706415979823736,0.34528726802376214,0.5689704234019861,0.4658091974690711,0.7675680565441302,0.46797072976061466,0.7711298268904572,0.46697448234392225,0.7694882138399588,BALIKESİR,KEPSUT,21386,-0.536
54988432B31459503377293,0.027659958495158572,0.045578596073494404,4.130436290881859,0.02756163054982525,0.04541656944920035,0.025551637943964298,0.04210446610279503,0.02278278866308465,0.037541904557965244,0.027447826383867342,0.04522904081959,0.027595019474416446,0.04547158834257783,0.027526159165298113,0.045358119039456864,KARAMAN,BAŞYAYLA,3353,-0.528
54988432B3164241130289,0.9455866269858868,1.121421565685277,60.56381326173062,0.927793118375939,1.1071454654961668,0.7856884371319306,0.970982363823774,0.5873695600845399,0.7656175043801691,0.9036394694933723,1.085876723978428,0.935168295554675,1.113271009144135,0.9146146380285183,1.0957273637201013,MUĞLA,MARMARİS,97373,1.671
54988432B31644697369800,0.01934257704354696,0.03187305961585529,2.7189237905377843,0.019264675132082378,0.0317446913915639,0.01768730113218076,0.02914546506188839,0.01553104305772432,0.025592342745270925,0.01921392462585841,0.03166106375979748,0.0192850186870698,0.03177821388132587,0.01926149147721497,0.03173944530562837,ELAZIĞ,ALACAKAYA,5336,-0.729
54988432B31653952568158,0.19783689976745894,0.325999337436161,15.927836203967862,0.19746423293879428,0.3253852500774736,0.18977390130297586,0.312712978014537,0.17904269851453272,0.2950299016873323,0.19712673173946924,0.3248291092994227,0.19759832076641903,0.325606202503514,0.19738955055495358,0.32526218705091564,ERZURUM,NARMAN,11119,-0.796
54988432B31664517784670,0.4923782477099646,0.7624406584957957,57.35663295598312,0.4869732335061873,0.7573038025399057,0.43732332035115795,0.6905682580675415,0.3664144831800294,0.5850322342848167,0.4823155462476926,0.7518882328520903,0.4884374300732002,0.7588717404342665,0.48501934427055676,0.7550722856301515,DENİZLİ,KALE,18855,-0.379
54988432B31670824468199,0.5798028325472517,0.7488296353603544,53.466651687924106,0.576620913762718,0.7455886490511842,0.5125267048496261,0.6773855480713432,0.4195020071734794,0.5717431749807029,0.5756394326495856,0.7445838174459916,0.5772118776134085,0.7461925262474558,0.5771742695120252,0.7461536302973782,KIRŞEHİR,MUCUR,17920,-0.281
54988432B31747989283018,0.18223377545333758,0.27205084623725195,19.88860222622081,0.18077507894429518,0.27022062651606926,0.16203104482124267,0.24338270568647433,0.13531494016532192,0.20529413523241655,0.17989199832059463,0.26900571481559554,0.18108346832472505,0.27063586077388174,0.18060001417529134,0.26998236358369404,KAHRAMANMARAŞ,DULKADİROĞLU,213930,0.595
54988432B31972473687163,0.44604849867809176,0.3226609843211512,4.908782664192973,0.44334488812034584,0.32070527737284377,0.3903832272832519,0.28239444747546366,0.3201982766824896,0.23162478689761476,0.4396256517732897,0.31801490061476945,0.4444414699448967,0.3214985083602653,0.44197897413205883,0.3197172195593601,ERZİNCAN,KEMALİYE,4484,-0.276
54988432B32118226842539,0.23972451611727266,0.31778462480248776,21.503274256020394,0.23890900923128766,0.316716006705957,0.2182397237412334,0.29114307925553434,0.1823592488582659,0.2486137022960926,0.23790083533430678,0.31541186229668966,0.23919979852727918,0.3170953538201245,0.2385866178705682,0.31629867515544197,SAMSUN,TERME,71348,-0.202
54988432B32155349148151,0.1575079069390108,0.2592220759486418,20.721165576677933,0.1568217539982546,0.25809322961126224,0.13979143190647983,0.23009260766774764,0.11022052757554607,0.18147333222125495,0.15611921696164677,0.25693774885878573,0.15704536364666336,0.25846108723956857,0.15663775086014725,0.2577906335389363,BALIKESİR,MANYAS,17650,-0.303
54988432B32272260481073,0.2577722929532591,0.3537553108900914,22.661400545633537,0.25324371327878575,0.34998617370569907,0.22631702728833628,0.32044100199808234,0.19919243094360292,0.28690216891503556,0.25009231315560576,0.34698572295056157,0.2544205303914124,0.3510392886415491,0.25191979684856036,0.3487547402194904,RİZE,İYİDERE,8495,-0.187
54988432B32280148114029,0.608785564555377,0.8545392747283851,59.976726603565204,0.6008228581369345,0.8472833794365742,0.5167531448657138,0.7493684655401768,0.3918155037923774,0.5885580609955486,0.5954241966371455,0.8417152813416795,0.6027801440601668,0.8492182157705571,0.5991334861117857,0.8455722622436783,BALIKESİR,ALTIEYLÜL,188858,1.245
54988432B32461225341522,0.2203487530704764,0.36150092213306034,30.03728997481599,0.21952619154027095,0.3601685180332898,0.20376574031070896,0.3344298020539539,0.1813468338885181,0.2977605653920935,0.21811688290902778,0.35787232689876863,0.21987840404380843,0.3607412368729167,0.21891720315724564,0.3591768540398633,KASTAMONU,SEYDİLER,4639,-0.169
54988432B32556235228389,0.0616961486488521,0.08498573509009795,6.25192712071936,0.06122060985455712,0.08452703909134625,0.056355518266780175,0.07863368786219241,0.050381739998760555,0.07100322565763434,0.060898994730254334,0.08417309907999096,0.06133798194663797,0.08465093627517384,0.061125656385287545,0.0844243955652712,ŞIRNAK,CİZRE,166290,-0.475
54988432B32684259878344,0.14486536920169998,0.238711860288497,17.383844304203997,0.14389204285422255,0.23710799495922952,0.12500513960047344,0.20598580312251819,0.10018328744327756,0.1650838916656789,0.14319654906119658,0.23596194730086084,0.14413773425138657,0.2375128498310122,0.14380987274343138,0.2369725935163922,KONYA,HADİM,10621,-0.681
54988432B32742798326876,0.10991543429815452,0.17014004452877918,10.962496903152882,0.10894232130107262,0.16916634785631388,0.1008480521119962,0.15835487394917022,0.09140122784770265,0.14468816440423016,0.10832832716183954,0.16844757996409113,0.10916532993180576,0.16941374699053635,0.1087473233402905,0.16894327411525073,ORDU,ÇAMAŞ,8407,-0.776
54988432B32773336843775,0.3546007644913267,0.29263772692843215,8.542766296911632,0.35261737379767527,0.29110825338089913,0.31336308599277035,0.26053690202836505,0.2605619755697098,0.2187960438051538,0.35118656047802,0.29000393423613874,0.35321714151722433,0.29156847506995326,0.35244372463526513,0.29097421558697933,NEVŞEHİR,KOZAKLI,12678,-0.13
54988432B32789090404224,0.028310035276441242,0.040594191095437375,3.061532339426215,0.02774523735027448,0.04011759576897845,0.024205002169917708,0.03610028710433023,0.020100095256078167,0.0306984125715772,0.027532103712008406,0.03991384860089138,0.027832748373855066,0.04019825915754752,0.027716280714919394,0.040090494178591944,GAZİANTEP,NİZİP,152660,-0.157
54988432B32797670855633,0.2728220292145019,0.3119512910744316,18.506207430822048,0.2702502766025127,0.3092777237592436,0.23502809746141626,0.2669608385372345,0.1842195700753909,0.20603157469347416,0.2688567303862914,0.30768579988150996,0.2707704376939862,0.3098595954110295,0.2700805790702193,0.3090861551225955,KONYA,EREĞLİ,158010,0.453
54988432B33032294423976,0.42164237023769274,0.5375465447861373,31.189830193179176,0.4172003877440863,0.5337057346055446,0.3796346531551553,0.493740496649916,0.3307532054974341,0.4383209765653953,0.4138673059536645,0.5304880580819559,0.41834590148239603,0.5347642496732901,0.4159130876896582,0.5324835798622564,SİVAS,MERKEZ,393912,1.138
54988432B33037798502080,0.21103832806746256,0.2826640042227726,21.869309524953298,0.2101985661467452,0.2816037622515455,0.19318941079056862,0.26002352119943295,0.16995428810594213,0.23041290954426813,0.2092130613868174,0.2803579917051237,0.21048660375900688,0.2819676114113757,0.209886042666126,0.2812088378683181,KARAMAN,ERMENEK,27629,-0.275
54988432B33062852785358,0.006121249584736379,0.010086709361352758,0.7554996078718291,0.00610389976761278,0.010058120008741699,0.005749032446234209,0.009473363010511639,0.005259200947506057,0.0086662095208015,0.00607469793023251,0.01001000067585144,0.006111483028217624,0.010070615847160565,0.006091833612184358,0.010038237172528173,BARTIN,KURUCAŞİLE,6316,-0.732
54988432B33089612553406,0.15725995287555208,0.1978287789826922,9.522521869766564,0.15582629567697628,0.19646000083295262,0.14581794935401363,0.18618681478596802,0.13485468171055026,0.17455291543090473,0.15485718498141035,0.1955024097435995,0.15618553200146154,0.19680981378381252,0.15545752781912406,0.19609763896017315,SİNOP,BOYABAT,44901,-0.003
54988432B33125693367385,1.0359274097819149,1.607603401247718,133.27952165963552,1.0121627189856117,1.5739526923221852,0.519190670983541,0.8332991747834275,0.06438179081341482,0.10608951703548186,1.0045971341085627,1.5628980978118607,1.0158519045170589,1.5793245840888204,1.015052780180868,1.5781781182122698,BOLU,GEREDE,37196,0.024
54988432B33332852238285,0.26592237267293595,0.39699830881133946,29.63486810154959,0.26388140394060366,0.3943001825004601,0.2185793668536311,0.33220940145342615,0.1413569819437385,0.22327443783204315,0.2620225547129488,0.3918354817057787,0.2644993589108285,0.3951160870444509,0.2634428880613733,0.39372047785797126,MANİSA,SARUHANLI,58475,-0.192
54988432B33535114810594,0.27414730445790914,0.3422009961055181,24.18332238935061,0.27078885288663124,0.33900606669309075,0.22698953978449596,0.2915476578219289,0.1705556846718828,0.22699198554541614,0.26815647555420946,0.33631172924306807,0.2717258649202832,0.33994462041452933,0.2700397018996961,0.33824634001727455,MERSİN,SİLİFKE,139610,0.519
54988432B33750113115729,0.23121410671810314,0.38099721421773963,29.637475703294875,0.2296273662290786,0.3783826938072974,0.2016987951789399,0.3323620337297912,0.15864103788683498,0.2614110778765672,0.22816943211334353,0.3759803478820619,0.23010767425792603,0.3791741268182265,0.22920948566512142,0.37769412424821797,BALIKESİR,SAVAŞTEPE,16266,-0.426
54988432B33764412560738,0.7595057969314367,0.9491137455068359,65.31160243638006,0.7539859033768848,0.9433187381073312,0.6536058606262324,0.8388381345095656,0.49961292673219365,0.6618437169483401,0.7524726573688089,0.9411673286708903,0.7548348959993166,0.9443529749062618,0.7549460948986376,0.9439050441548602,ESKİŞEHİR,İNÖNÜ,6114,0.323
54988432B337940392373,0.6176929157132632,0.6859608813173343,35.58701386173988,0.6036785985416474,0.6744869584538429,0.468586662876365,0.5470461608340447,0.26671588860483175,0.34769429539610214,0.6035210881107061,0.6743507921153598,0.6043552837762719,0.6750707970574784,0.607103237948424,0.6774207036468207,BURSA,NİLÜFER,578059,4.072
54988432B34008430678481,0.32176574222694004,0.5283572826495752,40.66813979977451,0.3206213736806188,0.5265451753203129,0.29935494801471946,0.49180594230237046,0.26092354054558525,0.4288795485168697,0.31940852932480407,0.5246144798944382,0.3210219053325075,0.5271794642192486,0.3202117579815896,0.525908210013033,AYDIN,KOÇARLI,22234,-0.531
54988432B34132798290249,0.2528603423219287,0.3290512479641664,18.453094753348598,0.2500724664285652,0.3266327274602406,0.225561306472317,0.30065869368093695,0.19710437475821965,0.2686623177058936,0.24817691141066073,0.32479859222654567,0.25080702442795394,0.32731605506443673,0.24944581193505216,0.32603592786215585,ZONGULDAK,KOZLU,50616,0.622
54988432B34153029371714,0.19309212947496118,0.1396725379089368,2.1242401304126646,0.1798586979189236,0.13010026737572475,0.12692472083526096,0.09181077187188816,0.08722407378329329,0.06309337960755623,0.1748064087502271,0.1264457300678059,0.18231227647985018,0.13187504201587527,0.17866221437860338,0.12923479715141878,ISPARTA,SENİRKENT,10331,-0.387
54988432B34226837880284,0.5843981380089015,0.7827405705733148,47.71519599415061,0.5778904376126646,0.776584292555866,0.5120490090010619,0.7010756969456274,0.4186986325899489,0.5902599377489905,0.5730433180259678,0.7714313160370492,0.5799581702759409,0.7786875970196941,0.5761885912517591,0.7748032782352944,ANTALYA,KEPEZ,649102,1.392
54988432B3445581450876,0.06405224171487521,0.10554647987758627,8.431469144881829,0.06389184957523682,0.10528218271505724,0.06023027116662702,0.09924856544456614,0.05427494414469906,0.08943526638030577,0.06376968880590517,0.10508088391837357,0.06393779493190173,0.10535789233165875,0.0638748952157721,0.10525424500496038,DİYARBAKIR,ERGANİ,141098,-0.572
54988432B34477640243489,0.22956334202736392,0.2677617994416709,15.922917679156203,0.2228937571187925,0.26263698040517575,0.19081745917295947,0.23324284776305682,0.16247238511521217,0.2041316480029669,0.21864858580961768,0.2591192145794546,0.22455229095386509,0.26396361806391333,0.22107798754045602,0.26115233571827723,RİZE,FINDIKLI,16388,0.018
54988432B34565722813998,0.902964207906504,1.447122323779999,119.79941925530582,0.8960715522007684,1.4385414754621513,0.8071584338526862,1.3031984229425955,0.6847450858267307,1.1098997454769404,0.8871837882336494,1.4258839843830518,0.8987473758327804,1.4421468438715737,0.8921001220515481,1.432978978914842,ÇANAKKALE,GELİBOLU,44689,0.465
54988432B34660982943926,0.8835583955514251,1.3128017909334524,104.63987527903863,0.8743227045237555,1.3052611596779946,0.7798310108917434,1.187919520998851,0.5514884190556901,0.8454027156224624,0.875173809704886,1.305990157873681,0.8743481309211196,1.3052918256119546,0.8771472472115373,1.307694251989809,YALOVA,ALTINOVA,35490,0.556
54988432B34754350739794,0.0339711517881884,0.04371696679078768,2.44049085158094,0.033262206754938795,0.04316200609553733,0.02966197155801152,0.039682479986332515,0.026345240689654006,0.03605686543540195,0.03304317254983354,0.04297678208422435,0.03336200265743095,0.04324460191126929,0.033250786974700484,0.043152530447273324,ADIYAMAN,BESNİ,75398,-0.444
54988432B34790562397224,0.5516164958984888,0.8511372398214994,68.49685634489711,0.5472800743208497,0.8462321696744246,0.4760717011822677,0.745463303442037,0.3629422175454031,0.5761664279067042,0.5433321173083776,0.8411726849230124,0.5486374694991493,0.8478989252298547,0.5460086017235658,0.8446296876919748,AYDIN,ÇİNE,47906,-0.07
54988432B34891185513050,0.7960301951849088,0.7798283299602351,35.560907325088166,0.7897563382314948,0.7748039567683347,0.6715117056824477,0.67883447948148,0.515766426582448,0.5477837629733662,0.7823480399318796,0.76878827810008,0.7923524978884576,0.776878379313268,0.7873313779061151,0.7728145943469465,BURDUR,YEŞİLOVA,13915,-0.336
54988432B34962882153864,0.21689885255952696,0.32117133915722257,24.992006404723767,0.2129452461701963,0.31736574202192674,0.18005011607036958,0.2741468199017199,0.14118325390836145,0.21845231523104192,0.2105865565329378,0.3146814060074053,0.21385856592303434,0.3183488610664671,0.21224877755651442,0.31659243996418845,MERSİN,BOZYAZI,26832,-0.211
54988432B34987359358505,0.09303913254613001,0.14329888062731233,10.62711579563295,0.09286653979637663,0.14305407963706968,0.08918385854851722,0.13778939568554127,0.0837900088899653,0.13000093240817615,0.09270695825741188,0.14282742122350442,0.09292136050999704,0.14313188362126217,0.09283028009646953,0.14300260015521138,SİİRT,MERKEZ,180837,0.074
54988432B35038871298949,0.15086393406660853,0.18613365671918256,10.608027871123678,0.15025538789176218,0.18551814646879689,0.14208486514982788,0.17606281373001387,0.13053293841802588,0.16247408378086023,0.14978552344003318,0.18499995051648335,0.15041945404694246,0.1856945917962321,0.15011934817118902,0.1853696890219122,VAN,EDREMİT,132309,-0.377
54988432B35042353333735,0.3149366912039651,0.419241176209567,25.863849878128004,0.3108061334925307,0.4159550119232232,0.2840452624603575,0.3895283335388918,0.25304022818162636,0.3543075402534465,0.3108837704947902,0.41600382229631727,0.3109591645111523,0.41608999325235396,0.3118225277122741,0.41679008189866673,KIRKLARELİ,BABAESKİ,46355,0.252
54988432B35345810127315,1.5851110706803866,1.573122690067995,72.33523818803806,1.554851079060099,1.5479674991071493,1.092095902555177,1.1340512135687157,0.2452670260525127,0.37772457003204796,1.563966667913158,1.5557772122414162,1.5518202370475946,1.5453514167035283,1.5698209819020446,1.5607315263692432,ANKARA,GÖLBAŞI,172810,1.79
54988432B35509610678021,0.2913470057447698,0.39180613903348394,25.24477105518028,0.28530099711209095,0.3856067562868992,0.205248815848158,0.2897892082266513,0.08772820274379883,0.14351411870117253,0.2815376855545606,0.3813650946097555,0.28671251165575373,0.38715787167910864,0.28448223887725416,0.384695146694814,İZMİR,BAYRAKLI,296481,1.322
54988432B3557290765638,0.7148719124476294,0.6571700791492752,24.882099040866066,0.7109053827479844,0.6539246960403401,0.6330810366042864,0.5897143281365025,0.5292829290188014,0.5032389934103827,0.7065677221838029,0.6503632129225434,0.7122454603940573,0.6550229491545294,0.7096137758209213,0.6528627975725566,ORDU,KABADÜZ,6794,-0.744
54988432B35702566688880,0.20237162247713347,0.27196513500015923,18.139498299981554,0.20044215992135855,0.2702314834669092,0.18190215017588268,0.2495855157251912,0.15909964494010576,0.22238909706630144,0.19907028904961643,0.2688425525145596,0.20096429203076313,0.2707380306052473,0.1999893936450297,0.2697795878749096,ZONGULDAK,ÇAYCUMA,91796,0.08
54988432B35722603775069,0.5293178561662868,0.7114345693308581,50.29718932749138,0.5228675986596156,0.7051127130222149,0.4480107089651542,0.6214850271916889,0.3484411127580702,0.501467706460659,0.51717696039349,0.6991564672711272,0.5248265013441142,0.7071140283375205,0.5208188341373847,0.7029880883204142,EDİRNE,MERKEZ,200753,2.113
54988432B35777167420059,1.649080871038275,1.5312742898475638,52.88615592045122,1.6281196535244522,1.514897459869197,1.4463681086012705,1.3672043838987644,1.2264079919893522,1.1854907497101868,1.6190886188184874,1.5077188002514375,1.6324219067727002,1.5183008156466442,1.6269602545484283,1.513982932784875,NEVŞEHİR,ÜRGÜP,39979,0.527
54988432B35906022990026,0.6262764681203198,0.7717779090862439,44.080846732512605,0.6132219513276573,0.7610572239399365,0.5175656707476478,0.6678824407615455,0.4080879789764003,0.5496475959940995,0.6045834040703235,0.7533483420885261,0.6171157242957477,0.7644109088032228,0.6101122726002045,0.7583125321184382,ANTALYA,KAŞ,63957,0.203
54988432B35969765693903,0.3433932295174811,0.5358012770368876,37.753139072103714,0.3417251903882369,0.5334802064254743,0.31221799855098453,0.49247544344002125,0.2667475291039926,0.4269296802205421,0.33998946262398344,0.5311014220230068,0.34230666648941077,0.5342790411905773,0.34117077866527135,0.5327200151462764,AYDIN,İNCİRLİOVA,58230,-0.091
54988432B36041856094312,0.15549351998404232,0.25617924850028867,19.754180369718053,0.1545846689702888,0.25468211044270855,0.13701025361066785,0.22573162225199908,0.11393282696497121,0.18771553395517873,0.15382940541536191,0.2534379713258256,0.15483134235617727,0.2550884527812471,0.15443993789418653,0.2544436964680434,KAHRAMANMARAŞ,GÖKSUN,49145,-0.502
54988432B36117430101282,0.34164801145476575,0.4382736159531184,28.69403433662599,0.33746898630835087,0.4344277822419386,0.2987997984892031,0.39055710616704614,0.25106058851261615,0.33428333675001826,0.33518137640408485,0.4320551990280172,0.33851522714259313,0.4354727476715439,0.3369306571276524,0.4338788061646078,ERZURUM,PALANDÖKEN,181922,0.378
54988432B36177439275968,0.022557188372119435,0.03717015618611696,2.8023632642348666,0.02243217587653266,0.03696415826166286,0.019934999517886163,0.03284926443075019,0.016406455813055238,0.027034864229162393,0.022293773009152924,0.036736095432544066,0.022476340995015522,0.03703693436854749,0.022390509066683353,0.03689549891439286,MANİSA,SELENDİ,18568,-0.528
54988432B36260416662231,0.46562861857554255,0.5211697745650307,27.054616814414203,0.4593930000257521,0.5155570270285548,0.37142900745383967,0.42692711431144426,0.18900677226661167,0.24829202831881575,0.4600726810118171,0.5162645537133655,0.4594219312373243,0.5155571883851792,0.4616293719621031,0.5177048971341044,KOCAELİ,GEBZE,414960,2.334
54988432B36267085321319,0.00046450962705299573,0.0007526474554101095,0.05991835951882977,0.0004626565330210684,0.0007496068261506834,0.0004258249184554268,0.000689928293130558,0.0003744541568399948,0.0006073778987304778,0.0004610577057838022,0.0007469925121629193,0.0004632976097363761,0.0007506569814750709,0.00046231423597443993,0.0007490467546419398,ERZURUM,TEKMAN,20826,-1.277
54988432B36427542576396,0.026479113375084726,0.043632777435963783,3.004234771596773,0.026317308692439683,0.04336615265869345,0.024193648432467563,0.03986674562944778,0.021474037630553614,0.03538532016963573,0.026230557296085515,0.04322320208796393,0.026352151370641553,0.043423567074415005,0.026307665358174085,0.04335026219243083,OSMANİYE,SUMBAS,13049,-0.987
54988432B36565352267385,0.4794093369961356,0.6270826915935194,36.41909916960452,0.47739168164798906,0.6248709615235805,0.4350601297502403,0.577447861887789,0.37198537337000026,0.5049180239009887,0.4742155868925961,0.6213842705597218,0.478190374562119,0.6257459008136378,0.47612451254891613,0.6234824155168981,ÇORUM,KARGI,15119,-0.583
54988432B36689852261015,0.20926940637451635,0.28102440825428565,17.812183590748138,0.20730825033102399,0.2790084290761005,0.18484337615360924,0.25178935030391886,0.15125564893012067,0.21048729476656372,0.20729591485340879,0.27901023834327077,0.20742000399289828,0.27912521209143404,0.20783729410237003,0.27960062804169583,TEKİRDAĞ,ÇERKEZKÖY,223975,1.034
54988432B36753420123285,0.01001703772954772,0.016506261808307592,1.4153020207937461,0.009959799309236,0.016411943270565405,0.00884697015428887,0.014578202610360828,0.007378206436791752,0.012157946331996466,0.009918510329199626,0.016343906518315982,0.009974334340474404,0.016435894366437324,0.009954721105640748,0.01640357531186122,KİLİS,MUSABEYLİ,11692,-1.243
54988432B36991847269691,0.043251885987548824,0.059155678309140876,3.8004808653451594,0.04313647210151919,0.05901191536661823,0.04073881641642226,0.056005351290107225,0.03738398673745233,0.051772097404272965,0.04301433118250985,0.05885953467654859,0.04317571974580303,0.05906083678205841,0.043102285833908946,0.05896928383451971,ŞIRNAK,SİLOPİ,152610,-0.621
54988432B37281508268494,3.4328317241492936,5.0623024627117825,412.46148392216435,3.415279144671389,5.042876770552438,3.0909602451775235,4.633022985931132,2.555934318177556,3.901169319365345,3.413629097025023,5.040962776896659,3.4170416491094096,5.044912834779173,3.420113623433851,5.0484417992433,ESKİŞEHİR,SİVRİHİSAR,20189,-0.163
54988432B37425525232192,0.1915432911528822,0.15432001144571775,4.391930091073648,0.1811081103048026,0.14670632449756935,0.13823586853706293,0.11438703959830958,0.10518087156007556,0.08866319507386745,0.17367878232699893,0.14121515625779554,0.18383734996780365,0.14870942728788367,0.17747626239329115,0.14402875460862996,KASTAMONU,KÜRE,5108,-0.564
54988432B37474601695355,0.18963276348961947,0.26211181481897633,16.21869367513878,0.18839247390645922,0.2609975697511024,0.176981205059054,0.2481447932707657,0.16316522500620945,0.23155099477375257,0.18739407898635643,0.2599821972171113,0.18875510786900662,0.26134901133081123,0.18800983350949865,0.26061676934334094,BARTIN,MERKEZ,163766,0.475
54988432B37568422397165,0.38279120617069584,0.5216428698403665,32.41084142756035,0.3733055919087965,0.5117569419721212,0.2570580475431468,0.3736418209192687,0.12298894495329661,0.20266347993662834,0.36711015603799774,0.5048080420634357,0.37561983140369926,0.5143035144471475,0.37195815119778997,0.5102593507323384,İZMİR,ALİAĞA,110892,1.154
54988432B3765894828003,0.7489871774498073,0.7989250874942714,37.58397742129079,0.7474954391938896,0.7970656314075145,0.7088080477572207,0.7546008907801779,0.6343701788340654,0.6799993613194245,0.7464516613123523,0.795813656449986,0.7479300479016077,0.7975935883353912,0.7473828083328861,0.796935243120306,NEVŞEHİR,ACIGÖL,19430,-0.746
54988432B37815210260305,0.026711243667582082,0.04401528606626454,3.3770549089682986,0.026580568972423464,0.0437999578636317,0.024017173839489106,0.039575947500014315,0.020610515929587497,0.03396239298715567,0.0264845854644863,0.043641794447054245,0.02661423988292889,0.04385544141866386,0.026567992226429964,0.04377923366675132,HATAY,HASSA,57457,-0.627
54988432B37822408254427,0.009712346944632423,0.01600418664375515,1.4032478257207528,0.009688622719754226,0.015965093423023484,0.009191362447728488,0.015145698661963948,0.008490014441445256,0.013990004321680348,0.009673616561152952,0.01594036599468616,0.009695253899523705,0.01597602040486464,0.00968800215301336,0.015964070841560696,TUNCELİ,HOZAT,5332,-0.304
54988432B38029735650586,0.6469810745248812,0.8774406098827873,64.0804681507103,0.6390245337942945,0.8697190307046484,0.5522275909637531,0.7647802013970557,0.4361600027659192,0.6132967215305021,0.6336627080413088,0.8634760240649734,0.6410604431974761,0.8719158795359551,0.6375515145513656,0.867880824744293,ISPARTA,KEÇİBORLU,14033,-0.147
54988432B38192653794481,0.038659910264807126,0.0636540890485784,4.558202753574479,0.03843181575289973,0.06328211370656836,0.0340320326879755,0.056047610873668254,0.028060751768692077,0.04621968533079532,0.03817027016560492,0.06285346201435857,0.03851724441408812,0.06342201432808742,0.038348637529246825,0.06314606914872313,AYDIN,KARACASU,17225,-0.422
54988432B38234648965516,0.667673578511997,0.8068720434511708,48.39132955431157,0.6606752560658202,0.8005373522607334,0.5920154758545533,0.7252693851562136,0.4913230425608749,0.6086379272748081,0.6609865478173936,0.8008437635132067,0.6608826768026644,0.8007373320526145,0.6626951994232568,0.8024810425687967,SAKARYA,ERENLER,92549,0.69
54988432B38360360890356,0.49948840002273354,0.6779043649682596,39.980464022716944,0.49385573955798506,0.6714844422491658,0.39384286460861095,0.5501172012687146,0.2005453124016224,0.3263227942230762,0.49511202023646594,0.6729850889754061,0.4936387476819164,0.6712239703069346,0.4964721799324861,0.6745902059705317,İSTANBUL,SULTANGAZİ,529306,0.816
54988432B38529977657987,0.40411628629319346,0.6659103621902414,58.58351045480563,0.40327337476933545,0.6645213968424318,0.3869592040929199,0.6376386017845673,0.35489893162080904,0.5848090861774388,0.402096722734491,0.6625824876490356,0.4035949237036667,0.6650512511803663,0.40282680417791517,0.6637855294835491,DENİZLİ,ÇARDAK,8497,-0.236
54988432B38557557981800,0.0017324427960137855,0.0028547515873448854,0.1739883291689771,0.001674226677034349,0.002758821979482507,0.0013958155450475333,0.0023000509177178085,0.0011420322189754605,0.0018818620143884134,0.0016545245786437736,0.0027263564938780566,0.0016825909669462879,0.002772604812576945,0.0016716406354331582,0.0027545606518456435,KONYA,AKÖREN,5744,-0.672
54988432B38576388688416,0.45051940627643505,0.5303008427762256,32.07863525452036,0.443061904938988,0.52428107461833,0.3548199291823583,0.4399759848703787,0.20293885910525658,0.2793924940853315,0.442977707174384,0.5242130447701029,0.4434354652891133,0.524592854326947,0.44494920308863467,0.5258539090870081,BURSA,GEMLİK,124400,0.743
54988432B38658846076,0.08691495371778714,0.06286895871908674,0.9560644908956585,0.08625802479442675,0.06239377653699388,0.07365391684003629,0.05327673615694108,0.05725047767501,0.04141149208092609,0.0856727065092462,0.06197039310831454,0.08649266316668136,0.06256349957668032,0.08612791305939951,0.06229966167012234,ERZURUM,HINIS,23011,-0.909
54988432B38688250747899,0.2318046770553325,0.2702543283026474,16.37829849753426,0.22570906904813454,0.2652402775627141,0.1808075837839974,0.22103468090835088,0.1322768406087642,0.16960521587031788,0.22180216720853752,0.2617118857916835,0.22719331220455435,0.26653431245754067,0.2243670489339134,0.264044404155068,UŞAK,BANAZ,34624,-0.264
54988432B38711157277910,1.6027281366478061,2.493931057393977,215.47055245844697,1.596479315679188,2.486786930853767,1.4271026607947994,2.2431589982495126,1.0608534297713303,1.687073863517237,1.5911120169258062,2.4801418061093696,1.5982520877384805,2.4889267297474156,1.5950482000124226,2.4851102846796898,BALIKESİR,SUSURLUK,37676,0.225
54988432B38730133189438,0.3795009665254674,0.5579914112731036,22.88702464493158,0.36829518003692563,0.548353199994672,0.2975700045417388,0.4671185069620308,0.22914677292580876,0.3775923310426611,0.3632116778554459,0.5433430623264904,0.37040249260744873,0.5503401699235818,0.3671321377096136,0.5472321110741921,İZMİR,KARABURUN,13725,0.676
54988432B38814369243914,0.8420678546187154,1.3697144303371345,116.70668655085946,0.8364974947657167,1.3621333837031315,0.7026806242920912,1.1480190312805396,0.3915554094211794,0.6401347819275646,0.837375235358083,1.3640929804169994,0.8362264489965875,1.3614650257578067,0.838776258202584,1.3659564495672345,KONYA,KULU,51732,-0.125
54988432B38852323422695,0.14509764894183977,0.23908901429302856,19.27928461847027,0.1446064978697133,0.23827972369245165,0.1350643584696499,0.22255673272644172,0.12135056783813866,0.199959845309448,0.14378636945348527,0.23692836774705386,0.14481494755172888,0.23862319437823404,0.14425779963968138,0.23770516115347232,KASTAMONU,DADAY,7736,-0.451
54988432B39031228995551,0.007869535891518195,0.012967568181570336,1.0311307453277552,0.007843514808517693,0.012924690155137928,0.007208022454034922,0.011877513987544115,0.0061178621176654424,0.010081127429862674,0.0078005675812060716,0.012853920912065653,0.007854238684939811,0.012942361158941906,0.007826366277565189,0.012896432485637996,DENİZLİ,BEYAĞAÇ,6011,-0.57
54988432B39086486871912,1.2041718903585617e-06,1.984256925161898e-06,0.00018062578355378423,1.2002475351736074e-06,1.977790299412794e-06,1.1194668497621284e-06,1.844678377659394e-06,1.0074812041690628e-06,1.660146339861534e-06,1.1964686491238443e-06,1.9715633804208488e-06,1.2015346757101304e-06,1.9799112736222914e-06,1.1993185417189913e-06,1.976259486652165e-06,BİTLİS,HİZAN,29948,-1.103
54988432B39242508990660,0.34669521308587403,0.4554106850698194,28.20253126854032,0.3411863481757108,0.45091316599478504,0.3050844079119433,0.4137475701920258,0.2655736386366818,0.36825996013596796,0.33808095214812234,0.4480864246653614,0.34236111680862036,0.45193823425148993,0.34017513430858276,0.4500043328925304,ORDU,ÜNYE,135914,0.266
54988432B39563572942554,0.02991373883898955,0.049292417406517484,4.071200813800865,0.029898441830127197,0.04926721070968925,0.02901488069139029,0.04781126216747524,0.02655128800313458,0.04375170813570487,0.02988233571738887,0.04924067075638659,0.029903871308065145,0.04927615750481428,0.02989526424868511,0.049261974631657345,ISPARTA,GELENDOST,13985,-0.641
54988432B39641834885080,0.47752715485006364,0.6066230850439595,34.78973832145786,0.4714457520238394,0.6001781933787375,0.37074726091615184,0.4846331638199099,0.16281142295382012,0.26087881834505344,0.472746389759676,0.6016286733114032,0.4712219374972146,0.5999272297797241,0.47416848713245485,0.6031934750998195,İSTANBUL,FATİH,351786,4.226
54988432B39702519018087,0.32381924726609185,0.3557877312914837,17.821155663104747,0.32139529257619437,0.35353776657159003,0.3023850281278338,0.3334577902056141,0.2786941454247717,0.30775922444709725,0.3198529778332489,0.35201351749878057,0.321939906186992,0.3540637018055914,0.32087187420591107,0.3530283588289522,KARAMAN,MERKEZ,207973,0.761
54988432B39717738295698,0.0013889907132648073,0.002288804832473361,0.157374991722274,0.0013802088290160797,0.002274333879633464,0.0012690808362583142,0.0020912150981916575,0.0011274041193272415,0.0018577575586530342,0.0013756064045519153,0.002266749918665207,0.0013820692345983582,0.0022773994906893306,0.0013796985049065525,0.002273492958037043,ADANA,ALADAĞ,15839,-0.764
54988432B39718054130595,0.07946937799734065,0.12162557280229112,9.169396217710007,0.07849574857174778,0.12058884160195577,0.07030318675115345,0.10937893743289939,0.060862226760669075,0.09555304750836734,0.07805748779145096,0.12005760781531227,0.07866843896915844,0.12079097100313396,0.07842899302287899,0.12050947773086591,HATAY,DEFNE,139605,0.338
54988432B39847004244827,0.16464142706850998,0.27129921769884063,22.41979665189401,0.16404602417053316,0.27031810168622566,0.1503293760272718,0.2477155527592888,0.12092303622204145,0.19925923695473,0.16347869635704373,0.26938324832204535,0.16422821250794756,0.2706183150304273,0.1638776804320226,0.27004070173060335,BALIKESİR,BALYA,12296,-0.6
54988432B39970193514521,0.22592292517047985,0.2676187904172635,15.68010944879495,0.21896697641234555,0.2619939636647239,0.17687457857564634,0.22032929624497136,0.13524546760033668,0.17537606251864318,0.21481880180482996,0.2582997841952837,0.22050628959499002,0.2633134267579686,0.21747802873960656,0.26068902840784985,SAMSUN,ALAÇAM,24560,-0.417
54988432B39980691668600,0.13175516802602297,0.1818943698218227,11.938414864282306,0.12940776493860534,0.1799637456698136,0.11577633833007817,0.16525150832311822,0.10209911460555247,0.14852633514754485,0.12820571458584537,0.1788479986017205,0.12989247203567983,0.18039344701877327,0.12903677537064004,0.17962649309471054,VAN,GEVAŞ,26253,-0.794
54988432B40127483323381,0.08056731855204291,0.12140736071887784,8.409684325457441,0.07911892943737432,0.12001858477205506,0.06752941777803306,0.1049127977833593,0.05410983180918661,0.08579347349585001,0.07814091808985467,0.1188943053312176,0.07949179711928421,0.12041773796041128,0.07877985315765142,0.11963397664522547,AYDIN,KUYUCAK,26196,-0.224
54988432B40132817708640,0.38137780133026566,0.5136556083777684,33.609059927030145,0.37857239627692246,0.5108307330128383,0.3431326595473305,0.46879724803124007,0.29141393730045445,0.4058653471328617,0.37552087529963607,0.5074191762392132,0.37943913717229816,0.5117628238869444,0.3773060797025327,0.5094334125920474,ÇORUM,MERKEZ,299565,1.026
54988432B402287673455,0.405011486461508,0.4110106199311005,20.01472930749115,0.39981583035579105,0.4063028593131189,0.30734828344592335,0.3224055257614506,0.1903313771104115,0.21324679837396607,0.39346313601235533,0.40072294130534003,0.40172018506655455,0.40798622070307206,0.39759978209650576,0.4043855117295434,AFYONKARAHİSAR,SULTANDAĞI,13641,-0.368
54988432B40385589534090,0.19160290975688354,0.2748054823910837,17.934126426755753,0.18936465883701753,0.2722851674096347,0.15670589801008422,0.22934265756582328,0.10360175519904083,0.15655841841181137,0.1896655624082822,0.2726821023180324,0.18935486991385103,0.2722597059561454,0.19022639403056793,0.27334330553764524,KOCAELİ,DARICA,235632,0.603
54988432B40899353462768,0.05314203373743102,0.0859908625369903,5.7957652896476395,0.052752295482647676,0.08544785816934887,0.04718526723802755,0.07674070220507592,0.039837119496872936,0.06502635853137216,0.0523822354043559,0.08489203515630095,0.05289676130600249,0.0856593390034653,0.0526279691629334,0.08526303446611977,ANTALYA,GÜNDOĞMUŞ,6953,-0.815
54988432B4104847116325,0.10724093096324225,0.17671360843779513,14.783556356297396,0.1067204869051544,0.17585601100117615,0.09761836451064973,0.16085736376519957,0.08529713450513876,0.1405542109008126,0.10626527228520936,0.1751058998506892,0.10686939335527149,0.17610138183005178,0.10660519309878781,0.1756660277142859,MALATYA,AKÇADAĞ,31479,-0.514
54988432B41050600008895,0.19093965841650526,0.31463393435316134,18.898635902372163,0.1906319107245107,0.3141268219600452,0.18408696453581438,0.3033419374234484,0.17471876018349092,0.2879048353691108,0.1902296660317268,0.31346399564458594,0.19075127937587366,0.3143235198526058,0.19049316618112722,0.31389819611082775,GÜMÜŞHANE,KÖSE,6107,-0.629
54988432B4112577845530,0.006938839700369786,0.011433949619889635,0.8346720329914709,0.006917829246246738,0.011399328201279669,0.006486761703099561,0.010689007054813099,0.005886641283363277,0.0097001174217573,0.006879840951854962,0.01133673038046563,0.006927158804163748,0.011414701621016297,0.006901548031726693,0.01137249971199163,KASTAMONU,HANÖNÜ,4286,-0.427
54988432B41170442786608,0.449642683044283,0.5617260267819953,38.839654831962896,0.44254780389552445,0.5563503566440825,0.3650710466734763,0.484765694954081,0.249269190858784,0.35440153007936626,0.4398207886876213,0.5542917865951872,0.44380860267765604,0.5573021109496489,0.44254432671085925,0.5563993126608412,BİLECİK,OSMANELİ,22025,-0.154
54988432B41213332539670,0.14529467857572412,0.11187843205946399,0.9919626577109788,0.145201027218655,0.11180698004359226,0.14310900484350408,0.11021039665522105,0.1399650156355033,0.10781025163010907,0.1451404612501579,0.11176076832829628,0.1452241904540246,0.11182465313505971,0.1451981783449616,0.11180480639212337,ADIYAMAN,GERGER,14497,-1.289
54988432B41389891217354,0.0398259347039112,0.06562591883269292,5.7261723973941665,0.03961969313125893,0.0652860701183456,0.03467601432103628,0.05713978386677109,0.02644084863718358,0.04356972408637327,0.039459574055752324,0.06502222291599152,0.039675772341610835,0.06537847848827129,0.03959608807244509,0.06524717326167985,KONYA,YALIHÜYÜK,1704,-0.682
54988432B41479825758135,0.0111371832210835,0.01835205846455317,1.5565498984080985,0.011083596975373932,0.0182637580483136,0.010064146719019219,0.016583888880775093,0.008690729494646497,0.014320746334085413,0.0110467351697513,0.018203016476727094,0.011097539554916831,0.01828673289121945,0.011079446806347959,0.018256919322300887,ADANA,YUMURTALIK,17806,-0.448
54988432B41555288308569,0.13788475085763946,0.2272090670394453,16.189402020524724,0.13753993673707574,0.22664087589323076,0.1316560351179346,0.21694527294133356,0.12073727432903245,0.19895313503890003,0.13744581090017796,0.22648577358167835,0.1375929758812813,0.2267282747853966,0.1375685836514495,0.22668808081362943,KIRKLARELİ,PEHLİVANKÖY,3276,-0.387
54988432B41651789151995,0.4938053811500957,0.5530271585203091,28.04960862194533,0.47200366201589106,0.5364840502388746,0.3700350692666643,0.4476886157281095,0.27912321149541885,0.3584194629815826,0.45819456269972925,0.5254467465448209,0.4770273306274796,0.5403992561987135,0.46603075730107796,0.5317578577301877,DENİZLİ,BABADAĞ,6199,-0.43
54988432B41717304515053,0.12040762101383323,0.1920166080618528,13.683689389841831,0.11994856587452209,0.1912608801105486,0.11040745793303049,0.17576747951278776,0.09682511510701701,0.15411882296404042,0.11921880892297831,0.19006298006185154,0.12013148002641008,0.19156180076472662,0.11965709334307496,0.19078206895560806,ÇORUM,İSKİLİP,28132,-0.492
54988432B41731057290221,0.06924881106357873,0.11410112107413109,10.287684525042398,0.06874855819784957,0.11327695720866497,0.059111820653446216,0.09739862187791647,0.046523822665073836,0.076657313609389,0.06838726449379035,0.11268168084088483,0.06887570276069596,0.11348644038055171,0.06870353875529696,0.11320278400406228,GAZİANTEP,İSLAHİYE,66107,-0.37
54988432B41923494384983,0.11728605681818326,0.15599775692326634,11.95649222443373,0.11443655223428417,0.1535883933919696,0.09700272931901202,0.13400502778019316,0.07935663947489703,0.11178578143179364,0.11303935584667753,0.1522384554956974,0.11497988584404761,0.15408952630855335,0.1140520097869034,0.15322424435324541,MALATYA,DARENDE,24806,-0.43
54988432B42317071313317,0.06616293698327978,0.09378341529052327,6.14274916359819,0.06532998147668416,0.09309730439963337,0.0604407150846682,0.08778647492987045,0.055472100940760515,0.0816584460071873,0.06507570425358282,0.09286335448078298,0.06546521424380745,0.09321789082712752,0.06532825854534446,0.09309574987721934,HAKKARİ,YÜKSEKOVA,121314,-0.477
54988432B42480062552941,0.5138448648362915,0.8039564250572032,62.86060298695958,0.507800261825611,0.7977484194830777,0.4463707484526504,0.7117777085593654,0.35338760676420505,0.5701478614625816,0.5037054561757061,0.7927703178699465,0.5092932253785509,0.7994634373305715,0.5065069344409422,0.7962167786172334,BALIKESİR,HAVRAN,28152,-0.471
54988432B42537798985554,0.4687907438990205,0.6745439677956888,47.181042646587194,0.4660100682159708,0.6713749159720379,0.4356706591364776,0.6296589808194623,0.38995408572448365,0.5670552991839312,0.4630509560080989,0.6675422865689787,0.4668931122986905,0.6724586400650492,0.4646878054182194,0.6696981896884453,KASTAMONU,TOSYA,39091,-0.066
54988432B42778469156443,0.27620973096238205,0.3833817933924722,24.36114666278778,0.2740379869975388,0.3806431724043609,0.2340588425085417,0.32848016800620494,0.15644265325362233,0.23353997108274607,0.274006520663293,0.3806015451216581,0.2741720462310833,0.38082030578776327,0.27469594550183607,0.38150842284629544,BURSA,GÜRSU,105799,0.176
54988432B42781548815333,0.05915588741127342,0.09747817583166211,7.0996401426187425,0.05904508533488128,0.09729559410129306,0.05668520457161893,0.09340693851602996,0.05330349351044596,0.0878344918863125,0.058968308411598426,0.09716907965353325,0.05907679475016178,0.09734784546786869,0.05903808721365815,0.0972840624664731,BİNGÖL,SOLHAN,33233,-0.73
54988432B42922593275037,0.26587174136199465,0.33130613095491435,20.145974152373018,0.26196842696614175,0.3273679836922364,0.1972394029141368,0.2590438825765952,0.1124557364512868,0.16407851710640506,0.25864641999667015,0.32397539444611767,0.26310537259824285,0.32852411510590906,0.2611725614710756,0.326558073462236,MANİSA,AHMETLİ,17612,-0.292
54988432B43283240341511,0.2014298474877641,0.33191890958307146,27.677346191670633,0.2006196929405379,0.33058394904882504,0.18574039794319364,0.3060657782236715,0.16265743881284198,0.2680295054088118,0.20020984689222096,0.3299086061590881,0.2008012237312842,0.33088307449470106,0.20062743752062054,0.33059671097327586,NİĞDE,ÇİFTLİK,25157,-0.977
54988432B43554953634888,0.07056742454938342,0.11604491231573322,8.18421021053263,0.07033563173750491,0.1156785268677075,0.06625679329685581,0.10901960902700587,0.0603527357867645,0.09933749404788082,0.07018498976577763,0.11543520572409165,0.07039324704849384,0.11577117313878223,0.07031673813560853,0.1156479853738261,ADANA,KARAİSALI,22872,-0.546
54988432B43586111700831,0.24890209554158738,0.3738081513040663,22.6426194919757,0.24450018094715106,0.3689743268282134,0.22466511945285533,0.345968672479405,0.2040224392437512,0.31921247634736655,0.2420264326878143,0.36623805962876094,0.24546688760562935,0.3700388424676989,0.24349441637527772,0.36786423392399714,SİVAS,SUŞEHRİ,25056,-0.28
54988432B43626736255275,0.26881908897462187,0.330432120243468,20.061159741724587,0.2660502083139123,0.3277043037076115,0.23538520330001858,0.293078882566991,0.1908088958405307,0.24308401404999483,0.26455120846603236,0.32608211234818646,0.2665878621061115,0.32827264872712036,0.2657490516276136,0.3273822366227824,KAHRAMANMARAŞ,ONİKİŞUBAT,447591,0.686
54988432B436343701670,0.5351133580136319,0.4786003794024733,18.35449934280837,0.5012213793398028,0.45365674428469277,0.3570646554528897,0.33972940365790144,0.24015647594441517,0.23979852307111893,0.4990164550545902,0.4516462817113366,0.5033311401535926,0.4553146333893294,0.5067707723043643,0.457565207026107,ESKİŞEHİR,HAN,2126,-0.687
54988432B43742920895959,0.2972266224697764,0.4102581256692725,26.915555811007938,0.29149221678905257,0.4042244765108982,0.21021082334033978,0.30569633675142255,0.09540250975480898,0.15641695027558733,0.28777320783338767,0.39997019456589633,0.2928675987776782,0.40576473715958883,0.2906888555295383,0.4033147681139404,İZMİR,KONAK,317399,3.465
54988432B43754311054552,0.25880608178569914,0.347131675974502,18.780226819233068,0.25786195001977774,0.34559116510659155,0.24050266914575869,0.3214525350728644,0.20991805138408376,0.284419954287236,0.2564723300502663,0.3434005171595632,0.25825105043945185,0.346221207435628,0.25725367668286103,0.3446212623577942,ÇANAKKALE,ÇAN,46612,0.258
54988432B44345748787978,0.07766048863145501,0.10267735086927897,6.562462251620295,0.07587785062446857,0.10124227329661638,0.0662537652179146,0.09139307214558201,0.05693687674714675,0.08054768922073459,0.07445673665131591,0.09995908894368802,0.07636929650844244,0.10166100022539487,0.07519809086365346,0.10064069620321617,KASTAMONU,TAŞKÖPRÜ,36544,-0.319
54988432B44443308147205,0.005295528661440978,0.006160530216473609,0.3036325369714437,0.005196390322757736,0.006078182559900989,0.004236130735007613,0.0052094999239020705,0.0031279088522393936,0.004159172248528725,0.00516650255022243,0.006055592148824896,0.005211747623158606,0.006090325260019755,0.005201682813504393,0.00608484101963814,ESKİŞEHİR,MİHALGAZİ,2861,-0.452
54988432B44474126810300,0.013609391175823778,0.022425808893300543,1.9164671705061282,0.013549686100515232,0.022327425755397347,0.012364800283912547,0.020374948782678856,0.010742157874515592,0.017701128322587762,0.013492576253717553,0.022233319083492326,0.013567986258308629,0.022357581097108812,0.013535351556799646,0.02230380502660902,MALATYA,YAZIHAN,13937,-0.696
54988432B44685519111257,0.22197864324250358,0.2732161420774497,15.364895893018808,0.21694278921350446,0.2684589955535242,0.16010701620662457,0.2081439098762276,0.09245264837359388,0.13439509657522314,0.21364718392058202,0.26511208413298976,0.2181420214899119,0.2696537398886258,0.2161297097575835,0.26764049678428353,MANİSA,SALİHLİ,165007,0.616
54988432B44714852164400,0.11275555489402393,0.1518735803571995,10.208525730503855,0.11095383372405267,0.15043723310470605,0.10138794469463078,0.14085995797408962,0.09200751341692734,0.1300843027074678,0.10995552765567732,0.14956438823738788,0.11135194931599585,0.1507719113668975,0.11059284405453403,0.15012739628499475,MUŞ,HASKÖY,27684,-1.032
54988432B44792581222483,0.5338774667781836,0.6078066048242157,31.570495216630153,0.5282465964149994,0.6021714543345706,0.4312789291624041,0.4980174606682167,0.1347477392475111,0.22061575774179826,0.5294159222393764,0.6033848066348348,0.5280522729987743,0.6019729815459262,0.530731701069057,0.6047555812467769,İSTANBUL,PENDİK,752033,2.485
54988432B44858754124976,0.3408721238269597,0.42034618874109403,26.156754509441118,0.3376194794641311,0.4170632967542654,0.27594251858467195,0.3524379302729369,0.19469419135281857,0.2638745790295905,0.3350031784160399,0.41420738159370757,0.33855434862407857,0.4180851624435985,0.3371465511528454,0.4164568624156108,KONYA,AHIRLI,4536,-0.907
54988432B44904988646230,0.03505545999398218,0.057765041531639354,4.775633745503669,0.035031991856066674,0.05772637029578646,0.03345537071045354,0.05512838453346476,0.02923170865678447,0.048168555337451194,0.03500887755090195,0.05768828211214705,0.03503910641718487,0.057738093802439716,0.035028674341202985,0.05772090363284962,ÇANKIRI,BAYRAMÖREN,2209,-0.836
54988432B45006727271001,0.4626241625793915,0.630624335834704,43.86233977538214,0.4496905836122739,0.6189934075943603,0.31642083566044765,0.46572775275557726,0.15594167117255034,0.2569635974921448,0.4422747685270679,0.6114853992584873,0.45253669981756517,0.6217655653961811,0.448007091839102,0.6172881292394714,İZMİR,DİKİLİ,49138,0.609
54988432B45078999476524,0.4641168653741339,0.5853943951601271,33.225941174543756,0.4585579718649451,0.579377104097165,0.361531370757622,0.4677956309194439,0.16403869743922742,0.25509538949358307,0.4597436600558164,0.5807325454435165,0.4583537556169016,0.5791423970415461,0.461038736576694,0.5821929292830375,İSTANBUL,GÜNGÖREN,251242,1.92
54988432B4509527375863,0.8684001736960805,0.8525529741752396,34.95063574426061,0.8570221107626029,0.8433499216796229,0.7273344359550412,0.7307370785332843,0.5473250132379649,0.5726881702527813,0.8476848725911682,0.8354708715332506,0.8608747049044223,0.8465500117879905,0.853779996653679,0.8406294629814806,ANTALYA,SERİK,147062,0.852
54988432B4527245450623,0.30222417093963205,0.4185489793293466,26.968893594953915,0.2993372547369502,0.4159872798906769,0.27894058778868697,0.3911593901530019,0.2541434855148517,0.35688515731605686,0.29833741333537495,0.41494945573577807,0.299808520249927,0.41645084314162517,0.2992868521716577,0.4159224467386983,NİĞDE,ÇAMARDI,11631,-0.733
54988432B45288450631555,0.635872577374881,1.0474575050173052,92.05301110990096,0.6337807571518959,1.0440105954806298,0.5876186126382154,0.9679540152105254,0.5113322423179647,0.8422816553254392,0.6326432030200855,1.0421361713886526,0.6342783762944446,1.044830565833095,0.6338181694618436,1.0440722497288972,AKSARAY,GÜLAĞAÇ,19099,-0.688
54988432B45351721911110,0.47862955070581814,0.6599518350136674,45.19526423468481,0.473644505207365,0.6550502676918539,0.42065514816832583,0.590973250859144,0.342184938453747,0.4905977217963828,0.47387851379356544,0.6553046037043477,0.47379441309749143,0.6552084867831196,0.47512598507642095,0.6566154751354707,SAKARYA,ADAPAZARI,284006,1.392
54988432B45520240817550,0.33686682658871653,0.5550951281012041,42.967043141275276,0.33608212214492905,0.5538020929969576,0.31960151314486557,0.5266450998823914,0.29630549041064524,0.488257525229481,0.3348706219719311,0.5518057698880976,0.33643868744601646,0.5543896438468615,0.33560942868875343,0.5530231841136468,ARTVİN,MURGUL,6457,-0.165
54988432B45526631886391,0.08042327390984604,0.13252297240744135,8.596499743666847,0.08027397252807086,0.13227695080280533,0.07713038252852933,0.1270968845046271,0.0726709294909462,0.1197485145226441,0.08017851953287639,0.13211966157503094,0.08031066137269698,0.1323374073660323,0.08026946784925419,0.13226952790894014,ADIYAMAN,GÖLBAŞI,47917,-0.133
54988432B4572982362376,0.442636187831049,0.5806073584831505,37.97110884685392,0.4357395482276179,0.573879122698143,0.34023799169420166,0.4657183630765423,0.20094638875221638,0.2981772349594488,0.43099324060093597,0.5688766256101375,0.43743576204943535,0.5756294989828845,0.434590240275082,0.5726853087967494,MANİSA,YUNUSEMRE,270355,1.581
54988432B45752355908824,0.41145469016366176,0.5518398503275564,33.370010619999995,0.4062960039469976,0.5460569326995891,0.3206474666624967,0.4415624741213163,0.1550349329317941,0.250062047234624,0.40740810354596024,0.5473745890642128,0.4061046463238266,0.5458288110895615,0.4086233003424274,0.5487931127536839,İSTANBUL,ESENLER,419878,1.354
54988432B45816327347427,0.05712186683687443,0.09412647875005094,6.999164506221972,0.0566802958843857,0.09339884988955234,0.05067649612433032,0.08350567654232535,0.04305826849881321,0.07095221881388525,0.05640440149845934,0.09294422596893859,0.05677791400639618,0.09355970685372124,0.056632611975952034,0.09332027545488408,KONYA,GÜNEYSINIR,9237,-0.621
54988432B4585133817151,3.317588560032317e-05,5.466784375046186e-05,0.003992616988650831,3.306934049873153e-05,5.4492276742655064e-05,3.087416233721035e-05,5.0875021179858685e-05,2.782833224534816e-05,4.585604548292188e-05,3.296838484969638e-05,5.432592013913682e-05,3.3101981344542636e-05,5.4546062937850646e-05,3.304516617328376e-05,5.44524418378006e-05,DİYARBAKIR,ÇÜNGÜŞ,10057,-1.092
54988432B45859142187926,0.002740490333362592,0.004515831141594541,0.23127114145416827,0.002685491028983169,0.004425202260894244,0.002448930991984879,0.004035394214892904,0.0022558084685340763,0.003717163314777897,0.002654303146607911,0.004373810285977929,0.002697662859796926,0.004445259230980886,0.0026728270424738482,0.00440433430746295,GİRESUN,ÇAMOLUK,5709,-0.92
54988432B4589751730887,1.3170174055008665,1.7894869417729444,127.60840844882237,1.2862202932306719,1.7593037292588174,0.9993678636340129,1.3868583660110483,0.5697327143104489,0.7588546225384587,1.2790557628633172,1.7522819137362555,1.2898043023761172,1.7628251107059603,1.2878367421331705,1.7611187263898322,DÜZCE,KAYNAŞLI,20379,-0.099
54988432B45931517008549,0.0430378308599127,0.07091854129089459,5.1655228743998665,0.04295847476611519,0.07078777683780256,0.041267646362665195,0.06800159822354586,0.0388420237160569,0.06400461193537658,0.04286147015382295,0.07062793082640281,0.04298788815521176,0.07083624476956102,0.04292694224388902,0.07073581695890481,MUŞ,BULANIK,68983,-1.036
54988432B46025215892894,0.20800496497818682,0.3132878491801895,26.59403887431342,0.2053225455295534,0.3100360387245762,0.17322317510977733,0.26181622061104,0.1344257428213256,0.20139119730066923,0.2033144601490479,0.3072426733080827,0.20604693271086852,0.31100524706515137,0.204747781002246,0.3092494297710402,MERSİN,MUT,62758,-0.179
54988432B4616590264443,0.5970782754971206,0.581244564214525,24.032146100871685,0.5878407531977418,0.5738037482946938,0.4873313511530492,0.486159162179843,0.32937694731388123,0.35048097296233743,0.5813359224307942,0.5682719187344057,0.5901895686006752,0.5757658135055597,0.5858057100493392,0.5720859595397161,BALIKESİR,ERDEK,32080,0.352
54988432B46438308523987,0.03777659703008,0.06224898194863735,5.3224760462507525,0.03774064993697859,0.062189747657422786,0.03607212177351215,0.05944031579499979,0.03197023723189066,0.05268115385716099,0.03773115755228856,0.06217410592868928,0.037745324769255725,0.06219745093333725,0.03774920355348656,0.06220384246641725,KIRŞEHİR,AKPINAR,6435,-0.596
54988432B46507991557572,0.3674595513541353,0.44736908356649285,23.970805340744413,0.3639884243176179,0.4440329269934565,0.3293387778923629,0.40483933572623154,0.28405414979995375,0.3515399430715148,0.36373820429169956,0.44377116908166914,0.36425736419895816,0.4443102709083412,0.36473459137352615,0.44479341870619227,ESKİŞEHİR,ODUNPAZARI,431652,1.95
54988432B46518682235057,0.1167181050986026,0.19230914819463696,14.451235242970771,0.11634588123924253,0.1916970015043064,0.1093045598666513,0.18009902361246105,0.09939773239138923,0.16377800052480204,0.11587300871743596,0.19091846382495567,0.11648196548210585,0.19192097850846204,0.11617470912479143,0.19141521470658332,TOKAT,PAZAR,12875,-0.633
54988432B46569875882636,0.13183187193711848,0.21723502013519985,16.552870835878473,0.1315751986158498,0.21681206904382366,0.12613653398733357,0.20785013591851795,0.11838246765396568,0.19507284063090874,0.13131376870421527,0.2163812799540278,0.13167799198827768,0.2169814538822623,0.1315061555356396,0.21669829856708483,ARDAHAN,HANAK,7668,-0.926
54988432B46575800975320,0.28515276827145075,0.32635232768196526,20.23767415855876,0.2806747531865984,0.3227701937684044,0.24786399246634772,0.2915489443676479,0.21022491436647703,0.2528676976665779,0.2774566968673213,0.31996564156721624,0.28178560369923766,0.32370456006211984,0.27940602487125726,0.32167958483298753,GİRESUN,TİREBOLU,32124,0.014
54988432B4660350003677,0.244240979221577,0.35077497124437607,25.323341843305453,0.2422225205673645,0.3485682864088386,0.218582472289073,0.3170831732885873,0.18753642768648318,0.27493469211981514,0.24096859633877465,0.34701157140789396,0.24277307020112074,0.34922747760552214,0.2419328359780429,0.34821428521505715,ERZURUM,YAKUTİYE,189149,1.688
54988432B46629415876767,0.331048733002921,0.5455082835653302,47.30958281395072,0.3292864636553911,0.5426043832294776,0.28875880883448835,0.47582215688552776,0.21973397200827566,0.3620817419354665,0.3269523692671264,0.5387582189144174,0.3299609493751143,0.5437158133923965,0.3284697988896245,0.5412586677797294,AFYONKARAHİSAR,BAŞMAKÇI,9089,-0.427
54988432B46815557775592,2.15608566172879,3.2090745291834444,263.34049573159524,2.1515710291431094,3.2028833463258337,2.002644613124195,2.9959000505564846,1.65593527465554,2.5129587025383113,2.148560465562505,3.198695243672261,2.152770203559407,3.204534786200307,2.1514231754587727,3.2026601891596482,NİĞDE,ULUKIŞLA,18780,-0.314
54988432B46858449148239,0.1934741762764637,0.30926388233376007,25.291798173111438,0.19252001890614426,0.3083459810529048,0.1812700802949682,0.2924256303509124,0.1603337271385776,0.2598894478472047,0.19151557764169935,0.30715873738089156,0.19284551468695335,0.30869300699082863,0.19206190948745433,0.30782234679840226,ÇANAKKALE,BAYRAMİÇ,28480,-0.229
54988432B47187297633278,0.7947419039968635,0.8472121865869106,39.6439495439518,0.7832521888969842,0.8367971861923856,0.5979286618236421,0.6584027087918467,0.21043669318072225,0.3004014965476166,0.7855841532561323,0.8390116416499233,0.7828535069265904,0.8364165456905486,0.7881736370731296,0.8414389857476179,İSTANBUL,KAĞITHANE,446420,2.174
54988432B47223063942173,0.010571659669898412,0.017420178197486785,0.9770513517109424,0.010555255590098418,0.01739314724849632,0.010205674259475814,0.016817100604533657,0.009704133464919528,0.01599065231852262,0.010532867401372402,0.017356255573082596,0.01056159285947322,0.017403589919301243,0.010547263842433808,0.017379978297473116,GİRESUN,ALUCRA,8473,-0.54
54988432B47270758673920,0.0924866317261052,0.11016846804151242,5.841364129605041,0.09160776275032903,0.10947022231868248,0.08549148165233922,0.10370548491176852,0.07877916189696572,0.09691632584547585,0.0911226855545345,0.10905292427401803,0.09180777104337183,0.10963721380035228,0.09146072089433205,0.1093453892884753,IĞDIR,MERKEZ,152455,0.033
54988432B47330192202647,0.2988271712597736,0.42333152041002675,32.623599131342615,0.2957173060879186,0.41992808654900216,0.25216364076289705,0.36412675075968925,0.1943499954130086,0.2866912424252113,0.29320984547642265,0.4169171300008663,0.29660088709877597,0.4209611232050089,0.29500695158436524,0.4190846968779468,MERSİN,ANAMUR,66952,0.316
54988432B47711735094491,0.40954152855453946,0.4079042355281528,16.59687258921312,0.40203529807417543,0.40229826019764847,0.3590409042406646,0.36743264012681903,0.3165808603277103,0.3312869599260144,0.39720920368558127,0.39856286876146735,0.4039660683942299,0.40376830435357824,0.40010442987494876,0.40081330757855554,BARTIN,AMASRA,13705,-0.102
54988432B47787159486686,0.002345930065192951,0.0038656673644977177,0.3518895097789426,0.0023342579800416405,0.0038464338846448775,0.002101661438483485,0.0034631569604359528,0.0017886825687615153,0.002947424534984433,0.0023229723606850157,0.0038278372303445895,0.0023378684683764434,0.003852383314737798,0.002331426912191408,0.0038417687981797274,MALATYA,HEKİMHAN,17116,-0.606
54988432B47827945301604,0.4974928162135674,0.6259571298107262,34.03742431967135,0.4932163924966683,0.6218963521548837,0.4531212981759493,0.5738387205930641,0.3872474082061091,0.4994190385973066,0.4918841322212752,0.6204352042925735,0.49393508800130503,0.6226587850373266,0.49331626883597546,0.6220034117977901,KAYSERİ,BÜNYAN,30362,-0.379
54988432B47932358770374,0.021966954382865413,0.033523322883574576,2.878783929375807,0.02172634521124642,0.033257153433232954,0.019186069766368146,0.02959248346445556,0.01611484187576663,0.02492258930640862,0.021550046028510787,0.03304633413338942,0.021799468271160628,0.03334315239374601,0.021667806835860816,0.033196101026588945,ERZURUM,OLUR,5985,-0.637
54988432B48034047733274,0.0,0.0,0.0,0.0,0.0,0.0,0.0,0.0,0.0,0.0,0.0,0.0,0.0,0.0,0.0,VAN,SARAY,17036,-1.237
54988432B48182517932620,0.12239665139559866,0.2016874875529821,15.133902223549393,0.12209410768622897,0.20118895037960374,0.11545464840049383,0.1902483253969632,0.10545315003412718,0.1737676696414555,0.12200547753798993,0.20104290396643837,0.12213040039575897,0.2012487541840227,0.12215130809627855,0.20128320628332633,KIRŞEHİR,AKÇAKENT,3301,-0.816
54988432B48183111476065,1.1179192152873155e-05,1.8421281566744545e-05,0.0014266907945360936,1.116158428471542e-05,1.8392266992821118e-05,1.0779764786874756e-05,1.776309769496732e-05,1.0209148928431277e-05,1.6822826228917297e-05,1.1145257183770344e-05,1.8365362891025123e-05,1.116718422449198e-05,1.8401494678146684e-05,1.1157877650541906e-05,1.8386159131819938e-05,SİİRT,PERVARİ,26437,-1.345
54988432B48404533288068,0.6432441045353088,0.6684903766584585,33.12819367462366,0.639403305505814,0.6648580588226445,0.6097427575891287,0.6277335690529048,0.5738877370720751,0.5804601039664768,0.6400121213723597,0.6655273169680878,0.6392646224902937,0.6646952822156018,0.6407956643366112,0.6663154125178319,KIRIKKALE,YAHŞİHAN,39137,1.778
54988432B4842956932504,0.015369543250007334,0.025326220346599638,1.8905117913955505,0.015341138961950366,0.025279415230376117,0.014736494794863244,0.024283071281968462,0.013870701662553093,0.022856401192507658,0.015312177512236659,0.025231692012771333,0.015352519376576756,0.02529816809009194,0.015333492580161241,0.02526681537969119,ARDAHAN,ÇILDIR,8048,-0.773
54988432B4854228242513,0.21566109511711828,0.3553703793456917,28.406592057622674,0.21503412783289944,0.3543372509480584,0.2002439263027733,0.3299656807049147,0.175133042502752,0.28858749751024515,0.21403119822737765,0.35268460481743513,0.21528262385580632,0.35474672733450796,0.21463682172113285,0.3536825625186123,ÇORUM,ALACA,28989,-0.339
54988432B48804901701005,0.0043669068884527144,0.007195870709429474,0.5849811199649799,0.004357201135235786,0.0071798773880533484,0.004121222888787083,0.006791028027382776,0.0037117588910856704,0.006116305606481908,0.004349768212674478,0.007167629279469718,0.004359988610479123,0.007184470641806897,0.004356177618817662,0.007178190818588523,DİYARBAKIR,ÇERMİK,49299,-0.887
54988432B48966185203589,0.03894809901659243,0.06338073743119838,5.517240880700943,0.03868164065447834,0.06294341802307679,0.03353284706430857,0.05449451430029902,0.02675955306257741,0.04340880646314711,0.03846005809793646,0.06257973632929638,0.038753999054449526,0.06306217714855068,0.03863914024083611,0.06287366313440439,KAHRAMANMARAŞ,EKİNÖZÜ,9896,-0.92
54988432B49000461137157,0.1311284016055963,0.19180019139315072,13.660457134854331,0.12973667413572676,0.19060023446967247,0.12057382801934527,0.17987495590147345,0.11070444419666572,0.1668920737207756,0.12929278500449015,0.1901635329844774,0.129969770997582,0.19082147048561268,0.1297336902416627,0.19059736356050797,HAKKARİ,MERKEZ,76165,-0.077
54988432B490212621980,0.26377860925402374,0.39667533253278564,27.682498844596452,0.2624488318604468,0.39518921080625474,0.2453637366518639,0.3723827476303706,0.22252340928471245,0.34063176241936877,0.2612967602566898,0.39375278642889855,0.26285825842333804,0.3956817912620976,0.26206345639116324,0.39471516831344894,KARABÜK,MERKEZ,135819,0.962
54988432B49228485155322,0.14318426547980603,0.10359901526909031,1.578081621297146,0.142523404473643,0.10312094103289318,0.1292726152538199,0.09353512733764428,0.11134286146699829,0.0805644066739206,0.14182983931350332,0.10261920776741637,0.14274731899898047,0.10328292336827558,0.1423288294258824,0.10298018317345628,ŞIRNAK,BEYTÜŞŞEBAP,13971,-0.723
54988432B49266888844596,0.08115759517876062,0.13373300070556376,11.221630903215594,0.08085966163827359,0.13324206025455113,0.07471201010730427,0.12311184527322015,0.06610149257556981,0.10892327370933436,0.08060927483088232,0.13282946819812355,0.08094890306288598,0.13338911394033823,0.08081204120454673,0.13316359041469,YOZGAT,YENİFAKILI,5008,-0.352
54988432B49369799231556,0.7446063012932586,0.8441597670682511,47.07271820753896,0.7285851231514819,0.8291129147964779,0.5257289775181863,0.6135572692821162,0.20753981598338458,0.2792696629575797,0.7317202966115113,0.8322671495652302,0.7280526560015118,0.8285727390044291,0.7352493908808846,0.8357488809987058,İSTANBUL,SARIYER,344883,3.249
54988432B49466488520604,0.014813940343370932,0.024410687502858294,1.8993901992043085,0.014780865210686356,0.02435618568164366,0.014045126471129177,0.023143821648929433,0.012903598455334613,0.02126279046995696,0.01478833208112676,0.024368489730176347,0.014779274589934551,0.02435356462706886,0.014797900445946673,0.024384256660386548,KIRIKKALE,SULAKYURT,5564,-0.809
54988432B49471063177420,0.7085347052056671,0.8251674504895401,44.14989182693677,0.6964247744803872,0.8139464635170489,0.5304397401697708,0.641547363631894,0.21132633272928447,0.31898664211990396,0.6988333049695575,0.8163015680462721,0.6960155317414719,0.813544331233372,0.7015320423602255,0.8189029530883277,İSTANBUL,ÜMRANİYE,728913,3.364
54988432B49528694857663,0.15913523592849096,0.1289482215239995,3.494066259286949,0.15786931399911708,0.1279242832938032,0.1344729174660984,0.1092315610714655,0.10380674057339875,0.0844230440927017,0.15664667983059352,0.12701878447765422,0.15828597978217004,0.12823778498334243,0.1575463857637493,0.12771191466686552,KÜTAHYA,DOMANİÇ,13900,-0.483
54988432B49585252089849,0.9575455560509171,0.9272531286476112,34.76680712665733,0.9188334277028416,0.8980509447634879,0.7197371355608648,0.7351713942217135,0.5283431042949737,0.5701026828285847,0.9222000554461389,0.9006345943032601,0.9188930339955401,0.8981015090034443,0.9299650511509427,0.9065874157143244,YALOVA,TERMAL,7497,0.158
54988432B4974900305842,0.0008322036979436699,0.0013713207923317027,0.10124945902322714,0.0008307449186607812,0.001368916988591115,0.0007995691027585864,0.0013175448970344172,0.0007544522284115922,0.0012432004690657277,0.0008297035205514816,0.001367200953341685,0.0008311728515953576,0.0013696221444710497,0.0008306334442509834,0.0013687332989772067,TUNCELİ,OVACIK,6700,-0.375
54988432B49773192126459,0.3998598485056189,0.5114624503249965,22.75462637023842,0.38795808935077664,0.5024337785725997,0.33204232235234205,0.4526278105042469,0.28225083906692244,0.40233028227855494,0.3849150764505551,0.4999907869553514,0.38968693350776457,0.5037949360048517,0.3881835568058243,0.5026028164363954,KAYSERİ,ÖZVATAN,3877,-0.325
54988432B49774996339871,0.7264284725383385,1.0335886439671171,79.16370678091984,0.720918672204417,1.0281797624519122,0.6475830136980759,0.9448966808453347,0.5128080830244808,0.7739398751624343,0.7158766089884818,1.0228997994892874,0.7225572803930849,1.0298535385283676,0.71907808626269,1.0262711258995734,AFYONKARAHİSAR,MERKEZ,331982,1.178
54988432B50131654423390,0.24004800389114606,0.3732366732368882,25.961453372478665,0.2385626885659577,0.3709387443870596,0.2021736633332523,0.3179225070282035,0.13716820087114104,0.22225679890796554,0.23874335711079336,0.3712139954130786,0.23858681437671223,0.3709754408805247,0.23921690047332198,0.3719399512555208,KOCAELİ,GÖLCÜK,181227,0.892
54988432B50302580927111,0.18620889644395974,0.2801045961635485,19.678223968477983,0.18465099798588044,0.2782574622743775,0.16375014323254422,0.24957306804029822,0.13542632328127324,0.2094303978858169,0.1834466959830103,0.27669426079233467,0.1850795010846577,0.27879943892787423,0.1843085916346015,0.2778178386469189,MERSİN,AKDENİZ,254292,1.183
54988432B50394805884304,0.0037548686224230655,0.006187342626722121,0.451706217734815,0.0037450622718206666,0.006171183539095867,0.0035402090046934395,0.005833622500515066,0.0032522316642877884,0.0053590880618981105,0.003734671487752672,0.006154061411092495,0.003748398181965636,0.006176680514120671,0.0037421555516433253,0.006166393791313528,VAN,ÖZALP,51357,-1.159
54988432B50445752113083,0.006867237540974039,0.011315962244685873,0.50490761574554,0.006858265592560611,0.011301178100566515,0.006641369301044053,0.01094377234153031,0.0062824876405185555,0.010352400440298438,0.006847225723412618,0.011282986398048644,0.006862059142179544,0.011307429182461535,0.0068547451248407824,0.01129537700812381,ISPARTA,SÜTÇÜLER,9228,-0.811
54988432B505648184983,0.4251615964527542,0.515895566256973,27.469096855183746,0.42297699341067324,0.5133986539541402,0.3778889543774134,0.4649437049431833,0.3122808341213666,0.3955569381685835,0.4196293329662305,0.5097096536382913,0.42381843645734957,0.5143388421009082,0.4216444596592968,0.511924135005617,ÇORUM,SUNGURLU,49079,-0.243
54988432B50626886861490,0.5362652965643302,0.8041261321193689,61.98058019172137,0.5282253539189798,0.7968432874787145,0.4638299127822318,0.7146358630914134,0.3774545352097301,0.5902699695058403,0.5228881175567478,0.7910941374616569,0.5306028454590029,0.7992157730507844,0.5262938672256487,0.7948051901942731,ANTALYA,KORKUTELİ,58381,0.081
54988432B50709390359139,0.4909950255325554,0.6155359261541862,36.64202168759055,0.4822201680579758,0.6077944878143545,0.3876636995525065,0.5089633873459598,0.24318722863534611,0.34753520305938607,0.4821151552417009,0.607695611355747,0.4826704284807146,0.608217481359268,0.48448209820181054,0.6099020289877315,BURSA,OSMANGAZİ,886111,2.374
54988432B50747108890679,0.02342386913592137,0.038598288931323714,2.8132753649117612,0.023380430412450835,0.038526709791703584,0.022454298558996548,0.037000612430900304,0.021126433711474577,0.03481253194133669,0.023327724907304222,0.03843986067620881,0.02339647268912563,0.0385531445547488,0.02336343209032884,0.03849869963911926,MUŞ,MALAZGİRT,40595,-1.027
54988432B50828281350950,0.6206349048225377,0.9571054488343329,66.48553017872092,0.6165081171948773,0.9512689551263224,0.5375429512790418,0.8383205625249172,0.4346366107864926,0.6897783936700209,0.6120248457076055,0.9445566075104356,0.6181316081889012,0.9537035216062292,0.6151752486300545,0.9491528419184716,ANTALYA,AKSEKİ,10609,-0.182
54988432B50977665989913,0.48345249650272387,0.6373979707032303,39.060640377714876,0.4778984603119469,0.6311339994893717,0.3804651525634759,0.5127630127055132,0.18845319228493448,0.2890096430859905,0.4790998335936066,0.6325556197440586,0.4776944633538014,0.6308928497727009,0.4804225692844846,0.6341085172138253,İSTANBUL,SANCAKTEPE,507500,1.275
54988432B51005953593095,0.007460978974193187,0.012294340464650663,1.0976119673971452,0.007415840068803239,0.012219959733518028,0.006536707180175694,0.010771308144518255,0.005368672989694889,0.008846599595976005,0.007387919137560999,0.012173951101679029,0.007427103539187957,0.012238519890328852,0.0074147419504998115,0.012218150233673643,ŞANLIURFA,HARRAN,101710,-1.447
54988432B51165292836212,0.14709625457694994,0.2282325408444353,17.688650445321105,0.14549636258513118,0.226557566031349,0.12960072922288804,0.2043713135442934,0.10864943861292457,0.17298704218101654,0.1443051362753961,0.22508548144242613,0.14590137372946954,0.227030428017221,0.14508425732846086,0.2260597300521326,SAMSUN,ÇARŞAMBA,143206,-0.015
54988432B51178823005905,0.14224746011259223,0.19624493187359254,13.277867235328516,0.14145266796698447,0.19541326775060477,0.13234754185694908,0.18435074394397277,0.1207828001900236,0.1698048506363302,0.14103928400319843,0.19494306441936063,0.14166116998792597,0.1956449705540305,0.14139339365339446,0.19534661056538052,KARS,MERKEZ,121154,0.398
54988432B512462683964,0.023726611098978966,0.03909715279083074,2.6259402100104583,0.02365512243769413,0.03897935243993337,0.02220222009977904,0.036585232839007054,0.020196025384103113,0.03327938772696261,0.02360115756823561,0.03889042812041065,0.023673945002336223,0.03901036861340446,0.023647430237245623,0.038966677088406,HATAY,REYHANLI,117645,-0.54
54988432B51380550593874,0.41645506836102975,0.48210584176968535,25.547353469167025,0.4116613408905521,0.4774246580585167,0.32433470602612596,0.38735707068422104,0.11246009438676957,0.1836860778263669,0.4126208104505354,0.47838969410516985,0.41150738196405406,0.4772750823638003,0.4137338068146017,0.4795268693785161,İSTANBUL,TUZLA,313865,2.73
54988432B51585452929549,0.5585136737194689,0.6509339503797473,35.71069968648742,0.5530563092087488,0.6461639630396702,0.496874636639881,0.5892712429171761,0.42165450382726843,0.5110792764206583,0.5481712121709489,0.6415003978865259,0.5546363030896869,0.6476222546394619,0.5511176032457828,0.6443353211150329,TRABZON,ORTAHİSAR,335116,1.807
54988432B51640107069118,0.10443563257566775,0.17209098537437795,14.95039997542347,0.1039167682504865,0.171235991051139,0.09361718684541288,0.15426414849866046,0.07980300945223548,0.13150088905264803,0.1034507685460954,0.17046810803712342,0.10410276498536626,0.17154247994379446,0.1038134081231757,0.17106567230342193,ERZURUM,OLTU,29765,0.025
54988432B51915781882505,0.28344827772784986,0.34465001581047977,20.540234855629606,0.2809245068870167,0.3422911601334873,0.24659715173722152,0.3067439059003819,0.1994515576386977,0.2570622832704262,0.27878060111083985,0.34017586492722607,0.2817525244491956,0.3430933833433781,0.28023325605454863,0.3416281450135255,BURDUR,MERKEZ,120832,0.917
54988432B51986121551962,0.7407370274143166,1.1746624734760125,88.574374001324,0.7352717249843616,1.1686688412383448,0.6771674211995583,1.0849722651584044,0.601977768121539,0.9701099363422034,0.7323940765907399,1.1648769779996972,0.736408987905008,1.170099093023053,0.7347919930435886,1.1679928296348538,ADANA,POZANTI,19983,-0.185
54988432B52020069669764,0.2525054617742619,0.32077961483052964,18.839075127316345,0.25016283384343774,0.31869688549044317,0.2269729834302799,0.29395240123161676,0.19633900712118296,0.26002948640124746,0.24905602990649145,0.3176091878481093,0.2506296476384634,0.31914352117282685,0.24999961002695553,0.3185387632133045,DİYARBAKIR,KAYAPINAR,454311,0.857
54988432B52055893511885,0.2048096204490152,0.33748909376503894,27.447356423498842,0.2040307179018535,0.3362056051808057,0.18866153319194823,0.31087998194969596,0.16531062022670298,0.2724019162884573,0.20338730458939547,0.3351453773126779,0.20427593012718,0.33660967017197346,0.20389504314219348,0.33598203792107223,ISPARTA,ATABEY,6204,-0.299
54988432B52081033175293,0.02287454500037369,0.037690333484151226,2.8753371175736526,0.022769901592370634,0.03751794725171443,0.020697028097907334,0.03410287365965954,0.0175679401067142,0.028947478493188534,0.022708851922520305,0.03741737191932755,0.022795762211422304,0.037560550458103116,0.022768269502394526,0.037515258503999054,NİĞDE,ALTUNHİSAR,12004,-0.975
54988432B52253881676489,0.6935839592265163,0.7085322752765044,29.09261331766378,0.689319701559396,0.7049461539300347,0.663348513564849,0.6759128519025172,0.6329069291162324,0.6366958798668225,0.6882988515263608,0.7040223917408398,0.6898254516289393,0.7053975310678988,0.6895144233306548,0.7051400125659673,DÜZCE,CUMAYERİ,16162,-0.237
54988432B52278117237199,0.15173131591866937,0.21646702444210195,14.628725846166956,0.14750285554765902,0.21166192334457878,0.11166664081154232,0.16584048018413425,0.07217942047276976,0.11327639692077199,0.14508485301729657,0.20872422533985496,0.14841969805628139,0.21275277545349366,0.14687514010412522,0.21089821518784396,MANİSA,SOMA,110188,0.416
54988432B52458051755801,0.4526730869227499,0.6615294120191194,51.014982971892714,0.44471588409194746,0.6544485552259819,0.3859971730694498,0.5818160903460838,0.3135123663906523,0.4804686826677815,0.4386426127370603,0.6480559303695003,0.44674004527347244,0.6564323827112775,0.44217729902943914,0.6518464008323783,DENİZLİ,ACIPAYAM,54769,0.052
54988432B52534848164203,0.26347010195425885,0.3383737455274346,23.164203413604547,0.2612677099661215,0.33592251832690345,0.22000292073995897,0.28937189512542694,0.16604837486859833,0.2271830105205328,0.25862022262896905,0.3329090159765035,0.2620780767898137,0.3368302206608597,0.26038535745787295,0.3349011227576739,UŞAK,SİVASLI,19193,-0.434
54988432B52559980919488,0.002256862806415526,0.0037189006724254866,0.31144948217683993,0.0022460819476101445,0.003701135771986396,0.0020317773895348564,0.003348000719707414,0.0017437583485386044,0.0028733975660786355,0.002236197838650389,0.00368484855268699,0.0022492324022310517,0.0037063271499358356,0.002243811149539184,0.0036973939085248545,KARAMAN,SARIVELİLER,11594,-0.631
54988432B52670947871077,0.19564896929289155,0.27071260529439256,17.691695093401936,0.193425219244026,0.2685523438799045,0.1722792503598598,0.2430277964675581,0.14256223046877872,0.20551691305745112,0.1933944341960717,0.2685269322711746,0.1935512327519501,0.26868263002219717,0.1939759051805911,0.2691353960263235,TEKİRDAĞ,KAPAKLI,152509,0.149
54988432B52977689381309,0.5459370647011164,0.8996052889203262,75.64690790200049,0.5393864052506446,0.888810989964298,0.29895955842714506,0.49263114253212403,0.042134811984075975,0.06943052992617374,0.5366545284891096,0.8843093524271934,0.5406566670986481,0.8909041511556953,0.5403574325311804,0.8904110668481314,BOLU,YENİÇAĞA,6443,-0.091
54988432B53167672259322,0.09259184299444545,0.15250387098682555,11.138288158027146,0.09245132507274098,0.15227358750213518,0.0894460168149917,0.1473284866693624,0.0850961901099107,0.14016769960551004,0.09230264453281498,0.15202922679729777,0.0925013117686483,0.15235568397267774,0.09240996980287566,0.1522056379981987,IĞDIR,TUZLUCA,21525,-0.953
54988432B53179569886424,0.05301649353589158,0.08736156796939461,7.94958045678424,0.052803454243335116,0.08701051784526251,0.04848514338571195,0.07989472458281627,0.042583641500774684,0.07017011958430906,0.0525794161975946,0.08664134377026564,0.05287568644598002,0.08712954341749636,0.052740692679886104,0.08690709816913089,VAN,BAŞKALE,37568,-1.13
54988432B53180025567005,0.4166638241020863,0.49248024507021004,27.67809194231287,0.40689297251367157,0.4834778528682979,0.276664843635901,0.3498804408019699,0.09726456706960603,0.15474565557116107,0.4007968703467205,0.4774852563420079,0.40917458053424866,0.485682721472021,0.4055682545243795,0.48218627354629096,İZMİR,BALÇOVA,75743,2.902
54988432B53191699702586,0.27084040567438256,0.44629473594832797,36.70004643452195,0.27043217208677905,0.4456220478793302,0.25984439274214943,0.4281754418531429,0.24009382310075536,0.3956302627441945,0.27024478124611373,0.44531326021271556,0.2704820780739268,0.4457042842210917,0.27046518081693754,0.4456764367674662,KIRIKKALE,DELİCE,10577,-0.567
54988432B53264158604699,0.06774470912628522,0.08420577687507495,3.578361823231266,0.06627019776278453,0.08305309932376499,0.05961806840726038,0.07719979558538642,0.0539911700086499,0.07175883675540554,0.06580063474950812,0.08267149830908402,0.06650750220103464,0.08324346870466823,0.06622243914285271,0.08301458059402886,BİNGÖL,GENÇ,31654,-0.646
54988432B53366813523086,0.06289365541478528,0.10363733973924058,6.926140722332678,0.06242574228255603,0.10286630374310578,0.05349396138508149,0.08814834840654225,0.04188184279119099,0.06901368256671145,0.06244339869094847,0.10289539830253432,0.06242017687159094,0.10285713295500053,0.06260909383633327,0.10316843385694975,ÇANKIRI,ŞABANÖZÜ,12493,-0.13
54988432B53536511485227,0.030563053010687232,0.05036236942259824,3.7998801577500236,0.030486404049337064,0.050236065832900384,0.028878453247092702,0.0475864544773962,0.026383593867735592,0.043475378608219074,0.030425334246516906,0.05013543387152145,0.030509012337650656,0.050273320192524194,0.03047529337850604,0.05021775746204721,MARDİN,SAVUR,23404,-1.187
54988432B53827515712980,0.0639786885581428,0.10542527761254225,8.793823104750992,0.06348255834731169,0.10460774498741963,0.05382065744237799,0.08868668426980564,0.040753519468261515,0.06715441032719933,0.06312937759601624,0.1040257671508641,0.06360748409146884,0.10481359996124819,0.06344080128621969,0.10453893692246677,KONYA,TUZLUKÇU,6052,-0.686
54988432B53845687770419,0.02652453344158833,0.04265266278816599,3.01117027217962,0.026480880631509825,0.04258539562734216,0.02557429868212857,0.041165570286599125,0.0242766371183826,0.03912649136484696,0.026435439539069672,0.04251462340588327,0.026496230955586904,0.04260923682153088,0.026468215905247675,0.04256569305837266,IĞDIR,KARAKOYUNLU,12614,-1.008
54988432B53887880755760,0.18500557294621062,0.30484135596331735,20.652915826297505,0.18445154872902972,0.3039294496869905,0.17306820120873626,0.28517585778764276,0.15727936087077943,0.2591617873907857,0.18403868739882617,0.3032493781572805,0.18461026874963757,0.3041908473944362,0.1843963907629764,0.3038385397457909,YOZGAT,ÇANDIR,4360,-0.246
54988432B53975105954432,0.20624574998544642,0.2837088248965171,15.570707100899,0.20475332316094488,0.2821857478245012,0.1880511435140715,0.2623537586891902,0.16705963080972183,0.23656691980832079,0.20332695118825383,0.2805891586587416,0.20520332464784377,0.2826725119427399,0.20419301431188933,0.2815665795744757,TRABZON,VAKFIKEBİR,27278,0.268
54988432B54046828010394,0.7485971414491223,0.976080411647864,68.42436713091548,0.7376348997074429,0.9659225895375668,0.601583562141468,0.8264760807784148,0.40786911356039196,0.6017815975117408,0.7338909738224673,0.9624743435446673,0.7394478820320246,0.967596543680797,0.7383082201152914,0.9666463366157243,BİLECİK,PAZARYERİ,9671,-0.301
54988432B54174343653702,0.07111475612799507,0.11716831696437216,8.897697248489234,0.07087172017691791,0.11676795219334225,0.06586083888691183,0.10851313411276071,0.058290340142631895,0.09604120743105428,0.07050207760390888,0.11615901621699214,0.07096580418331305,0.1169229410438913,0.07072492690510063,0.11652612832738632,ÇORUM,MECİTÖZÜ,12911,-0.719
54988432B54271266334519,0.8717429075366367,0.9632531289085065,40.640212661049574,0.8629932030225153,0.9550767303220652,0.7199060451536682,0.8127452076597301,0.2538819134316298,0.4066017861052417,0.8648445339593673,0.9568875129297663,0.862674752741555,0.9547638784532904,0.8668720612742143,0.9588483423106,İSTANBUL,ARNAVUTKÖY,358469,0.771
54988432B54371486123603,0.05866144438131403,0.09665958733874531,5.098005036435765,0.05855302035163712,0.09648094873377297,0.05652621877741388,0.09314162554036162,0.053604936384125675,0.08832851296621871,0.0584717691875916,0.09634708170170055,0.05858360657626172,0.09653134181568872,0.058538514276194886,0.09645704908336473,MARDİN,MAZIDAĞI,37381,-1.019
54988432B54408958625108,0.3345231249132758,0.35411776521873706,14.582494883079931,0.3311414505623513,0.3515360215577809,0.30720231344997595,0.3313074268794237,0.28087044247290816,0.3080461670073458,0.3288397750556218,0.3496910633375741,0.3319923351837559,0.35220426707394326,0.33026684275840024,0.35084059830393566,SİNOP,MERKEZ,70311,0.917
54988432B54459736325466,1.0446776698353286,1.0062067914310893,44.50432608714468,1.0306217063871157,0.9950933366521014,0.808740033477473,0.8155264151101886,0.5175369560912382,0.568600854701603,1.0149225346008397,0.9825977295397412,1.0354271925360339,0.9989107584955633,1.025011752217799,0.9906375461749933,AFYONKARAHİSAR,İHSANİYE,27636,-0.592
54988432B54492076476235,0.5932066612330851,0.6391484344840755,31.672407715145216,0.5815026575814337,0.6295396088309743,0.4638106473455144,0.5227650683486301,0.3198763605174142,0.38513205595105793,0.5618028642666192,0.6124035825576933,0.5868681005613737,0.6340572474660517,0.5710028494131996,0.6204808266734145,MUĞLA,ORTACA,58704,0.884
54988432B54526822258807,2.4632211629773506,2.7125675529880535,134.9166451507453,2.458708247693589,2.705131114988129,2.3770213587944338,2.5705275801808325,2.2580881800559056,2.3793458383692894,2.456496587995648,2.70148670766174,2.4597945504008627,2.7069211409268883,2.458858656165956,2.705378960340254,KAYSERİ,PINARBAŞI,20598,-0.512
54988432B54547584341772,0.0038028188896378095,0.006266355972363238,0.15217967818948447,0.003801021342578817,0.006263393940755734,0.0037604696666033036,0.006196572131904694,0.0036988943162322156,0.006095107119831777,0.0037980956485431233,0.006258572927495326,0.0038017438448205453,0.006264584493440174,0.0037998621969531866,0.006261483878950318,YOZGAT,AYDINCIK,9317,-0.928
54988432B54701256478195,0.9492486706416673,1.044217363382138,60.41239997849673,0.9354363416827631,1.0328578400590946,0.7375802127532024,0.8432085620977409,0.3278237372222445,0.4357608095050824,0.9366849882116767,1.0339591247610675,0.9355842698129266,1.0329751638430524,0.9400773861205772,1.036846633905553,KOCAELİ,DİLOVASI,55355,0.665
54988432B54705083603952,0.03920089579751007,0.06459596805203423,4.8091431864144125,0.03910935490497194,0.06444512526006355,0.03740396583405053,0.061634953306071494,0.03501384210088959,0.057696462790314464,0.03904580983311911,0.06434041450415448,0.039139083970621553,0.06449411336954042,0.03910056650255168,0.06443064356645889,KARS,SELİM,20476,-0.977
54988432B54940394851011,0.5238944737254274,0.42873531394608605,11.604069820626057,0.523614208553204,0.42839136535890643,0.5061883844318572,0.4129060703524751,0.4476912543470394,0.36632684284693906,0.5233705819288005,0.42811132816890446,0.5236987398519527,0.42849195706730403,0.5235820328389844,0.42835359946065943,DİYARBAKIR,EĞİL,21674,-1.166
54988432B54960387029794,0.004963109744329888,0.008178304907609703,0.6225841103169191,0.004935579202421243,0.008132939566603922,0.004398606114299198,0.007248105285665453,0.0036888606319741765,0.006078573427562997,0.004915644689376595,0.008100091103792858,0.0049425865665910056,0.008144486432123964,0.004933098540017594,0.008128851884776404,GAZİANTEP,KARKAMIŞ,9087,-0.837
54988432B55011186911160,0.8358996323815587,0.8932374744304306,41.726239594632986,0.8240108262719381,0.8834738255106667,0.7000163158422934,0.7716687483305166,0.5330830234629078,0.6170207500212141,0.814828797930728,0.8755139397220748,0.8278809482392956,0.8867603563469354,0.8207993809320457,0.8807103607211038,ANTALYA,AKSU,87070,0.476
54988432B55013104325920,0.27431992051680915,0.3354900893983304,22.01458541254969,0.27133059644528335,0.3326287387152327,0.2201037952879004,0.2834577759177981,0.147481731537627,0.20613294972744653,0.2695799784218678,0.33099878982577247,0.2720658816927194,0.33331591858934634,0.2712468825143073,0.33255438968400974,BİLECİK,SÖĞÜT,18284,0.102
54988432B55023919833047,0.1251834432414864,0.14702631485491943,9.649059477955431,0.1236428440594762,0.14535830867240604,0.09568486984945891,0.11480192401380077,0.06086485075587163,0.0764225385901767,0.12255785299768544,0.1441804880434411,0.12402867305475525,0.14577667668563737,0.12351332292269661,0.14521734627343302,KONYA,AKŞEHİR,93613,0.372
54988432B55107269659829,0.26977342576365193,0.35293491091167223,24.397721842675445,0.2656031365954747,0.349132087404235,0.2012577623717504,0.2761914934776712,0.06657950114953491,0.10971094516286296,0.26325164998734946,0.34675031616246177,0.2665002592556634,0.35001331555033544,0.2650878255539789,0.34861765078431883,İZMİR,TORBALI,224133,0.927
54988432B55138126050611,0.3354536606004691,0.4586194528145695,26.579328469891692,0.3330559141215048,0.45625249121936196,0.3052489669651232,0.4237253772957861,0.26722863889031445,0.37823772486849483,0.33080249071596823,0.45375708880625426,0.33376617879815623,0.4570079773105954,0.33217109961561864,0.45528610762500155,TRABZON,DÜZKÖY,13105,-0.616
54988432B55145438477707,0.0004595911900769814,0.0007573229444694158,0.05396252135348106,0.0004587002644007296,0.0007558548605047746,0.00043993768973416995,0.0007249375396354903,0.00041333674214560115,0.000681104001507666,0.0004580845524954217,0.0007548402789306707,0.00045895490897939064,0.0007562744685962015,0.0004586443176733578,0.0007557626704427772,BİNGÖL,KİĞI,4487,-0.517
54988432B55187358367890,0.756389328444823,0.5475854481616608,8.369688214477659,0.7427063426920004,0.5376855080742645,0.5115836060951959,0.3704667568133328,0.23444174842081902,0.16994598821764217,0.7343137503105246,0.531614483097086,0.7462008933471593,0.540213522899219,0.7422027653977737,0.5373218325632241,BİLECİK,İNHİSAR,2079,-0.43
54988432B55191393233977,0.014457859833006001,0.02382393138916393,1.4200706469950215,0.014421504230569492,0.023764023948639298,0.013659291274176802,0.02250803520709846,0.012501469628130391,0.020600155079963243,0.014365081423458725,0.02367104939355874,0.014435711844351965,0.02378743551991383,0.014398987567323262,0.023726920570512306,ÇORUM,ORTAKÖY,6491,-0.697
54988432B55246961354568,0.3683849506008727,0.455849415350865,26.459139640278206,0.36535335531378715,0.45310216400283193,0.33647348840717983,0.4216128580191534,0.29966809549747914,0.3803703467616026,0.36270062280680426,0.45040890799459476,0.36624947912934724,0.45397178421040246,0.3642788864959233,0.4520283090454747,RİZE,MERKEZ,153597,1.079
54988432B55251089321769,0.22967128149501245,0.34924312018009707,24.80030703549142,0.22889449742210613,0.3479720534061092,0.21140401857643865,0.321542192895667,0.17935402382165427,0.27545266386448414,0.2289365800687327,0.34804029002717973,0.22892823958840444,0.3480268834538908,0.2291851920177132,0.3484453171966698,SAKARYA,AKYAZI,99561,0.153
54988432B5550622380583,0.3077075593783802,0.263915868378244,9.02753459741322,0.2872876143485681,0.24890390472698326,0.2014118254234021,0.18194386535206722,0.13370425251798126,0.12628592517056092,0.2862026440661203,0.24809463952639238,0.2885025319083211,0.2498092071677369,0.2907830373891447,0.2515061901981136,ESKİŞEHİR,MİHALIÇÇIK,7605,-0.552
54988432B55561929668739,0.4258555538010763,0.5196690470674247,30.398574968894938,0.41782130532702644,0.5130065982212746,0.35519794871574795,0.451149366622873,0.28411377913330965,0.37495904680229564,0.41242850430199784,0.5081312781223778,0.41973161731694053,0.5146783209604521,0.41592290480476013,0.5113132766054281,SAMSUN,TEKKEKÖY,59356,0.65
54988432B55663903529384,0.03548953261448529,0.05848031450068369,4.245232635990934,0.03539283497233403,0.058320974320413985,0.033378855238262506,0.055002300909695837,0.030555690011724566,0.050350236535426064,0.035258233622911805,0.05809917570356727,0.03543220698823841,0.05838585226337325,0.03534378439770356,0.05824014786766833,ERZİNCAN,OTLUKBELİ,2123,-0.508
54988432B55699950689124,1.1220828190921188,1.6490500507285943,129.38984962251675,1.1131586112198129,1.6407763050266124,0.9945189428957502,1.4973627512305692,0.7741909089397275,1.1964306699869915,1.1066697625491608,1.6339802007932,1.1154417374176848,1.6430676741196613,1.1111561784639237,1.6387175207577298,BALIKESİR,KARESİ,189444,1.108
54988432B55782833722779,0.07032219125525385,0.09280199127156917,6.885487358973086,0.0697393444153086,0.09208482317450166,0.05869909564544016,0.07840018321014813,0.04447366101742713,0.06065635249239588,0.06925704374028258,0.09149040994135392,0.069897210977817,0.09227923018522058,0.06964675605905277,0.09197078169292786,KAHRAMANMARAŞ,AFŞİN,80124,-0.307
54988432B55907978535703,0.17456096569467508,0.2850941527691218,22.53672976657027,0.1740635348619149,0.2843302829388139,0.16477544243993728,0.26936124552620305,0.1518819389764593,0.24845237334037443,0.17335749135344822,0.28320738960809877,0.17427706316506217,0.2846660481025416,0.17378579068066186,0.28389005751229446,ARTVİN,BORÇKA,21628,-0.29
54988432B5616470788648,0.223181563700681,0.36776274789944813,33.412548203700624,0.22200899004137425,0.36583055912941376,0.1987533455558015,0.32750947391801555,0.16758450172647363,0.27614887107316954,0.22095643222264222,0.36409613470240737,0.22242909945673556,0.3665228232683053,0.22177565920486203,0.36544607222026876,ERZURUM,PAZARYOLU,3537,-0.612
54988432B56207670393992,0.09117532517653779,0.09531539121441335,4.363549804487258,0.09106089934412914,0.09513394959281117,0.08648555754508093,0.08982391199549072,0.07593773617151796,0.07945675207495238,0.09086496769519609,0.09484562995874962,0.09110741806273516,0.09520618396496333,0.09098913334602451,0.09502574009926434,AMASYA,GÖYNÜCEK,10823,-0.798
54988432B56214767138280,0.22447757485534353,0.3698401669068759,31.102118992833844,0.22335350952140282,0.3679879269261541,0.20500439116799923,0.3377562614957791,0.17977347313712017,0.296192717051394,0.2225949695160451,0.3667380225923856,0.2236273404168555,0.3684391432943344,0.223233960261129,0.36779093532354695,ÇANKIRI,KORGUN,4239,-0.606
54988432B56294268584472,0.08526781760272746,0.14050590196161578,11.646133063066394,0.08482900260437515,0.13978281441380214,0.07616109328643594,0.125499671592992,0.06458094215199404,0.10641768232973516,0.08458630670973902,0.13938289558701678,0.08493547658152124,0.13995826422141946,0.08483765704743831,0.13979707536667688,AKSARAY,SULTANHANI,12811,-0.667
54988432B56298915275499,0.018337084903120113,0.030216190892367868,2.7505336264974787,0.018230014641875045,0.030039758516678415,0.01612556559607318,0.026572008084853195,0.013328489465169523,0.021962933809503697,0.01808590506560454,0.029802292066094065,0.01827091388764748,0.030107153057530634,0.018178002639494158,0.02995405216799004,SİVAS,ALTINYAYLA,8245,-0.664
54988432B56342138183442,0.09309417225552279,0.15189890462526526,10.847571526665776,0.09281516732631663,0.15143924760554558,0.08722578705740953,0.14226089355265448,0.079304354589048,0.129331053793996,0.09261103264716854,0.1511030537548122,0.09288716200953677,0.15155783998745734,0.09278752866578618,0.1513937237419827,OSMANİYE,BAHÇE,22989,-0.302
54988432B56417495854630,0.029119298343432513,0.047982722465458906,3.5804853110932244,0.028971989614965797,0.04773999322364084,0.02598638097680131,0.04282040892757842,0.021424305467026845,0.035303128430184114,0.02886597352415513,0.047565304117933055,0.029009295088621108,0.04780146367433162,0.02895852751042878,0.04771781085149728,KARAMAN,AYRANCI,7127,-0.683
54988432B56455899662396,0.20008287215994972,0.2411087199350495,15.350157900959466,0.1986888754534823,0.23970874956957042,0.17144063875274673,0.2114749357235956,0.13428690223533457,0.17139313733869127,0.1970298674820086,0.23803626055449414,0.1991799386297158,0.2402022382162291,0.19814487374764098,0.2391615147409134,SAMSUN,SALIPAZARI,19406,-0.73
54988432B56795021168307,0.22272113637042198,0.3660227382626649,30.169867241691154,0.22191903757700443,0.36470732954404,0.20628255301216122,0.3390644282748529,0.183977929503972,0.30247562121521115,0.2205277356923212,0.36242594807775547,0.22226526716416772,0.3652750725892952,0.22131856647672704,0.36372270715941785,KASTAMONU,DEVREKANİ,12033,-0.416
54988432B56881334411640,0.0,0.0,0.0,0.0,0.0,0.0,0.0,0.0,0.0,0.0,0.0,0.0,0.0,0.0,0.0,TUNCELİ,ÇEMİŞGEZEK,7505,-0.427
54988432B5693993852815,0.027220162146498073,0.04485389143831921,3.21151803902332,0.027061338158646732,0.04459217830558531,0.024916657777576942,0.0410581339283084,0.02213963427312618,0.03648210274524947,0.0269738054781868,0.044447940320318194,0.02709582595037831,0.04464900793275469,0.027051031595862026,0.04457519495898512,OSMANİYE,KADİRLİ,127644,0.157
54988432B57432661063863,0.11933257789296367,0.1659476090976817,10.97502744833263,0.11809230943493707,0.16475004822681028,0.10497404524991218,0.14912151766293258,0.08833335226907005,0.12816608046443875,0.11757420754871584,0.16419033951386133,0.11831828449843246,0.16498798113327545,0.11807095293055309,0.164727336317181,ŞANLIURFA,HALİLİYE,395975,0.096
54988432B57597376033780,0.9317656909251288,1.1204649172342516,57.04469752076371,0.9223722351161828,1.1121664677028749,0.8452336535927156,1.0337595207524495,0.751037418316541,0.9349287794485095,0.9184193083260479,1.1084223377801081,0.9242694592368749,1.1139272440956705,0.9218592554124415,1.1116861172089902,NEVŞEHİR,MERKEZ,163126,1.082
54988432B57660440186005,0.00721756661776573,0.011835560034876066,0.8342537061408637,0.007192580168285032,0.011797199444669785,0.0067265030972045335,0.011041890861624397,0.006086766008073,0.009998269104473064,0.007169970804121698,0.011761166517244756,0.007199914040325996,0.011808786500589032,0.007186915721483578,0.011788208730583843,MALATYA,PÜTÜRGE,12372,-1.097
54988432B57830407060109,0.0005264771826640733,0.000867538931945876,0.07536606276889972,0.0005261520632073576,0.000867003194034488,0.0005102187544999728,0.000840747990440625,0.0004669505584409472,0.0007694498490732663,0.0005258518402883655,0.0008665084811028275,0.0005262513903545182,0.0008671668671622103,0.0005260922207310711,0.0008669045844846878,DİYARBAKIR,HAZRO,16024,-1.285
54988432B57845000399714,0.23594260798315148,0.31203515777858987,22.775802185574925,0.23485097199261584,0.31100251648965094,0.2106014820807512,0.2853148895730856,0.17183341756898032,0.23955849851477268,0.23345852821215152,0.30960157990206,0.23530269235345602,0.3114289834032187,0.23437585227318083,0.31050919553575385,BURDUR,GÖLHİSAR,23969,0.074
54988432B57864735744186,0.45168687071800845,0.6477366649142584,47.47169557371034,0.44770661410198004,0.6431925165619418,0.375457538062554,0.5492405792723801,0.2370954529216262,0.36584473780609394,0.4447960092007015,0.6395511567549904,0.44872153669591147,0.644433035045465,0.44700988140717457,0.642332199681083,MANİSA,ŞEHZADELER,168582,0.797
54988432B58047018778260,0.2459565962539397,0.23816979706307717,10.05984683002556,0.2408608531198015,0.2342244107038875,0.21113259079356236,0.20912647131149512,0.18168250306206038,0.1831103097886105,0.23721861233922342,0.23129052490386745,0.2423168264708478,0.23537416541646286,0.23928960015071224,0.23296790958834096,ARTVİN,ARHAVİ,22025,0.222
54988432B58079099572479,0.596802134241389,0.6491849329883916,30.93204908954202,0.585911783176774,0.6395065028545092,0.4469959316756709,0.5020690586317442,0.15708802703165042,0.23143549252081647,0.5880166295113757,0.641479125430035,0.5855542709354475,0.6391692473204323,0.5903883927411165,0.6436680967340708,İSTANBUL,KÜÇÜKÇEKMECE,785270,2.161
54988432B58223508141681,0.767719343468426,0.89810587681977,49.631913137163124,0.7527728985951677,0.8847423167026456,0.5594827718304833,0.6898913152599818,0.22902573576889218,0.3489541866655274,0.7572071335409808,0.8888824935211527,0.7513072244282933,0.8833599199368937,0.7600762425164216,0.8915152419025241,ANKARA,YENİMAHALLE,721531,4.481
54988432B58240098893835,0.34536172766009227,0.4068951969834512,26.51214620928025,0.34183927417721816,0.40310671572841283,0.27662226083124036,0.33229864011901566,0.19377789675881799,0.241409932742157,0.33742037229136634,0.39834254162369065,0.3432091271421551,0.4045813866995768,0.3403051411260343,0.40145380997284275,EDİRNE,ENEZ,10399,-0.284
54988432B58451955584879,0.05079407413842786,0.08369942378936529,6.66261954130859,0.050650723539837815,0.08346320799637437,0.04721844118896767,0.07780742905122968,0.041466865788926915,0.0683298757139537,0.05041750218470722,0.08307890149269428,0.05070818419900044,0.0835578927434447,0.050558455538921486,0.08331116706164159,ÇORUM,OĞUZLAR,4610,-0.82
54988432B58494916258206,0.0869856875173939,0.1433366400829724,10.50113125167385,0.08676410078561915,0.14297150532889913,0.08218966107951728,0.1354336581675064,0.07564690670550804,0.12465238534407636,0.08669523063645138,0.14285801981116095,0.0867971905126718,0.14302603119898602,0.08680246051004388,0.14303471519905686,KIRKLARELİ,KOFÇAZ,2291,-0.677
54988432B58500670466408,0.3081865660765677,0.5078355780230046,45.36531783227754,0.30733453041838316,0.5064315777562868,0.2880697492138634,0.47468671157658,0.2532677110068635,0.4173392631974072,0.3063107425092188,0.5047445609234562,0.30769155886740884,0.5070198959010063,0.3070059213104039,0.5058900895323882,BURDUR,ÇELTİKÇİ,4914,-0.528
54988432B58587024435654,0.08798288637099959,0.1448251330972448,11.127480369491009,0.08770712717951336,0.14437809719710026,0.0821445694977951,0.1352440701373068,0.07442635074107344,0.12255176775346727,0.08732956225736561,0.14376023111593886,0.08781805232083283,0.14455913058282094,0.08756893852090102,0.14415216001860617,ERZİNCAN,ÇAYIRLI,7491,-0.543
54988432B58590356155974,0.2901427812282864,0.2941898370111685,15.332055332483463,0.28648164506701207,0.2913764229277287,0.21838438439388735,0.23525398823123786,0.125005845833116,0.14888471978002188,0.28421750135100254,0.28966273109378854,0.28742266491680657,0.29209026513085345,0.2863703883181563,0.2913138728053682,BİLECİK,GÖLPAZARI,10049,-0.446
54988432B58678972551568,0.2383065117078799,0.2708618805898644,16.710854993451637,0.23796076953542014,0.27034893194309223,0.22723404405933118,0.2571222038116746,0.2080885196615669,0.235605496341839,0.23742602923540232,0.26960263325381145,0.23811020594147617,0.27056578804829456,0.23777464709346974,0.27008494611124945,BARTIN,ULUS,22876,-0.576
54988432B58741997056063,0.04149707709922943,0.0682209740380164,4.9483697494457335,0.0413451805469097,0.06797296171414745,0.0380032648227879,0.0625064635782762,0.032415591751192435,0.05334852457617831,0.04115531150506747,0.06766265279367581,0.041403857934595785,0.06806880259281961,0.04128198270124688,0.06786963951375852,AYDIN,BOZDOĞAN,31624,-0.514
54988432B5885906722527,0.5187563289610319,0.5612994465147144,26.696018632167533,0.5091843479032427,0.5526892111188698,0.37421195379183686,0.4214480408828298,0.1415422072146339,0.2000018364247173,0.5111400622314966,0.5545242331666334,0.5088501255132458,0.5523740533847431,0.5133109591258933,0.556537287211356,İSTANBUL,BEYLİKDÜZÜ,422988,2.503
54988432B58902751390248,0.2694140198391458,0.3680525669624091,22.379918451753003,0.26807368082830957,0.3668036972501112,0.24488199424675336,0.3423912298390836,0.21043024639167202,0.3028095873925279,0.2674563439108599,0.36620507278500447,0.2683805060828917,0.36709837977919574,0.2681176318623202,0.3668460418702307,KAYSERİ,DEVELİ,67818,-0.139
54988432B59053260264390,0.07406598287079934,0.1220269100935646,8.69713486476715,0.07152461937642676,0.11783921961414547,0.061095390520433175,0.10065502102287296,0.05266681005405274,0.08676897908891959,0.07011162939758456,0.11551089957560076,0.07208057641777758,0.11875532879661044,0.07094820765667305,0.11688940576674549,SİVAS,KOYULHİSAR,11782,-0.748
54988432B5911690801414,0.0009617551819354275,0.001584798146631263,0.1131606288377486,0.0009568245559500256,0.00157667336906815,0.0008778085781832642,0.001446469365522237,0.0007736430924174356,0.0012748235331052785,0.0009537848245826328,0.0015716644429632685,0.0009579971196890581,0.0015786055414913711,0.0009564681118266986,0.0015760860137862276,ADANA,SAİMBEYLİ,13133,-0.946
54988432B59251116366587,0.04048213798880662,0.066707222858134,4.860496883568447,0.040404437766081304,0.06657918698031308,0.03875111333396428,0.06385480811029089,0.03638518467683541,0.059956186692588585,0.040320575600425,0.06644099733787505,0.040432034887647156,0.06662466203252118,0.0403805906345768,0.06653989123174768,AĞRI,DİYADİN,35439,-1.147
54988432B59259344726572,0.011685483247062336,0.019255557485187997,1.56825442113951,0.01166729148753044,0.019225580764155842,0.011281777254572726,0.018590323212788282,0.01066557631801101,0.01757493580385304,0.01164190145235323,0.01918374259010954,0.011674707213616426,0.01923780053606635,0.011658005516874083,0.019210279168321177,ERZİNCAN,KEMAH,6419,-0.604
54988432B59291188352966,0.17827795187435716,0.24458447738347228,15.93617638251029,0.17774319622091733,0.24393284382855437,0.166783218353524,0.23046004322342895,0.15162010829584016,0.21167554119118717,0.17722926952101783,0.2433052322670124,0.17791836983462558,0.2441465350544291,0.17761686022361045,0.24377866768691234,BİTLİS,MERKEZ,74904,-0.046
54988432B59383828552044,8.324681542539726e-05,0.0001371756568377733,0.010384873077381203,8.29940381404698e-05,0.00013675912570782674,7.78016287777516e-05,0.00012820297660756733,7.060984455267294e-05,0.00011635222027689666,8.275314542443658e-05,0.00013636217819241214,8.308454961607109e-05,0.00013690827220734766,8.293575588782165e-05,0.00013666308712367018,ERZURUM,KARAYAZI,22570,-1.274
54988432B59635057977952,0.6608069480775783,0.8152389591094009,55.40329513742378,0.6486773526624532,0.8055643833104296,0.4743131482174425,0.6304963502304186,0.16611479507162338,0.26922763512448683,0.6521337731582414,0.8084260360087984,0.6475355121499895,0.8046063414081436,0.6543873268726171,0.8102562516851527,ANKARA,KAHRAMANKAZAN,63143,1.538
54988432B59840106930143,0.043940075542816176,0.07240527692604436,4.905637076566934,0.0438044854971834,0.07218184911712103,0.04103928399299566,0.06762529844683522,0.03723413055223374,0.061355095557539076,0.04370164572091574,0.07201238781356874,0.04384033369340598,0.07224092044421207,0.043789830772306665,0.07215770078783695,HATAY,KUMLU,16242,-0.951
54988432B59996123139029,0.40125598367944815,0.5412049070031008,36.38722684114367,0.3993475249702152,0.5392138852745414,0.36133670678346125,0.4981748190807748,0.30640164918974827,0.43517451749969505,0.39834745519977466,0.538166165815185,0.3998345666628004,0.5397229728478644,0.39941594554580645,0.5392843259745853,KAYSERİ,YEŞİLHİSAR,15409,-0.209
54988432B60002286024348,0.15937476631392353,0.2599248447537134,23.466607308247816,0.15850402976000297,0.25862104632883054,0.14333235617922407,0.2341449494258398,0.1231588994016709,0.20129580325118226,0.1570846128730528,0.2563744172021852,0.15886595465823594,0.2591833277167099,0.15788712826330834,0.2576497247864431,KASTAMONU,AZDAVAY,7266,-0.453
54988432B6005336917049,0.12300435993122927,0.20058405366782092,15.146622331346991,0.12252907086024505,0.19989059835539458,0.11457887989332659,0.18720898361312663,0.10348687941624812,0.1692897207216839,0.12196364386378493,0.1990136161946045,0.12269260676494026,0.20013935642119765,0.12231857526384396,0.19956657604710634,GİRESUN,GÖRELE,31536,-0.045
54988432B60131084551001,0.5450277492677107,0.6271952209746284,34.60490806457149,0.54053230533968,0.6233508384051064,0.49538313603019335,0.5787405268923551,0.4365225697553485,0.5186463379785876,0.5371713736811204,0.6202328372960437,0.5417906593254976,0.6244842852484356,0.539384987224851,0.622298581684448,KARABÜK,SAFRANBOLU,69592,0.662
54988432B60280442746441,0.25238605678801235,0.3171371826380257,20.22535731464428,0.24724993884193475,0.31269721326360356,0.19423187599605718,0.2579094285027612,0.12603413745807307,0.17976484629447068,0.2451268954362696,0.31077112806863627,0.24821035917193182,0.31355898033944346,0.24717223941098668,0.31266095103961866,BİLECİK,MERKEZ,82863,0.821
54988432B60297346715567,0.500058388911993,0.5996739846208445,32.30684189403472,0.4913839175502207,0.5914544487091462,0.37080349373414956,0.46410607603999116,0.1657264809580021,0.24890327289511965,0.4931117372952382,0.5931907338390797,0.4910892585781794,0.5911562872679195,0.4950410061527481,0.5950977344430706,İSTANBUL,BAĞCILAR,707635,2.346
54988432B60464897415028,0.382881124232047,0.4609929848996259,27.970165126854113,0.3802290982671742,0.4579417252092953,0.31900179212715624,0.39075873463155014,0.22346161460325428,0.2896283138804009,0.37702503711388635,0.4544570985855395,0.38117249708615275,0.45898785795800506,0.37920458030868587,0.4568755085223208,AFYONKARAHİSAR,EMİRDAĞ,43350,-0.183
54988432B60562394154320,0.03422033445229927,0.05638558415927245,4.611570449627911,0.034080561786418426,0.05615550878635447,0.031090230134804116,0.051228962998512935,0.02644812162391621,0.043580343824329,0.03391351664872676,0.055880371844471595,0.0341295262517794,0.05623614423008928,0.034025965147995635,0.05606558902736943,SAMSUN,AYVACIK,18557,-0.784
54988432B60654827640333,6.091328735885482e-08,1.0037405227935863e-07,7.309594483062577e-06,6.080105215213315e-08,1.0018910901007326e-07,5.840710002944039e-08,9.62443100025622e-08,5.497328168424621e-08,9.058600001729042e-08,6.066373618105626e-08,9.996283718897678e-08,6.084267937937114e-08,1.0025770313237725e-07,6.075641935024552e-08,1.0011556224574168e-07,DİYARBAKIR,KULP,33973,-1.102
54988432B60755496163753,0.36952909966872716,0.5169682903473761,38.710808568503005,0.368342854259334,0.5150911228846633,0.33935891919300054,0.4735337291954966,0.294809133662499,0.4132402096086023,0.36604192867680524,0.5115753183769239,0.3688836884196796,0.5159372641768798,0.3673690689802894,0.5135899255352718,KASTAMONU,BOZKURT,9250,-0.225
54988432B60759999719935,2.2964750712084513e-06,3.784174501989224e-06,0.00027537614377857404,2.291736525551112e-06,3.776366237977205e-06,2.192172004653834e-06,3.6123019613795973e-06,2.0508619067196453e-06,3.3794485434695292e-06,2.2867103258042376e-06,3.7680839721853895e-06,2.2933494730993404e-06,3.7790240830640403e-06,2.2903306603392203e-06,3.774049627030815e-06,ŞIRNAK,ULUDERE,45988,-0.81
54988432B60831632759044,0.1658728775588109,0.21177765765062923,13.376854010330097,0.16074993372032487,0.20755482711220496,0.13293078002705686,0.17859008205726323,0.10619477364782871,0.1471919024896767,0.1566093585018461,0.20374834346224988,0.16231555232071238,0.20891408896854985,0.158757994934294,0.2057632307609523,ÇANAKKALE,YENİCE,29636,-0.404
54988432B60901714548003,0.33210586161668487,0.33233786085969413,14.47871663454864,0.329288452204678,0.3300383364026665,0.29353721009717904,0.2987840774476141,0.2437164345669125,0.2547673684058154,0.3277701994571615,0.3287462848450503,0.3299066662295302,0.3305590525966926,0.3290687413265061,0.32985237363578623,DİYARBAKIR,SUR,97961,0.124
54988432B61004264745956,0.17160301587723242,0.25502725712979296,18.611473832361217,0.1700241125664777,0.2534628290669349,0.15346720702637073,0.23265336307467643,0.13082384125619542,0.20180843635194723,0.169265989003619,0.2526111160296948,0.1703147862572671,0.25377921426515027,0.16992370967437903,0.25335128290341075,GAZİANTEP,ŞEHİTKAMİL,905880,2.375
54988432B61123808131498,0.4280956146677164,0.6091867810356608,45.20228303451211,0.42266527731096387,0.604368086117183,0.37253940478626435,0.5462140365883963,0.29784341196364195,0.44783339462694,0.41436233922618315,0.5957997362593949,0.4250493178955827,0.6066236269619332,0.4181980273199973,0.5998644881131081,MUĞLA,YATAĞAN,45024,0.17
54988432B61168253276741,0.7383493047398368,1.1643668651130108,93.27901012251176,0.7312066187639368,1.156995536024562,0.6607812323934208,1.05899474682775,0.549070947410886,0.888777382288482,0.7262577359865457,1.1510090541592901,0.7330907048447128,1.1591463056315356,0.7295496710545829,1.1550386070156597,AYDIN,SÖKE,123843,0.821
54988432B6129080988703,0.344456591694121,0.4551658236018168,28.61368802208526,0.33883204403166306,0.4491087123662521,0.2449543613960701,0.33963251077631873,0.1026005928281166,0.16684888444954518,0.3349413162469416,0.4446554807362975,0.34024095575952934,0.45070017231750314,0.33800053405085173,0.44816268672025017,İZMİR,KARABAĞLAR,467572,1.078
54988432B61533400869276,0.3158473126513301,0.4209808356183008,28.217746208692063,0.31353893242870007,0.41859972748190843,0.2847002241521615,0.38361909754195234,0.24406306750657705,0.3308995358054563,0.31349053291888357,0.4185483876601327,0.3136941009381103,0.41876927789774215,0.31417571942617467,0.4192952286400158,TEKİRDAĞ,ERGENE,68648,0.687
54988432B61600421901359,0.8820147440930324,0.7843453408061489,26.713886889376152,0.8758212962481308,0.7793463932624936,0.7569217789023712,0.6827301110112987,0.6016214110210752,0.5557399557227277,0.8691619905942685,0.7739605749132771,0.8780532328652134,0.7811493840711322,0.8738620183449074,0.7777619780211142,KÜTAHYA,ŞAPHANE,5540,-0.516
54988432B61684087584661,0.9726305044678238,1.2645346329047962,89.39143077138212,0.9657370492136502,1.258257552261833,0.8384951417143508,1.1387405378681448,0.6291506023807328,0.9040916358627403,0.9573570563050711,1.2508852794762102,0.9682498861180096,1.2604820592034958,0.9627593505996799,1.2556347225247557,AFYONKARAHİSAR,SİNANPAŞA,38292,-0.627
54988432B61723076415933,0.2556860214198939,0.389675731241826,32.61121532879507,0.2527109677414591,0.38665327541052846,0.22585716354385862,0.3499226481212597,0.19392304110910868,0.3029406844113423,0.24959577384948053,0.3828445386585317,0.25365584930940915,0.387720913266865,0.2512840847583163,0.38495086984802945,KASTAMONU,AĞLI,3176,-0.503
54988432B61743790309044,0.18942050650828127,0.22761088797258375,12.14491947233189,0.18384982676266187,0.22312230253855103,0.12291728249685396,0.16473881553727956,0.051773328433234095,0.08529271733022167,0.180524504858848,0.22029076093894392,0.18512024103812588,0.22418327342281835,0.183117053675408,0.22250310220401998,İZMİR,TİRE,87571,0.5
54988432B61783843665987,0.23451484426880753,0.3120840773756824,18.89520289136542,0.23250863446657175,0.3101830298660308,0.21450783305469215,0.28865022619287206,0.19076069280598718,0.25922644192277544,0.23163939935325323,0.3092528712680823,0.23287688638913748,0.3105644732039744,0.23240721589938604,0.31007502914196594,ADANA,YÜREĞİR,396572,0.596
54988432B62220540436660,0.1932917921600473,0.31850982425467744,24.70217289024436,0.19229613064238832,0.3168691546149437,0.17557786393168665,0.28932048256652415,0.15092817549831153,0.2487022657084279,0.1913031490317566,0.31523290097604856,0.19262027821969893,0.3174032910453013,0.1919776302457182,0.31634432371428933,EDİRNE,SÜLOĞLU,6101,-0.285
54988432B62353974928440,0.02353627288426793,0.03878350992664557,3.1753466651937625,0.023458478388974007,0.03865531870472586,0.02186226800092903,0.03602505342295573,0.019655365924418057,0.032388478974130885,0.023376396643263575,0.03852006287151852,0.023484893947155448,0.03869884675472703,0.02343548939734848,0.03861743701507616,VAN,ERCİŞ,169040,-0.715
54988432B62375906766923,0.36151185698277233,0.4527893848391363,29.623344182517474,0.356229384145946,0.4480493654845634,0.30640068172545276,0.3936856884225773,0.24839707521808752,0.32705812927431027,0.35184330689399623,0.4436351949517836,0.35768522023429883,0.4494539706237463,0.35455565899840585,0.44639105236789145,SİVAS,KANGAL,19406,-0.472
54988432B62800627366200,0.2729297409511403,0.44972824203540757,38.01363899676887,0.2719806341762574,0.4481643960890589,0.2455997823894448,0.40469472101515097,0.19700690012033759,0.3246250224950707,0.27068930664181495,0.4460366349453023,0.27235994196844365,0.44878939709434174,0.2715493761160644,0.44745380677415364,AYDIN,KARPUZLU,10352,-0.693
54988432B6281772994077,0.0183152765484069,0.030180254678267085,2.1981308262139736,0.01828021097956062,0.030122472979179877,0.017533874718033016,0.028892646151886456,0.01646559478727994,0.02713231453512941,0.01824236060920718,0.030060102432171512,0.01829266748658515,0.03014299904404209,0.018269447475820922,0.030104736676742076,AĞRI,PATNOS,105968,-1.05
54988432B62899385202427,0.31216040953466573,0.3151070165153875,14.633544810301933,0.31109073163007456,0.31407964416633727,0.2921934967489158,0.2952064402842722,0.25967447029133506,0.2642362101350488,0.311125398944445,0.31411330976785523,0.31114541462069367,0.31413511018376256,0.31145051481866987,0.31443868794770125,KIRKLARELİ,VİZE,28769,-0.032
54988432B62918956167575,0.30725935271725835,0.49342616599221995,42.58284790058802,0.30571617229159165,0.49162436857770414,0.2733208693175457,0.44203439271087563,0.2085051222229947,0.3385772732235109,0.30449943937768637,0.4897313905401073,0.30607575012104,0.4921541319155532,0.30544460287460856,0.4910885350838065,AFYONKARAHİSAR,BAYAT,7580,-0.62
54988432B63047019861929,0.10979051079123643,0.18091485368397356,13.713481273410654,0.10946655424258649,0.18038103203420988,0.10312533384096757,0.16993185065351551,0.09435694118145802,0.15548312950624651,0.1090055719665883,0.17962141683238522,0.10959782234355883,0.18059733806202263,0.10929012408239747,0.18009030712195648,RİZE,HEMŞİN,2299,-0.27
54988432B63110195465705,0.08593123109400565,0.14159745880837415,10.695906275446804,0.08564702353395261,0.14112922960747812,0.07980846430932664,0.13150871599296046,0.0717167633866004,0.11817534009451286,0.08523789972188509,0.1404551194321889,0.08575749071627661,0.141311239055263,0.0854937248131963,0.1408766422181497,AMASYA,TAŞOVA,30034,-0.49
54988432B6320038983636,0.09404101082852485,0.15478153328216215,13.593820391550356,0.09344551511592304,0.15380261611331902,0.08101472279104484,0.13335967585146954,0.062386258848906334,0.10271382592226616,0.09261482454444622,0.1524363940381042,0.09367521062315269,0.15418027993938127,0.09313865148284672,0.1532978019539621,DENİZLİ,ÇİVRİL,59689,-0.127
54988432B63314623815647,1.435914826083281,1.9900442169130446,130.79004894067324,1.4295279624206358,1.9841779378797826,1.2993110657124638,1.8440440636666802,1.088932570307284,1.5897996117821789,1.4249142039263476,1.9797815773916538,1.4311605849500593,1.9857115112519443,1.4288089421382488,1.983498547721858,ÇANKIRI,ATKARACALAR,5063,-0.518
54988432B63323632068596,1.9481011514757065,2.06919406874901,98.99423987812195,1.9284551802603245,2.053853042164574,1.6945342045087781,1.8552098992762645,1.3960167970357575,1.585540604560178,1.9087958513218155,2.0379383424390958,1.9345704929484575,2.05873107180261,1.920756477614231,2.0476569193684475,TRABZON,ÇAYKARA,12921,-0.023
54988432B63547038185922,0.3379163694693738,0.555749079819736,40.58421267343877,0.3372653434143919,0.5547466469136232,0.3219074284116925,0.5298386221066438,0.29127565702135694,0.47958756423759785,0.33700403894475645,0.5543327350674293,0.33738116631008763,0.5549291338675557,0.33731560804942695,0.5548259215116561,DÜZCE,GÖLYAKA,20840,-0.472
54988432B6366714807225,0.0007313843192553704,0.0012051887376354179,0.08454461986050617,0.0007294188798498733,0.0012019500498844664,0.0006915707263203386,0.0011395831557999287,0.0006358862228216306,0.0010478251911968748,0.0007282218155551236,0.0011999775049880614,0.0007299035638292697,0.0012027487211957075,0.0007293433748466768,0.0012018256313303744,ELAZIĞ,KEBAN,7112,-0.416
54988432B63684136000380,0.020184631349143174,0.033260612423406846,1.6441272933019797,0.020144780387435033,0.033194945264609296,0.019405093714993462,0.03197607575437257,0.018373760315411127,0.03027662532154222,0.020117004643240698,0.03314917587469874,0.020155421283918343,0.03321247953252069,0.02014096802704717,0.03318866318597799,MARDİN,DERİK,61553,-1.085
54988432B6368425336150,0.2638731450179784,0.36912996795558217,25.289297101738498,0.2614803705552476,0.36639007556642145,0.23077461376526565,0.3268046946045845,0.18531948289558547,0.26874865712685886,0.2604347820127044,0.36510097187993873,0.26195618202216636,0.3669683468765559,0.26145710243475145,0.36636406748924694,NİĞDE,MERKEZ,244326,0.575
54988432B63915674608769,0.5501001021171932,0.7390981510620069,52.2185293012767,0.541951565918538,0.7317761274639246,0.4640958998796934,0.6457672707003526,0.33977904267669923,0.49315869184623845,0.5370975371929928,0.7270251293653597,0.5437711769300216,0.7334995341227855,0.5404144507125624,0.7302934901887588,BALIKESİR,İVRİNDİ,31295,-0.483
54988432B64009730200703,0.2356662805901395,0.35261196567772146,28.82795540786631,0.23181978870331382,0.34889029087629736,0.19443623568862095,0.2993286924483115,0.1427515195387957,0.22415418208183455,0.23008770503656661,0.34691979340501705,0.2324978119901956,0.3496318337420851,0.23158570042295745,0.34862066099749994,KONYA,SEYDİŞEHİR,66079,0.228
54988432B64031240079143,0.8605809376416396,1.0097097581388066,51.208967757712614,0.8534070723493704,1.0031982488648934,0.7691451575298222,0.918601980391712,0.6432369893464409,0.7929104768667051,0.8508611426281798,1.0007295554970232,0.8547348287566057,1.0044686886393979,0.8535940345900337,1.0033779805573466,KAYSERİ,MELİKGAZİ,593262,1.983
54988432B64045217411376,0.16390973354231098,0.17212921780404583,9.430841358221475,0.16303049316412774,0.17112311268848077,0.1461440354419998,0.15175274206649306,0.12149199626622373,0.12453917202466909,0.1623024721934959,0.17028809367055117,0.1632687477827767,0.17139608728734707,0.16289039140766662,0.1709623714322361,KAHRAMANMARAŞ,ELBİSTAN,132036,0.13
54988432B64064239831257,0.5269128860300579,0.6391599073236947,29.66843114979722,0.5084405415156208,0.6251661160591481,0.42294580257585723,0.5500674206449381,0.3492586424402336,0.4779801911137211,0.5036647395344651,0.6212920541392617,0.5111294693290422,0.6272853083445245,0.5087493066592117,0.6253602544324732,KAYSERİ,FELAHİYE,5529,-0.552
54988432B64089683735003,0.48516038066887346,0.5807807941986025,31.062808918292276,0.47906532069186536,0.5745104856149595,0.37558184860082483,0.46127617762197404,0.16823279373677316,0.24737795582909836,0.4803506598067215,0.5759043167238588,0.4788442427822756,0.5742694773966185,0.4817591031264207,0.5774113428517316,İSTANBUL,BAHÇELİEVLER,539035,2.423
54988432B64260003407372,0.1157098679696017,0.1906688809683844,12.041311715988915,0.11478364011630932,0.18914262541725546,0.09732080962950368,0.16036704727611928,0.07485240942528557,0.12334319789091777,0.11513153833594986,0.18971589859951485,0.11466480583730843,0.1889468080734509,0.11534565426052072,0.19006872281798312,ANKARA,KALECİK,12564,-0.359
54988432B64303277963843,0.29279739036580604,0.392577666502365,30.10819307522632,0.288682483379285,0.38932529361704854,0.256485825931204,0.35640569119494636,0.2125119266770382,0.3031097851131305,0.28761715293483564,0.38844815755514345,0.28919994631459967,0.3897485295262655,0.2888820879083597,0.38951044519690237,DÜZCE,AKÇAKOCA,41134,0.257
54988432B64452586859960,0.2101849867593542,0.3463167310783836,30.638016087512355,0.20865717486757446,0.34379961512804985,0.17699634043817167,0.29163615921717323,0.13109707694267012,0.21601211905185688,0.20757178483566793,0.34201139818593546,0.209042443595201,0.3444343580033634,0.20853435529525813,0.3435972674505125,KONYA,ALTINEKİN,14374,-0.641
54988432B64593282211695,0.3830803199336973,0.4482303915241815,25.631459685243016,0.36751373777964735,0.43466084009263706,0.22745469085424194,0.2916939661938606,0.07869483881940587,0.12251069765211786,0.35895286137987426,0.4266094964682189,0.37086751056783,0.4377449342115335,0.3656085621822983,0.4328888585143306,İZMİR,GÜZELBAHÇE,39474,1.882
54988432B64635925513807,0.18603001632816984,0.14817459228030408,3.9968952437985377,0.1841234203700516,0.1467023144270436,0.14871171754422383,0.11928592394750347,0.10386472025106712,0.08448469928441248,0.18255243670888083,0.14548846249901842,0.18463872537543724,0.14710035781041067,0.1838213356204555,0.1464689416426825,KAHRAMANMARAŞ,NURHAK,11675,-0.661
54988432B64680094373147,0.09493981086696325,0.11095720547222195,5.7046930974900185,0.09440516443332057,0.11032092652349453,0.08447006186946639,0.09975642294108267,0.07040257234550167,0.0852352258031851,0.09406285766784668,0.1099371206683325,0.09453681410255874,0.1104706939601053,0.09436825951011586,0.11027920449584275,ADANA,KOZAN,132572,0.016
54988432B64689999411335,0.5454582450221991,0.7164051371830122,41.37695077023313,0.5379329906921618,0.7096343927453042,0.4680631175519957,0.6352129898800609,0.38070811992881587,0.5359852456971951,0.531332626983238,0.703125701232079,0.5400101550720805,0.7116087688613233,0.5352305585070996,0.7070047604072838,DENİZLİ,MERKEZEFENDİ,351085,2.375
54988432B647422472855,0.1540591329592234,0.2536758209928403,22.0890889056762,0.1531686870324607,0.252210199865142,0.1356777370447818,0.22341949903309535,0.11242432943047737,0.18514213198262125,0.1526149940440365,0.2512988371449861,0.15339181665304966,0.25257746275373155,0.15314692429959684,0.252174379160019,ŞANLIURFA,BOZOVA,50534,-0.947
54988432B6478152958828,0.2446458219331944,0.2670614981333164,13.71026383568046,0.24348512138847156,0.2660251978140576,0.23491065718627502,0.25648296756044414,0.22275079113025334,0.24277944287684555,0.24275985151730678,0.26529913002491273,0.24375963543649615,0.2662878845337659,0.24322825147871552,0.26577281895326,MUŞ,MERKEZ,203810,-0.303
54988432B64920064899617,0.00029713646903281105,0.0004896270217875189,0.01827110771852234,0.0002967461067325852,0.000488983775500384,0.0002883920581408486,0.0004752178182446001,0.0002763227506734824,0.00045532978804245137,0.000296297969218806,0.00048824532613758054,0.0002969019375936831,0.0004892405565029659,0.0002966097590981986,0.0004887590993225665,ISPARTA,AKSU,4073,-0.679
54988432B6508967515470,0.2797376426111509,0.3164839640464078,15.93991226331893,0.2786246907874276,0.3151824900004062,0.2537019144413455,0.28796841258928313,0.20830150180924106,0.2421053063513935,0.27732415929686255,0.31368508280500773,0.2790086207169539,0.3156269489402848,0.2781991341530022,0.3146912747885151,SAMSUN,19 MAYIS,28658,-0.137
54988432B65104046804588,0.345588564719242,0.4023221428541235,22.149954559610272,0.33767612811397174,0.39492908387006104,0.24536077279183285,0.295169146669104,0.07470379962987642,0.12154751462946857,0.3331295732632027,0.3902553258137816,0.3394223826680656,0.3966772668100343,0.33667490136092787,0.3939127557267137,İZMİR,ÇİĞLİ,216430,2.046
54988432B65208484098159,0.11526590230709251,0.13646651484124112,8.518439852214836,0.11056895254725267,0.13281438308540117,0.0870446209109857,0.11047402759251171,0.06491059923592703,0.08636721416337526,0.10746292107273454,0.1301490761670356,0.11167604172694764,0.133721661988035,0.10922100143966683,0.13166526938243242,DENİZLİ,ÇAMELİ,17447,-0.542
54988432B6527400252078,0.07748403380977349,0.12767963768921786,9.429385811399044,0.07712999534795392,0.12709624650124554,0.07044782798414954,0.11608524635011966,0.06109853275340676,0.10067930309939284,0.07672342067844515,0.1264262851692898,0.07725111130635878,0.12729582363897532,0.07699629996972389,0.1268759407606456,SAMSUN,ASARCIK,15673,-0.745
54988432B65496848768167,4.027176565409051,6.635629175524808,602.584881309755,4.026793609767654,6.634998391371695,3.7453599105975965,6.171306508492684,1.9594288759861982,3.2285683612140077,4.026945721958867,6.635248887470997,4.026737695066951,6.634906324471427,4.027031809753258,6.635390685040123,ANKARA,EVREN,2927,-0.478
54988432B65548594921961,0.40705390992904367,0.6235040197999244,47.80793810683899,0.4041078613238279,0.6203716750744322,0.3502213005480554,0.5486321984891526,0.2507618568770577,0.4033117612407819,0.4035608360897242,0.6194920801247003,0.4044127645426131,0.6207806968687195,0.4047059959742881,0.62088997798084,BURSA,MUSTAFAKEMALPAŞA,103652,0.285
54988432B65637439254468,0.23160131738362316,0.38163697523136214,29.707435475790728,0.23116618627529611,0.3809199580663175,0.22087950986364396,0.3639693806029602,0.20365795723245458,0.3355913846174348,0.2308788941089369,0.38044655267028776,0.23128170057477832,0.3811103046858808,0.23114898389182095,0.3808916116576253,ELAZIĞ,KOVANCILAR,37874,-0.428
54988432B65670234538071,0.14911389822044574,0.24571266573387857,12.08203729390058,0.14861999319136238,0.24489879980478826,0.14449847817552658,0.2381072904050001,0.13955423814992754,0.2299600793722494,0.1482578451648101,0.24430204552462814,0.14874967031547975,0.24511248419123283,0.14848411923569155,0.24467490416360316,SİNOP,SARAYDÜZÜ,5656,-0.751
54988432B6573283101831,0.41947553798506576,0.4597904859255464,19.32004628864197,0.410766639067925,0.4529111659273394,0.3400915740556753,0.3901332351488269,0.2618908348902942,0.3171037002863591,0.4116543439477988,0.4536377620189877,0.4107831695942359,0.45292644810666444,0.4136230831306884,0.4552428559962182,YALOVA,ARMUTLU,11984,0.029
54988432B6573458732183,0.15434427016678698,0.22246240196692077,14.8566645283212,0.15209625784275044,0.22053837698815756,0.13768002658437437,0.20400056425052474,0.12224203182074418,0.18405738958412363,0.15084636727303147,0.21930965332977106,0.15257216213419075,0.22098254424994987,0.1516908953291413,0.22014884280464284,ORDU,PERŞEMBE,30053,-0.418
54988432B65769294434717,0.7079454215315861,1.0684556713455287,83.5156144142029,0.7014606929491194,1.0625208212721482,0.6089996828348384,0.9465062035787595,0.422638898305058,0.6766104487483658,0.7014502490354813,1.0625545419927591,0.7017783623174795,1.062815653847019,0.7032375377056391,1.0642813772038309,BURSA,ORHANGAZİ,81997,0.486
54988432B6587538084917,0.439610039050069,0.5646194522118999,32.83079100632093,0.43328012646846936,0.5581294486888065,0.33671447030233814,0.44819309053506234,0.14918295538338167,0.24302928764185983,0.4346129742034563,0.5595705742224166,0.43305147251545334,0.5578806750087519,0.43607942767188207,0.5611328743438094,İSTANBUL,BEYOĞLU,215991,3.394
54988432B66052692688505,0.11671507626043166,0.13729932169816306,5.308045102615666,0.11403999359685985,0.13518311164777777,0.1024488310899261,0.12525034208588445,0.09299967178126771,0.1165553642778312,0.11256234463351847,0.13397998905883163,0.11463947778763478,0.13566457715064495,0.11345707059150847,0.13471133153422235,SİNOP,DURAĞAN,16788,-0.687
54988432B66082429692342,0.2026500684542043,0.22302333562410254,6.43301562918979,0.20246852722727415,0.22280975699354552,0.1930762247228522,0.21428904125916207,0.17435970063294526,0.1982918398861242,0.20218591199856675,0.22251385906605015,0.20254120367688855,0.22289030960345416,0.2023912258127552,0.22272667246375377,ORDU,GÖLKÖY,24780,-0.61
54988432B66082608132209,0.9305228112363629,0.9398343311377133,40.406632696575784,0.9145364381699119,0.926212602847534,0.6898182100639367,0.7201367968247173,0.23949266272216832,0.3179026288109214,0.917659678716939,0.9289864569814613,0.9140054429337797,0.9257385273521878,0.9211705681313015,0.9320668735458176,İSTANBUL,BEŞİKTAŞ,165895,5.94
54988432B6640602467318,0.20004990384453555,0.1876339552336727,4.694760001221123,0.19880734779079237,0.186687425283938,0.17489881859857626,0.16836144632622707,0.1436739000110285,0.1442719893421518,0.19746898122631032,0.18566645453155248,0.19925582802970215,0.18702926289056745,0.1984137624603103,0.1863872993435198,KÜTAHYA,EMET,17352,-0.299
54988432B66454172152747,0.24264244482097114,0.3995453364816583,29.12707234412408,0.2420081226276246,0.3985023222618169,0.22881536018227955,0.37677911831347194,0.21026404519234992,0.34623139495319327,0.24133830713593607,0.3973997853279333,0.2422233480889162,0.3988565024050265,0.2418207113266219,0.39819386712314403,VAN,GÜRPINAR,28505,-1.116
54988432B66516402107678,0.030595442912038036,0.05041574210682647,3.5583177490209383,0.030529170665525487,0.05030653746159148,0.02914299384882775,0.048022369420422255,0.027189819955345553,0.044803893009190424,0.030486853187199285,0.05023680593065602,0.03054544481661095,0.05033335431162013,0.030527172216026112,0.05030324437919149,ADIYAMAN,TUT,9199,-0.979
54988432B66531887129041,0.033893256580985374,0.033639680923123895,1.4910641442047523,0.03293676547328074,0.03289941579717805,0.028285394753293763,0.028578235398163596,0.024189984078597158,0.024337317561755552,0.032647979125615324,0.03266011756092718,0.03307420591680393,0.033010980723118845,0.03292401331309421,0.032888835409562375,ŞANLIURFA,HALFETİ,41624,-0.798
54988432B66575483981903,0.13990887515447697,0.22400571585639834,14.821236555476506,0.13933220209615382,0.2232532813084426,0.13062131621999784,0.2100486787938192,0.11901459926684496,0.19204082557520935,0.13879474132366354,0.22247804155293893,0.13951940557331155,0.2235155129150481,0.13916185832843436,0.22301028544903373,ZONGULDAK,KİLİMLİ,32441,-0.197
54988432B66595965845834,0.8085490179550268,1.000475284234642,55.57814271261349,0.7946809180248636,0.9878753621152241,0.6765298556981414,0.8660426337504986,0.5160828011797641,0.6933137445264128,0.7744729415518848,0.9681454331804731,0.8006257683532376,0.9934355324699812,0.7837303579743459,0.9773041171875149,MUĞLA,FETHİYE,187332,1.522
54988432B66719827251090,0.038624296947954065,0.0636458377015149,4.938651193273606,0.038546578266673404,0.06351777140734183,0.036902223981859474,0.060808173713535744,0.03456127589382111,0.05695071574401654,0.03846744543328989,0.06338737484692872,0.038577699106508975,0.06356905290830944,0.038525677511923574,0.06348333075340734,ARDAHAN,DAMAL,4526,-0.814
54988432B6679854543098,0.3102605559211756,0.38119161473632307,22.171188726522843,0.30641012198284484,0.37743755877575486,0.2623370767325565,0.32952959839386275,0.20470553320309778,0.2660478656750893,0.303709522613124,0.37461319898790496,0.30739874047222443,0.3784503495576231,0.30563301115480174,0.3766318625265676,MERSİN,MEZİTLİ,233140,1.147
54988432B66867123396579,0.05387249589948953,0.08799044504852002,6.841338716645326,0.05372566488473959,0.08776126974584376,0.05072055999496211,0.08290155327231413,0.046160986559029914,0.0755047396667515,0.05353210433857765,0.08745097224108614,0.05377957781939659,0.08784707432919507,0.053655411053811435,0.08764893037014303,GİRESUN,DERELİ,20100,-0.824
54988432B66869796973700,0.5132302060303854,0.6500876108622274,37.32867412857657,0.5068738841331191,0.6432722659223234,0.39670689038857926,0.5173753747873182,0.17115807582005085,0.2752986733724333,0.5082576840620499,0.6448296770363139,0.5066354681493794,0.6430025307212769,0.509765338527425,0.6465048395167715,İSTANBUL,GAZİOSMANPAŞA,478395,1.46
54988432B66916600910791,0.5752811616366771,0.7450035909550805,47.73447656442101,0.5688440131672741,0.7390378878119874,0.5126738258992796,0.6720281196076695,0.43006895366557585,0.5653829939434427,0.5691265212187208,0.7393315690641759,0.5690239352142762,0.739216469625182,0.5706494977843277,0.7408441160290072,SAKARYA,ARİFİYE,55589,1.148
54988432B66992053729181,0.018880670149611957,0.031111920811329945,2.1749787414207487,0.018865496781730513,0.03108691785241863,0.018415653730677838,0.030345658073450167,0.01749669314966349,0.02883137766927502,0.018855323443679045,0.03107015403602144,0.018869790176886957,0.03109399258912346,0.018864986788610302,0.03108607747623259,ELAZIĞ,KARAKOÇAN,28320,-0.483
54988432B67026781349893,1.1149112496188147,1.0657081103415502,39.60088970572473,1.094092312019312,1.0487371766406717,0.7891352289128212,0.7885574805569437,0.20221951587806272,0.2972194180787636,1.0981537544211741,1.0521563253693873,1.093400516703286,1.0481526240853731,1.102707095305336,1.0559554763320949,İSTANBUL,BAŞAKŞEHİR,536797,3.468
54988432B67060937110843,0.20639412077185967,0.2630547473474224,16.214137799830148,0.2033144029152207,0.26047319163903365,0.18002543990082265,0.23634714189374365,0.15256093104901391,0.20554892033396585,0.20097332917391977,0.25828332286068395,0.20412420829233932,0.2611966019646757,0.20236204806816405,0.2595974701994596,TRABZON,ARAKLI,49230,-0.24
54988432B67214587682111,0.0715320950895404,0.11786387699104228,9.848269727951303,0.07122770259235668,0.11736229335064831,0.06510332256091358,0.10727044440347981,0.05677983953034803,0.09355516919168622,0.07093287825002971,0.11687647629556938,0.07132191484318726,0.11751753805664077,0.0711537891608929,0.11724049741827693,ADIYAMAN,ÇELİKHAN,14530,-0.631
54988432B67228037605884,0.17509038476928734,0.2638057498911649,20.21478791249321,0.16919269352210375,0.25675318448239365,0.12671757682361548,0.19742493549243487,0.07842267761097566,0.12584097985931544,0.1662095490950647,0.2529138680220752,0.1703678315026471,0.2582289800640071,0.16842788766191696,0.25578020841476484,MANİSA,KIRKAĞAÇ,37363,-0.219
54988432B67289676642995,0.32624560629088206,0.31101186580279744,9.191527108795656,0.3223972809569442,0.30799973928288316,0.25311759956493174,0.25316144200900903,0.16741845514089682,0.18459104175894397,0.3196948383205308,0.30587939732354236,0.3233594165158834,0.30875380581322076,0.3220764340399852,0.30774814417803825,KONYA,YUNAK,20259,-0.559
54988432B67392778171164,0.22134068085178238,0.3092987448566452,22.47828764742375,0.21850666238635738,0.3069248865164447,0.20118531313598217,0.2875668046134624,0.18325558854347315,0.2649101402584036,0.21757951613786702,0.30604913625651514,0.21898574983135471,0.3073620196668626,0.2184646408365761,0.3068860113355403,TUNCELİ,MERKEZ,41045,1.084
54988432B67500599414022,0.8579447014331608,1.3591216461923457,97.27172019794439,0.8523827838946467,1.3540624851459688,0.7958102416667092,1.27726467584506,0.6985031909512273,1.1292379123405551,0.8499656820913486,1.3514887131204287,0.8533462642326993,1.3550354554888757,0.8520044659446442,1.3536853351683729,ÇANKIRI,ÇERKEŞ,16927,-0.232
54988432B67540218019421,0.2914904696894364,0.36748199613305416,21.919839055357954,0.2880591412786962,0.36417386595954226,0.24830859414548231,0.3205634912846164,0.1970072929330863,0.2623800079106215,0.2856121457970554,0.36162898492066897,0.28895228580478194,0.3650814913635981,0.2873556894966151,0.36344947915012676,MERSİN,TOROSLAR,322971,0.396
54988432B6759828088489,0.15788964168589772,0.1655813436850903,8.257285698528856,0.157360093655935,0.1650948476532691,0.14676927739335488,0.15546030803705888,0.13204745180683775,0.14187310426785527,0.15673448623945876,0.1645303235883043,0.15755232343946127,0.16526913705099452,0.15715678488203602,0.16491195694965377,MUŞ,KORKUT,19251,-1.22
54988432B67777118952628,1.1420787262913268,1.465620704582748,88.17699824716331,1.1213615365464458,1.447968008210118,0.9250266431323705,1.2432852982958418,0.6675616776998126,0.9472655139904094,1.1078859249315538,1.4354671879427703,1.126338844822503,1.452449384488043,1.1171689207459163,1.4441732911742113,BALIKESİR,AYVALIK,75815,0.907
54988432B67849230922765,0.098495244480736,0.1623023029529607,14.591399863685599,0.09807182757806496,0.161604588674723,0.08953753134733963,0.1475416159938399,0.07793401426197002,0.1284211238803567,0.09771420444816266,0.16101529060375125,0.09819884286031033,0.16181388682842904,0.09800250177324635,0.16149035231909542,YOZGAT,SARIKAYA,30785,-0.411
54988432B67949060177809,0.3438875183493973,0.4466752853080812,28.157691075611435,0.3353374811678149,0.4386502968291916,0.23333031078532096,0.32574277935369955,0.10026328539158079,0.16385090246063613,0.33021637104009666,0.43340746180668,0.3372774628379626,0.4405887750321763,0.3342167423570135,0.43751578985350675,İZMİR,BORNOVA,452479,3.028
54988432B67969855832244,0.6352757253529681,0.9194748232164913,66.69078593451182,0.6282798737794583,0.9130469074732228,0.5573774732543142,0.8284084130554746,0.44885694484670147,0.6858882270216675,0.6172797779854364,0.9011609997784129,0.6313570464961746,0.9160821486006496,0.6224184999257625,0.9068584825796202,MUĞLA,MİLAS,152275,0.681
54988432B67997917440066,0.08096834660218716,0.11624445628003055,7.23063059943992,0.07855318821236727,0.1142131656632699,0.059250455456650274,0.09080527232311358,0.033820265434231084,0.055052501134358195,0.07742889123419947,0.11312428087493366,0.07901030886014682,0.11463347531870624,0.07829468703530021,0.11396874813256214,İZMİR,ÖDEMİŞ,132548,0.336
54988432B68103092763105,0.06340917892893579,0.09208504242490688,6.653681183227844,0.06232956838928498,0.09107341211625881,0.054919572095664504,0.08193321394467243,0.04699287497727204,0.07117450551303846,0.0618870624766841,0.09060167740145339,0.06250877578192691,0.09125747121361542,0.062261120499843794,0.09100195083424202,HATAY,ALTINÖZÜ,69834,-1.038
54988432B68104406742537,0.4251851406367197,0.47472353322223887,24.722151203806,0.42084773384633095,0.4710288985047721,0.3718584361083378,0.4244609653957624,0.30810339318133534,0.3620655295705889,0.41674323170415595,0.4672881849538798,0.4221436502342285,0.4721811917476466,0.4192333476633704,0.4695702296657408,TRABZON,AKÇAABAT,131162,0.405
54988432B68279142747121,0.3724670491442799,0.535942868188169,31.663398533754737,0.3669770015902722,0.5313070759384619,0.3333061018655754,0.493549615470016,0.29844674734556564,0.4495228525035356,0.3639791805640243,0.5284186700049835,0.3681266256794371,0.5323606870358257,0.3660018292907239,0.5303880709428639,ORDU,GÜRGENTEPE,12499,-0.859
54988432B68378780511422,0.2956545801635619,0.26625712262703866,9.40224747735541,0.2875354701625417,0.2601396199041832,0.2257313347236578,0.21056508797627363,0.15966882719254702,0.15602129972178036,0.2870013188950862,0.25972288767686086,0.28811793769225064,0.2605891473510661,0.2891721769434349,0.2613938848002191,ESKİŞEHİR,SEYİTGAZİ,12565,-0.31
54988432B68476887974785,0.0001044572019599118,0.00017212652780847757,0.005216882541341759,0.00010415236255820495,0.00017162420775040108,0.00010232109619083519,0.00016860661283694768,0.00010037613420413328,0.00016540166815904065,0.00010404578275100834,0.00017144858355405037,0.00010420457284704978,0.00017171024083922708,0.00010414171853195205,0.0001716066683251969,DİYARBAKIR,LİCE,24060,-1.022
54988432B68647212812297,1.8896566013738705,2.137036099321421,100.50750230706932,1.853434250916197,2.1070310777192125,1.5249395853464884,1.8031178601483786,1.1180801636207125,1.4118241418106465,1.796998232830283,2.056813440213967,1.8694821809192685,2.120750282051182,1.8230564509283216,2.0802578495118365,MUĞLA,BODRUM,207196,2.483
54988432B6867596275120,0.05630988247692718,0.09153368821721808,7.159244319367577,0.056070785442297086,0.09118531012922573,0.051972117462345827,0.08466430608552113,0.04643672851816724,0.0757548209170435,0.05577854191770552,0.09073301166591446,0.056154700935375786,0.09131265219006442,0.05596253476659125,0.09101919952715826,GİRESUN,ÇANAKÇI,5783,-0.637
54988432B68766699896789,0.01305793006916924,0.021079300359448012,1.4210262023306286,0.013021962078835445,0.02103346735165183,0.01249583626111872,0.020230801756647192,0.011778209451816617,0.019104673322103884,0.012993000390534283,0.020992949185805933,0.013032183516641014,0.02104739466385946,0.0130137725644681,0.02102259990710429,BİTLİS,MUTKİ,26748,-1.257
54988432B69064282981007,0.3038702894693649,0.29070586719305536,10.450628357527343,0.3033624089681031,0.29013363135791026,0.29119126403670276,0.27837160965756297,0.26505308844990005,0.25544591178659415,0.30298943976588755,0.28971581929000284,0.3034911056081788,0.2902804578801989,0.303276943859834,0.2900368971028352,BATMAN,BEŞİRİ,31864,-0.792
54988432B69245819346506,0.7882457547831424,0.7255301884603932,28.342356381717092,0.7827171341875768,0.7207948576088323,0.6798657535370874,0.6322462660927399,0.537574296091168,0.5077477397939343,0.7830770948764217,0.7211014307010126,0.7829643211517701,0.721004738295952,0.7849642843314311,0.7227066909276885,SAKARYA,FERİZLİ,36015,-0.139
54988432B69251305297416,0.040503281273485146,0.0667420631574135,6.072555732674181,0.040288548135110805,0.06638822188251531,0.036032497753882016,0.059375022595595815,0.03033331622152771,0.049983804851788896,0.040095754909139664,0.06607053360493591,0.04036551231202011,0.0665150448902972,0.04024578213449259,0.06631775126817228,ERZURUM,ŞENKAYA,14918,-1.119
54988432B69475506510516,0.00425730714441004,0.0070152702047557676,0.48980735883728616,0.004214400060399655,0.006944567110564821,0.003513836628162029,0.005790165606043094,0.002609128374429915,0.004299370452882249,0.004178756294360125,0.006885832647346512,0.00422662285528725,0.006964708060203933,0.004205838662783564,0.006930459479715099,MANİSA,KÖPRÜBAŞI,12217,-0.412
54988432B69574392637180,0.0004908201964101061,0.0008087826842113692,0.06755757767406209,0.0004885374205131804,0.0008050210834645534,0.0004428995490262317,0.0007298181466806183,0.00038128695186587485,0.0006282917586528714,0.00048605481218382874,0.0008009301951043261,0.0004893647294664443,0.0008063843386052071,0.00048780926110207054,0.0008038212087907755,BURSA,HARMANCIK,6089,-0.372
54988432B69584017445691,0.05626870900226855,0.09272062934007282,7.211300849980069,0.05614493121423953,0.09251666598978679,0.05353604625054544,0.08821769663365997,0.04983608993823885,0.08212083953686732,0.05601162258559823,0.09229699754238053,0.05618886288311081,0.09258905741404251,0.05610699583885665,0.09245415536990371,AĞRI,HAMUR,14336,-1.275
54988432B6966801542176,1.3879314439502002,1.4717272641367223,76.17990675527703,1.3752181044998166,1.4615356772416144,1.2735781177748227,1.3581788198726852,1.1201932102251302,1.1663707773167673,1.3664945134171662,1.4540813718309553,1.3783762486933906,1.4641486034723643,1.3719007808768993,1.458741120724741,AFYONKARAHİSAR,SANDIKLI,54376,0.052
54988432B69685064161896,0.35738326552823907,0.48546940156769525,31.307324680904443,0.35377585440883,0.48197475882120644,0.314238285006508,0.4361495841260782,0.2610601421658614,0.3717194041370719,0.35093400936037883,0.4789071782537421,0.3547229096766352,0.4829609874285874,0.3528005892186051,0.480936825383435,SAMSUN,CANİK,100247,0.553
54988432B69692013830482,1.6226245551057865,2.49909667391926,208.26947199605667,1.616287647521049,2.4917726212341655,1.430479171691876,2.2414388013287954,0.9725961603204117,1.5609422221072071,1.6160098214114933,2.491364528182774,1.6167898353339536,2.492388923985413,1.618392590525556,2.4942157350321983,BURSA,KARACABEY,86543,0.56
54988432B6973395963202,0.5310018479372216,0.6792196980610562,39.643952872162615,0.5236328812885368,0.6726923126453146,0.4554489427878635,0.6007721138608825,0.359741355594165,0.48966214828598187,0.5243586770155505,0.6733637141594077,0.5236583887175845,0.6727204910889405,0.5260338557576557,0.6749181367991007,YALOVA,MERKEZ,157901,1.137
54988432B69784551217741,0.0011255036129218336,0.0018546258687120554,0.12724737137647943,0.0011229855257679864,0.0018504765176823655,0.0010697712810152965,0.0017627890915655306,0.000994026356909525,0.001637975191319125,0.0011207014628976599,0.0018467127962367494,0.0011237848257251296,0.0018517936190762289,0.0011224846798879862,0.0018496512144895352,MARDİN,DARGEÇİT,26675,-0.866
54988432B69862067996452,0.014288072184536593,0.02354415213175072,2.143210827680489,0.014140456525089457,0.023300908291842528,0.011399138006157928,0.018783712450603656,0.007928248107485424,0.013064315267312297,0.014035946272042146,0.02312869434546167,0.014177550799296166,0.023362032929502525,0.014128039367934544,0.023280447068430216,ISPARTA,YENİŞARBADEMLİ,2353,-0.421
54988432B6991575510752,0.41087374167420315,0.481743159201621,27.115302413634748,0.4072554590801147,0.47869474698212966,0.37670756428800206,0.44266749866010424,0.3221452593077245,0.37424346223835414,0.4058860707361734,0.47737907101541505,0.40781334741966513,0.47920896610679703,0.40708022854028425,0.4785305004707661,KONYA,SARAYÖNÜ,28401,-0.386
54988432B69940512809265,0.1454381806936294,0.23875859353877582,16.1902062725336,0.14494042762951218,0.23800278736591568,0.1357910481702702,0.2231838715371201,0.12314505735888831,0.20253877361353104,0.14460360289024043,0.2374634082333028,0.14507306593200509,0.2382122985998164,0.14489896522430992,0.23793323265163682,YOZGAT,ÇAYIRALAN,11777,-0.398
54988432B69998185816997,0.04202078395760835,0.04829983819575341,3.1528501325960203,0.04166112819912889,0.047918767720965524,0.03484822804272355,0.04063139577130032,0.026045994116512147,0.031124677089534508,0.04123294441209088,0.0474638822284661,0.041788086717134305,0.048053429821221884,0.04152032944785111,0.04776922673814463,SAMSUN,VEZİRKÖPRÜ,87575,-0.537
54988432B70012419752472,0.4840122504307246,0.6211828006731752,38.250710341197035,0.4744238265989527,0.6126222449286657,0.3626671709828306,0.49493778113542075,0.2044581788102951,0.3117965525161907,0.47528403864853114,0.6134340319547038,0.47453993799673244,0.6127335812517667,0.4777009202773225,0.6156940290261487,KOCAELİ,BAŞİSKELE,131387,1.562
54988432B70042500930466,0.3223907668341398,0.39801723814410506,23.539216064369413,0.3169335831602345,0.39344672936615144,0.27482747272858354,0.35034401135348836,0.22833107984247752,0.29939675428657364,0.31361671173085526,0.3903672468657886,0.3182562442297926,0.39462963449226407,0.3158871786227513,0.39249044436232977,KÜTAHYA,GEDİZ,48539,-0.083
54988432B70258579646367,0.1654938542124865,0.24848263438433024,16.497877220733034,0.1638982862083221,0.24698738263778813,0.15158781471391702,0.23150625688213405,0.13758768846248087,0.21223769631894404,0.16263784500489703,0.2455974944785975,0.1643434353766215,0.24744604961707187,0.16337932995472304,0.24642880633596584,RİZE,PAZAR,32144,0.199
54988432B70315199389199,0.23831232664816537,0.19177626885799523,4.499188183525039,0.23194669322049996,0.18705373465399136,0.17863437695553358,0.14611172079243634,0.10567491456322216,0.08939599018828343,0.2318818427909121,0.1870048859585059,0.23222595946039412,0.1872639781939932,0.2333734392983434,0.18812571226159666,BURSA,ORHANELİ,18963,-0.354
54988432B70364934790471,0.580925140753108,0.8253547071498236,55.32805614977166,0.5763752761609271,0.8213497954618132,0.5305622811105778,0.7695976716918413,0.4607750908477594,0.6815503039097927,0.5750495167486269,0.820069466366,0.5769980519054236,0.8219388756259675,0.5765858929503627,0.8215500908282677,DÜZCE,MERKEZ,267249,1.032
54988432B70424898114793,0.03476464027160849,0.05728582336294271,4.4559001628372155,0.03463223687508628,0.05706764657392471,0.03197956786835602,0.052696529054149725,0.028386120341843186,0.04677517912331402,0.0345078342018614,0.056862653526145106,0.0346724856105872,0.05713396919180523,0.034602444960801226,0.057018554901292866,ADIYAMAN,SİNCİK,15801,-1.202
54988432B7043343413230,1.0767125219474434,1.0838678645229045,32.51774673815276,1.0153622438283492,1.036863709890627,0.4198596504663028,0.5566694038290608,0.20485712602870723,0.33756739735071156,1.0000660184871066,1.0249688495617202,1.0232264502540485,1.0429665548017766,1.0214513126489912,1.0417047949607972,BOLU,MUDURNU,18101,-0.461
54988432B70515567552987,0.4969926229012972,0.7161856713567126,54.966680239159885,0.4931809890154746,0.7119210682762127,0.4234016464847907,0.6211257561811255,0.271557108240845,0.41546562432487255,0.4904969208072528,0.7085820286743324,0.4941238274473429,0.7130651543527884,0.49254134113848413,0.7111381007073774,MANİSA,TURGUTLU,179326,0.489
54988432B70702003005022,0.41938879103929644,0.5977951361207485,36.967713652620304,0.4161315417068136,0.5949751625972186,0.39208228038742476,0.5682598388908314,0.36044781215094923,0.5297313571194148,0.41465113617849003,0.5935347303306336,0.41674805584423136,0.5955514621182572,0.4158142366742157,0.5946687410521736,YOZGAT,MERKEZ,109042,0.812
54988432B70812604960370,0.05219640131118569,0.048587930263586966,1.8752111412104053,0.04849947006610467,0.04584401761202743,0.03265229281748196,0.033122581776054164,0.01999694552869516,0.022312743262591108,0.04726852854823913,0.044891003519378955,0.04902622743103885,0.04624745624952566,0.04832847910772809,0.045704892302866944,KONYA,BOZKIR,24704,-0.574
54988432B70813006049679,0.40811617059959376,0.5041557406440562,30.579558597318353,0.39829016425440755,0.4960576678967189,0.3120520363500378,0.40904586021575157,0.19431295421644257,0.2750610093261689,0.39818147264568976,0.4959623318728306,0.398757488151921,0.49646658780425496,0.4006616038910046,0.4981150431237994,BURSA,MUDANYA,112225,1.037
54988432B70826700680977,0.04049147544820922,0.06668215514731342,5.255346933631319,0.04038820868924911,0.0665138522723561,0.03828300340026336,0.06305230376348478,0.03528988886238699,0.05812577979665228,0.04031531469411843,0.06639432439315325,0.04041397589641687,0.06655605676105412,0.04038002567930476,0.06650043969851273,KİLİS,POLATELİ,4968,-1.155
54988432B70965233026524,0.4388333680480276,0.5307883799235404,29.58623552118102,0.4314666619166627,0.5248302098718817,0.38775851373291387,0.48074394163987505,0.34389730092648224,0.4318015255776495,0.42633701843598826,0.5202187560414089,0.43338353670125,0.5264713682318154,0.4293104454081936,0.5229270980240401,RİZE,DEREPAZARI,6772,-0.37
54988432B70975944471904,0.028212665775303018,0.04648935744983532,3.3727749811163172,0.02809546486819607,0.046296231606735815,0.02574916827348269,0.04242996026805052,0.022550208583803417,0.037158654760603614,0.027911559249562207,0.0459931884944757,0.028141852834559646,0.046372670563863176,0.02802193260457832,0.04617506376975624,ÇORUM,UĞURLUDAĞ,5992,-0.923
54988432B71029132182367,0.10357024621236845,0.14595484776621556,9.41678461519412,0.10315129578170426,0.14545497956878206,0.09464095360779208,0.13507912864235747,0.08269379286955557,0.12013163849209645,0.10283751067755058,0.14507952644726674,0.10327030277538697,0.14559712408830197,0.1031075579286806,0.14540271725812892,DİYARBAKIR,ÇINAR,79114,-1.256
54988432B71099254802304,0.295824126938827,0.43387769715469643,31.157271892717958,0.2924281787046069,0.43040473584531486,0.25340102203700604,0.3818403588477677,0.19971286215170914,0.30962006101060746,0.2907005429154513,0.4284389952807454,0.2930845901965925,0.43113356169142314,0.292215432623768,0.4301659418066384,KONYA,KARAPINAR,51756,-0.161
54988432B71168384186260,0.3227697882283679,0.5318660837818358,41.16050730622323,0.3204433962876213,0.5280326117036156,0.2755505797773216,0.4540573904218265,0.2149574433049066,0.3542108887509826,0.31879035562008246,0.5253087004261636,0.3210285894010242,0.5289969038425734,0.3202478520878414,0.527710390320028,KONYA,DERBENT,3954,-0.936
54988432B71225398808763,0.004216316283167278,0.006947724698220912,0.515122771226935,0.00420792769090426,0.006933901819258595,0.004029888542796265,0.006640525586669393,0.0037757248121805284,0.006221709845630056,0.004198878081724613,0.006918989704278585,0.004210907105719978,0.0069388113546234,0.0042053534889544015,0.006929660001220265,AĞRI,TUTAK,25920,-1.254
54988432B71285314938898,0.002155052207135778,0.0035511352659305965,0.24960317966949433,0.0021162466854319165,0.0034871908026924804,0.0018609400667988522,0.0030664917894382515,0.0015948045564657715,0.0026279487262442862,0.00210364492817395,0.0034664253917835075,0.0021225038048143527,0.0034975014008434358,0.0021162189254436757,0.003487145059265523,ADANA,TUFANBEYLİ,16027,-0.521
54988432B71286228514784,0.02010707779663784,0.031559813492424864,2.4532647867256605,0.01989739636676571,0.03131166815645096,0.017909906571353277,0.028426131918590482,0.015540345479426678,0.024813639824991303,0.019797181916364457,0.03117919653247713,0.019936236234930366,0.031361554354290035,0.01988227162467637,0.031291989192262504,HATAY,YAYLADAĞI,42019,-0.863
54988432B71345383711908,0.7668929236085823,0.7151213033253112,28.936262493755965,0.7597370340098984,0.7081599625432085,0.6116606097943416,0.5651286226529142,0.20946931303161395,0.2153112942817041,0.7613180420020691,0.7097576063995258,0.759464104515997,0.707883907610074,0.7630300973950722,0.7114762637891165,İSTANBUL,ÇATALCA,81143,0.761
54988432B71616500059418,0.5115846907199455,0.5902261576741078,30.274469199929996,0.5065201768707487,0.5847895264759677,0.42128036534915103,0.4865950660860701,0.14442571146364935,0.225382261999904,0.5075995731392049,0.5860116841041183,0.5063344289442187,0.5845780506506163,0.508780144113456,0.5873301491726355,İSTANBUL,BAKIRKÖY,218204,4.465
54988432B71738622898176,0.10093299989887425,0.07309755477381054,1.1221653753965017,0.09474703846342623,0.06862258240582939,0.06999584217889968,0.050710580572338036,0.05142695814728295,0.03726753791570406,0.09216954201921464,0.06675760312235059,0.09581375243767183,0.0693943411335641,0.09401760932440048,0.06809475029604846,MALATYA,ARAPGİR,9917,-0.393
54988432B72028378604273,0.04837891829855201,0.07268371813501473,5.003013604477359,0.04808493178801193,0.07232875604637111,0.043801881393869674,0.06640108758624465,0.03751793017228949,0.05767621319163297,0.0479221290157218,0.0721104846484598,0.04814486537666349,0.07240752419732321,0.048064203634139574,0.07230127424403439,GAZİANTEP,OĞUZELİ,36644,-0.389
54988432B72030220276956,1.2028922395228443,1.2721031373786842,61.84679117465385,1.1804729834608538,1.2529110401281063,0.8497599530843999,0.9484072777910159,0.2540454871698099,0.39645172614739416,1.1872960620022392,1.2589339227354521,1.178200483530177,1.2508912214825327,1.1916591271782202,1.2627391678550774,ANKARA,ÇANKAYA,952198,6.901
54988432B72106000461584,0.1365862290512381,0.2250693385609318,18.518876708815146,0.13609397448452673,0.22425819229455562,0.12588101277907754,0.20742908330047624,0.1114600933511023,0.1836660230004711,0.1356923069604924,0.22359631704853858,0.13623978708131407,0.22449846501414625,0.13602298886412992,0.22414122086382623,YOZGAT,BOĞAZLIYAN,35316,-0.197
54988432B72271864351662,0.5874925347639627,0.7548196076297378,43.62570916383951,0.5803229771987812,0.7483571065920538,0.5073743268896906,0.6723176048283118,0.4116463494751184,0.5666992419227302,0.573733487370098,0.7419184015971109,0.5823575484841496,0.7502832542782979,0.5776437737859492,0.7457687543424821,DENİZLİ,PAMUKKALE,343071,1.227
54988432B72298129420798,0.8197909993942009,1.0257655676097133,70.6269230814935,0.8176132988653807,1.0231154927088828,0.757628670082765,0.952540915432435,0.6445609214502127,0.8221610883074983,0.8145251875679497,1.0193865480638558,0.8184558967961076,1.0241381808431527,0.8165238855648388,1.0217985135427254,SİVAS,GÜRÜN,17062,-0.475
54988432B7232586942515,7.160887037403699e-05,0.00011799843367909363,0.007834944976039798,7.149875790264137e-05,0.00011781698829271417,6.916138511540294e-05,0.0001139654217706109,6.577325583351175e-05,0.00010838239907695328,7.138354418008523e-05,0.00011762713696942207,7.153596916066487e-05,0.00011787830569849175,7.146714012706788e-05,0.00011776488793175883,SİİRT,ERUH,18339,-1.098
54988432B72387127190617,0.31456469075279814,0.41666367148693484,24.97472352155355,0.3127936222437948,0.4148608405202927,0.2924960705197947,0.3900353735200022,0.26411028302066447,0.3547329308913178,0.3120159592812738,0.41397708987212484,0.3131311025693249,0.4152347860672419,0.31274255000179985,0.4148036562028348,ELAZIĞ,MERKEZ,463686,1.135
54988432B72818442943555,0.11834762734978879,0.1950154301271499,17.30903084631721,0.11772295994326029,0.19398609151091795,0.10523664992334618,0.17341091671643277,0.08823657561141235,0.14539787684080743,0.11688018419901991,0.19259734990329783,0.1179617288999612,0.19437953945605008,0.11741914075966518,0.19348545258729533,SİVAS,ŞARKIŞLA,37282,-0.178
54988432B72902905976460,0.4540854339735054,0.648524854228004,41.68507808186435,0.45199039996837065,0.6462998377054134,0.4234849486781459,0.6108318767390818,0.38623916858405405,0.5629351451409248,0.449868382898141,0.6438225570239774,0.4526637978957053,0.6470636726168506,0.4512081767238017,0.6454030647601912,GÜMÜŞHANE,MERKEZ,54697,0.655
54988432B73072447730570,0.3625256325298848,0.5068615056342562,33.05502621201548,0.35663633902908387,0.5013740837758126,0.30116154430956377,0.4361561189541556,0.23174979738053736,0.3472202560762144,0.34722965438694603,0.49125380677659075,0.35927562736581237,0.5039942277546903,0.3515888193801551,0.49604964080243974,MUĞLA,DALAMAN,53327,0.548
54988432B73173192257924,0.16048391593173308,0.18620291994693497,9.815981795496686,0.15962421565957535,0.18542619696704,0.15101073204689502,0.17608194593989332,0.1389958578991252,0.16275453620621394,0.1590731242890186,0.18487125384230393,0.1598281488895963,0.18562443332812648,0.15946067097354308,0.18526399482338,VAN,İPEKYOLU,362816,0.404
54988432B73242449830307,0.03760453420483887,0.06196545361245775,4.609883667926563,0.037490715230296255,0.06177790058098501,0.035151512513941635,0.05792331866751576,0.03151913328552024,0.05193781635134459,0.03734309831641849,0.061534654674002605,0.03753269181444363,0.06184707038012744,0.03743750457550903,0.06169021907048028,SİVAS,ULAŞ,7603,-0.595
54988432B73294820193521,1.1735687981084555,1.8265495777948486,150.86785475031706,1.1689335247487966,1.8216778258890172,1.0649701740933755,1.674116470438816,0.7887972912462287,1.2451486031956245,1.1693921864907948,1.8221421404297187,1.1689902274485573,1.8217664695848717,1.1706334562847887,1.823549014425027,YALOVA,ÇİFTLİKKÖY,58589,0.828
54988432B73322112171643,0.453927334122723,0.6609909345997326,44.932632609479256,0.4485678796279668,0.6545972626856353,0.359019466365077,0.5363891213604686,0.2006146811823762,0.32359222854938224,0.45033532363831547,0.656793918523649,0.44797070049863374,0.6538483625735751,0.45143442910500975,0.6581383009316061,ANKARA,ALTINDAĞ,418072,2.528
54988432B73440266741351,0.27735849563130793,0.37624229011374577,26.517356450894088,0.274277669876101,0.37344382341504806,0.24684380777253415,0.34183456979009225,0.214394253173005,0.30178628152883064,0.2726953217362771,0.37181517629256333,0.2749150028342814,0.3740762007723881,0.2739499362885656,0.37311257021098654,YOZGAT,SORGUN,80068,-0.038
54988432B73618387821891,0.2287506888874493,0.3769396563685938,28.38601532219996,0.2273821654483004,0.3746845778925722,0.20069826515155212,0.3307143487433215,0.16535980152700236,0.2724829685450053,0.22571657468565365,0.37193998633406705,0.2279876931134531,0.37568237768558893,0.22682804719941912,0.37377149149560135,ANTALYA,İBRADI,3256,-0.264
54988432B73640437939057,0.2096857380417978,0.2890700076168549,18.297627230036998,0.20815322097481279,0.2875736395679934,0.19134736514512513,0.26745543382532116,0.16850945029033404,0.23919828009602093,0.20738532895279144,0.286731239812317,0.2084722577034637,0.28791331963419686,0.20804087775428357,0.28745234306036427,DİYARBAKIR,BAĞLAR,402275,0.017
54988432B73654359915704,0.2080658241184249,0.2894227844571,18.590346224998086,0.20247741921772486,0.284595468160514,0.1720929220295211,0.2520527729368525,0.14059269453130013,0.21329019483032577,0.19923505868363037,0.28157202849211194,0.20379334001774788,0.28578017853864224,0.20124990086811106,0.2834791775582839,EDİRNE,HAVSA,17302,-0.198
54988432B7371544527763,0.1569632942360983,0.2586470470519469,19.199427330065703,0.15664760456615226,0.25812684771927014,0.1499537180403424,0.24709653651417213,0.1404058724099369,0.23136341820755932,0.1563081014991289,0.25756740822624713,0.15675975076232784,0.25831164431531567,0.15655137074640957,0.2579682718342257,AĞRI,ELEŞKİRT,28661,-1.013
54988432B7377784075511,0.20982386091456665,0.24371758639095942,13.19354041004451,0.208788915101424,0.24269181968208298,0.18832620777609144,0.2221716952238423,0.16091891331302122,0.19436794927466844,0.2069300739365401,0.24084885240482312,0.20924884658976406,0.24314743154476542,0.20798914665211432,0.24190071102831082,KASTAMONU,ARAÇ,18121,-0.565
54988432B73997329760660,0.5456120963987907,0.7566443021353181,41.86917810197992,0.5385194491239558,0.7510347405424802,0.5010239018331114,0.7135602176824677,0.4649781179802369,0.6723968070653003,0.5363229288335284,0.7491411906591938,0.5396735073037723,0.7520038255499659,0.5384188781487711,0.7509494049105397,TUNCELİ,MAZGİRT,7257,-0.58
54988432B74105915560914,0.7970104316156501,1.0316215864311968,66.670579745858,0.7886472254786722,1.0238459216921063,0.6936743180607561,0.9156570801958157,0.5294849154939486,0.7248053018163602,0.7750670764630625,1.0092511190918516,0.792378034872715,1.0275473659014054,0.7814437517636379,1.016246751761649,MUĞLA,ULA,27649,0.355
54988432B74200485211602,0.1587202225781391,0.15251312903950612,6.85851245182795,0.15841898699707957,0.15212708601609554,0.1454396347834233,0.13938393937578486,0.12114393691174793,0.1172584243446408,0.15806901149926536,0.1517232588564793,0.15854144751125757,0.15227579091452212,0.15834619167573072,0.15204101768434866,ERZURUM,PASİNLER,25401,-0.765
54988432B74224800333323,0.4471778215267002,0.5677600034493082,37.249935917726276,0.43422770100641883,0.557129439107942,0.3544470336613465,0.4765027336594287,0.26940951136223046,0.3795779898638631,0.4260958136364954,0.5498044077979015,0.437420496447554,0.5598939170254987,0.4311517181393062,0.5544044530298018,EDİRNE,LALAPAŞA,5932,-0.351
54988432B7423640406971,0.3069667528946215,0.3718114558240797,21.41658955023583,0.30093959641697055,0.367047268817744,0.26596788230182866,0.33353621418833385,0.23127163046115368,0.2969900445923556,0.2967818645448544,0.36344962571803796,0.30250147718801423,0.36834378863835343,0.2991879371430426,0.3655549162854697,RİZE,ARDEŞEN,43519,0.078
54988432B74473203693004,0.6128372781360681,0.9157095669816394,75.80943731533753,0.6065834431670379,0.9094188436081357,0.5402004750650271,0.8290285168657432,0.41220577013735155,0.6510680273753487,0.6040811048327155,0.9067020946621138,0.6077101727597822,0.9106169445381858,0.6064190347520766,0.909238365841523,BİLECİK,BOZÜYÜK,81332,0.608
54988432B74566589804455,0.11839310885408028,0.19509037539914942,14.213003114217877,0.11818150451136357,0.19474168981215656,0.11366054482786302,0.1872919680305822,0.10716459720507415,0.17658782424578617,0.1179852834246575,0.19441835304165336,0.11824882090152926,0.19485261501679946,0.11813694445303673,0.19466826291602274,SİİRT,BAYKAN,23219,-1.061
54988432B7457666939336,0.32708152365008425,0.42517689814996434,19.84445849055567,0.3209946024782128,0.4198994628473895,0.276993857103256,0.37515008031303754,0.22901104175411638,0.3230847405677836,0.3215872857856445,0.42044129695863386,0.3210046801030828,0.4199090437681569,0.32291192100674015,0.4216376157184711,YALOVA,ÇINARCIK,40174,0.141
54988432B74694372837116,0.08475293112096137,0.13965746240303045,10.16260888154463,0.08446202991600041,0.13917810996580507,0.07950785198115681,0.1310145230606411,0.07271981709374165,0.11982907242735695,0.08452098875808568,0.1392752634466693,0.08444971170851769,0.13915781179351006,0.08459813832803544,0.13940239194856488,KIRIKKALE,KARAKEÇİLİ,3062,-0.423
54988432B74865173574888,0.0014120921367410746,0.0021347290076352003,0.15469566789083297,0.0014046103017411838,0.0021271041496739628,0.0013265595786285396,0.002023845296745361,0.001228476066564152,0.001886289526606801,0.0013988896170022253,0.002120713173015208,0.0014069737741951023,0.0021296998342145313,0.0014025860349727512,0.002125044838271013,ARTVİN,ŞAVŞAT,16151,-0.405
54988432B75065207924044,0.34579867707871803,0.4382723682151392,24.51247015621919,0.34145674713755586,0.43425503892359607,0.2993634367470723,0.38901580743512465,0.2427589752061709,0.3264930719075612,0.34113366217248753,0.4339209617330382,0.3417903007074308,0.4345880334610308,0.3423575915010394,0.435129605057281,ESKİŞEHİR,TEPEBAŞI,398129,1.477
54988432B75072745188363,0.9136027653995124,1.1913519116728946,84.77801970788246,0.9110033717011963,1.1889557501119605,0.8535603954778243,1.1312975971446313,0.7624386515960452,1.0302088927843518,0.9115757816686159,1.1894751625103337,0.9108830414384954,1.1888466919071747,0.9123294517458981,1.1901741474811922,KIRIKKALE,BALIŞEYH,5888,-0.527
54988432B75199317168320,0.615841978630716,0.5874675029375424,21.908636638941324,0.5879222405959105,0.5667875046925628,0.4546084617195449,0.4605802417848518,0.33882851957692606,0.36302069171714707,0.5807446001405423,0.5613425024670429,0.5920080914288319,0.5698661580212389,0.5884813041749137,0.567209679459864,KAYSERİ,TOMARZA,20156,-0.674
54988432B75263721717029,0.4486014446188403,0.4438001481430288,20.107699765420122,0.42992712222850077,0.4298012590130593,0.34589081732154686,0.3604416877259594,0.2751345938390579,0.2973122755091358,0.4218331956061635,0.42352292872689157,0.43322501218988063,0.4323256394477474,0.4276545617301694,0.42805006187069594,MALATYA,BATTALGAZİ,274563,0.813
54988432B75303442304473,0.2832205466272134,0.37383215347875315,24.11000760388297,0.2812200871063875,0.37195619872923336,0.2589129242876539,0.3465751801930241,0.22861286597159883,0.3108313815049184,0.27950080431845953,0.37015533156133545,0.2817722123346348,0.3725134435683766,0.28057618172115895,0.37129874503422794,GİRESUN,BULANCAK,70397,0.063
54988432B75596931390993,0.00026515854904583835,0.0004369332081430815,0.03876413788075313,0.00026492835137167806,0.00043655388411736244,0.0002565567778782162,0.0004227590490012918,0.00023679961740792778,0.0003902028310737737,0.0002647635789766124,0.0004362823690881525,0.0002649913491961194,0.00043665769310876875,0.00026491634299274995,0.00043653409648634493,ELAZIĞ,ARICAK,12340,-1.07
54988432B75676722749160,0.05766143999092041,0.09451246697381711,6.187068021659657,0.057484389081019216,0.09423896814729864,0.05424386713617342,0.08902418940320739,0.0492480877735789,0.08088086561343369,0.0574117565707186,0.09412317929909172,0.05751655342255669,0.09428992943081782,0.057496361310895666,0.09425727488228948,DÜZCE,YIĞILCA,13492,-0.88
54988432B75798552461852,0.24429286821229962,0.2901605613508057,14.774642245565845,0.2429493040595537,0.2889094389716007,0.23064247359387743,0.27415109338686855,0.21589937449421967,0.25520306323278386,0.24226283755576697,0.288177158166302,0.24323495752607327,0.2892020467497832,0.24281336989534,0.2887664602960213,MARDİN,MİDYAT,125791,-0.36
54988432B75808003725453,0.19316218419201558,0.25314260488138796,13.809974005984273,0.18908833232666647,0.24980796368331432,0.16548938446276348,0.2258836097877119,0.14184014239271278,0.199331308781737,0.18634167350727723,0.2473230157877734,0.1900905441984256,0.2506748298886112,0.18794831795465394,0.2487945077021943,TRABZON,ÇARŞIBAŞI,15004,-0.34
54988432B75995786409497,0.24970300530514858,0.37570456085625786,30.240386302799912,0.2474243230375635,0.37245048136534276,0.20881658392972283,0.3203631859945041,0.13385735461498033,0.21268706345611538,0.2457611394378364,0.3702040738377714,0.24800441470101767,0.3732465440842256,0.24702274641972316,0.37190414621457163,MANİSA,AKHİSAR,181472,0.543
54988432B76021463807070,0.3931497846806683,0.5095208001339646,35.210377669378815,0.38188069688247556,0.4999617857557812,0.2697725265625215,0.38051629706311707,0.1062909323178102,0.17512539899585797,0.3839337560509396,0.50179008732261,0.38154216819854253,0.4996625697799771,0.38632856145194333,0.5039087859134262,İSTANBUL,SİLİVRİ,240029,1.312
54988432B76024124703750,0.11864865855446552,0.1955114749670537,16.49665839218002,0.11841742065082121,0.19513043683176767,0.11274471887301582,0.18578285292193492,0.10281417104894228,0.16941911079480224,0.11826360985709887,0.19487698453392563,0.11847842494853705,0.19523096085261257,0.11840785924787806,0.19511468137346794,ELAZIĞ,PALU,17872,-0.737
54988432B76125229912177,0.350595264327091,0.48316201052980645,35.28086363225222,0.34253515649904676,0.47534820801426897,0.23314668917424292,0.34219835272123966,0.09003520888119887,0.1483616983267398,0.33728544576138364,0.46971458443823877,0.3444792094296379,0.47736790931261636,0.34138990216210796,0.4741332235353308,İZMİR,BERGAMA,107549,0.379
54988432B76166578755153,0.39681575708440486,0.5095537543668794,29.09930857042746,0.39433529451036264,0.5073521967938698,0.37169628263973253,0.4826329256334385,0.34220400570483445,0.4482981989634688,0.3944001484187883,0.507413485732264,0.39443449601918384,0.5074482043589796,0.3950180972932021,0.5080005134450434,KIRKLARELİ,LÜLEBURGAZ,157136,1.12
54988432B76227245488219,0.641884100683265,0.7255466685566897,35.28108888972821,0.6374118418419313,0.7215242997531823,0.5821772527701256,0.668987275600442,0.5064710705979909,0.5941886279465105,0.6351512239233784,0.7194659871541189,0.6384428504888844,0.7224617242927053,0.6371410579307065,0.7212888905577977,NEVŞEHİR,AVANOS,32093,-0.044
54988432B76333131904133,0.15548546559518095,0.20373000969836533,13.159601680003544,0.15182004526899956,0.20031006574281193,0.11319946435849451,0.15670689432277393,0.06601905227140718,0.09937565227188903,0.14953753270487577,0.19796887466508892,0.15266347571451738,0.20115065106220958,0.151252817176614,0.19973616992217333,MANİSA,ALAŞEHİR,104565,0.038
54988432B76430100737170,0.19378756192277152,0.27387703770917693,15.411702022145024,0.19135350135924478,0.27167964484711205,0.1735091934507377,0.2511267193292438,0.15376127911349427,0.22640239806334198,0.18951757793072516,0.2697961113384742,0.19199060820582328,0.27229903595903177,0.19060702355264494,0.2709298243779682,TRABZON,BEŞİKDÜZÜ,23246,0.17
54988432B76534692680801,0.12702211852170667,0.18995434025433983,12.693244630305717,0.12490645523285734,0.18789304787634803,0.10842870488912965,0.16644145158397472,0.09020871566762523,0.1406944351875838,0.12348402232560274,0.18626652793451437,0.12540984170428376,0.18843643651793626,0.12440593521431408,0.18733391041378986,SAMSUN,BAFRA,143387,0.256
54988432B76630597783829,0.00027273710785478175,0.0004494212988548778,0.03652009885279265,0.00027219435804986614,0.00044852694559214417,0.00025877489883511373,0.00042641411013069586,0.00023486030411547866,0.0003870071944197286,0.0002717772009003768,0.00044783954625208106,0.0002723504346282393,0.0004487841314922406,0.0002721366460368686,0.00044843184665953166,DİYARBAKIR,KOCAKÖY,15088,-1.131
54988432B76667969574644,0.1572814245419855,0.259162312002155,19.006365226877225,0.15685958171278286,0.258467708272533,0.14803262617642465,0.24392455316716433,0.13541737467684,0.22313845647778072,0.1563903068953379,0.25769466861979967,0.15700316093076616,0.2587042023207105,0.1567199227183422,0.25823765612148003,ORDU,ULUBEY,18027,-0.73
54988432B76694666867888,0.1990058950148145,0.29416149167012323,19.443714423169233,0.19671989607490475,0.29202527817219726,0.1817253025980229,0.2738637047117468,0.16571057430837263,0.25240256995514143,0.19500032560646366,0.2901903326852996,0.19739049464413294,0.2926983603829744,0.1959846564589345,0.2912573176437586,ARTVİN,HOPA,27844,0.502
54988432B7673990663622,0.39702604506233763,0.3148348086642351,8.475248105374982,0.3633204930313071,0.29025016821896604,0.21775484174320747,0.18098723978738404,0.10164642522400243,0.09160260106585057,0.3533701033616578,0.28305935748557615,0.3682617983932866,0.2938357416990725,0.36274388363126103,0.2899127108576445,BİLECİK,YENİPAZAR,2692,-0.501
54988432B7686376545923,0.11837849568572273,0.1736220958660944,12.709555621838621,0.11671814561432592,0.17211518463363304,0.10475395837432908,0.15731655197353625,0.09162370191791197,0.13936740406869558,0.11553772386572499,0.17085069467879885,0.11713530507889072,0.17253342583119016,0.11625743478902113,0.17163396599079597,TOKAT,REŞADİYE,43108,-0.657
54988432B76895088825803,0.33044475148965763,0.3336669428933808,16.418995665132066,0.3300554862693232,0.33302593941687,0.3209359412129624,0.32019319555903075,0.29558585191963194,0.293037985884256,0.3297972641008133,0.33260221252204314,0.3301496496669233,0.3331808459851855,0.3300212841089727,0.3329697250830952,OSMANİYE,TOPRAKKALE,22358,-0.084
54988432B7698417663735,1.1273229465774388,1.0066166888016104,31.95997533686777,1.0572803157484851,0.9531446411851007,0.32837699008253235,0.3764368391102545,0.08592759396692136,0.14159309334825992,1.0385939338485246,0.9390394891633895,1.0668460009043326,0.9603836711899281,1.064964362438989,0.959345153748326,BOLU,SEBEN,4438,-0.425
54988432B77006112817305,0.5254569899062099,0.6653141200471638,39.7266444818053,0.5132916981003819,0.6541004959713981,0.3895530147825343,0.5138650910266008,0.18010382977488004,0.27570674207987494,0.515472032055917,0.6562800503395797,0.5129270281506823,0.6537328756060169,0.5179968083905448,0.6587465470035325,İSTANBUL,ÇEKMEKÖY,315959,1.45
54988432B7739562354117,0.22838646550409472,0.2639084017634777,16.37384171814066,0.22757117581892464,0.26262583825056696,0.2008000894228858,0.22874579457290095,0.13975028558057562,0.1634768231895087,0.22697783319679257,0.26169851474363814,0.22777583189390616,0.26294913587044205,0.22750222768908174,0.26251727091549765,KONYA,HALKAPINAR,3947,-0.765
54988432B77407650026764,0.34427582748890073,0.42910186681501444,25.023516276504957,0.3415945597635726,0.426017519640189,0.27613052874077615,0.3529696277357221,0.13071688625968267,0.19978030398196173,0.34202924001102003,0.4265691296364292,0.3415687345486857,0.4259712404992871,0.3427567355988575,0.42741619732466846,KOCAELİ,ÇAYIROVA,162262,0.962
54988432B77479397394986,5.49452598156514e-05,9.053982505899711e-05,0.007806345036831711,5.477777664334155e-05,9.026384316042868e-05,5.1323042008635783e-05,8.457106692275189e-05,4.6510615444886846e-05,7.664106057365124e-05,5.460950403911124e-05,8.998656042120151e-05,5.48332111543173e-05,9.035518918268457e-05,5.473372285268576e-05,9.01912505016162e-05,BATMAN,SASON,28150,-1.063
54988432B77607425257095,0.1487445095976331,0.2264218438455479,15.968037053823135,0.1462013672727093,0.22391795797671582,0.12362577871884924,0.19346448778590464,0.09561753870250321,0.1523722415374636,0.14456389538902303,0.2220033489692654,0.14680890481446132,0.22458787576068945,0.1456836444886922,0.2233275742515202,BALIKESİR,BİGADİÇ,49275,-0.138
54988432B7766374171238,0.08638190438438072,0.14219061140652864,12.934239616141445,0.08597110125759407,0.14152102587540966,0.07786966280816558,0.12820069845561405,0.06693651616469355,0.1102068858684864,0.0852354762337477,0.14031402334198734,0.08615286693482244,0.1418186311550182,0.08565395724254013,0.14100096464118805,KASTAMONU,CİDE,22496,-0.533
54988432B77763600838598,0.2909883151505245,0.4229316789093226,32.2309713184511,0.2882626445274086,0.42039916242413794,0.2597867941030768,0.38614231059342013,0.21966541120136726,0.33274691004724055,0.2876982816861113,0.41981191657747907,0.2886198921047226,0.42076375625518664,0.2885948933847047,0.42073701791531853,KIRŞEHİR,MERKEZ,163368,0.686
54988432B77928955362752,0.8825119592352577,1.3499246433015912,109.2575257009397,0.8723179728880115,1.3379763092123598,0.7756856355867265,1.205413021752277,0.6346594373701595,0.9981959756979568,0.8710799839397748,1.3362024670249852,0.8731789653987231,1.3390956080377567,0.8740694603140834,1.3399571254640963,TEKİRDAĞ,MALKARA,50123,0.068
54988432B77963946080728,0.3779681651364494,0.5522569717650174,41.649526050132906,0.37218043042697274,0.5474098176700016,0.3340038132861444,0.503261608023773,0.2871153894388945,0.4400679373928302,0.3683718263245196,0.5437311899814082,0.3735642152686331,0.5486657717251144,0.37067733150402205,0.54599362718075,SİVAS,YILDIZELİ,26567,-0.762
54988432B78096221215444,0.22420800500024635,0.24326651688850637,13.082547228228709,0.22233177316201344,0.2414496692378005,0.18695489781137142,0.20688918161824768,0.14148465993144924,0.16207575290020454,0.22010347252262066,0.23928829740248939,0.22299313403881504,0.2420903244128276,0.22159936876357578,0.2407397116465098,SAMSUN,YAKAKENT,8916,-0.538
54988432B78199019874123,0.16378613392736974,0.15108850423434225,3.944049852988133,0.15551477161138008,0.14505926473175745,0.12150213374183398,0.11947678960654612,0.09522012803859227,0.09906017492254957,0.15166986112746084,0.14222722580336958,0.15722265362318943,0.14631146245684937,0.1542429733320701,0.14412446071118956,KÜTAHYA,ASLANAPA,7813,-0.782
54988432B78675491052886,0.250501394173737,0.2851519842964996,17.14100197042868,0.23954149890662257,0.2768752192561837,0.1878517999455749,0.23083258825455572,0.13977069227349118,0.18095310633491724,0.23890620952084463,0.2763421142132777,0.2402158729634528,0.27741075777611623,0.24142531937469153,0.27832190703508525,ESKİŞEHİR,ÇİFTELER,14487,-0.202
54988432B78684581776772,0.14648576903716082,0.21212461022879348,16.296575458482206,0.14582405497734793,0.2113128820202594,0.1375776334570313,0.199177922554648,0.12492509377444878,0.1797590191151385,0.1451201667144918,0.21033989280084403,0.1460305818415367,0.2115869328323403,0.1455426878493679,0.21092930413710675,DENİZLİ,ÇAL,17277,-0.232
54988432B78726151143019,0.1675360753804089,0.2426071648953091,16.660970779810597,0.1656248131122823,0.24085122582400048,0.15022693420960878,0.22185819931902834,0.13155809502248525,0.19698770148143255,0.16480028374400163,0.23997079641327945,0.1659529697166356,0.2411874319069603,0.16549855310858394,0.2407194679064266,HATAY,ARSUZ,115077,-0.064
54988432B78779774927417,0.2140811178010837,0.31195586626699595,24.660540576757562,0.20944760419763073,0.30752870312840025,0.1726279672952849,0.2596887263220555,0.13124104548902896,0.20111466507708675,0.20575262115514523,0.30330645194955075,0.21066878234789443,0.3088263104535393,0.20794824636933937,0.30585442805351926,DENİZLİ,BULDAN,26231,-0.011
54988432B78813645008161,0.07213175263671603,0.11886004883476407,10.19352190070728,0.07182935043566463,0.11836174484143482,0.0657300991739572,0.10831128472752062,0.05742965665507327,0.09463366055951301,0.0712802774893946,0.11745697218831226,0.0719643182502002,0.11858414732633792,0.07159300874399005,0.11797229658893485,KASTAMONU,İNEBOLU,19678,-0.236
54988432B78882156403317,0.14509474467086636,0.23908982946947507,18.833974863041366,0.1445078160419124,0.2381226775155868,0.13264556740428815,0.21857584271927746,0.11647117511542777,0.19192337709836038,0.14397850374717325,0.2372504668330265,0.14471860141688606,0.23847001359224096,0.14439054106902735,0.23792942962551517,ERZURUM,HORASAN,34896,-0.778
54988432B78938998312930,0.550739560510437,0.6045723463296219,31.526255761602087,0.547736819741633,0.6018501727642498,0.4943417585026029,0.5515677949635589,0.42287345636400914,0.48287199387230506,0.5444034116415999,0.5987806693418095,0.5487421845533585,0.6027716020685211,0.5466331504153854,0.6008410355066395,ORDU,GÜLYALI,8881,-0.145
54988432B78941092059801,0.09250404482416473,0.15242989229152326,13.672383071101692,0.0921091195649484,0.15177912707536462,0.08414520016232739,0.13865603198187545,0.07331221248148455,0.12080523260845272,0.09177494674888603,0.15122847086940117,0.0922276726809555,0.1519744811135381,0.09204408905569539,0.15167196858797152,YOZGAT,SARAYKENT,12605,-0.587
54988432B78961906506617,0.2667288879435193,0.20342403758128594,4.105318245187287,0.26619178912910596,0.20272690642502053,0.2486102803625639,0.1886242548817254,0.2131430408617792,0.16180923415134768,0.26560276004970734,0.20212321132744798,0.2663584515019983,0.20291625822674095,0.26601029598930553,0.20252382415300535,ORDU,MESUDİYE,11829,-0.842
54988432B79088719689200,0.18917797387107663,0.3089960049092115,23.86919362195181,0.18788851389144928,0.30702691691076367,0.1642663508127865,0.2687247084488797,0.13078592423101842,0.21402216108093775,0.18702894365859923,0.3056605140353443,0.18819600051745322,0.3075119930820268,0.18778546524560247,0.3068637452360036,KONYA,DOĞANHİSAR,14097,-0.616
54988432B79162079631621,0.7405149947664288,0.8269740014263611,41.50315487815663,0.7285435388728948,0.8160833624447132,0.5520441314938155,0.640986165447626,0.19424663724763827,0.2986901684654826,0.7309565921941898,0.8183851280915885,0.7281316325232421,0.8156883016511121,0.7336430070866161,0.8209137737792365,İSTANBUL,ÜSKÜDAR,514294,3.045
54988432B79254890835341,0.4222224066202182,0.5672562966288026,37.704437592943194,0.41605132874427153,0.561678323825148,0.3623224952541894,0.5022554950957279,0.29584885598741456,0.4222570605850341,0.4159354910537115,0.5615673052433022,0.4164122673701253,0.5620294405306944,0.4175473075122803,0.5631260630094305,TEKİRDAĞ,ÇORLU,306939,1.577
54988432B79409783151776,0.2939964783773215,0.3023905390583329,14.27640228122909,0.2834517652745049,0.29414383854011533,0.19288315480261853,0.2144454771353616,0.0919425834645361,0.11888407488875129,0.2774896448939213,0.28925674632882226,0.2857235421927893,0.2959763268747024,0.28194814402315105,0.29292104507798783,MANİSA,GÖLMARMARA,15140,-0.543
54988432B79438437943955,0.05592372725406761,0.07573250249683369,4.145412499798471,0.05578474791871392,0.07557349943482905,0.05293809247616455,0.07228587810508526,0.04899178607790745,0.06769217212397359,0.055636441072576745,0.07540335008833822,0.05583384847087549,0.07562976476107516,0.05574248679874518,0.07552505054841877,AĞRI,DOĞUBAYAZIT,113699,-0.647
54988432B79616482779548,0.07594384655689121,0.12514168837562958,11.389322788888197,0.07572360550114252,0.12477877105163841,0.07115371152343042,0.117248414426364,0.06477064704661929,0.10673028159725764,0.07557184329585843,0.12452869445607606,0.07578645743989613,0.1248823396498845,0.07570980406952238,0.12475602879491525,BİNGÖL,KARLIOVA,25265,-1.017
54988432B79652739540199,1.295708516112604,1.2815275714849876,51.94594466130908,1.258307878439021,1.2506181912001564,0.7709215113362766,0.8277328123937386,0.19578518769868763,0.31622811488731783,1.266296110417171,1.257365727914704,1.256938477592691,1.2494588722957214,1.2750791434706654,1.2647422764026663,İSTANBUL,ŞİLE,50090,0.698
54988432B7974453528026,0.4304311397214612,0.5472272098093172,33.50939347969937,0.42032804071586205,0.5377589710473565,0.3083015021033681,0.4108287251295596,0.14841951454553065,0.2195905533931833,0.42220266820053,0.5396636461516425,0.4200114365523179,0.5374339246397223,0.4243414772063746,0.5417854295559571,İSTANBUL,BEYKOZ,246833,1.732
54988432B79784154417408,0.16844951621950716,0.26352209249231123,18.302369348248693,0.16624919455885673,0.2611071777795522,0.14620908829242382,0.2329285536131318,0.12141990894236555,0.19571656069084994,0.16327886104395653,0.2574285651825086,0.1671749485080956,0.26217884132387986,0.16470315949001627,0.25926382916870305,MUĞLA,SEYDİKEMER,65648,-0.505
54988432B79821561664997,2.600354425203387,4.284912575520096,389.09469462647763,2.6000388050117746,4.284392490675115,2.4175331485612457,3.983656262240694,1.2655227474780482,2.0853520130631034,2.600149940498287,4.284575621804906,2.5999995316363176,4.284327775273726,2.6002259555275824,4.284700880789527,AKSARAY,SARIYAHŞİ,4717,-0.491
54988432B79971827749664,0.6025717105178681,0.987100007170815,80.2185572520779,0.6006410929738714,0.9840441695613729,0.5608316096872364,0.9193215018250458,0.496604550779779,0.8144152942950258,0.5995494187819667,0.9822953504933188,0.6011201647057062,0.9848091279444897,0.6006232332148974,0.9840213065736054,NEVŞEHİR,DERİNKUYU,21107,-0.615
54988432B80108419437417,0.3641062974952276,0.5999811555847177,51.42967330646943,0.3621323393259226,0.5967284304557021,0.32358510135052015,0.5332095719679986,0.27171128985372855,0.4477309367987268,0.3585422561911543,0.5908126244324028,0.36308809171202094,0.5983033370832691,0.3605694980795943,0.5941531514687193,ÇANAKKALE,LAPSEKİ,30654,-0.056
54988432B8015815916555,0.48033838026904035,0.6760764220792511,45.20711246381728,0.4760331018422629,0.671499699868576,0.41261467191040613,0.5939916625040127,0.32794982081148255,0.4855329019405305,0.47180002100863727,0.6666243490039084,0.47767495836427476,0.6733383440449947,0.47459403479621953,0.6698587433570687,ANTALYA,GAZİPAŞA,55850,0.152
54988432B80335300627236,0.1434161847100557,0.22063814227648082,16.7861860434861,0.14170232016470022,0.21881091143316667,0.1240766638527187,0.1942659477069236,0.10138280942416951,0.1605768749696481,0.14010859595350894,0.21681249899680313,0.1421925907420829,0.21938956571777837,0.14105510564020432,0.21801641863503463,DENİZLİ,SARAYKÖY,30883,0.078
54988432B80355579984190,0.19152777893522588,0.3139768543572526,24.19160957294501,0.19085774309808384,0.3128825272713636,0.17894288166125116,0.29344054389318047,0.1622277595922021,0.2661510707370548,0.19100442211713653,0.31312203346843803,0.19082452897532048,0.31282825836243877,0.19118239559325337,0.31341249057895243,KIRIKKALE,BAHŞILI,7353,-0.005
54988432B80433190891515,0.2223505557596896,0.3663933974977494,27.284241435227244,0.2216732177695082,0.3652772673103121,0.2076372491909066,0.3421485362076852,0.1880014110599227,0.3097922354961971,0.22122858896396566,0.3645445996624552,0.22185085792261688,0.3655699860714914,0.22164456931729745,0.3652300598558369,ELAZIĞ,MADEN,9139,-0.592
54988432B80507521007844,0.14261152878489736,0.23499793996610957,21.378161045108428,0.14199103402928803,0.23397547712197372,0.1294830661495782,0.2133646141017229,0.11246198219954032,0.1853169541521389,0.14113861885904933,0.23257085148820683,0.14222692902804168,0.234364189305538,0.14168069760079216,0.23346409896051415,GİRESUN,DOĞANKENT,7327,-0.593
54988432B80615389544588,0.5983988045742475,0.7671203333857272,54.96859753989925,0.595919321246989,0.7643164304588849,0.5400734467437449,0.7005752905436438,0.4442990137136234,0.590433231281399,0.5930411668172422,0.761014433617671,0.5969274791352672,0.7654697572158868,0.5949952464638704,0.7632569673648864,BURDUR,BUCAK,68312,0.439
54988432B8063224387677,0.005098181167429897,0.008400878120639827,0.48088415720606187,0.005074394273260345,0.008361681632279702,0.004605875572884012,0.007589647769645054,0.00398071908261345,0.0065595032320907845,0.005048368441090398,0.008318795780077206,0.005082658615271448,0.008375299769356926,0.005066664173180088,0.008348943829031468,BURSA,BÜYÜKORHAN,9148,-0.752
54988432B80643331900802,0.8350018406643068,0.881978983003113,40.87131122457636,0.8204037081596024,0.8692550297768694,0.6111985957062815,0.6723542766882298,0.20072256835093574,0.29579041408839607,0.8233144383123309,0.8719020605396801,0.8199074850302129,0.8688014099352717,0.8265657584404006,0.8748230034984075,İSTANBUL,ŞİŞLİ,261959,6.959
54988432B8068662711190,1.0829902547532173,1.4551456468311499,95.97430581895308,1.0739778621672895,1.4460133023827404,0.975551069427741,1.3172055178881414,0.8042978299099754,1.0928400525270003,1.058703708330822,1.427565625129674,1.0781044639351178,1.4505576640760525,1.0658693402703157,1.4364243312126423,MUĞLA,MENTEŞE,126288,1.555
54988432B80772091068357,0.7714280430790955,1.037920108201132,70.8353882940277,0.7610577001971358,1.0283931206488202,0.641218317992081,0.896898256996106,0.47636242672089124,0.6980001889876307,0.7531906033075111,1.0204618804205077,0.7638269739978818,1.0311027932413086,0.7586027174985364,1.0259436144955687,BALIKESİR,EDREMİT,176251,1.072
54988432B80891618089015,0.09627694949082456,0.15864695504870666,14.412784301938576,0.09577286503633169,0.1578163152723571,0.08577529292011342,0.14134212926515458,0.07237628446848562,0.11926299295303841,0.09531060313742344,0.1570545914840082,0.09595447597277904,0.1581155771644641,0.09566632564107166,0.1576407576675501,ERZURUM,AŞKALE,19983,-0.578
54988432B80955885520909,1.919603704253281,1.881715614654352,86.0499806083163,1.897241062053937,1.8639249165118594,1.6248499529181075,1.6304077368708751,1.1800487593192313,1.203951267859963,1.8983794551782491,1.8648879331617048,1.8979555275603208,1.8644882239404272,1.904299111456942,1.8696739417579347,SAKARYA,SAPANCA,47505,0.695
54988432B81043238073761,0.15052773197581015,0.24747139909997945,19.09501507779217,0.15008660270618931,0.24675972904617555,0.14051139779168148,0.23108812816567922,0.12556612373758946,0.2065800517673587,0.14957304623069576,0.24592258581764806,0.15023926970195314,0.24700794593746858,0.1499243002369401,0.2464953105857473,ORDU,İKİZCE,12537,-0.979
54988432B81083365712780,0.3653996204922718,0.46660674169145,28.92560502766956,0.3584922774174788,0.4600898468412636,0.26812296626824034,0.36026789802616477,0.11495157271227023,0.18658812575079267,0.3605165503078439,0.46211686661162615,0.3578258401659283,0.459412598965549,0.36183466360823785,0.4634045677316619,ANKARA,SİNCAN,605366,1.05
54988432B81091968456381,0.23397468171594313,0.34906528205546256,25.131486224331162,0.23252314476062474,0.347554507906805,0.21544361641752843,0.32523480145675654,0.19273231352542067,0.2938357690120536,0.23117120193433277,0.345939035251553,0.2329452738074562,0.34803523526367475,0.23201091787949338,0.3469535238447736,GİRESUN,MERKEZ,143915,1.145
54988432B81190990661925,0.19168367947242798,0.3158567820091388,24.139759313516848,0.19128047353916444,0.31519265286395304,0.17749189636417698,0.2924727027734226,0.14836894191581507,0.24448419972486665,0.19096818593544873,0.31467814981516135,0.19138604476429408,0.31536657609166535,0.19124460458947648,0.3151335593158371,KONYA,KADINHANI,31478,-0.526
54988432B81237191806076,0.7737634822329962,0.827022546859693,34.579031486847896,0.7641258731772266,0.8191157200023111,0.659236568726564,0.7275262967404531,0.4836552707898121,0.5728362432637639,0.757486839047383,0.8133874994031441,0.7666271691270001,0.8212261729274107,0.7618757307713012,0.8171615300748939,AYDIN,DİDİM,103141,0.842
54988432B81292966390728,0.6751833874902786,1.1120816429231737,88.43160859519024,0.672199451860283,1.1071721460945332,0.60260465242186,0.9926255816470938,0.47882736269107845,0.7888256158917998,0.6683697102231049,1.1008709242903087,0.673306907425088,1.1089942055518782,0.6708614230299772,1.1049706870375768,AFYONKARAHİSAR,KIZILÖREN,1977,-0.64
54988432B81439827862263,0.001688323941770397,0.0027820517155378926,0.2426135762597509,0.0016807188939806173,0.002769519975788873,0.0015295069081802453,0.0025203500421654202,0.001324845600619446,0.0021831053181424385,0.0016738221363968436,0.002758155369866466,0.0016834049939386596,0.002773946181454441,0.001679151358157496,0.002766936960990594,ERZURUM,ÇAT,14015,-1.131
54988432B81567150601582,0.08986225790471611,0.12959142236330726,9.281736058315536,0.08933440576799384,0.12906405340198643,0.08362521097829073,0.12187136406174195,0.07643914427955799,0.11233594811731341,0.08896281455897573,0.128638566211921,0.08947286394296904,0.12921585783934608,0.08922322114201986,0.1289390332822197,AĞRI,MERKEZ,150035,-0.231
54988432B81711897085768,0.11410545040362875,0.10668062475036011,4.508699017545883,0.10681614341065217,0.10130297349566245,0.07584469248506327,0.0768028580187258,0.05084992880022726,0.0555174344596113,0.1031552682943443,0.09853160043172224,0.10835167959986124,0.1024521401867868,0.10550264564365999,0.10031317685081304,UŞAK,ULUBEY,11365,-0.261
54988432B81810188934288,3.346304480605032e-05,5.514103005147942e-05,0.004307832843739642,3.335652917644631e-05,5.496551160816416e-05,3.116491217288567e-05,5.135412418794887e-05,2.812687976971857e-05,4.6347997668041864e-05,3.320806893520097e-05,5.472087605059888e-05,3.339993831573911e-05,5.503704199842383e-05,3.330220054132069e-05,5.487598786878296e-05,BİNGÖL,YEDİSU,2842,-0.968
54988432B81913319762602,0.22255213551498693,0.3014966008764915,19.173256873058513,0.22045483317559242,0.29956546521434185,0.20450875834783788,0.2801391251850711,0.18421917807487742,0.2540643421181141,0.21961729508818945,0.2986823581658013,0.22081797481202609,0.29993420650067165,0.22035714719530275,0.2994640158042159,ADANA,SARIÇAM,263080,0.862
54988432B81969335457168,0.37429921500404467,0.5801605079550575,50.23649064584714,0.36824896093103876,0.5734047271618024,0.3050306556709517,0.482088186698607,0.23047954103441223,0.3688832905010767,0.3627898561413852,0.5659822128095184,0.3700011983952387,0.575598520906753,0.3661916723762984,0.570578374602302,AYDIN,BUHARKENT,13137,-0.293
54988432B81976291496552,0.04309756359972843,0.052008048960240166,2.9971102280360764,0.04204647549861281,0.051201813824754666,0.03696963314392605,0.04656161058722833,0.0324446341487591,0.04191625589757241,0.04158333002164571,0.05082121036533147,0.042246700004930214,0.05136193387309113,0.04191895792976852,0.05109794984585369,BİTLİS,GÜROYMAK,49372,-1.002
54988432B82014905265154,0.3862462190271361,0.35143935691006944,14.500020528399705,0.3769595157362469,0.34393229955060106,0.2210146143354996,0.21392819861702644,0.03298308153877463,0.05005865919927285,0.38047905430592466,0.34678156171970614,0.37574958845644074,0.3429516147617682,0.38258093471431215,0.34848059836425915,ANKARA,AYAŞ,13136,0.032
54988432B82471311142852,0.25862373557252244,0.30890948512816374,20.917494303216042,0.24102812583618297,0.29411088608793134,0.1374698812014431,0.18134423245086917,0.03794011856037476,0.06132416498202162,0.24531059333613728,0.29800218754804225,0.23969473187716125,0.29287209624108845,0.2483444607081924,0.3006670407568471,ANKARA,GÜDÜL,8028,-0.493
54988432B82480836109015,0.36006533756520925,0.45945059497297763,26.45738515355989,0.354169278539371,0.45346498158129567,0.2681497476693065,0.35644755044719123,0.12022488096100838,0.19329062038819803,0.3553447732905284,0.4547442917762818,0.3539686599364963,0.45324492932060234,0.35665573557046315,0.4561441906091402,İSTANBUL,AVCILAR,440663,1.64
54988432B82856135372204,0.20172854905901186,0.33240997540781136,29.258537154533872,0.20128253759167716,0.3316752189963619,0.19271946274886162,0.31756558283042624,0.17628748208396075,0.2904892271107706,0.20066012699785074,0.33064970149149964,0.20145230949125145,0.33195493093433676,0.2010455936816898,0.33128481913817176,DENİZLİ,BAKLAN,5266,-0.532
54988432B82883997351457,0.1549995908803406,0.20354617243584933,13.918137094334186,0.15372802352035617,0.20228969604057534,0.13974219217835027,0.18531907690317348,0.12140870770090642,0.1626503174944638,0.15303355505124674,0.201508106315775,0.15401080208193507,0.202597244986374,0.1535935391145556,0.20214084963403683,MARDİN,NUSAYBİN,119559,-0.395
54988432B82979993724988,3.2817991715116226,3.0374125848594664,108.711738779743,3.241874319829428,3.004893956490153,2.7425668794968185,2.579033855949197,2.0034622333892638,1.9573743403640231,3.208006550022497,2.976297571020373,3.2556454088276836,3.0163775955174748,3.2301822028392513,2.9950632705760603,ANTALYA,KEMER,52339,1.501
54988432B83102483310447,0.3441719979322372,0.2499606699763431,3.930880322404661,0.34039581059140306,0.24722182496244804,0.2710718584520168,0.19693703535088944,0.18378260634169316,0.1336141816284627,0.34000064634046384,0.24693637637470886,0.34081353361656247,0.24752434883103303,0.34152744094125526,0.24804332907634613,ESKİŞEHİR,SARICAKAYA,4477,-0.525
54988432B83298049825125,1.5663495355013581,1.4403968719941442,49.264831296659665,1.5542277381792284,1.4309962829445324,1.4415415851754332,1.3348401938427554,1.2159146130271832,1.1470222960134957,1.5460564028306794,1.4243211492189696,1.5577057486963213,1.4337775567017914,1.5514040687536788,1.4287089119711116,BURDUR,KARAMANLI,8097,-0.034
54988432B83441396702588,0.2567990142378038,0.33940679325682016,22.295053199589535,0.25518040797668445,0.3369915912654418,0.22534491292175107,0.29759348483823633,0.1801730510928544,0.24225589504612227,0.25409915145953677,0.33543973232836577,0.2555668594400621,0.33755387753569693,0.2550163482689253,0.33675533387448364,ÇANKIRI,MERKEZ,99287,0.704
54988432B83485436335892,0.40113815973636957,0.4551691693871449,24.546868967921903,0.39639557966503136,0.45120454264703275,0.3561737326906221,0.4114846781984992,0.3010230777532616,0.3557718415740367,0.3927149695823833,0.44780933240995613,0.3976524061741809,0.45231822122382354,0.3949072191487494,0.4498515070233307,TRABZON,ARSİN,31493,-0.083
54988432B83633646725804,0.024955475852697886,0.041082783922031144,3.3576362282497354,0.02480536458890389,0.04083921526449636,0.019725524748641546,0.03248666926850962,0.010436910409338281,0.017195059163971467,0.02465674175193451,0.04059588177510188,0.024853124425588603,0.0409172434374019,0.024773229170900544,0.04078664329711864,İZMİR,KİRAZ,43340,-0.599
54988432B83968093361276,0.2685300355652667,0.24898328007537715,10.745988219217075,0.2655483695441838,0.2464498617352824,0.2108226693639043,0.1996012544087947,0.14201414429019965,0.1401984192677971,0.262032403801768,0.2433818236774832,0.26663928319155955,0.2473835076091402,0.26439147953203285,0.24541745136703155,UŞAK,KARAHALLI,9408,-0.609
54988432B83996271763455,0.2843960992332347,0.36831996513919746,22.83413553915716,0.2792071721019497,0.36285912261242836,0.20745260366652366,0.2763417348889052,0.07917169116135818,0.12915268950041114,0.27596937103134783,0.3591008373526617,0.28042271764201976,0.3642335213432337,0.2785023340621044,0.36205124795754595,İZMİR,KARŞIYAKA,339624,2.222
54988432B84046531787884,0.305356158841251,0.5031665036720475,37.5244315907568,0.3042041974161049,0.5012683522310069,0.2776599608620234,0.45752955383102434,0.23214990948662514,0.3825388266892455,0.3028973973043846,0.49911506415969575,0.30462584386470526,0.5019631221556229,0.3037938185937868,0.5005921483212465,AYDIN,KÖŞK,28307,-0.306
54988432B84066107129786,0.012467581539734889,0.020544313655148676,1.5422378341926055,0.01243387501650079,0.020488771416797242,0.011732110373388055,0.01933239053456657,0.010742953182376797,0.017702438845731396,0.012398248064999595,0.020430064660889157,0.012445322161209917,0.02050763423558937,0.012423905242608922,0.02047234303722317,VAN,ÇATAK,16361,-1.064
54988432B84070698117276,0.6489985135452502,0.7805618744868194,41.41563199516731,0.637896642289553,0.770923389430965,0.5356271491330891,0.6670666853318115,0.4165199345669226,0.539536209118667,0.6295871020305874,0.7630660351114416,0.6414603176076779,0.7741822266696698,0.6349685310605747,0.7681882511073034,ANTALYA,ALANYA,371547,1.676
54988432B84158817868170,0.024711685565654725,0.040720376890273476,3.125291243928443,0.02465157560471383,0.040621326574265294,0.02355792096359552,0.038819182035973274,0.022033390644238607,0.03630703250979353,0.024607040017141053,0.040547940001496925,0.024670990837650328,0.040653319357618185,0.024643733688089024,0.04060840451762712,KARS,DİGOR,17557,-1.164
54988432B84437905813511,0.2739545053346263,0.35289866280518906,20.47373060594266,0.27074362927919043,0.350037025747905,0.24175219536674444,0.3189485210731555,0.20628248203054783,0.27882843279944436,0.2693438616194343,0.3486567751711364,0.27133450801139314,0.35060361367334464,0.270576684323721,0.3498696365608358,ADANA,ÇUKUROVA,380653,1.529
54988432B8459545237186,0.1280601141830968,0.17514558831787858,10.66317420165742,0.12575815325995837,0.17311847444906847,0.10621358152460628,0.15169172361642896,0.08329443583207392,0.12429958552078636,0.12418621133568558,0.17156246811630385,0.12636378323498165,0.17369315222377182,0.12522779509890228,0.17260237395482464,AYDIN,NAZİLLİ,162156,0.756
54988432B84703414085242,0.0,0.0,0.0,0.0,0.0,0.0,0.0,0.0,0.0,0.0,0.0,0.0,0.0,0.0,0.0,KASTAMONU,DOĞANYURT,5057,-1.113
54988432B84747582634168,0.5945782069930577,0.8182703914342431,62.63067567053287,0.5905254970589382,0.8147055656253158,0.5380781427548207,0.7606510601322911,0.4581628241538839,0.6666638377533849,0.5869255093883425,0.8112635326288917,0.591673366300444,0.815767648710266,0.5892821889522449,0.8135129133102342,SAMSUN,HAVZA,38103,-0.124
54988432B84759555585504,0.1910089094663231,0.314704732618434,27.010634144553887,0.19062068168120386,0.3140653964332679,0.17936769254111962,0.29552990913521876,0.15713492457205108,0.25890381696665626,0.18996597166733958,0.31298716172294405,0.19077767778859311,0.3143239423181046,0.19036489405776963,0.31364414935674795,ÇORUM,DODURGA,5036,-0.511
54988432B84830435055173,0.10557289238864558,0.17146843115852442,12.815956646856657,0.10532094919794434,0.17106952855150762,0.09966498306435531,0.16206550932968095,0.09072218683190562,0.1477457409102575,0.10504550284079134,0.17063411144419816,0.10541234393186381,0.17121401989112045,0.10524110580090304,0.1709437065419202,ZONGULDAK,ALAPLI,43217,-0.17
54988432B84852030517373,0.0390058070382968,0.0557036658011751,3.802775307930193,0.03817751935488379,0.054930146593538835,0.03265162121479905,0.048189863270380245,0.026887824569512258,0.04046621764549013,0.037895313080850555,0.05463248855294203,0.038307334637901466,0.055062761338463787,0.038165494622648635,0.05491771299680545,ŞANLIURFA,VİRANŞEHİR,215727,-0.803
54988432B84880544185271,0.25196232606046437,0.4151882255086572,34.01518173982818,0.25075088954019287,0.41319199779068017,0.2266019938989637,0.3733989966462564,0.194084033239628,0.31981529389829083,0.24911429387090062,0.41049518488839903,0.25121429296828407,0.41395560261213116,0.25016081002882196,0.4122196537539119,SİVAS,DİVRİĞİ,15657,-0.218
54988432B84889548595985,6.227010640634617e-06,1.0260984404026296e-05,0.0007472412768761541,6.210836365441884e-06,1.0234332131358566e-05,5.872801594661473e-06,9.677312124300588e-06,5.397400857692294e-06,8.893937913267247e-06,6.1936962511153106e-06,1.0206088330931999e-05,6.2163387730095825e-06,1.0243399101289258e-05,6.206041733223977e-06,1.0226431446864797e-05,VAN,BAHÇESARAY,11438,-1.244
54988432B84935584659514,0.3660148606580747,0.5100726944729642,37.041158593398386,0.3652085448539848,0.5088329525859878,0.34201264087123895,0.4775403460132044,0.30018636367926665,0.42308531740330785,0.3639259699397181,0.5069655575048457,0.3655267919264993,0.5093116162476656,0.3647334029241496,0.5081330025451679,AMASYA,SULUOVA,46928,0.061
54988432B84973807429467,0.08679072458421581,0.10741452777305659,6.7353871947367905,0.08246539650034475,0.1037593603373101,0.0539333067196277,0.07347667334305653,0.022186579190641972,0.03613403607187282,0.08353598238166904,0.10472775857371779,0.08212996899763096,0.103450003272325,0.08428804675473782,0.10538808049587191,ANKARA,ÇUBUK,101437,0.298
54988432B85224967015288,0.3353092313977781,0.34328071766971097,15.527851558179426,0.33194775198691645,0.3403610548222525,0.2752349225241055,0.2896025902515737,0.20356418582088992,0.22449127751042575,0.3316205214320948,0.34007334889043545,0.3322977149787399,0.34066848279826806,0.3329067467374785,0.34120272436954285,ESKİŞEHİR,ALPU,9725,-0.401
54988432B85329501367983,0.014697110882685795,0.02421817373610828,1.923396345622716,0.014660426925315754,0.024157725226193166,0.013827878205026229,0.022785835899597724,0.012475186110181115,0.020556844608322074,0.014632585809066295,0.024111848114989575,0.014670905987656553,0.024174992820782792,0.014656561218423347,0.0241513552421956,DİYARBAKIR,DİCLE,35948,-1.122
54988432B85338768534815,0.5586220812413737,0.8021749485169294,60.49778968604184,0.5546041801981181,0.7973332958965622,0.47155561545645525,0.692088649298491,0.3455410784663513,0.5230547860237083,0.5493848673989215,0.7909890598267133,0.5561322042318576,0.7991797319029911,0.552767726606044,0.7951076357886063,AFYONKARAHİSAR,DİNAR,46878,-0.132
54988432B85449040916206,0.0006634417759730751,0.0010932317461955468,0.08562514470573192,0.000661771613337812,0.0010904796210199782,0.000627040703272966,0.0010332493789215475,0.0005783940856844873,0.0009530885741323749,0.0006600037110533135,0.0010875664386254108,0.0006623396234562796,0.0010914155986990418,0.0006612768224545016,0.0010896642953637525,ŞIRNAK,GÜÇLÜKONAK,12562,-0.959
54988432B85482798443397,0.05632485289542872,0.07916211602572808,5.635492213098426,0.0555512624228327,0.07851570704132868,0.050858807110936245,0.07329670292425355,0.04602728876768039,0.06722022030674572,0.05526951305834225,0.07824992237520248,0.05566807970502312,0.07862208613479695,0.05551788639739656,0.07848485110180344,KİLİS,MERKEZ,135430,0.193
54988432B85515105263219,0.30743807154335884,0.3958318982168943,21.393183271087075,0.298555736873942,0.38914685230413265,0.2565275839387443,0.35169780117403787,0.21649335657687604,0.3095829468281889,0.29625841390776325,0.3872931834210591,0.2998449001653285,0.39015344645152594,0.2987006037281512,0.3892334304329231,KAYSERİ,SARIOĞLAN,13510,-0.613
54988432B85612149706662,0.05369830496013795,0.0884850695650119,7.749455011441962,0.053326904158753366,0.08787306838971574,0.0461979965367908,0.07612592129968812,0.03685833551714853,0.06073585348190212,0.05305300950186979,0.08742173965995753,0.0534220336991276,0.08802982462259779,0.05328922722472121,0.087810983634316,GAZİANTEP,NURDAĞI,38269,-0.45
54988432B85758697491434,0.16630990456042943,0.18725325061959203,11.099679090578913,0.1653811982532176,0.18630560628659648,0.1542309384651723,0.17347675990183303,0.1383405080911665,0.1554619306271376,0.1649083222937746,0.18578588301293472,0.16557265765071727,0.1865118257795317,0.1653271109983107,0.18624592549617072,ADANA,CEYHAN,156081,0.103
54988432B85980099192103,0.3756934328102235,0.39270116547675604,20.205911039610747,0.3715148292462549,0.38920787664937373,0.29561415925154194,0.32442616288337334,0.19416791917655687,0.23094223962435406,0.36631478299210074,0.3849398550988077,0.3730690401905318,0.3904886332351028,0.36968104278694774,0.3877112722793916,AFYONKARAHİSAR,HOCALAR,8220,-0.772
54988432B86025337203985,0.16825086700022965,0.15302215426937144,5.419777402908966,0.1628322384992167,0.14904722301239587,0.14012226844630699,0.1314412541732091,0.12222119035097374,0.11680548132975714,0.1612725099668723,0.14788385208707522,0.16367126650456673,0.14966964077627237,0.1627597916296418,0.14899336647355785,TUNCELİ,PERTEK,10569,-0.465
54988432B86036130950643,0.04464471046724037,0.07356638751141376,4.933548266549892,0.04390257632855441,0.07234348502060059,0.0409181161908634,0.06742563588004338,0.03844374264258031,0.06334831694582033,0.04349158114548573,0.07166623948386132,0.04406465049815887,0.0726105538635145,0.0437347401261121,0.07206692139238814,SİVAS,GÖLOVA,2998,-0.594
54988432B86037969006851,0.3383039682536244,0.4441343835083454,29.94346415647437,0.3350212053103442,0.44083689371156304,0.3032966039507223,0.40412611074718396,0.26271180510362063,0.355325212465304,0.3338593053482119,0.43958176791577774,0.33557640997408644,0.441426928571925,0.33506492850471387,0.4408835891120243,AKSARAY,MERKEZ,327575,0.96
54988432B86248275111612,0.7450509234811434,1.0272380137073431,77.56135335718476,0.738077535741081,1.0214580046647943,0.6708181558558084,0.9541914771398076,0.5732389033761752,0.8399344370543458,0.7329013312359696,1.0167658187913255,0.7398365420775281,1.0229965097720897,0.7362614528184181,1.0198173928566847,SAMSUN,LADİK,15942,-0.26
54988432B86259306109163,0.6948097377718054,1.1205082991850088,93.83668490632203,0.6907336356195979,1.115628178947577,0.6316932120487204,1.0257448373028648,0.5331676236325831,0.8690155813565825,0.6863740640592129,1.109547745393225,0.6919959621202636,1.11729622241779,0.6890009781348642,1.1132553685480608,DENİZLİ,TAVAS,40104,-0.165
54988432B86310086710434,0.13722032997279995,0.1801324505601151,10.118872407463426,0.13640881437832963,0.17938249937366965,0.1278302135428958,0.1698713816212351,0.1165577011731741,0.15682070658486974,0.1358595545738691,0.17881943636350797,0.13660888972463275,0.17958090014532246,0.13624684936931242,0.17921882569843922,VAN,TUŞBA,167758,-0.19
54988432B86380728470389,0.2807683125648766,0.4573825291943401,34.88101948788674,0.2800898438748473,0.4563098288721404,0.26543181992141474,0.4329472799269338,0.2435252354332748,0.39786470653123074,0.27944176944104565,0.4553017276332947,0.2803252441714771,0.45668069073339074,0.27993421472520486,0.4560759979888538,BAYBURT,AYDINTEPE,5982,-0.598
54988432B86465154282957,0.01582221151644682,0.026072135568234744,2.168952419544553,0.015783432015554537,0.0260082339825758,0.014972189325099413,0.024671453129766475,0.013829481562264226,0.0227884779415923,0.015755774727250375,0.02596265978649291,0.015793198821062365,0.026024327907056843,0.015780434845040905,0.026003295189040466,KİLİS,ELBEYLİ,5273,-0.835
54988432B86482877826828,0.5585245337605153,0.5921276281381085,29.40477203978838,0.5545165662506931,0.5887406698881087,0.49802478033639414,0.5374512442822033,0.4242418278598808,0.46868205168423516,0.5503623637842908,0.585129557745818,0.5557744363326917,0.5898260360254819,0.5529951902958637,0.5874393339881538,GİRESUN,PİRAZİZ,15109,-0.168
54988432B86685660972424,0.061936395762380844,0.10205994941011075,8.60674706468799,0.06171976475497906,0.10170298079119225,0.05729161541374325,0.09440619362455116,0.05119113992126935,0.0843537162003212,0.06149139625530069,0.10132667091333857,0.06179329615779636,0.10182414720972874,0.061655788188332755,0.10159755901010566,VAN,ÇALDIRAN,50170,-1.22
54988432B8670840315207,0.062281072303857925,0.09414522206637145,6.95972786497659,0.06148171078734095,0.09334917488398392,0.05516787598622965,0.0850355686549779,0.047887053284448484,0.0746112526616287,0.061135120232353075,0.09295302219321974,0.06162006447607087,0.09350157006048565,0.06142912350298781,0.09329060447876474,HATAY,DÖRTYOL,132987,0.323
54988432B86746221394106,0.40842121144305715,0.4662835403738052,25.02101373031665,0.4012391611741305,0.46056389243259865,0.34969102129370055,0.41239585324128464,0.2923120405781391,0.35518761630934764,0.39825629476660396,0.4580108810005856,0.40244159191847306,0.4615714975995966,0.4007790076970863,0.46017470926630094,HATAY,BELEN,37876,0.064
54988432B86802398359191,0.09966063114846378,0.16422264886407612,13.499439443040965,0.09901071756583452,0.16315170912747012,0.08650257036542158,0.14254055061921647,0.07012087109480863,0.11554648068294324,0.0988615150984461,0.1629058505158075,0.09908415172983051,0.1632727153140613,0.09915639171985599,0.16339175371848627,AKSARAY,AĞAÇÖREN,7480,-0.563
54988432B86910929123877,0.044863566153675934,0.0739270219979832,6.36612805944802,0.04471762284366601,0.07368653388670367,0.04173963271178998,0.06877934614253595,0.0376225353455417,0.061995116228224116,0.044583284840258586,0.07346516921633738,0.0447636560068692,0.07376238819255848,0.04468671511462729,0.0736356035536863,BATMAN,KOZLUK,58781,-0.885
54988432B86957506981644,1.0181128508285415,1.4023353315691598,108.27016532036762,1.0162701250620525,1.4008437527030289,0.9719725582312768,1.3572819623665224,0.8914277960707636,1.2637589869631798,1.0135739348518584,1.3985975571453393,1.0170232616419665,1.4014570776391475,1.0152545040215806,1.4000123901285693,RİZE,İKİZDERE,6287,-0.5
54988432B870340746196,0.4395219644963873,0.5689043057541283,34.87420819496057,0.43393683616542483,0.5628614957344292,0.3480238759069588,0.4589330548940295,0.21103819002948554,0.28474199650119,0.43575666747134234,0.5649096856449991,0.4333240045824405,0.5621656990967104,0.4368942206800119,0.5661704362261296,ANKARA,PURSAKLAR,168881,0.447
54988432B8708369070409,0.36909641017494405,0.27224734870259665,4.751959947876611,0.3662544596864851,0.27016890182072495,0.3118405012720195,0.23035191303110183,0.24114745467091334,0.1785963009496676,0.36319681697832706,0.2679324207643367,0.36727973403949,0.2709187709645881,0.3653549879964123,0.2695110165751775,KÜTAHYA,ÇAVDARHİSAR,5503,-0.562
54988432B87097212821795,0.23540650839467403,0.2729600536832464,14.200234099232992,0.23497295614891858,0.27232743043286955,0.22179263798038099,0.2573278426772784,0.19755757053245018,0.2318540485441809,0.23466114632970686,0.2719147292768878,0.23509903430055828,0.27250114977035056,0.23494411243591942,0.2722907456202479,NEVŞEHİR,GÜLŞEHİR,21173,-0.385
54988432B87156479266793,0.30161702424173265,0.4970101643214519,36.20629533658209,0.30110573569466625,0.49616765350684533,0.29015265489882325,0.47811896245615326,0.27437363129497555,0.4521179927367016,0.3007752388395885,0.4956230546180296,0.30124994097744634,0.4964052776644031,0.30108870258461085,0.4961395860300546,TUNCELİ,PÜLÜMÜR,3580,-0.492
54988432B8720609877048,0.25587962835785943,0.37736794058304174,25.29391353137755,0.25285873473261816,0.3747346829226891,0.23278401087972103,0.35112238566014603,0.21078605663805433,0.32210603177800257,0.25293205170388844,0.374805754681842,0.252967279867853,0.37483983348410743,0.25362563932320675,0.3754644490243181,KIRKLARELİ,PINARHİSAR,17694,0.002
54988432B8721285077518,0.15851197582120422,0.21567224421599798,15.188772284494592,0.15724707282828296,0.21442026923350913,0.14486516636320176,0.19958790346383093,0.12843121189519052,0.17922779385823223,0.15665115252452294,0.21376526424693823,0.15748029190714244,0.21467000641657974,0.15716003354685165,0.21432647807617883,OSMANİYE,MERKEZ,284895,0.515
54988432B87255554726822,0.13918497415929204,0.22935159927360402,18.212647018059258,0.13823050315116736,0.22777880412458776,0.12354674703140263,0.20358263661618017,0.10440749111166621,0.17204461334454033,0.1376034332524004,0.22674550663678614,0.138457977517564,0.22815364063292454,0.138130035628131,0.22761325186420453,ÇANKIRI,YAPRAKLI,7002,-0.893
54988432B87330314310527,0.16482264563783694,0.20115933824142143,12.963197447598805,0.1627408339000133,0.19948197019394137,0.14609984997784142,0.18342400514528157,0.12623271302219732,0.16233851172507263,0.16174269385421852,0.19861763986328684,0.16315058187790452,0.19982795360435077,0.16253457294300847,0.19930754737716172,YOZGAT,YERKÖY,33000,0.079
54988432B87370140672235,0.046690645682870464,0.03842574661360909,1.0658253392544246,0.04394329826231345,0.03642388940589054,0.032674234514928624,0.02795560842839278,0.02395078049860006,0.021156757527019555,0.043068149576171694,0.03577821818607571,0.044350480437087315,0.036722832995582655,0.043836676752567444,0.036344187245332706,ADANA,KARATAŞ,24005,-0.564
54988432B87552585727000,0.2550382566972812,0.2506701327873134,6.8147167267144315,0.24982908731252781,0.24682080118930474,0.21361945833017676,0.21888844692647333,0.17555579965422682,0.18884328334537578,0.24681034292373133,0.24454735641013803,0.25105529349627237,0.24773743668923465,0.2488691525921841,0.24610020046740297,KÜTAHYA,HİSARCIK,10799,-0.514
54988432B87659764102191,0.13202093447973962,0.18391590370865094,13.16908748201784,0.13126117207214558,0.18317689832177803,0.1213814305886969,0.17164013133179895,0.10765183285269646,0.15450949271699305,0.13081658493554954,0.1827155626700095,0.1314323729773573,0.18335058320240846,0.13118244281807528,0.18310312384173535,KIRŞEHİR,ÇİÇEKDAĞI,13350,-0.697
54988432B87892506897385,0.19121000604795166,0.25773458918948083,18.902383145308093,0.18529092323385374,0.2513883010261736,0.11775355689436007,0.16660074456331103,0.04213900177790726,0.06867025077490392,0.18714077531685097,0.25351596143824323,0.1846776078532406,0.2506722754728235,0.18832338578509275,0.25484035784115655,ANKARA,BEYPAZARI,48359,0.269
54988432B88005070896558,0.5177592345666233,0.6340853060619787,35.30202651679612,0.5105552925672499,0.6269258911654616,0.40438241273346537,0.5090426511903882,0.1720804821240922,0.2678496367996,0.5120131606523279,0.6284562991717483,0.5103086705835516,0.6266666577459299,0.5136454753851917,0.6301497757254972,İSTANBUL,MALTEPE,525044,2.685
54988432B88117784045273,0.0013490822611658309,0.0022230429399363195,0.16429594021146732,0.001346308062274984,0.0022184715632042984,0.0012880491914506057,0.0021224715080535635,0.0012055955250640043,0.0019866028170115522,0.0013443931005315535,0.0022153160534874165,0.0013471002911664741,0.0022197770127641487,0.0013461340285600375,0.0022181847871992613,BİNGÖL,ADAKLI,7491,-1.097
54988432B88177358385570,0.048398686918460374,0.07858809742908232,5.193527846264371,0.04818488462722592,0.07830296136159415,0.045291633099609006,0.07380409283220783,0.041500132840613484,0.0677579019310944,0.04800277830744548,0.07803409962681286,0.04824462323930782,0.07838860035196153,0.0481279078263191,0.0782195439427309,ORDU,KORGAN,26428,-0.704
54988432B88316498186109,1.2665576315849407,1.987098644415225,165.60607475540385,1.261792206213338,1.9806949747492764,1.108058366957164,1.7549387798584684,0.5742815609168068,0.9437715621857627,1.2634992676304126,1.9830496183053516,1.2612050695480221,1.979881152125222,1.264549657253145,1.9844912075536048,ANKARA,BALA,20109,-0.611
54988432B8852789210155,0.5524494564943359,0.7190688663342578,42.55091473730616,0.5461424096999338,0.7132335874934986,0.47913114129239565,0.640325527142761,0.3867236724685973,0.5353072531452053,0.5412426995881845,0.708249760218891,0.5482014126136286,0.7152547625430173,0.5444307219201542,0.7115145015147059,ANTALYA,KONYAALTI,199414,2.465
54988432B88681826210305,0.6371282823995615,1.0274853199843548,80.73390440350478,0.634797694397785,1.02514716563356,0.6032976036704617,0.9793422770814929,0.5391231057023802,0.8782573296684107,0.6341130539085769,1.0243514248583512,0.6351169285592891,1.0255059413067993,0.6349101349146631,1.0252768231589664,DÜZCE,ÇİLİMLİ,19022,-0.196
54988432B88727338828677,1.3614020442943218,2.148126715592965,174.9723333472877,1.35144189399402,2.1388723734948853,1.2591413428382876,2.015410520038292,1.1166444287637833,1.8020759829583988,1.3469959508601204,2.134003020061782,1.3532138151192221,2.1407205608477073,1.350703797029149,2.1380854350379748,ÇANKIRI,KURŞUNLU,9130,-0.173
54988432B8876383914528,0.25362146701389615,0.33914802812365896,20.003792928931666,0.2508569456649795,0.3369824669385598,0.22635140307708954,0.3135930549765227,0.19362425305068603,0.2773649557768066,0.24997640651499414,0.33625215065282543,0.25133005061636365,0.33736866156925405,0.25092291611645057,0.3370365952132211,KAYSERİ,YAHYALI,35207,-0.395
54988432B88783696627318,0.08461075490984686,0.07838508676077378,2.7831839620501047,0.08435129799088166,0.07817156994580104,0.07921970449333426,0.07391301985344717,0.0721195835755181,0.06799288195168135,0.0840208128992487,0.07789877925814298,0.08444956248175092,0.07825255116993814,0.08423551214569105,0.07807613686851234,SİNOP,GERZE,30701,-0.106
54988432B88821463332228,0.39770721898975936,0.5665950314862899,40.12298228199451,0.39370147605759315,0.5621583114004061,0.3215463933893796,0.47206782150503673,0.19643189416921802,0.30451456376692965,0.39412504143724836,0.5626513881455327,0.39375665883715993,0.5622220397175949,0.3952640840528086,0.5639622015686725,KOCAELİ,DERİNCE,147892,0.68
54988432B88890114136269,0.17975711530409563,0.2528856751832634,19.16390265377237,0.17574643210009713,0.24916160464721038,0.14945726610175908,0.2173810585843139,0.12200790174188149,0.18080390786337036,0.17301297438603544,0.24625493709853516,0.1767279111241978,0.25014889533935114,0.1746716385269669,0.24804294172665192,SİVAS,ZARA,21340,-0.4
54988432B8890840155709,0.19163145530082812,0.25756760414685276,17.655071740537686,0.18766122463769355,0.2531857461443289,0.1529059986075012,0.21086558985081733,0.11405310913823218,0.16208465506047015,0.1847475893956617,0.24979087773765618,0.18892179625821415,0.2546234097683755,0.18663097649803495,0.25199468337429354,ANTALYA,FİNİKE,52436,0.315
54988432B88923492741350,0.21150428644398708,0.3085915444569664,19.07285841243031,0.20585315304547627,0.30314570592075474,0.16133288884615565,0.24581140165285031,0.11151401772880502,0.17586111838209476,0.20648826408964013,0.3038174438595683,0.20583702081259964,0.3031345639339817,0.2077410582293699,0.30514063383132084,KOCAELİ,KANDIRA,54260,-0.235
54988432B88971047069977,0.8974110737864973,1.171508829693176,78.32093199066735,0.8824286018524683,1.1585614906844939,0.7317253663321001,1.0009584672363498,0.5343980393463935,0.7705262594532966,0.8719304723869771,1.1486259544358088,0.8862238664242931,1.16204277334,0.8791423537087257,1.1554928788519994,BALIKESİR,BURHANİYE,68370,0.586
54988432B8910528917269,0.5106719928091864,0.6761356961611512,44.14628638195452,0.5005067834392152,0.6670071589853905,0.3924346612089361,0.5472546669229791,0.22698395641940838,0.3465715328961421,0.5013565941247838,0.6678307727532373,0.5006248922187104,0.6671220396415493,0.5037938118349492,0.6701534539340562,KOCAELİ,İZMİT,381254,2.023
54988432B89158159538815,0.43326012002648934,0.3702613024278679,10.846490116229027,0.42421422199532394,0.36356875957458057,0.36063084069352785,0.3146981655293358,0.29298625183602184,0.26162933806569066,0.4209389087165834,0.3611076181775923,0.4257147136624627,0.3646912666813764,0.42399180581385254,0.36340197219485043,ELAZIĞ,SİVRİCE,8070,-0.647
54988432B89273666554884,0.419971072521616,0.31211294179874055,5.2329490631038755,0.4143293191475084,0.30800703109867356,0.3778018377935727,0.281085474168857,0.31583225090911304,0.2355200598408954,0.4120104247535342,0.3063075254825682,0.4154136854265997,0.3087996837382933,0.41379075945295796,0.3076123139206593,ISPARTA,EĞİRDİR,29200,-0.087
54988432B893295612098,0.4310328994986402,0.6374118588601789,48.975125842221495,0.42290394722266295,0.6298485594858133,0.3282750660645276,0.5038658281482311,0.16842440191537023,0.2677787902730494,0.4250932784406981,0.6320931128824364,0.42219613287731544,0.6291016384601018,0.42656636124871045,0.6335376156335806,ANKARA,POLATLI,131894,0.581
54988432B89494188716886,0.20713041824208422,0.2975808207099762,18.281759188318034,0.20675644990249173,0.2970581060066774,0.1980662278635384,0.28545568037770636,0.18480781713453812,0.26825465715589897,0.20634911769380018,0.2964959084987512,0.20688525783685202,0.29723712820859227,0.2066433328488707,0.2969014518962292,ŞIRNAK,MERKEZ,105697,-0.333
54988432B89533170865064,0.21476854170955584,0.285191180469787,17.690378528156025,0.2133896225334048,0.2838295724073643,0.1956167347660407,0.2634121744363256,0.17197292275937368,0.23556200217021192,0.2122448098165012,0.28258167424697456,0.21380209277573356,0.2842656524610178,0.21302219967223535,0.2834337240691574,ZONGULDAK,EREĞLİ,173884,0.612
54988432B89555629027377,0.5600953029481615,0.608126805406352,33.66661196844099,0.5450797437496502,0.5950781424005643,0.361247968695626,0.41574260812789604,0.09425858670545766,0.14987756812020084,0.54930470049137,0.5989407960312749,0.5436967687748799,0.5937981429894194,0.5521002864069574,0.6014499868427182,ANKARA,HAYMANA,25798,-0.578
54988432B89638439219394,0.509342501693802,0.6363027124377061,36.00455662431257,0.5025670988388854,0.6293797241122702,0.38970350052839503,0.5050507813470645,0.17962073185386673,0.2775961457291299,0.5040363401124718,0.6309431509226386,0.5023145772284406,0.629110041863827,0.5056413506294819,0.6326333526984653,İSTANBUL,KADIKÖY,458573,4.91
54988432B89653427211969,0.15083935778601373,0.1132793712420419,1.8803292751795542,0.14351831457216405,0.10798149412743815,0.11418856395847901,0.08671488178789373,0.09214902785033928,0.0706953464417771,0.1414198504992353,0.10646211602585216,0.14449572337503483,0.1086890566968443,0.14340675069545195,0.10790072616356901,ADIYAMAN,SAMSAT,6834,-0.84
54988432B8973824492298,0.0001685532244569662,0.00027774515047641093,0.02022638693483594,0.0001682579474762793,0.00027725858755424013,0.0001619424154482654,0.00026685173595522387,0.0001528591083966791,0.0002518840929926273,0.00016808099946737247,0.0002769670093212003,0.00016833843089389524,0.0002773912096325695,0.00016825685750738835,0.0002772567914831498,HAKKARİ,DERECİK,24869,-1.135
54988432B89770527018948,0.6411091198104181,0.8361811891398895,59.49750266863121,0.630469767132949,0.8275136864308557,0.5316012181524369,0.7304121933052133,0.3929086112076705,0.5697211876876883,0.6222659263251804,0.8203847333737845,0.6333136987307743,0.8299147804362825,0.6273995777512913,0.824877733720489,AFYONKARAHİSAR,İSCEHİSAR,25220,-0.392
54988432B89902778138642,0.18959279695372896,0.27721598416986476,20.077214044290045,0.18818241332400434,0.27584325947825356,0.17469085414482124,0.2587304327684172,0.1582977481320237,0.2365451290545251,0.18734146843776275,0.2748944890019226,0.18850893387279094,0.27619522962013227,0.18796329357084865,0.2756011271060832,BİTLİS,TATVAN,105045,-0.128
54988432B89911278235882,0.08982300221619391,0.12420842383068216,8.066602028275135,0.08813605525228076,0.12279203797590182,0.07825773936073747,0.11196857441083877,0.06834698056563236,0.09972958254798034,0.08704969090517921,0.12175694967458728,0.08853663942342244,0.12315354186589778,0.08770487510136267,0.12238986704682168,TOKAT,TURHAL,77707,0.037
54988432B9007948244439,1.0620919341964694,0.9742577006747953,40.09029770546631,1.057667700713498,0.9700314326747945,0.9317015006076832,0.8581268573203523,0.6970757038697621,0.6572764647863502,1.0579650970508256,0.9703128456577915,1.0578756541269527,0.9702289475228982,1.0595192915398917,0.9717920875239943,SAKARYA,TARAKLI,7064,-0.437
54988432B90144731477668,0.04194054953051058,0.06911042062793116,5.3769397994659585,0.04183917055256104,0.0689433664551234,0.039716990680888964,0.0654463988373603,0.03672668201282982,0.060518912379259014,0.04173170820279262,0.06876628798864412,0.041873669815539714,0.06900021498482795,0.04180911463032679,0.06889383974526334,ŞIRNAK,İDİL,76548,-0.842
54988432B90296339099195,0.7832900272812043,0.7622041153268605,19.118235671354064,0.7574671111045519,0.7432485502580863,0.6202461192427888,0.6392095887649704,0.4935223601771948,0.5407283618528863,0.7365339457490979,0.727666126410595,0.7653779020173848,0.7490925221741085,0.7473582346817376,0.7357430987624493,ÇANAKKALE,ECEABAT,8746,0.058
54988432B9057851226548,0.028418518653140924,0.04682856566560984,1.8169510041302541,0.028399499774910315,0.046797226002942054,0.027980172296711424,0.04610625035470708,0.027357143256410064,0.04507961146893569,0.028387233722760096,0.046777013773177875,0.028404197462995447,0.04680496694108368,0.028398922949256635,0.04679627549885945,ADIYAMAN,KAHTA,136769,-0.512
54988432B9062232449039,0.4465573549451247,0.5281929090624955,29.38524160627486,0.44137513921713717,0.5236666117539844,0.3844919559379669,0.4673902903393871,0.3086665927413468,0.3895798064961646,0.4372761897048704,0.5198148680698785,0.4427401449169853,0.5249180488530207,0.43996871269550364,0.5223578763529662,SAMSUN,ATAKUM,261809,1.734
54988432B9070985819609,0.36768868209470706,0.5165962807289934,31.85838336299497,0.3634602699525209,0.5124216921596646,0.32548003063573006,0.4650767569235169,0.2692091119062623,0.39407404186398404,0.36061082814879647,0.5092158563463559,0.36455854147179995,0.5135998561870895,0.3624995282115384,0.5113611990881264,AYDIN,EFELER,310241,1.518
54988432B90803924076576,0.22691383587291852,0.37391285567363475,33.13028906493637,0.22634392580032547,0.3729737472146876,0.21323970876050677,0.35138037369527897,0.18875557098836296,0.3110349543079121,0.22565814791846828,0.37184370961615765,0.22658276354362494,0.3733673085076612,0.2261240519832597,0.37261143503345506,BURDUR,AĞLASUN,7347,-0.476
54988432B90807122868998,0.015040153762010655,0.02478344619793692,1.898700537766679,0.014967634258261624,0.02466394720557922,0.013525134884864414,0.02228696980382903,0.01148865622810148,0.01893122224820139,0.014892850189076288,0.024540716620011737,0.014992348310238017,0.024704671481885307,0.014947000143929006,0.024629945926702927,MERSİN,AYDINCIK,11271,-0.186
54988432B90947496422305,0.1882940004073757,0.20942277703889423,10.699923504568812,0.18659908808859646,0.20793033368892186,0.16356893586326002,0.18594128489118625,0.13457117363546803,0.15759080565951694,0.185169054316736,0.20661012171423537,0.1871106975686405,0.20839583004977222,0.18616820179592874,0.20753525482748758,KÜTAHYA,TAVŞANLI,100882,0.309
54988432B91005720032741,0.7097957410641936,0.8355235896382334,45.59979711716609,0.700286258957984,0.827258170107964,0.6016714083662887,0.7294836864465524,0.46496134282563606,0.5899888481994104,0.6931785087905706,0.8205468282768595,0.7032963195640366,0.8300153876228716,0.6978003574566002,0.8249355632019277,ANTALYA,DÖŞEMEALTI,97121,1.216
54988432B91142232694102,0.7433549197976392,0.9808989692393271,66.18042693139874,0.7362146013568808,0.9742675694328498,0.648115217621148,0.8806546821969948,0.5129727660332519,0.7243824206781829,0.7301086377530847,0.9682436023473946,0.7383198438326648,0.9762962238820323,0.7340237229620387,0.9721287445970244,EDİRNE,KEŞAN,85259,0.623
54988432B91196125429368,0.058281792812406315,0.07727175067703326,5.5745589469799075,0.05788876332972007,0.07679124496502249,0.05029840227888027,0.06743757826034527,0.040355581698797424,0.05510049664915566,0.05764521818700849,0.07649298642757908,0.05798705313067265,0.07691152591828768,0.05787917044115849,0.07677949798976437,ŞANLIURFA,SURUÇ,98022,-0.91
54988432B9128675861083,0.350183064688379,0.5256024487646188,37.19167546883979,0.34903933915815333,0.5242569190335827,0.3318248788188175,0.5008082954786455,0.3085449140644276,0.4682686801618648,0.3480389059143798,0.5230052601432992,0.3494427771406222,0.5247563113966982,0.3487308911694281,0.5238943741193459,ARDAHAN,MERKEZ,42136,0.088
54988432B91293750640231,0.19956260317543925,0.29119551220524054,23.049977215332053,0.19875380545410395,0.29041669904785866,0.17602385316061006,0.262819455572929,0.13314351859190426,0.204230365665034,0.19815272301816694,0.28981401867155243,0.19896148252190507,0.29062068886053505,0.19868499152723412,0.29034937473504324,KONYA,CİHANBEYLİ,49126,-0.159
54988432B91546860150128,0.11779699830513855,0.1281115293853956,6.823535469315737,0.11358093835940745,0.12495804691038857,0.09469269520670417,0.10900892646556341,0.07856481732240177,0.09381456762579209,0.11196633193406394,0.12370148384835701,0.1142984955034012,0.12550833416253937,0.1132292106534493,0.1246864427937028,YOZGAT,ŞEFAATLİ,14008,-0.362
54988432B91560004091691,0.05623784333593655,0.092669768318769,6.699961347056102,0.05608286279588026,0.0924143884910764,0.052978032375214416,0.08729819095068618,0.04835276358771642,0.07967658667989119,0.05591208479948389,0.0921329773198574,0.05613900225222845,0.09250689613547967,0.05602901767756338,0.09232566149972087,KARABÜK,OVACIK,3986,-0.776
54988432B91646102966816,0.46817597282048634,0.6714162625125494,46.85512757836646,0.4578314708137959,0.6618109019941358,0.3596707205787926,0.5472814475882589,0.23258560121714794,0.3777877971563989,0.45195881457692055,0.6556284900546316,0.4601014354704006,0.6641139438355383,0.4563735767697656,0.6602207639022172,İZMİR,SELÇUK,38578,0.69
54988432B91709779235115,0.360739210587363,0.4422244404976663,24.566369954142324,0.35934001314774566,0.44062246230865376,0.32656125616792775,0.4072469531798545,0.27349037984596936,0.3532329084722365,0.3586134039894584,0.43983626174966356,0.3596876121627967,0.44100314830224485,0.3593835447377217,0.44066610590782446,KAYSERİ,İNCESU,29780,-0.295
54988432B91755987711190,0.041354584219479,0.06814485604730236,4.960785407757764,0.04127806329165398,0.06801876343363789,0.03964875580253085,0.065333960130724,0.03731248102238807,0.06148420292521491,0.041220147916602785,0.06792332939723594,0.041304627743741884,0.06806253683379827,0.0412701304351545,0.06800569152457618,KARS,ARPAÇAY,13770,-0.943
54988432B91769619824833,1.078028201843054,1.2503085586021363,78.10141488584965,1.0708497583248842,1.2427934237351201,0.9119214315592078,1.076242414873782,0.6786746656010344,0.8260943706046944,1.070443764849442,1.2423878862876363,1.0714736627540846,1.2434381952420923,1.0732606522634915,1.245329732763023,ESKİŞEHİR,GÜNYÜZÜ,5008,-0.541
54988432B9177912033932,0.05046137211140732,0.08292822337859403,5.8914749348294615,0.05017848291512152,0.08248186240720567,0.04240206366732676,0.06974797218616273,0.029060761275063546,0.04782410440639221,0.04988948906373609,0.08201517343836182,0.050273194830895936,0.08263373496072977,0.050103246721789944,0.08236120192129821,İZMİR,BEYDAĞ,11904,-0.481
54988432B9192246794602,0.002140142906584227,0.0035265674420961396,0.2602037226966061,0.0020530703887884877,0.0033830877214592195,0.001692920318008221,0.0027896257101258544,0.0014136241086490258,0.0023293962013408343,0.0020042669929487135,0.003302668574540207,0.002072206336467996,0.0034146202933508394,0.0020331881833991657,0.0033503254521792853,SİVAS,DOĞANŞAR,2770,-0.625
54988432B91961372611243,0.05142003508942155,0.08473089393231996,6.0790224428551385,0.05112237121877544,0.08424039784830642,0.04548550294017882,0.07495186104755097,0.03789302922515051,0.06244084109368986,0.05092303503216824,0.08391192795802113,0.05119593237552563,0.08436161329592914,0.051103928131849205,0.08421000698530111,KONYA,EMİRGAZİ,7647,-0.733
54988432B91991689904144,0.17628589267367575,0.2186066911114453,13.767929814995208,0.17518547273378463,0.2175669441541823,0.153384947924965,0.19591865500583633,0.12234443804969036,0.1627764928812471,0.17515857576111313,0.21754542193773974,0.175279701811326,0.2176539996482375,0.17557002570640912,0.21793091171736284,TEKİRDAĞ,SARAY,51468,0.125
54988432B92019352916706,0.08104360556398228,0.13215378754709967,11.000148407905762,0.08082942047064931,0.1318275089601078,0.07637604290904113,0.12469676551833676,0.06930533414143825,0.1132738641612864,0.08054805377078822,0.13138401715486384,0.08090767014356536,0.1319496202251341,0.08072699789132551,0.1316666280800144,GİRESUN,YAĞLIDERE,14688,-0.576
54988432B92026614951064,0.5342370230810872,0.6841471766577751,48.28317807796441,0.5292815800408083,0.6789303935472364,0.43253526086136235,0.5719052331960075,0.2960859721551099,0.41108134387615214,0.5228961755890768,0.6721488426305929,0.5311613405299928,0.6809147816816896,0.5270254894291926,0.6765398537129125,AFYONKARAHİSAR,EVCİLER,7038,-0.525
54988432B9206806134552,0.632766351840829,0.5270084079327653,15.680718709143152,0.6216482412208478,0.5188053748316926,0.5474651250748379,0.46176596390660535,0.46919083896499286,0.4003684862851925,0.6131670449667864,0.5124223496266045,0.6249368738813253,0.5212572548259848,0.6180285138302722,0.5160902691181277,ARTVİN,ARDANUÇ,10889,-0.454
54988432B92152901818020,0.3318979531747543,0.40143155839913863,22.56687808121232,0.3302418804859367,0.3997648523506316,0.3033590348056491,0.37090453168224213,0.2673940245504144,0.3318766319514649,0.32817121905647717,0.39758983772985584,0.3308553877890096,0.40039921141384616,0.32943960153025403,0.39892681942643293,RİZE,KALKANDERE,13350,-0.453
54988432B92223927432104,0.186868885893633,0.30792603938073937,23.876265882240283,0.18562467858331858,0.3058758113430351,0.161812088230832,0.26663698033287475,0.13079006050747832,0.215518303808795,0.18411695602503317,0.3033913579593825,0.1861744940160515,0.3067818074792149,0.18512221567620468,0.3050478435827339,ANTALYA,ELMALI,41550,-0.15
54988432B92272966578930,0.17728860515259073,0.2549510079142526,18.483296491155496,0.17534230685918836,0.2529944731010212,0.1570783241971582,0.22923679477327938,0.13432462697196854,0.19835572178324395,0.17427459270749335,0.2517452963824227,0.17582972600277097,0.2535386421571323,0.17509130033966186,0.25270686611260645,ERZURUM,AZİZİYE,71827,0.062
54988432B92286094750173,0.17057862341674473,0.28103767947030533,19.137616758685226,0.1702307921113379,0.2804656989135399,0.16294340713957195,0.2684646862440953,0.15262853151558053,0.2514749397419849,0.16976917520412665,0.27970583786036307,0.17036645327222177,0.28068893933173883,0.17006871265729678,0.280198942912675,GÜMÜŞHANE,KELKİT,38520,-0.429
54988432B92573303470858,0.26212294716309664,0.3371651274402681,22.43530542675043,0.2605085612039082,0.3351566183829859,0.23017037579352595,0.29657749188103366,0.18091062534973876,0.23736218918785282,0.25901830272353255,0.3332321300356794,0.26101236324067045,0.3358019546051235,0.2600939987478942,0.33462288339879726,MERSİN,ERDEMLİ,157566,0.331
54988432B92605767261652,0.03385817278195081,0.0554681311761541,3.9192089148047247,0.033651862082891004,0.05512852988607863,0.030828083763685867,0.05050337271969577,0.02717512723135589,0.04454116953446917,0.03353876963483625,0.05494260305251281,0.03369709227134612,0.055202927942435386,0.03363939683123242,0.055108030263637295,ADANA,İMAMOĞLU,27196,-0.434
54988432B92706545600609,0.2131886125429504,0.2562805811885081,14.034816230103367,0.21040013350439077,0.253923157924238,0.1869115944831991,0.23027508507757877,0.15887641191672655,0.20069637692917838,0.2080809867459758,0.25175772374507904,0.21114550998949422,0.254591850238556,0.2094450689571826,0.25304430686862883,AMASYA,MERKEZ,151433,0.651
54988432B92712728908494,0.25537799659104754,0.34880285526167254,21.007813907858974,0.2533965514543066,0.346931232703705,0.2315869839919581,0.3220239935440433,0.20440443894992005,0.2894051253364984,0.2518734772430919,0.3453236202765046,0.2539614381517543,0.34750569584735236,0.25290184764185397,0.3464166843120025,ZONGULDAK,MERKEZ,115279,1.189
54988432B92775377874874,0.2718103619068717,0.4467963954458534,33.01699996079248,0.271087021067039,0.4456108985044476,0.25615718394264925,0.4211357158954685,0.23494817503159882,0.3863551683296608,0.27021929796517813,0.4441886895767881,0.27136574084573833,0.4460676965647623,0.27080499170641326,0.4451486397342456,KARABÜK,EFLANİ,8663,-0.658
54988432B92870291656697,0.17472522807741994,0.2567945120897543,18.52507090258872,0.17185189059853612,0.25442515541139754,0.15372740935290077,0.23402082667612467,0.13114478464565293,0.20390490343246348,0.17176675766921956,0.2543208581313466,0.172008055489234,0.25457189104610883,0.1724422083622678,0.25492751623911697,TEKİRDAĞ,HAYRABOLU,29706,-0.182
54988432B9289353120970,0.07991113308266634,0.1316790571897503,10.013494740959505,0.07968114902312297,0.13130008516218541,0.07427812174622521,0.1223968759302952,0.06504880325806715,0.1071886325961984,0.07950405846623237,0.13100827203591628,0.07974435862484268,0.13140424312414523,0.0796533791297765,0.13125432541341123,KARABÜK,ESKİPAZAR,12570,-0.383
54988432B93214958535035,0.0687164606716924,0.09979564548884313,6.922825070153836,0.0667604539892091,0.0977745998426782,0.05368099405934803,0.08103041630202742,0.03991835124060002,0.061958372553040146,0.06599858979014586,0.09690529618100537,0.06707040178874471,0.09811853472389669,0.06666236838467036,0.09766418687602942,KONYA,ÇUMRA,68803,-0.233
54988432B93266011015625,0.48902972430932634,0.48710507011306015,20.13358592696252,0.48278905687683116,0.48232031997598684,0.4336330651343949,0.4410550982906556,0.3782494877293653,0.39288462727093576,0.47826010461951163,0.478683376510411,0.48442421789174733,0.48360881870586314,0.48107535981239524,0.4809538305443429,GÜMÜŞHANE,TORUL,9779,-0.368
54988432B93269367761582,0.2945618534922634,0.44638310406043646,35.33859002283966,0.2932003565630353,0.4446523506833425,0.26287813585189546,0.40356530602749846,0.21009533108234932,0.3275737457324499,0.29241133429104443,0.4436492489866339,0.2935327556217396,0.4450719877927699,0.2931743973809456,0.4446175527308423,NİĞDE,BOR,62594,0.116
54988432B93270610822610,0.06643426409834205,0.10947162083804941,6.161136095620369,0.06631095526443785,0.10926843023912654,0.06383052817577717,0.10518113616803788,0.06016713824853879,0.09914453384332612,0.06623375752975078,0.10914122237047744,0.06634203526631575,0.109319644446545,0.06630609585300909,0.10926042281023955,ELAZIĞ,BASKİL,13397,-0.714
54988432B93290960432341,0.13157756582422578,0.21465445836145397,16.76007456805926,0.13115393496111255,0.21407806115781453,0.124491905473096,0.20358812922371014,0.11489122194934324,0.18813472888094196,0.1306724195437985,0.2133533489898607,0.1313037238010651,0.21429641783820316,0.13097409090856701,0.2138102700153323,ERZİNCAN,ÜZÜMLÜ,13960,-0.63
54988432B93447432062077,0.27258850762383763,0.418426372483554,31.083206723251404,0.27157129269802266,0.4168681917663883,0.25202773254706823,0.3875444026018276,0.22445802957423663,0.3465479594022866,0.27182154898140076,0.4172532486239456,0.2715089392597998,0.41677123923466763,0.2720938018268527,0.41766743313437127,KIRIKKALE,MERKEZ,192821,0.726
54988432B93570541264630,0.31202045483537877,0.45277188930274664,31.341452542446092,0.31099518560471257,0.45114906362729323,0.2864700035452857,0.4162421149421061,0.24000911925983837,0.35387511563030033,0.3110583832412636,0.45124798389998794,0.31103759799497843,0.45121534237988054,0.3113852707082529,0.4517614210937317,SAKARYA,KARAPÜRÇEK,13734,-0.453
54988432B93591493775599,0.24679849169414328,0.32522363253850856,21.66851743264484,0.24573415325621983,0.32400421043469646,0.22436308552276504,0.2991068272704604,0.19496767881701077,0.26425320429889154,0.2445171128402364,0.32260295930699223,0.2461349930116287,0.32446455298479543,0.24535559895348005,0.32356847560562685,ZONGULDAK,GÖKÇEBEY,21070,-0.17
54988432B93613395519692,0.06886768430980444,0.11348145609918092,8.264754971531836,0.06840504205150277,0.11271910554752153,0.0594276245222654,0.0979259493170146,0.047629078066030534,0.07848408416464227,0.06807442541667368,0.11217430928339514,0.06852183096737016,0.1129115525037638,0.06836596369293534,0.11265471149860522,KONYA,TAŞKENT,5669,-0.71
54988432B93760304684016,0.2036491132445786,0.33557681132907835,30.435121384327616,0.20257423764531257,0.3338056112465918,0.18126788777325478,0.2986966100964617,0.15273398742018518,0.25167791631130887,0.20160916107704496,0.33221534005754555,0.2029594963169621,0.3344404476792639,0.2023601608832657,0.33345285156086174,ERZURUM,TORTUM,12881,-0.592
54988432B93817562876661,0.15276482727959537,0.2517287348074851,18.44461532846625,0.15218793137989528,0.2507781149721918,0.1404742213541145,0.2314760448739828,0.12433090598700176,0.20487478838498788,0.15140670297817185,0.24949079222477966,0.15240855496397762,0.2511416626335138,0.15190661240568987,0.2503145523137243,SİVAS,HAFİK,8950,-0.742
54988432B93840376788897,0.9979226745714594,0.989909168212599,40.62478998415839,0.9913586858000321,0.9831602841746432,0.8884994070092787,0.8667493828421663,0.16829549511062172,0.2730791938408008,0.9927415282564402,0.9846643690772157,0.9911214503993558,0.9829005793730411,0.9942628319192911,0.9862937043033001,İSTANBUL,EYÜPSULTAN,425216,1.839
54988432B93890673668777,0.1864955750874472,0.24050956935254764,16.244979530610333,0.1856473958172559,0.23954625341764793,0.16859529406747037,0.21990127375091606,0.14521321258466613,0.19251187952822743,0.18467676990222387,0.23844077378500886,0.1859672136974244,0.23990986560373637,0.18534606471783957,0.2392033615944632,ZONGULDAK,DEVREK,56900,-0.038
54988432B94080378973677,0.44595367602770386,0.400961999969933,14.78657525083998,0.44160346814779394,0.3974379612320458,0.3603820620282915,0.3308685402851891,0.25666822073811624,0.24471378428875737,0.44115192039634776,0.39707164789519345,0.4420847418025648,0.39782830143008807,0.4429172723763806,0.3985033038368858,ESKİŞEHİR,BEYLİKOVA,5611,-0.424
54988432B94200918295696,0.47224551385050756,0.556632638962904,33.53178755268264,0.4621875962629005,0.547950578720631,0.3613042774270599,0.4466251760323563,0.24049496064478995,0.31654340146125537,0.4537661699400628,0.5400964796911928,0.46502809077262947,0.55052365865064,0.45906578080436344,0.5450715818070783,AFYONKARAHİSAR,BOLVADİN,45906,-0.045
54988432B94235279152789,0.44316505133114,0.6652679147885768,51.19713646490716,0.4404467341446059,0.6626902666715581,0.40596071747617696,0.619298386200968,0.3503217597168504,0.541621642188286,0.4376362616900523,0.6596170790363968,0.4412550150822334,0.6635227579384415,0.43927775779103884,0.6614394772769143,ÇORUM,OSMANCIK,42673,-0.194
54988432B9428918047476,0.3769279496909918,0.5453826666943793,39.20406441263002,0.3755539820603346,0.5440530855328682,0.34681110260861764,0.5123415843157925,0.2944438477062239,0.4455387916963864,0.37563503813242066,0.5441311633566414,0.3756151338804121,0.5441132581505458,0.3760933024036637,0.5445795100927258,SAKARYA,GEYVE,51708,-0.043
54988432B94361787420306,0.0645350663921401,0.10634208739605826,8.604515201654293,0.0641411724761659,0.10569302164655119,0.057008871633223754,0.09394028314363534,0.047375736626390955,0.07806662341002724,0.06383746687062192,0.10519256987896201,0.06424231369031039,0.10585968402772146,0.06408491505653673,0.1056003196200509,KAHRAMANMARAŞ,TÜRKOĞLU,81055,-0.477
54988432B94555839005307,0.712755192922809,1.1744913154226353,96.76008952612194,0.7051516357109405,1.1619620318757307,0.6228480658845904,1.026340672748295,0.523385105897271,0.8624437501144577,0.6983153545804834,1.1506970801823109,0.7073543919516462,1.1655917747389044,0.7025715814162097,1.1577105702342458,SİVAS,İMRANLI,6788,-0.587
54988432B94612974297738,0.12379960687323185,0.15661522464519037,8.776483666532306,0.12188632080296886,0.15487060861706628,0.08618158269917187,0.11894430773722225,0.04026810892797743,0.06633274957183802,0.12027269746487017,0.1533764140454891,0.12245387045544255,0.15539146814177246,0.1215447485444858,0.1545555373760309,İZMİR,BAYINDIR,39971,-0.304
54988432B94698647501880,0.44540674021057725,0.5765979323868542,40.2242694116794,0.441718832361997,0.5732720110575915,0.40292865789990845,0.5303113622597765,0.3477151249809677,0.46540823127462916,0.4383708992566671,0.5698820479140481,0.44275412123679,0.5742738742216938,0.44036172157016945,0.5719208149848859,AMASYA,MERZİFON,77077,0.547
54988432B94777693463903,0.33113886886128924,0.423973483926544,27.750473644905746,0.3224095647360369,0.4165168321007776,0.2679575174015244,0.3545003657970143,0.20935572066569164,0.2787182064409762,0.3190924518453643,0.41327597408841527,0.3237760043221794,0.41780719673634376,0.32196639665771554,0.41608171807184663,KONYA,HÜYÜK,14878,-0.506
54988432B94880790490903,0.0752420574692568,0.08777800037425752,4.727737336072584,0.07467943918041846,0.08725441981627215,0.06602933643002183,0.0786114803448138,0.054920366136957326,0.06728626707503636,0.07416500204833362,0.08675482884347964,0.07485914888631365,0.08742674804472766,0.07452581869515972,0.0871059907918666,KÜTAHYA,SİMAV,60886,-0.027
54988432B94897839100366,0.30257661009670056,0.26808999467649497,7.3083570057816605,0.29485474771726783,0.26165679717653423,0.23649063919983487,0.21508603708237758,0.16585748501641784,0.15927912824299392,0.2899281577145118,0.2576239104153837,0.2970873930890006,0.26350074792713696,0.2930866783927902,0.2602042536029947,ANTALYA,DEMRE,28075,0.18
54988432B95082960881175,0.908602857199674,1.4972127534745037,130.68975863768657,0.9080350113141556,1.4962770464215605,0.8966173426919537,1.4774627988758366,0.8724508912544781,1.437640868962557,0.907289989561929,1.4950493856672373,0.9082555320922095,1.496640424677189,0.9077613457327813,1.495826095166704,ERZİNCAN,REFAHİYE,10954,-0.391
54988432B95140172364371,0.020527911171641502,0.02926761099224055,2.340778953510317,0.020349977163850216,0.029030472718857416,0.01699561425723041,0.024523859132275373,0.012691398886937108,0.018702997364296276,0.02011127647293945,0.028701348656078422,0.02041746902662597,0.029121333109519833,0.020263037394353235,0.028907800170662103,DENİZLİ,BEKİLLİ,6243,-0.231
54988432B95156445816279,0.3147693178060067,0.44850372205029826,30.048095818332964,0.3122135781313725,0.4459239732006224,0.28309284524427764,0.41046718819571804,0.2454809556416617,0.3620922228163497,0.3097464832947962,0.4431395761348294,0.31298992685280436,0.44676499390325863,0.31124364334115084,0.4448450276741766,TRABZON,YOMRA,51660,0.48
54988432B95277821649488,0.15906849356510203,0.2438569097873595,17.211599238240705,0.15844225727175962,0.24302761382085022,0.14784409281627425,0.2274563523399687,0.13211238241294873,0.20447380305680682,0.15804647651605808,0.24245721360933062,0.15858451568391058,0.2432294787009478,0.15838497748500885,0.24294572079177443,HATAY,İSKENDERUN,228149,1.056
54988432B95310559341669,0.24685575762089187,0.28149983081832075,14.565928209407907,0.24655078379115822,0.28100187916763486,0.23874640879736583,0.26989107323082906,0.22139084963393169,0.2495258675620362,0.24632373730384474,0.28063684340706513,0.24662991483792712,0.28113019832333846,0.24651970453443806,0.28095164101244424,OSMANİYE,DÜZİÇİ,88274,-0.269
54988432B95455201540726,0.44825230109909486,0.6240487456976109,43.920457407852666,0.44255445395780646,0.6187803510429125,0.3893285737098901,0.5564899803888915,0.31913705671021936,0.4675919605302919,0.4424425318435807,0.6186663833755318,0.4428944354158467,0.6191254313203925,0.4439525617068884,0.6201838126431175,TEKİRDAĞ,SÜLEYMANPAŞA,226582,1.314
54988432B95500955332095,0.08961176432460051,0.13075145651521222,8.464179642411054,0.0882466958946696,0.12954894129193037,0.07898524981133113,0.11847531588741356,0.06907134086807877,0.10527971970115578,0.0876906747900754,0.12898389716501213,0.088472279316658,0.12976890841919272,0.08816060312527355,0.12946345458961198,HATAY,KIRIKHAN,108200,-0.206
54988432B95701093255845,0.1560698860919281,0.19676175962830175,13.005596719385697,0.15264652919857422,0.19394164200598332,0.1319708454046866,0.17300322330092674,0.11089885004125122,0.1494283817195675,0.15132079681026045,0.19275341570189178,0.15319439100970195,0.19442126069198234,0.15244153515266468,0.1937622125938414,HATAY,ERZİN,43103,-0.24
54988432B95842578753435,0.383862047272494,0.4746651309540299,27.26162056491602,0.3794861275842651,0.4703360989337196,0.32073994989919424,0.4062889661891113,0.2352102461353302,0.31283025550840604,0.3771629600111147,0.46788744576355307,0.38035552799061323,0.47123972102246836,0.3792028346472813,0.47003983806135086,KONYA,MERAM,349685,1.053
54988432B95867498741596,0.08603005893497602,0.06912176310497034,1.8625909308388513,0.08431552603004148,0.06782250808580459,0.054902555158843326,0.04528527355728005,0.019718520186831255,0.01793002313942396,0.08277790483970614,0.0666561418059228,0.08483678729464399,0.06821752613310647,0.08394775909523193,0.06754368815499609,MANİSA,GÖRDES,25456,-0.362
54988432B95928924596257,0.1412469240172554,0.22295117318170768,13.305061929580452,0.1404599553170496,0.22199862269746548,0.13132893705633805,0.2087073039384791,0.11954627730894034,0.1910352171620667,0.13970150591751343,0.22096374159969362,0.1406977842033955,0.22230955365403662,0.14016340549137205,0.22160024104886053,TRABZON,ŞALPAZARI,10575,-0.527
54988432B95992453735660,0.16302166637088522,0.23496394020301614,15.805741823507411,0.1605733573508145,0.23285910284967132,0.1447325234325909,0.21447440879853072,0.12793477578616508,0.19258336247400515,0.1589253265828512,0.23121200001190953,0.1611693192575552,0.2334185706448858,0.15992436618831266,0.23222604803108543,TOKAT,ALMUS,28135,-0.626
54988432B96002875694716,0.05195746169975988,0.08561647553563455,6.21824626431068,0.051864059134983126,0.08546256504538804,0.04987533201710264,0.08218550336714493,0.047019986133210345,0.07748041110481123,0.05177762560667381,0.08532013826355805,0.051893721281860844,0.08551144288486309,0.051844420940374565,0.0854302048616288,SİİRT,KURTALAN,60674,-0.746
54988432B96055728964295,0.08565935592030842,0.13179020214114268,9.730545060879079,0.08549940000002251,0.13156364625516395,0.08208882482626437,0.12669502036965005,0.07710283630041517,0.11950704998573457,0.0853515036611609,0.13135387951157576,0.0855502073622048,0.1316356527391427,0.08546579497628431,0.13151600280450662,SİİRT,TİLLO,4090,-1.092
54988432B96253439504552,0.08358165623840774,0.13772741378158057,11.59185014769391,0.08326033693302475,0.1371979378305147,0.07674736209731571,0.1264657362863376,0.06784168622795114,0.11179079730252528,0.08273299455934624,0.1363289732206604,0.08339848886722431,0.1374255871672538,0.08304502994211088,0.13684315095068694,KASTAMONU,PINARBAŞI,5782,-0.63
54988432B96395317243392,8.25259829530544e-05,0.00013598785563050377,0.0066202835242944865,8.009090132294473e-05,0.00013197528265270335,7.032519745064953e-05,0.00011588317346726794,6.298197429783669e-05,0.00010378287324381785,7.874111038586844e-05,0.00012975107194336942,8.062295638500926e-05,0.00013285201291847516,7.953978986258228e-05,0.00013106715089799623,ERZİNCAN,İLİÇ,8543,-0.301
54988432B96423732732859,0.4901578128995584,0.8076911962947011,71.21065093997333,0.48818418059079755,0.8044390081247753,0.4434323713465669,0.7306961412488945,0.37083131715247014,0.6110627685451064,0.48490274015261947,0.7990317892998758,0.48911293573763315,0.8059694281973939,0.48683763506063266,0.8022201452575479,BURDUR,ÇAVDIR,12539,-0.448
54988432B96595900966368,0.11279689407834072,0.18586882819948172,13.598986044921508,0.11226952889093084,0.18499982599673495,0.1047523806938935,0.17261292883789314,0.09481616533537014,0.15623984764167018,0.11185824285986408,0.18432210119523373,0.11240543560083574,0.18522377561095854,0.11215961612169856,0.18481870968330905,KARAMAN,KAZIMKARABEKİR,4679,0.022
54988432B96614579404360,0.1284547626119041,0.09834516841773963,2.185666697217972,0.12332414643192159,0.09461084934484866,0.10239742398437518,0.07900742962144085,0.08639503698192737,0.06679841572432021,0.12053465179305095,0.09255108665487734,0.12446338303117331,0.09544523284093108,0.1222157379373152,0.09379100894109808,SİNOP,TÜRKELİ,16298,-0.194
54988432B96920408348513,0.658232232071231,0.7909130907690197,46.16524193986838,0.6513128502460926,0.7851616315021,0.5951062693446721,0.7294174650264732,0.5305236235137453,0.6614351816300127,0.6454874168108303,0.7798287610765751,0.6534706268508718,0.7870547674037772,0.6488661721519401,0.7829540695130616,ARTVİN,KEMALPAŞA,9263,-0.432
54988432B96933409073399,1.3352824014727191,1.528182948827574,84.39295190040397,1.310455600768897,1.5076146892573061,1.105834853173256,1.3085104360362956,0.8159549774532215,1.0131408189055353,1.2945034866311138,1.4934158916995741,1.3167201648797424,1.5130341926115287,1.305077187067872,1.5029084908396857,AYDIN,KUŞADASI,141431,1.495
54988432B96952912352901,0.17708498279185564,0.17422360985204804,7.529234180448798,0.17484308850538022,0.1722969575061189,0.13440858373681522,0.13694028174740283,0.0840154775132279,0.09211024460437488,0.17245630131546552,0.17024067925861022,0.17561156373291617,0.17295780128728255,0.17413105898918357,0.17168528933867894,BALIKESİR,SINDIRGI,31482,-0.477
54988432B97004073269629,0.12148486095005707,0.1582975274025701,9.175939661787389,0.12059822650324363,0.1574847012667315,0.11277615814755909,0.1490681126489242,0.1017022759329397,0.13677038383206877,0.12018144667441438,0.1570686575274942,0.1207755486271605,0.15765717483454658,0.12051574039023955,0.15740343225768208,MARDİN,KIZILTEPE,275217,-0.201
54988432B9710176470958,0.3587407941676263,0.4982508981152805,33.618506992759876,0.3544859739580955,0.4938615428944214,0.2981496457954637,0.4272844859332794,0.2262263668549972,0.33807203361937244,0.350889122202531,0.48984033317780595,0.35571445990218875,0.4952027206882509,0.35338850130722227,0.49264801585407136,BALIKESİR,BANDIRMA,169476,1.072
54988432B97142079698078,0.429478455696141,0.5647341358621045,38.83945827857626,0.4246257141217759,0.5603279940323869,0.3800452885605034,0.5107756187309491,0.32649341922640895,0.44725811518313496,0.41951440057055106,0.5551103342764461,0.4261723539750137,0.5618277923017381,0.4222917332493432,0.5579873663663664,KASTAMONU,MERKEZ,158953,0.892
54988432B97259494958593,0.7535443451643907,0.8347075230463081,42.24181545159787,0.745795423689854,0.8277675172280516,0.6853725733747713,0.7598464030501615,0.6139224131814068,0.6726278919222566,0.7395352535353255,0.8214359172023544,0.7478377771493835,0.8297324195690232,0.7431971257199709,0.8251871348120596,DENİZLİ,HONAZ,34468,0.636
54988432B97290216608091,1.0803085446033553,1.7749765958632269,144.51904337652053,1.0779445552445028,1.771125913628609,1.0178723889527592,1.672585828126287,0.8949566279482541,1.4705692049400534,1.0744380513430518,1.765390525365457,1.0788507910388188,1.7726061466823417,1.0766074480674328,1.7689399408580648,DENİZLİ,SERİNHİSAR,14661,-0.064
54988432B9750170463020,0.7468798453771406,1.0224394960031362,64.66438058347622,0.7402012275022695,1.0161910402287806,0.6675933830475992,0.9340211661156821,0.5732283464581612,0.8215116137255052,0.7323085614374562,1.0078521341825648,0.7426778673496314,1.0186746865707748,0.7366082592106881,1.0124521248201912,ÇANAKKALE,MERKEZ,208613,1.846
54988432B97522403673638,0.23280063585129962,0.2858130138902396,14.334114685090123,0.23056074030378343,0.2838143903841383,0.20743953524630449,0.25978090902726486,0.17615552015033512,0.22719389171644466,0.22806381934053693,0.28133100938454053,0.23136273291424836,0.2845755213543192,0.22941758960773254,0.28269263044891835,ÇANAKKALE,BİGA,94526,0.426
54988432B97580121786260,0.2578493513270103,0.3195432784707244,19.554338899269847,0.25427268595207053,0.31654781620544453,0.2273621020785455,0.2890236293610902,0.19656795589458328,0.2552539020061958,0.251694254540116,0.3141492848642368,0.2551776209608034,0.31735466380675104,0.2532692664854563,0.3156294296869173,TOKAT,MERKEZ,201969,1.015
54988432B97639118870532,0.04536294172674505,0.0747499023915988,5.520764885276912,0.04527389023541984,0.07460316168142872,0.04338232683301035,0.07148620818777408,0.04067987534665349,0.06703305816853478,0.04517783871481106,0.07444488619230107,0.04530552333547054,0.07465528729434372,0.04524658163314912,0.07455816205670238,AĞRI,TAŞLIÇAY,17431,-1.124
54988432B97717565208806,1.0253148953885507,1.5769361546642928,129.10983445480605,1.019435940604351,1.5673164627316225,0.8378057804985195,1.2837765920896471,0.4347980068940325,0.6598156652415508,1.021748693591689,1.5710860599277598,1.0186194815574139,1.565989622486508,1.0230868987513921,1.5732755087970642,ANKARA,ŞEREFLİKOÇHİSAR,32831,0.115
54988432B97750786537608,0.2146222970132469,0.30472881646166255,21.059140523847056,0.211373731424426,0.30195965411679154,0.19081453410445273,0.2784173636504559,0.16931357529377744,0.25073933632580453,0.20985006798969155,0.30047883858621544,0.21200837334692416,0.30255027934043865,0.2109936167002447,0.30160118136211295,BATMAN,GERCÜŞ,18894,-0.962
54988432B97753800028148,0.1484556191636879,0.24462794121280393,12.69426506783021,0.14828980450670054,0.24435470872493825,0.14466748019549613,0.23838577508910208,0.13934540794893585,0.22961596506778964,0.14806730163687276,0.24398806434147505,0.14835476193669492,0.24446174679096447,0.14821195663613124,0.2442264295502431,GÜMÜŞHANE,ŞİRAN,18377,-0.515
54988432B97910607288533,0.24317027907512756,0.3610710080870826,25.565925182240992,0.2420678964477689,0.3597061889346283,0.22041265473198024,0.33214501490645765,0.1863106382138912,0.2861475090589982,0.24210793862053312,0.35974657434918333,0.24212315327553519,0.3597759363352456,0.24247794394158892,0.36020214412763946,SAKARYA,HENDEK,93990,0.328
54988432B97960602645981,0.571159401430277,0.693617651989104,38.131026711970804,0.563573014213004,0.6858899684157892,0.43837332777678106,0.5487127915900403,0.17719244823707167,0.2803725006426753,0.5651857742080509,0.6876171003981572,0.5632958500909478,0.6855915036342936,0.5669537315328598,0.689485167839389,İSTANBUL,BAYRAMPAŞA,272978,2.266
54988432B97969826728737,0.18870562151940334,0.24835762072372386,14.314649415997746,0.1873389589415259,0.24705915912695833,0.17251932565794248,0.23047192185408885,0.15305592338803692,0.20809726991161584,0.18636670623645835,0.24603632990837979,0.18767639971912997,0.24740300835178813,0.18703633365122443,0.2467449740199416,ORDU,FATSA,129844,0.363
54988432B98025236452990,4.17983699918194,3.336598160065852,64.64065083794135,4.177907286462913,3.3339930041918633,4.147687219514907,3.2879345615791795,4.103410581845757,3.218755396690891,4.176406978092447,3.331786752694929,4.178472649451489,3.334804243983054,4.17753795540823,3.3334452391768252,ISPARTA,GÖNEN,7065,-0.034
54988432B98169837554418,0.00325554796232023,0.005364552719717697,0.38778540081424756,0.0032395660431778885,0.005338217414941461,0.0029812523094664496,0.004912563221312407,0.002632411754211396,0.0043377372408321185,0.00322993969731914,0.005322354942492831,0.0032433441911354907,0.005344443117691362,0.0032385319350961726,0.005336513392335603,ADANA,FEKE,15586,-0.954
54988432B98216013465603,0.05339669254829334,0.08737955270588398,5.670099900551971,0.0531990566460815,0.08708731041239456,0.05020790729343727,0.0822953450071185,0.04620866183066258,0.07581029443822915,0.0530223499406272,0.08681179327265916,0.053256432965374856,0.0871754565260513,0.053145525331313045,0.08700434546111625,ORDU,ÇATALPINAR,12888,-0.854
54988432B98307515925592,0.031098314533108184,0.05124438335361619,3.4919586185148273,0.031030870231758347,0.05113324737453576,0.029629894489172304,0.04882469338696308,0.027660184096402123,0.045578967823435936,0.03098655325601429,0.051060221034420664,0.03104758869269964,0.05116079636664099,0.031027962368886455,0.0511284557438,KAHRAMANMARAŞ,ÇAĞLAYANCERİT,22440,-0.84
54988432B98311610120765,0.11133047627093723,0.18340117746667048,14.5789906354645,0.11089015944769172,0.18267917614477958,0.10142096579494761,0.1670899058796372,0.08677619879411107,0.14296866825247312,0.11088579110602065,0.1826727628541491,0.11091976578468403,0.1827275666490546,0.11105006834111536,0.18294254555466724,SAKARYA,KOCAALİ,24966,-0.253
54988432B98497297447828,0.17330710723850193,0.2855786872880545,19.068206762171055,0.1729591566385655,0.2850053277925653,0.16566098820533695,0.27297926957730545,0.15535125358008867,0.2559906963590428,0.1725346877971255,0.28430588010998276,0.17309074896927712,0.2852221680921967,0.17282087235396107,0.2847774603663579,BAYBURT,DEMİRÖZÜ,8139,-0.724
54988432B98585505562385,0.4566138995238316,0.5331564567561362,28.763339886373267,0.45019432861932696,0.5273490556999808,0.3757765168803345,0.45189635224640007,0.2693362646625921,0.3426873693651688,0.4470597073774511,0.5243178016635696,0.4513915383041971,0.5284883961552387,0.44980762010057657,0.5269784862347823,KONYA,SELÇUKLU,703449,2.562
54988432B98751035289582,0.2952382469923818,0.3982388973592077,26.013703609956526,0.2930182531375879,0.39612626161823017,0.26751993701270643,0.3670342458274897,0.23522230570810604,0.3283508425126518,0.2913184290607353,0.39431614977474766,0.29359544514577673,0.3967188639063607,0.2924856131132709,0.3955628357249759,ORDU,ALTINORDU,239714,1.121
54988432B98936853989480,0.555519486437844,0.5771187077914878,27.875657314653406,0.5390750982542879,0.5628240186301823,0.3226734711616383,0.3627053829250301,0.07674037463438495,0.12250130432254171,0.5281886846593679,0.5530050112255838,0.5431018728633796,0.566423759202823,0.5367209332658458,0.5607095812920097,İZMİR,URLA,82021,1.768
54988432B98947703445317,1.0129874062462516,1.34256257307734,85.03188540958612,0.9958435366036912,1.3280812111599147,0.838502065736727,1.1625529599079178,0.6320025907242866,0.9161594205858197,0.9846350657595301,1.317694857498408,0.9999856874123709,1.3317904049504186,0.992309405947418,1.3248596528503314,BALIKESİR,GÖMEÇ,19020,0.062
54988432B99023740963316,0.0001048711229927756,0.00017280859461514054,0.008427503859765272,0.0001047667882116761,0.00017263666981471166,0.0001024792916081617,0.00016886729019943413,9.910514973350447e-05,0.00016330731621658876,0.00010469958386708572,0.00017252592924085996,0.00010479256615330087,0.00017267914718824525,0.0001047636416335532,0.000172631484824528,GAZİANTEP,ARABAN,32540,-0.736
54988432B99037585062650,0.37079010952797914,0.4529541343582135,29.238041310728907,0.36192507385194994,0.4460462380469434,0.31744969043645277,0.4035619476944703,0.27682436236901004,0.3597231279255899,0.35600660411581864,0.44100259487401494,0.36437300495946146,0.4480418077839323,0.3593400166444005,0.44387877647272683,ARTVİN,YUSUFELİ,17564,-0.29
54988432B9927108056692,0.6586170965507429,0.5460983369117228,13.0500179782353,0.6537198677612663,0.542208719817674,0.5623377708852153,0.47162856036383016,0.4431452119665324,0.3791132108718863,0.6485235907551378,0.5381431164663322,0.6554633520520067,0.5435736883875124,0.6521753490051391,0.5409865373813597,KÜTAHYA,DUMLUPINAR,2812,-0.226
54988432B9941685819623,0.007727677942107576,0.012733812003767957,1.0001578009688972,0.0077159274246296995,0.01271444928166292,0.0074600011260819174,0.01229272914827459,0.007073262135598927,0.011655453418588273,0.007705031399888144,0.012696494608643829,0.007719664246794645,0.012720606887000047,0.0077134539378363376,0.012710373423940009,SİİRT,ŞİRVAN,18773,-1.277
54988432B99449067758267,0.25232428960219777,0.3054646071785522,16.902976392856605,0.2508995381149688,0.30354675921331165,0.2171755404423647,0.26285979840403995,0.16382248547394035,0.2026389248308206,0.2510309561056324,0.30372944499130666,0.2509409340549119,0.30360013565895755,0.2514864614974557,0.3043468392770429,SAKARYA,KAYNARCA,25440,-0.351
54988432B99760089985669,1.0870715139328142,0.9411784551219814,30.260003085157088,1.067667794652709,0.9263773825371269,0.8521951804278061,0.7552168315183868,0.5995312759984249,0.5517826003535077,1.0661645955535548,0.9252096868343834,1.0692986550090748,0.9276425693737519,1.0722073619818522,0.92989411559316,ESKİŞEHİR,MAHMUDİYE,7407,-0.351
54988432B99817490386194,0.151525173689838,0.24968601047554154,21.324347687209556,0.15073180982901224,0.2483786906920279,0.13525225432568744,0.22287119010026935,0.11452882586738704,0.18872273774000412,0.15029986107437582,0.24766691746881545,0.15092181450888364,0.24869178395127667,0.1507492007276287,0.24840734773949005,AKSARAY,ORTAKÖY,31089,-0.212
