shapeID,ENERJIK_NOM,ENERJIK_K1,ENERJIK_K1g,ENERJIK_NOM3,ENERJIK_K13,ENERJIK_NOM3p5,ENERJIK_K13p5,ENERJIK_NOM3p8,ENERJIK_K13p8,ENERJIK_NOM3Y25,ENERJIK_K13Y25,ENERJIK_NOM3KIS,ENERJIK_K13KIS,ENERJIK_NOM3Y26,ENERJIK_K13Y26,il_ad,ilce_ad,nufus,sege_skor
54988432B10253984912437,0.1121534333558883,0.13292118736322572,9.019029723227383,0.10526831077958462,0.12717312540611792,0.0662689830999092,0.0852987913932907,0.03002113092396624,0.04236101850816531,0.10207025132435005,0.12416337624254067,0.10656850128208116,0.12834842957055015,0.10443611479676891,0.12640503832764768,MANİSA,DEMİRCİ,35629,-0.192
54988432B10287230279323,0.7134664823534873,0.9018521800244108,48.90707531672827,0.7090765617818722,0.8973894782535927,0.6455269855583383,0.8286470851294381,0.5474867825216729,0.7242808449423503,0.7073857549149977,0.8955609894256181,0.7099376721412363,0.8983120808314814,0.7091987563506398,0.8975208620683298,KAYSERİ,HACILAR,13701,0.963
54988432B10558365680808,0.0959060853574559,0.15803583820498787,8.513577620866876,0.09394827300250244,0.1548097184503346,0.08574720538804048,0.14129584610535598,0.07854020143302688,0.12942001041951656,0.09285990546408322,0.15301628609859053,0.0943763033123323,0.1555150347870298,0.09350444271570278,0.15407836661657215,SİVAS,AKINCILAR,4641,-0.511
54988432B10626729870430,0.3175775179783269,0.3611520198683876,19.57333837240968,0.3028892604613191,0.3481897564879842,0.18711511544121817,0.2287136304165006,0.07467870164495621,0.10219557329241123,0.29528481930347955,0.34091865966865337,0.30592317620997656,0.351022201483669,0.301181522740411,0.3465759951573328,İZMİR,SEFERİHİSAR,63712,0.924
54988432B10630286252901,0.28681523675119786,0.3796251642230094,23.80914917202318,0.2829307839973967,0.37632403889446014,0.24858530063287013,0.3415894893408988,0.2071641072156272,0.2959083963283894,0.28286702954990206,0.37627550322080633,0.2831570396709791,0.3765248031742374,0.28389055233278815,0.3771911122816431,TEKİRDAĞ,MURATLI,30410,0.193
54988432B10710239542127,0.000326139752940221,0.0004908060057825668,0.035487119898591865,0.0003224273330780598,0.00048736018025216643,0.00029378697502603906,0.0004508523404291556,0.0002609653495215432,0.0004047829607890065,0.00031970580934472957,0.00048435508753164405,0.00032337664540026026,0.0004883393985810031,0.00032137059654089754,0.00048622304721431225,TOKAT,YEŞİLYURT,8045,-0.729
54988432B10923405291908,0.1955789640885665,0.1921362245544123,8.140811184019551,0.19370859632071985,0.190684715344224,0.17690316921445234,0.17643565203608727,0.1570266464851005,0.15906902486279817,0.19284780275556973,0.1899859437262452,0.19415854945276428,0.19104455887075125,0.1935820728099587,0.19058202541443456,KARS,SARIKAMIŞ,35518,-0.804
54988432B10954011235531,0.5125412148547043,0.6334035978449596,35.257976048215106,0.5065640040982862,0.6269987043598916,0.39792585621291565,0.5051348220941425,0.16877252872174797,0.2657785625030542,0.5078575402032426,0.6284528297688308,0.5063407631094722,0.626746626194979,0.5092639173575386,0.6300155503495949,İSTANBUL,ZEYTİNBURNU,275471,2.382
54988432B10964336547790,0.42101912980327993,0.40181802885320766,16.72287200531984,0.4126983622045982,0.3948512675358324,0.25914766373117176,0.26557383676213825,0.057515972428096564,0.09005032957043732,0.41585102959169096,0.39747860673746405,0.4116094187418802,0.3939442207058917,0.41772416683650154,0.3990416662548339,ANKARA,AKYURT,46956,0.705
54988432B11094776022203,0.2201706412193673,0.3607821246485272,22.06125156319141,0.21967077492997225,0.3601061314872358,0.21089465148019892,0.3462354547748156,0.19605441402649842,0.32222452193408385,0.21917833678221213,0.3593680533401403,0.219852469963418,0.3603698553903328,0.21950963371423898,0.35986735565751665,BURDUR,KEMER,2727,-0.549
54988432B11123047057176,0.1658712423182158,0.27332573023036,19.561213521475512,0.16522972614375,0.27226862789972184,0.15135683390833335,0.24940861704034734,0.12871635673806442,0.2121012160174759,0.1645047058504576,0.2710739259228969,0.1654651321466483,0.2726565343067852,0.16500115845277483,0.27189198979073004,AYDIN,YENİPAZAR,11596,-0.296
54988432B11153156770264,0.31482129168084744,0.3532831914946849,21.05071966572879,0.312449497113413,0.3512540895479103,0.284109504875677,0.32369705012392397,0.2446404987222148,0.28393086731614264,0.31028356910247973,0.349249402123389,0.31312575154067473,0.3518630150825184,0.3116283233201445,0.35050156369019725,GİRESUN,ESPİYE,39182,-0.178
54988432B11210263033857,0.5017757168540492,0.5497482165151324,21.763374999946194,0.4961703628222811,0.5452155578824551,0.44859646627571403,0.5020698162360977,0.3823558302167179,0.44201515910738154,0.4920223691908989,0.5415882709809242,0.4975939665620159,0.5464226251162637,0.49449491805544993,0.5437665265503275,TRABZON,TONYA,13332,-0.469
54988432B11239792936467,0.5268114534003607,0.837868961580576,71.1774132994331,0.5254080842219685,0.8358335782472818,0.5029715888016605,0.7999740381918499,0.461482826508989,0.7325780427289147,0.5236754815455835,0.8331445423575328,0.52589450505331,0.8365730205761197,0.5247331930794027,0.8347940266233467,DENİZLİ,BOZKURT,11176,-0.311
54988432B11310133229622,0.07671419677429131,0.12641108584779698,10.668309916709866,0.07612382233914144,0.12543825583011908,0.06224768226946859,0.10257289312881387,0.04032888983098362,0.06645469768223239,0.07554146695907894,0.12447863976114557,0.07631084932218485,0.12574644238493524,0.07597806843686794,0.12519807982844428,MANİSA,SARIGÖL,34786,-0.3
54988432B11333989170250,1.319093585641274,1.151739795542485,39.978706110206055,1.317813520345976,1.149630490490124,1.2851380725287682,1.1028007605376635,1.1300010060120953,0.959768123422874,1.3159367208123978,1.1465386133191733,1.3183111808371653,1.1504505352606345,1.3170927870641782,1.1484429317676257,DENİZLİ,GÜNEY,9043,-0.457
54988432B11359051677875,0.09448074373820849,0.15568713367089426,12.426781975081955,0.09405459496342229,0.1549849177627759,0.08826325570365365,0.1454418407949718,0.08014742378990244,0.1320684214291406,0.0938716503078262,0.15468345814335244,0.0941384861984062,0.1551231553061947,0.0940605477493094,0.15499472687451074,AKSARAY,GÜZELYURT,10419,-0.755
54988432B11506112394599,0.04648544887878576,0.07659959063612119,5.5778024507371144,0.04640402262764194,0.07646541493910007,0.04466244148887886,0.07359560501994229,0.04215761809102682,0.06946811025504164,0.04635522707051812,0.07638500870896357,0.04642621691051441,0.07650198709282773,0.04640372205546801,0.0764649196506596,HAKKARİ,ŞEMDİNLİ,43034,-0.633
54988432B11733036150032,0.2570102021596288,0.42350599324705684,36.63441444459088,0.25645143126006664,0.4225852557399976,0.2418762615884429,0.39856808146666745,0.21353903249370781,0.3518735130969661,0.25626776399440004,0.42228260770947923,0.25655841197327567,0.4227615389922714,0.25654633347878975,0.4227416359256877,KIRŞEHİR,BOZTEPE,5049,-0.584
54988432B11866351639272,0.196376401871609,0.28161906704249495,18.169832564999133,0.19553299055028406,0.28055927026769834,0.17878972020758777,0.25927614616358846,0.15627591773520502,0.23035792534042066,0.19432094445709017,0.27902994235845807,0.19587004585888215,0.2809841472670563,0.19507523966272033,0.27998178935811335,TRABZON,OF,43591,-0.06
54988432B11894887373653,0.06933710760015421,0.11425498056206426,8.522924812641373,0.06909052676626976,0.11384866005984613,0.06424033500641299,0.1058564235154495,0.05754222880232221,0.09481915904569056,0.06891131787127341,0.11355335629649291,0.06915376362280859,0.11395286293280586,0.0690666974415064,0.11380939365356132,OSMANİYE,HASANBEYLİ,4914,-0.58
54988432B11965473551698,0.07350705031099312,0.11956389480616497,9.960532525606377,0.07288891489347199,0.118560750127899,0.06127885251641681,0.09964852731754513,0.046218404737914255,0.07521108590703617,0.07287480124812992,0.11853991588161468,0.07293294990962597,0.11863163587059732,0.0731055983006672,0.11891555905455596,BOLU,GÖYNÜK,14257,-0.441
54988432B12089273300588,0.3199753259570014,0.42094494930414067,19.942702611237866,0.31177152805793085,0.4137440195662273,0.2336733459734438,0.3341864319663794,0.14685131592626038,0.24056201551411707,0.31414198711197056,0.41594333365954705,0.310999698585934,0.41301840013074154,0.3157052628122715,0.4173617720529902,ANKARA,NALLIHAN,26083,-0.102
54988432B12282198097688,2.9305699172006276,3.138139620904784,155.1398477557551,2.8552305269906166,3.077228365586566,1.8973013520843123,2.1910542679771683,0.5202043013755104,0.8275513853824049,2.8112013441747505,3.0396629246843907,2.8719508297151255,3.091233641542666,2.845601085565811,3.0690902774396642,İZMİR,ÇEŞME,51902,1.998
54988432B12649673902080,0.04779729549769627,0.07865595204218435,6.741212454895411,0.04772012089657678,0.07852899266858807,0.045711497586004415,0.0752271067089413,0.04197484066723035,0.06908442588728775,0.047609732076927924,0.07834745369636388,0.04774980193450193,0.07857781391424183,0.04768048671505142,0.07846380735129871,GİRESUN,GÜCE,8194,-0.805
54988432B12652451571712,0.14966050303997716,0.2466133713616765,20.208233763533382,0.1483518713309336,0.24445698359681775,0.11311573306696077,0.18639421703827339,0.054814000869868394,0.09032353411727632,0.1471442862753041,0.24246710239419186,0.14875567580915097,0.24512238015583845,0.1480988266071606,0.24404001177614784,İZMİR,KINIK,28604,-0.297
54988432B12770771460380,0.6601033333533314,0.7963937550355626,49.60062259703084,0.6562479592922718,0.7932821555589429,0.5773368821533572,0.7229524971821025,0.45486087890617793,0.596214501398916,0.6564913014085912,0.7934708183389964,0.6564248629897523,0.7934273813341992,0.657827169777139,0.7945574141841155,SAKARYA,PAMUKOVA,31536,-0.024
54988432B12859589940172,0.07152860014442211,0.1178661628959331,8.6262863658359,0.07134077278569573,0.11755665746712202,0.06741889238111212,0.11109410970732125,0.06190792880927452,0.1020130410332488,0.071141773257145,0.11722874232826822,0.07140466455296907,0.11766193951421845,0.07128510291683951,0.11746492361775607,VAN,MURADİYE,41402,-1.112
54988432B12971115509737,0.25868111873039396,0.30081282165081363,13.853944495680981,0.25719060132184157,0.2993292708230227,0.2285080065423797,0.270678638165376,0.1908691756454806,0.2328283447920805,0.2555462514599971,0.29766593682421144,0.2577314122214232,0.2998695820099591,0.2566921021453734,0.29881562246798987,KÜTAHYA,ALTINTAŞ,14739,-0.516
54988432B13012659541885,0.26446997337882594,0.43579856030193276,32.01161217336006,0.26401591060968255,0.43505034719270413,0.25429688134875433,0.41903514930338515,0.2403074435739112,0.395983092528012,0.26372752358642954,0.4345751376710419,0.26414311141842306,0.43525995106043325,0.26400399860205953,0.43503071836412266,TUNCELİ,NAZIMİYE,3095,-0.744
54988432B13089930907673,0.18703405954105015,0.2791278060910301,18.35727723932184,0.1848033042958778,0.27711805622116775,0.1687367589090455,0.25730782384179474,0.15099399925918072,0.23306936402595166,0.18322070820352263,0.2754329089799426,0.18536291591849885,0.27767531056357286,0.1841854887640862,0.27647680472186187,TOKAT,NİKSAR,63594,-0.169
54988432B13153830049799,1.6485823235322399,1.483550222411088,51.568975132378775,1.6439427724239297,1.4796482689407613,1.6134152673491027,1.4443175189891433,1.571310666150359,1.3880764923389142,1.64281098832503,1.478608406133496,1.6444989631050797,1.4801491674677634,1.6441447037879924,1.479842838012965,DÜZCE,GÜMÜŞOVA,17344,-0.134
54988432B13184104417142,0.099212012803576,0.16348340717879378,14.114430079656811,0.09907584257723721,0.16325902333727,0.09433761564410445,0.15545128452495002,0.08177896269446451,0.13475690170007962,0.09888658103427912,0.1629471546329029,0.09913027468935737,0.16334871758797495,0.09901246663435229,0.16315459127523224,EDİRNE,MERİÇ,12329,-0.806
54988432B13336850419353,0.08076528509324786,0.13308654482146426,10.984636753409584,0.0803447438481521,0.13239356910547329,0.0720133091183859,0.11866487539368903,0.060846669273422964,0.10026427775429493,0.08008279340267602,0.13196192227029396,0.08045022793574323,0.1325673877545988,0.08033445292390408,0.1323766115283458,ŞANLIURFA,HİLVAN,41969,-0.84
54988432B13359639505311,0.1354332752527903,0.1808105765392977,10.298589392037034,0.1335944412109192,0.17930586386197037,0.12283750547759431,0.1683902484608103,0.11199283829854842,0.15616958136474157,0.13295282371449393,0.17873351888658975,0.13390918775939856,0.17957926224096202,0.13353030568136967,0.17924952333889688,BİNGÖL,MERKEZ,175438,0.214
54988432B13394167497593,0.05781818321116753,0.09527388187319086,7.030165095697989,0.05763463429294363,0.0949714265385266,0.054251617975716676,0.08939682908351172,0.04949034493836607,0.08155111447034596,0.057494460005979055,0.09474044473114003,0.05768720990834148,0.09505806161926802,0.057608547683661915,0.09492844053666448,MARDİN,ÖMERLİ,14112,-0.858
54988432B13587691087198,0.16284659684207203,0.2053649376028214,11.115034312286873,0.15482185271658272,0.1986463315030314,0.10183097777098168,0.14371669118170305,0.04996638309197148,0.08233553902841431,0.15108314019749347,0.19520170511276722,0.1563612553230789,0.20002174583611101,0.1539691504089172,0.19787269356718856,İZMİR,FOÇA,37711,0.844
54988432B13628237636764,0.6487673151611629,0.7373068817911762,42.55202183125848,0.6470641109005015,0.7357190907171964,0.6041629860454212,0.6947836707748183,0.5271754490185314,0.6191731684274437,0.6444509375038389,0.7332721353291138,0.647733905752164,0.7363439554639876,0.6460700652233368,0.7347888458897706,AMASYA,GÜMÜŞHACIKÖY,22319,-0.269
54988432B13760722847594,0.003503058598158272,0.00577240536695614,0.4523430099859539,0.0034915549275312168,0.005753449403700994,0.0032553896780666636,0.005364291895969194,0.0029286972302064633,0.00482596198040235,0.0034758928154186553,0.005727641082919849,0.0034959792417001995,0.005760739871199186,0.0034859198818985465,0.005744163870290228,YOZGAT,KADIŞEHRİ,9854,-0.847
54988432B13849312279861,0.252916628123042,0.364596061125451,25.521528974227667,0.2497935197903338,0.36151634960754475,0.21293768641854202,0.31611205485812777,0.1631402836175352,0.24987181177287102,0.2482203438536937,0.35978174760955267,0.25039078676853577,0.3621570795496484,0.2496000614508592,0.36130637192547765,KONYA,ILGIN,53167,-0.121
54988432B13977847971239,0.15939547220889286,0.2113475751574783,14.859361043385944,0.15855807362765656,0.21033149515320623,0.14211885224248724,0.1902660498705416,0.12016895115406268,0.16328612601313178,0.1577537736947242,0.20935524741883813,0.15881594568000407,0.210644288449056,0.1583561287378865,0.2100864824629767,MALATYA,DOĞANŞEHİR,36037,-0.59
54988432B14215635599319,0.07069712364019341,0.061061617685017375,2.147624292718554,0.07009899246575205,0.06061271058430605,0.058674945016322755,0.05182635120478602,0.043665259372587785,0.03987858305311358,0.069922011115143,0.06048535764711233,0.07020686877451765,0.06069125527877837,0.07020686496644132,0.060697437765470395,KIRŞEHİR,KAMAN,33354,-0.126
54988432B14217813536294,0.04431458564696006,0.07302240166848399,2.6845824822004016,0.04428009741704689,0.07296557131927081,0.04351706514870903,0.07170823250020855,0.04238093910049236,0.06983610278427614,0.04425677976506695,0.07292714805695238,0.04428926076764465,0.07298067085948334,0.044278383670295796,0.07296274737537536,MALATYA,KALE,7462,-0.717
54988432B14260044534811,0.19911109161880852,0.3169566809149431,23.071624923935737,0.1984140411392417,0.315938927589579,0.18703369634134104,0.2979224799104301,0.171228406433197,0.27299441259300666,0.19755248292168656,0.3145995066901174,0.19867019625869933,0.31632938972036945,0.1980798209420963,0.31542254092729016,RİZE,GÜNEYSU,15013,-0.195
54988432B14282860472632,0.00011961019826291551,0.00019709591805245233,0.014353223791549859,0.00011938981161313625,0.00019673276081589913,0.00011468901314300436,0.00018898669732377406,0.00010794631855409041,0.0001778759592809518,0.00011912017601740146,0.0001962884502466268,0.00011947155142917573,0.00019686745321101015,0.00011930217000792525,0.00019658834334239337,ERZURUM,KARAÇOBAN,19922,-1.172
54988432B14340726912856,0.5041525866780947,0.46297990764155605,17.335219890482815,0.5006815377520372,0.46011147700380367,0.4337591909240688,0.40440354131862855,0.3462433787550009,0.3310574290913823,0.49694073539206207,0.4570146219672049,0.5019346587932711,0.46114781510172276,0.49958160281981917,0.4592013251743821,KÜTAHYA,PAZARLAR,4713,-0.592
54988432B14406336237626,0.11452127551263207,0.15741707898302956,10.813387338492383,0.11370526267871964,0.15646136587862047,0.09935860536506264,0.1398931205437802,0.07872522460102324,0.11469533062327146,0.1128232623925252,0.15549367110728665,0.11398863873133369,0.1567773300977177,0.11341337429812086,0.15614921510228374,EDİRNE,UZUNKÖPRÜ,59085,0.1
54988432B1446118549854,0.15292380362448227,0.25199069899698695,19.438695101506667,0.1517729138521,0.2500942413407072,0.13385855431121585,0.2205746251933356,0.1108215673935578,0.18261384800510888,0.15108973764397307,0.2489684908287282,0.15202167781952183,0.2505041592511314,0.15170237303858822,0.24997800287106836,ÇANKIRI,ELDİVAN,6198,-0.573
54988432B14467270081386,0.05438913521979704,0.07600386136826187,5.885247935676678,0.05298788031409171,0.07472017066037144,0.0433205288860424,0.06289142162852658,0.03315733217082082,0.04922028618420152,0.052350667221624084,0.07404712080607966,0.05323035567287053,0.07496570055883481,0.05285596858412082,0.07458407443371816,KAHRAMANMARAŞ,PAZARCIK,66777,-0.388
54988432B14556173736384,0.37088477316028207,0.4076143008648821,20.57024740064495,0.35937648408163264,0.39878654942838554,0.29781718722606426,0.34422867050364697,0.23995279478180243,0.28842426514931946,0.35184545036805426,0.39262865832421046,0.3621648826201066,0.4010006729602152,0.35623115957313256,0.3962438168374892,TRABZON,MAÇKA,24931,-0.15
54988432B14645765693693,0.46974474731873694,0.6469130883317233,46.46698620151569,0.46763133057824086,0.6449238116832199,0.39809598604444335,0.5718382179767504,0.24467623973281896,0.38155284793357763,0.4679064605281354,0.6451844075433972,0.4676622816345557,0.6449518355173984,0.4685823648870399,0.6458189690782881,KOCAELİ,KARAMÜRSEL,59488,0.328
54988432B1484249621136,0.3307486584580834,0.41816869502198145,24.71688766077996,0.32633033433768394,0.41388987977980835,0.27457411215693645,0.35686634925494687,0.20232794581876587,0.2758240817175624,0.3241567527387939,0.4116168967092187,0.32715860318836953,0.4147408594766409,0.3260633436566353,0.4136139405541522,KONYA,KARATAY,395499,1.481
54988432B14970064024432,0.0,0.0,0.0,0.0,0.0,0.0,0.0,0.0,0.0,0.0,0.0,0.0,0.0,0.0,0.0,ARDAHAN,POSOF,5976,-0.492
54988432B150490693817,0.010415769589405797,0.017163299612080345,1.5385297956540627,0.010351975981696121,0.017058179314145723,0.009110375421562593,0.015012246728062638,0.007465734852042292,0.012302177288971896,0.010312490192131315,0.016993113892824416,0.01036790398264512,0.017084425771516212,0.010350423056157021,0.017055620374446256,ŞANLIURFA,AKÇAKALE,131351,-1.258
54988432B15058920594435,0.15360848734620788,0.19170743986688377,11.560237285512786,0.14974433838796603,0.18844606049999685,0.12221977210195979,0.15950346647711183,0.0931720716656058,0.12653414479811964,0.14990262794175913,0.18859114185766673,0.1498531296225169,0.18854591239351792,0.1508025462243249,0.18940287908695333,SAKARYA,KARASU,75887,0.159
54988432B15496700745430,0.6949391672643092,1.0719887188775605,85.3768079291277,0.6927416003263678,1.0692766106585203,0.6403102499119275,0.9994104408872935,0.5373961745643059,0.8504012262067224,0.6899833062390831,1.0658666786219693,0.6935784629392564,1.0703026876277848,0.6917957042109393,1.0681125661113386,EDİRNE,İPSALA,25278,-0.408
54988432B15523271257274,0.030783361832993867,0.050725398413588904,3.458613823415473,0.03069035585912159,0.05057214143323992,0.02932097030182954,0.04831564234284483,0.027397071274228482,0.04514540560223056,0.030623938400767103,0.05046269750522039,0.030714603634228857,0.05061209736981475,0.030675041974286627,0.050546906927868875,DİYARBAKIR,SİLVAN,86752,-0.824
54988432B15558909248688,0.6551056161052617,0.9044477823660433,68.14361542481255,0.6516031474255938,0.8998340082129576,0.5266063597127728,0.7524340859808607,0.26091642807418214,0.4296514913221467,0.6483414777339978,0.8956161074984605,0.6526789045479943,0.9012386280495557,0.6509187195108785,0.8989373971271896,İZMİR,KEMALPAŞA,122840,0.983
54988432B15641118678695,0.14367582960710323,0.2165504806837663,15.285800272407675,0.14310731446704578,0.21578363083771543,0.13178611015824382,0.20018494771637346,0.11567620630821891,0.17757570327707192,0.14230919932417485,0.21469887488268877,0.14332933418233906,0.21608437657455928,0.14280636885899597,0.21537514944797645,TRABZON,SÜRMENE,25281,0.056
54988432B15644410313065,0.3712323059425196,0.5028642603570517,32.27211240024841,0.3679002634584301,0.49955898874428634,0.32790984121134764,0.45315344446296324,0.2726733102417218,0.3866727310636621,0.36514029350619087,0.4965392495593752,0.3688040478190149,0.5005172322662058,0.3669597659873189,0.49854250959331303,SAMSUN,İLKADIM,330290,1.343
54988432B15919915720396,0.15774244992253558,0.25990535084992067,16.91326841925048,0.15723182421596266,0.2590655886563367,0.14803877880814756,0.2439237423016427,0.13546518278863814,0.22320970514746866,0.15657514317003735,0.257984461769528,0.1574181618146341,0.25937226167509086,0.15698599839049365,0.25866092404471686,GİRESUN,EYNESİL,12548,-0.35
54988432B16159073535028,0.2392882722384301,0.2241988923143546,9.982259413320715,0.2366845670749856,0.22223867367138386,0.18833833647893788,0.18445495595749656,0.1242567198576098,0.1305014020734086,0.22955274116860075,0.216825647322009,0.23824064187536761,0.22341135669816783,0.23304601478873999,0.2194845439141651,MUĞLA,KAVAKLIDERE,10854,-0.34
54988432B1626041363194,0.0661794636221102,0.07572805707572185,3.5559701131058796,0.064016900157865,0.07408729798551124,0.054182057237422865,0.06557227364731764,0.04584412033165776,0.05760112562481813,0.06296617048670386,0.07324944496277891,0.06443956959819291,0.07441740246946114,0.06366746243805348,0.07381118814730703,ORDU,KUMRU,27638,-0.606
54988432B16266988631438,0.2762767519186526,0.4063426848220152,31.083944475360695,0.2737971651119893,0.4036571394568222,0.24259056136133117,0.3628252585784083,0.19791770483491583,0.30213936340018815,0.27172497241499644,0.40111518016337194,0.2745109892541048,0.40449981633920423,0.27311224238376625,0.4028291037478047,UŞAK,MERKEZ,265371,1.204
54988432B16312548829707,0.13984254443581695,0.1290885405110636,3.63055387507575,0.13813930221032922,0.1277710145205991,0.10752620654392901,0.10386005032954974,0.06971767601937257,0.07405202690585667,0.13694355653103987,0.12684406603078632,0.1385650704630767,0.12810074923835796,0.13799728554535798,0.12766094057572183,KONYA,ÇELTİK,9482,-0.544
54988432B16358110737710,0.40076574594359166,0.5632291442037299,36.55600637819541,0.392531045684458,0.5567668089098763,0.34709311777863533,0.5103211730962637,0.29612260320916045,0.4476518801231392,0.38802902891653057,0.5528788135269236,0.39461880777019176,0.5584903461278818,0.39091966214425367,0.5553989939221381,BURDUR,TEFENNİ,9514,-0.325
54988432B16406650788150,1.456865051153423,1.2483407439540866,41.069559973763894,1.4539693922380101,1.2453919170787582,1.3860871088433584,1.1796573659821696,1.2118807179253934,1.026931490927962,1.4541559153968562,1.2455794946250742,1.454097129911911,1.2455198751188745,1.4551321675956177,1.2465604833845916,SAKARYA,SÖĞÜTLÜ,15288,-0.077
54988432B17114220369178,0.65996722890874,1.0279010531310644,84.55769300268962,0.6481425554884964,1.0129486131496286,0.3347305894985849,0.5402223657562849,0.03301379759591886,0.05440075211030642,0.6439136503552227,1.0071824221211423,0.6501647763321867,1.0156646826933968,0.6496844061075298,1.0150223338769342,BOLU,DÖRTDİVAN,6214,-0.784
54988432B17229261486281,1.594863385174157e-05,2.628045665288411e-05,0.002078529322954492,1.5928413044689286e-05,2.6247136429461595e-05,1.5339448324471484e-05,2.527662936637093e-05,1.4130944019525045e-05,2.3285233407556532e-05,1.5912514914914634e-05,2.622093919436994e-05,1.5934286056692043e-05,2.6256814088300275e-05,1.5926230635227926e-05,2.624354021440134e-05,DİYARBAKIR,HANİ,32285,-1.267
54988432B17351022548299,0.27813733749921077,0.3483294449506543,21.879699079047622,0.2683945148531332,0.34063440170432485,0.21883033483907183,0.2923999714321191,0.1705568855978639,0.2379339903661386,0.2682520717839135,0.340526859022435,0.26886926800200867,0.34102585753679937,0.27043506751372803,0.34233453087046084,TEKİRDAĞ,MARMARAEREĞLİSİ,33623,0.287
54988432B17518540104638,0.6645448892322859,0.6764283104030908,33.217540916947236,0.653561126003612,0.6670169500751966,0.4994174309988758,0.5278367485194388,0.31002497022585324,0.35062627981960376,0.641986748385551,0.6568707363688,0.6571846088346992,0.6701659128423924,0.6493844529922311,0.6633689165607446,AFYONKARAHİSAR,ÇAY,29140,-0.328
54988432B17530851783527,0.0009376923706590004,0.0015451469969105227,0.11623955223389146,0.0009355520204132777,0.0015416200878111228,0.0008958524760498532,0.001476202437341437,0.0008402130667171766,0.0013845187797471659,0.0009339417887899477,0.0015389667180760467,0.000936249312397335,0.0015427690985622487,0.0009352657350106357,0.0015411483413791444,KARS,KAĞIZMAN,42717,-0.784
54988432B17532401262571,0.4308871485102152,0.44963663932143677,23.565215902900714,0.42677878851907836,0.44637702251528794,0.38102111464956284,0.4066605862636162,0.3057497065532781,0.338898979430516,0.4237858356009296,0.44386397412304845,0.42779556267613034,0.44721429571059684,0.4257457929122912,0.4455161739896029,SAMSUN,KAVAK,25370,-0.331
54988432B1769560269502,0.07333785746279911,0.12084749088750449,10.139314081422512,0.0732624056150723,0.12072315992398765,0.07035192901212886,0.11592722223340379,0.06351967237065723,0.10466890216807935,0.07312907702788504,0.1205034585885167,0.07329328676300904,0.12077404645616878,0.07321205026624138,0.12064018343995184,AMASYA,HAMAMÖZÜ,3628,-0.665
54988432B17723605206621,0.68933812287135,0.8570108513568946,48.40171928884062,0.6800275507460676,0.8488582892737959,0.5901505099716946,0.7564954914686557,0.47005545583506675,0.6271307791996861,0.6731139836459318,0.8422428147761496,0.6829892460701709,0.8515959947245267,0.6775946698153535,0.8465593554365441,ANTALYA,MURATPAŞA,510887,3.173
54988432B17733923685340,0.3077386906692326,0.5070975605640929,41.170456270106456,0.306752138648249,0.5054719017230731,0.2873975654980796,0.4735790746987345,0.2606512259000087,0.4295059569029015,0.30587022804468816,0.5040186729635405,0.3070560014742017,0.5059726125613873,0.3065484025408527,0.5051361815611561,BATMAN,HASANKEYF,7152,-0.697
54988432B17876819529278,0.1638297636288632,0.2699617435276709,19.57524907661389,0.1633880553286419,0.2692338883430139,0.1551972499358092,0.25573692627845157,0.14310446607916355,0.23581021124369841,0.16305555804697638,0.2686859931139152,0.16351299932679195,0.26943977339611275,0.1633261365159268,0.2691318573672775,MARDİN,YEŞİLLİ,21166,-0.936
54988432B18155993888482,0.0006613432637477601,0.0010897737785673714,0.08259921692506522,0.0006574911915138223,0.0010834262620146155,0.0005950083304701383,0.0009804658369104045,0.0005134197669532756,0.0008460226785302997,0.0006553192766314422,0.0010798473401175583,0.0006583769253797578,0.0010848857908172765,0.0006573638027974296,0.0010832163485091483,ŞANLIURFA,CEYLANPINAR,93105,-0.835
54988432B18249389019037,0.0009097643808852306,0.001499126733891468,0.11448868799108028,0.0009019766423686664,0.001486293952951663,0.0007752143218887805,0.0012774126343660672,0.0005740540620108115,0.0009459370020862168,0.0009018632526143455,0.001486107107197286,0.000902451644321072,0.0014870766700380465,0.0009043075853812707,0.0014901349243710673,BURSA,KELES,10939,-0.392
54988432B18439797691554,0.0,0.0,0.0,0.0,0.0,0.0,0.0,0.0,0.0,0.0,0.0,0.0,0.0,0.0,0.0,ELAZIĞ,AĞIN,2532,-0.622
54988432B18592908532301,0.03411186226053331,0.036075440661011114,1.9121057769022687,0.03384634707260817,0.03581724491649597,0.02878761886631679,0.0308652682257867,0.022239901583721286,0.024417848488926128,0.033678000398946015,0.035650416168656905,0.03391281404237322,0.03588204760382961,0.03383715184074432,0.035806449337894224,ŞANLIURFA,BİRECİK,91837,-0.66
54988432B18647546937138,0.18027483264107527,0.27666931252573024,22.316301730931468,0.17550358355643328,0.271330381418159,0.12791570543953618,0.20300720138404882,0.07248526161879247,0.11923770768497867,0.17686885286624615,0.27301994113317873,0.17506188501377937,0.27077189659964884,0.1777854745124301,0.274116426608147,ANKARA,ELMADAĞ,45644,0.462
54988432B18669123151161,0.03213643176623319,0.05295501231402551,3.966191027853196,0.032031541326499144,0.05278217188892342,0.029820537667590425,0.049138838776039036,0.026620369459926733,0.04386554185009203,0.031879468917612494,0.05253158413407264,0.03207334575765471,0.05285105801115153,0.03197444708946133,0.05268809093907215,TRABZON,KÖPRÜBAŞI,4271,-0.482
54988432B18726314643148,0.12231019048981251,0.16773215556665388,11.188949188489735,0.12093660607808239,0.166475699680077,0.11025435727121966,0.15355349252145686,0.09699453596852758,0.13679721340659662,0.1199466795906319,0.16541119533317977,0.1212832122814624,0.16682546965691183,0.12055141725528482,0.1660712050881774,TOKAT,ZİLE,52729,-0.186
54988432B18782972179490,0.0033134777690804647,0.005460010536959268,0.4091265361340543,0.003238918001767626,0.005337149560205437,0.001984020017131342,0.00326930522973796,0.0005139495618481593,0.000846895684450389,0.003219386064572755,0.005304964469396509,0.0032490471861161517,0.0053538406193064944,0.0032534160914185263,0.005361039783039698,BOLU,KIBRISCIK,3783,-0.655
54988432B18897698290342,0.0828118523664427,0.13645891658762246,10.85251469917109,0.08246795527072008,0.13589223653206373,0.07553953987293886,0.1244754642726215,0.0661191475866228,0.10895236596620078,0.08215805269072476,0.1353815732742641,0.08259141948182862,0.13609568316444512,0.0823992826029969,0.13577907642793735,ERZURUM,KÖPRÜKÖY,12903,-1.189
54988432B19023122389933,0.2404724663212629,0.32796475108544026,20.116965501989007,0.23809636770941026,0.325723606005711,0.2147143041419511,0.2989323348693495,0.18541783731220388,0.26355015974916307,0.2370070792335814,0.32457606453696847,0.2385497379276421,0.32618723402560623,0.2379642086363479,0.3255814494367953,ADANA,SEYHAN,782204,2.043
54988432B19168401993834,0.4920205400207906,0.7256851040841673,53.1597578739641,0.4862309090391896,0.7202322955163124,0.4313649075277825,0.6548096981499749,0.35349995702957704,0.5505668680937409,0.48224298765612394,0.7160564722923828,0.4877560258478034,0.7217652926333139,0.48490505025287156,0.7188762306634494,AYDIN,GERMENCİK,44697,-0.282
54988432B19253807136892,0.6953435786161445,0.8455578720503034,49.981892221064626,0.6807789307855397,0.8328621436449875,0.519839937560191,0.6700654595743734,0.2869542587969498,0.41836769288693443,0.6820069830549564,0.8339906713333609,0.6809565767978726,0.8330320862887973,0.685544118350342,0.8372308673853587,KOCAELİ,KARTEPE,154377,0.837
54988432B19331703481644,0.4205068458994018,0.5891123990020607,44.35300691531655,0.4168272330987278,0.5845695012700634,0.36820186570828395,0.5112542181978227,0.2936177032863958,0.3991698412469036,0.41484976076334873,0.5817995460112647,0.41756780783749364,0.5855788385980255,0.41658588507095873,0.5842365916031387,KONYA,BEYŞEHİR,80353,0.369
54988432B1936830285057,0.48352872236756034,0.6243134676876368,37.64247147986195,0.4786059452807965,0.618714441020188,0.3871177883814323,0.5081972406080201,0.16088497803091975,0.2639762707235905,0.47971420708398627,0.6200095095297796,0.4784192425460263,0.6184981242230456,0.48093223000365093,0.6214345332621788,İSTANBUL,SULTANBEYLİ,378908,0.684
54988432B19409093219384,0.9194426157192711,0.8959734757259404,32.71982374360236,0.9026379392034868,0.8829489830015549,0.7387655928153204,0.747347328096126,0.5355741826240835,0.5755098743479734,0.88988062353947,0.8727056853461287,0.9080675147035552,0.8872479472267858,0.8981572622129009,0.879369717700461,ANTALYA,MANAVGAT,266480,1.538
54988432B19462176511596,0.37332650341241364,0.49504932170821575,31.672063952089175,0.36928431881652807,0.4913258931115297,0.3318480603596389,0.45077992040544757,0.2855695333365602,0.3974298644081421,0.36662152616685895,0.48865685715613866,0.370313881245543,0.4923276450680281,0.3684555512907253,0.49050553598130453,KÜTAHYA,MERKEZ,277000,1.23
54988432B19525680012961,0.00036555154696919334,0.0006023626646535343,0.04386441850690892,0.0003640442858833105,0.0005998789716927233,0.00033355491808157985,0.0005496380221332897,0.0002919622872807707,0.0004811009084844794,0.0003616601875608871,0.0005959504099612858,0.0003646442493664506,0.0006008676027227255,0.00036309171555968324,0.0005983093085271113,ÇANKIRI,KIZILIRMAK,6830,-0.715
54988432B19751816948051,0.0020217858583889883,0.003331536488123952,0.26853024879303816,0.002014721418770177,0.00331989557261326,0.0018703594984269243,0.0030820133047540794,0.0016715119176271252,0.00275434854824145,0.002008723010915764,0.003310011284148827,0.002016845666923072,0.00332339594838344,0.002013553618435043,0.003317971249415924,YOZGAT,ÇEKEREK,18426,-0.619
54988432B19771634656837,0.0036968379923716403,0.0060917186709787555,0.4577187319965117,0.003683263713576576,0.006069350720922088,0.0034059148600655005,0.005612330101464517,0.002984892840839131,0.004918562156884104,0.0036735886983797605,0.006053408050229444,0.0036866632407370086,0.006074952525252826,0.003682056146125788,0.006067360868729048,GAZİANTEP,YAVUZELİ,23436,-1.049
54988432B19879435718056,0.01700158532899393,0.028015529757750634,2.3305542782614235,0.016932937847622894,0.027902411156165586,0.015557060670226119,0.02563521505295076,0.013705352746553236,0.022583936161337536,0.016856378422742197,0.027776255106333945,0.01695827819912,0.027944167460516117,0.016909850918724063,0.02786436808364827,KARABÜK,YENİCE,18984,-0.448
54988432B199390104970,0.5572177851368612,0.733057332063959,47.970481106849896,0.5517120990602605,0.7277062795107018,0.48682286968014665,0.6535876277504206,0.38856121640069774,0.5357087246690644,0.551980733493345,0.7279918652835828,0.5518845267880184,0.7278825018758514,0.5534025177645105,0.7294498147000067,SAKARYA,SERDİVAN,168855,1.527
54988432B19989775131060,0.18233641751000246,0.24792168168949924,18.51251943363799,0.1811693214490196,0.24679028745782824,0.15890177208767906,0.22410488817416957,0.12142034446413377,0.17944922651826933,0.1797316587067181,0.245421902908914,0.18159804186553435,0.2471986701771822,0.18065985767231363,0.24630569773110741,AFYONKARAHİSAR,ŞUHUT,35303,-0.488
54988432B20130561704636,0.5976336080499408,0.5785750106653802,23.717729578364885,0.58783912662102,0.5696218048226696,0.4253347426825414,0.4213289995162304,0.07274512983352793,0.11987078323261484,0.5810464658964377,0.5633519014960553,0.590316814306869,0.5719031778331772,0.5863787336703674,0.5682741521892904,İZMİR,MENDERES,112853,0.903
54988432B20226026057781,0.04296004323627044,0.07079036139221076,6.282518761731783,0.04277907993958017,0.07049216669298815,0.03913360570601802,0.06448508618283685,0.03417443919475011,0.056313279008294505,0.04253057040614484,0.07008266804363752,0.04284791307203901,0.07060559121390217,0.04268858740587692,0.07034305140628051,GÜMÜŞHANE,KÜRTÜN,11327,-0.705
54988432B20261833520035,0.2049245598480083,0.3376771808540482,26.340722878771565,0.20460792656818105,0.3371555224683656,0.19522477963000898,0.3216941811219613,0.17633999338806192,0.2905757652717524,0.20421637643199916,0.3365103421297372,0.20472142490870598,0.3373425336804236,0.20448863214414284,0.3369589450551574,SİVAS,GEMEREK,21342,-0.478
54988432B20396107752960,0.50694685431599,0.5595549205114081,29.104814842751477,0.4910920049646302,0.5459652745168896,0.3137433502327191,0.3760407298925656,0.0965232143820388,0.15210163209717,0.48175794487457435,0.5374867400814402,0.49466092039232756,0.5491536815280342,0.4890408736799166,0.5441172759039705,İZMİR,NARLIDERE,61320,1.632
54988432B20434166663535,1.0133975910234687,1.1192202883080602,52.78294595765993,1.0043803947775194,1.1113316410692096,0.8982687108131284,1.0099544839535666,0.7377654467588078,0.8583272138129444,1.0012348071388444,1.1084015044800337,1.0060241646905692,1.1128438358117134,1.004611655349855,1.1115453335135992,KAYSERİ,TALAS,173657,0.631
54988432B20444305553089,0.14205549283436125,0.20704986251928897,14.826162209714068,0.1406760101609877,0.20560366641153754,0.12495597882736278,0.18519137315609457,0.104983941674277,0.157988970702024,0.14007234635383306,0.2048899450764547,0.1409366295414806,0.20590378108907964,0.14065128027388016,0.20557489357918704,ŞANLIURFA,KARAKÖPRÜ,312031,0.446
54988432B20591788095048,1.4056930057267563,1.3534166377319683,52.0635531839592,1.3864373875961664,1.3380517081204368,1.1741407238454271,1.162554909536005,0.9152759786790483,0.9405615839459786,1.3631851924487102,1.3194505377718604,1.3936926305767778,1.3438408885469997,1.3759224609601537,1.3297019933295107,ÇANAKKALE,AYVACIK,35411,0.133
54988432B20612067222805,0.099858692965253,0.1645490188239803,11.965848423299256,0.09957436555140564,0.1640804988024974,0.09366881285899342,0.15434921880779645,0.08541199275439819,0.140743476468569,0.09925661220529065,0.16355689890569672,0.09967149510993636,0.16424055070264193,0.09947947458091655,0.16392413568952666,ORDU,AKKUŞ,20465,-1.012
54988432B20693988968005,0.07464406277301125,0.11665014841008821,9.63826454252644,0.07435489925192038,0.11617898667021939,0.06817455166026268,0.10642318052659137,0.05941387774250353,0.09289297801314261,0.07381969936478694,0.11531610032795891,0.07448475133947288,0.11638985395731209,0.07412567119439308,0.11580839726218096,KASTAMONU,ÇATALZEYTİN,7185,-0.448
54988432B20916998387085,0.7676045320394095,0.9214746628344024,48.07637573590347,0.7614160733903591,0.9157263865248043,0.6892317562791487,0.8407738924006624,0.5810778447447175,0.7293387404098465,0.7592197491774784,0.9135333127398372,0.7625619253119515,0.916853674857244,0.7615766766974732,0.9158847315587169,KAYSERİ,KOCASİNAN,421472,1.558
54988432B20934882721919,0.20392785200598895,0.27499823322466915,17.82967214101887,0.20090155679564373,0.27231750315283887,0.17192160760508918,0.24014454820789652,0.1300320116515674,0.19010986799828805,0.19899421629271621,0.27039222180617306,0.20160640956051132,0.272999058167692,0.20029892840522912,0.27171900646850133,BALIKESİR,GÖNEN,75730,0.326
54988432B21001477531,0.02083129645319228,0.03432619925635301,2.682034420630485,0.020720294970212882,0.03414328894008619,0.01852650682163084,0.030528323866565135,0.015594934613581074,0.025697624443991172,0.02058669362932855,0.03392313815598036,0.020759657730497722,0.03420815163146276,0.02067652989261787,0.03407117202804608,SİNOP,DİKMEN,4810,-1.014
54988432B21059504662364,0.5063811323705548,0.705603850182602,46.36468818333072,0.4998310702651307,0.6982994355772417,0.3947253331588782,0.5677604831267731,0.2058016263075694,0.3307752021428105,0.5019362425516061,0.7007579928446035,0.4991227840608766,0.697464105963262,0.5032565423816082,0.7022729864796265,ANKARA,KEÇİÖREN,931722,1.365
54988432B21435707194985,0.2978728469225893,0.4908404390239015,35.20834985556679,0.2968237019816774,0.4891116384006921,0.27540743207163837,0.45382150895955603,0.24593612482979363,0.40525813859987136,0.2953088279809016,0.4866154007365726,0.2972415144093347,0.48980011752035596,0.296254027291551,0.4881729178093685,TRABZON,DERNEKPAZARI,3717,-0.374
54988432B21454530006409,0.37071513792527894,0.487520851611327,30.74539559046945,0.36410492056588134,0.48098488054337263,0.28862099190747,0.39527621678269637,0.1815068913739931,0.26965952862459575,0.36402430285381665,0.48089928107500607,0.36444811896817686,0.4813472806947439,0.36582320511005784,0.48278428553481806,BURSA,İNEGÖL,306004,1.018
54988432B21829167543516,0.29951236909774964,0.2663766969857731,9.067645122815192,0.2945476873448307,0.2626124383729427,0.2139265851413852,0.1994856336547166,0.09778917089373443,0.10517996893626917,0.2944772230291589,0.26255815648828207,0.29484646101769807,0.2628414375797694,0.2960124420371155,0.2637346783784877,BURSA,İZNİK,45510,0.099
54988432B2183648295887,0.11269283859751146,0.1649559597638657,12.73692427790788,0.11102282738914271,0.1636255916040048,0.10081458757027636,0.15249029338937709,0.08757555977978289,0.13493929867275808,0.11031344876667094,0.16299936890808037,0.1113523692410834,0.16390505891214588,0.1108585546928702,0.16348342306819694,ISPARTA,YALVAÇ,44596,-0.1
54988432B21974085302576,0.1384702728334478,0.15655128103316687,8.704923117562558,0.13726122710260127,0.15552531521913698,0.12577338807409413,0.14408664058200923,0.11137060673272313,0.12931130772640773,0.13678242264341123,0.15508233381680764,0.1374644884796655,0.15570956681850612,0.13723710521926355,0.15550319020699432,ADIYAMAN,MERKEZ,296876,0.542
54988432B22127329253106,0.23659086853532266,0.3898588507837479,35.487309779323496,0.23533624075951975,0.3877914517084415,0.2104690809108093,0.34681488139154176,0.17716981388149633,0.2919437274186194,0.234209673349453,0.3859350728949309,0.2357859316427021,0.38853246074235176,0.23508629004085127,0.38737957824715386,ERZURUM,İSPİR,13984,-0.381
54988432B22219772223336,0.41712109563958927,0.5687309812834755,43.083315930649846,0.40729613889378063,0.5602764459208293,0.3337388289805508,0.47823907275242517,0.24577245014656215,0.3676774728514589,0.4003863935057737,0.5534992645321326,0.4097816096458427,0.562589209812087,0.4046660598010629,0.5577451629262472,AFYONKARAHİSAR,DAZKIRI,11723,-0.088
54988432B22317545762154,0.1796655767580533,0.2960562920873525,19.465705805207783,0.17893525431736565,0.29485285313304843,0.1663561872990159,0.27412483162458756,0.1484631223893069,0.24464030516807858,0.17793401272400025,0.2932029885403748,0.17919788469341144,0.29528562037051603,0.17853030990302132,0.29418557816599267,ÇORUM,BOĞAZKALE,3587,-0.604
54988432B22429834730887,0.16324029347685273,0.25374218291401673,19.164702859781084,0.16169998875086236,0.25206223808424477,0.14400884471726522,0.22717653709491684,0.11975603790970908,0.19094908543270878,0.16065007755445015,0.25074403936718825,0.16208855219371593,0.2525291861654247,0.16140469591767378,0.2517018613556063,MERSİN,TARSUS,358510,0.613
54988432B22474177192054,0.38608321208583046,0.46117053901337485,30.045913906800262,0.3749114349628616,0.4525814113253251,0.32033805996134845,0.40193412602274037,0.26678084803520474,0.3431413579555223,0.3712929063113048,0.44979074439064826,0.37681641272137484,0.45405775141812843,0.3745203817405149,0.4523695050965794,NEVŞEHİR,HACIBEKTAŞ,10564,-0.211
54988432B22642598779433,0.3542092395332373,0.5836725986776464,50.195951585977305,0.35283556092623375,0.5814090254197771,0.3259445820692907,0.5370975683524783,0.28897072519182465,0.4761713566160368,0.3531379587005612,0.581907322118668,0.3527719702856736,0.5813042395749014,0.35352684124296446,0.5825481300332327,KIRIKKALE,KESKİN,15841,-0.48
54988432B22653723739411,0.529782885954103,0.5672083815724901,27.33008483186928,0.5226622901453973,0.560824491452732,0.4359033238655909,0.4737275911926346,0.24898257784308364,0.29907075802049277,0.5225777087134374,0.5607432544169767,0.5230251034867329,0.5611721400600581,0.5244876768549313,0.562558560795039,BURSA,KESTEL,77374,0.777
54988432B22713208717881,0.26652091629141056,0.38196239733103815,28.68119185232513,0.26228411845827504,0.3782186195216566,0.23329051385107433,0.3433932035602036,0.2021790509169683,0.3018402443338386,0.25928600039621635,0.37510574893110826,0.2634022886940665,0.3793039611302194,0.2610887307472541,0.3770082574822791,ERZİNCAN,TERCAN,16145,-0.527
54988432B22762038949408,0.00040970534552465767,0.0006751201183504441,0.06145580182869864,0.0004076668722765144,0.0006717610840698971,0.0003670450106784848,0.0006048236220395741,0.0003123847640394574,0.0005147534470147679,0.00040569589341121504,0.0006685132682936516,0.0004082974266108787,0.0006728001232757371,0.00040717243996201666,0.0006709463492700555,MALATYA,ARGUVAN,6859,-0.877
54988432B22791175863711,0.12032862236284132,0.1982797506986841,15.533033485723173,0.11979115401919303,0.197394100326442,0.10874195690583319,0.1791870270130676,0.09324971503638547,0.1536586215903324,0.11948775381700046,0.19689415180819778,0.11992215057015618,0.19760995888907926,0.11979890062550105,0.1974068653289606,AKSARAY,ESKİL,27946,-0.542
54988432B2283015809064,0.7673478136227843,0.924612054283716,55.46237251957355,0.7624190168416722,0.9201417328971225,0.6823958259666837,0.8410326877568948,0.5645607267519337,0.7175332020916825,0.7550844839188374,0.9132114481868765,0.7644916382728406,0.9220653379038057,0.7591853531060256,0.9171036884854883,ÇANAKKALE,EZİNE,31894,0.043
54988432B23049550027928,0.03431975004878883,0.05655272494681551,4.109587837757951,0.03423252143231301,0.05640898800385887,0.03276754470300268,0.05399497199533914,0.03074273991715141,0.050658460862173606,0.03416964086479209,0.056305372230595556,0.03426070143660875,0.05645542354111283,0.0342206695442171,0.05638945824135666,KARS,SUSUZ,8417,-1.064
54988432B23191513902101,0.025558832735872283,0.042116321815241775,3.726970199822777,0.025494251437895913,0.042009903546577965,0.023830497578044015,0.03926833887079656,0.020724406874346176,0.034150064612494264,0.02545303973058659,0.04194199412577102,0.025510546185774922,0.04203675433638761,0.02549227250686714,0.04200664262707827,ŞANLIURFA,SİVEREK,277399,-0.797
54988432B23223928850559,0.9571471990178787,0.9244199835812923,44.27698976889796,0.9323130975737338,0.905628718337677,0.7942911516501824,0.7888890226720291,0.6616501307217343,0.6696843934929795,0.9154774922071082,0.8922291328735298,0.9386912618310289,0.9105868113584811,0.9251970057564737,0.9000151181543571,RİZE,ÇAMLIHEMŞİN,7051,-0.287
54988432B23323224712482,0.19601136711998474,0.23558261139647171,11.881764322133588,0.19392221740838417,0.233765630646943,0.17823628776171935,0.218283223488408,0.15991180685959874,0.19946354635823027,0.1928679346845929,0.23279215944347,0.19434898878428752,0.23415197789902797,0.1936605440975189,0.233526913060693,BATMAN,MERKEZ,517785,0.367
54988432B23399506189072,0.21310250045376117,0.3184361015543805,23.37963354122371,0.21189585311555334,0.3171969329696552,0.1980908437591739,0.29950685204811145,0.17983299258588045,0.27470474193928673,0.21076980787259728,0.3158715435409033,0.21227142356582493,0.31761788892262105,0.21146491247626667,0.31669833289803156,ERZİNCAN,MERKEZ,169506,0.724
54988432B23414498187301,0.32371641942572243,0.35746861976554395,17.74121251422902,0.3205188035021347,0.3547758482454056,0.29596060372061994,0.33048850253763185,0.2639892296848125,0.29839263456642434,0.31808570902096095,0.3525261174859462,0.3213898759850366,0.35554964876798933,0.31951297703376624,0.35385906517498383,RİZE,ÇAYELİ,42032,0.054
54988432B23567974096892,0.5320425134273191,0.7348141188731672,52.04769757993855,0.5269049766030485,0.7297885524711324,0.47210056600062167,0.6643954649272272,0.3991078207253564,0.5725976468832462,0.5239319143889801,0.7265314792184269,0.5281528945339115,0.7311107394852726,0.5262388761240591,0.729064121063309,ISPARTA,MERKEZ,273638,1.551
54988432B23570910336885,2.570494087846825,2.281843641390828,87.02564517333364,2.5675363355062846,2.278120930373288,2.509065502557491,2.202383344515231,2.279344560497498,1.968546863808891,2.5638906863865656,2.2735736754885054,2.5686174502695467,2.279467896107243,2.566247694751013,2.2765155251977083,AFYONKARAHİSAR,ÇOBANLAR,14457,-0.801
54988432B23630404748183,0.02488746554265717,0.041010030418531844,2.987475743597219,0.02478467771168219,0.04084065471140273,0.022705635448816486,0.03741477005089373,0.019869935207823285,0.03274205024575148,0.024622630656446837,0.040573630548052526,0.02482550852002507,0.04090793647978067,0.024720060282869574,0.040734176905672353,ÇORUM,BAYAT,13312,-0.868
54988432B23635827316109,0.3338784003704774,0.5119496558692456,39.11821819543211,0.3313247693928249,0.5087026668564966,0.2801218826560428,0.43503687304045086,0.18081070294303905,0.28580583679666555,0.3315967257238244,0.5090688176039893,0.33136083252703585,0.508751247912199,0.33232859101550344,0.5100436806979781,KOCAELİ,KÖRFEZ,183077,0.55
54988432B23701812134716,0.15826513680593826,0.23265841270916768,14.438521516208413,0.15733713038487016,0.2315288318759465,0.1398127865481505,0.20980234970468475,0.11530421296382985,0.1782022926674411,0.1562958986269474,0.23026504057197344,0.15768011470744914,0.2319445598435495,0.15700644960976,0.23112789065775685,AYDIN,SULTANHİSAR,19791,-0.265
54988432B23708733321039,0.461763171231309,0.6549996901440193,43.5936060434039,0.45460734945479364,0.6473991297568458,0.3579623889928177,0.5259520915178687,0.19004660622481637,0.309854026325765,0.45672535408327003,0.6498159153611337,0.45390882078765543,0.6465884304737796,0.4581000064369677,0.6513395207888624,ANKARA,MAMAK,690329,0.779
54988432B24237027631041,0.23861410608803998,0.297333611888314,17.123078054458883,0.23752014655676176,0.2961881089275577,0.2189490012871491,0.2755104655124683,0.19007916207564843,0.24397628916004616,0.2368470511769599,0.2954395481570385,0.23778390122120546,0.2964782480826293,0.2374247639392779,0.29608259850354157,DİYARBAKIR,YENİŞEHİR,232622,0.466
54988432B24385589746851,0.0,0.0,0.0,0.0,0.0,0.0,0.0,0.0,0.0,0.0,0.0,0.0,0.0,0.0,0.0,BİNGÖL,YAYLADERE,1889,-0.451
54988432B24416647543453,1.112517773621897,1.3721757216649155,73.5412632907895,1.0935288769716436,1.3562965426367393,0.9107171998835726,1.17406959707153,0.6784387973628733,0.9255335766892668,1.0632070482904834,1.3280691739186001,1.1019806881712007,1.3637046757315907,1.0773128131123753,1.3414224377530362,MUĞLA,DATÇA,26067,0.923
54988432B24437456666423,0.150682442828957,0.10899445806143421,1.6575068711185268,0.14204628722467397,0.10274759159078954,0.10750166480754185,0.07776012570821077,0.08159319799469275,0.0590195262962767,0.13726368168143993,0.0992881474145485,0.14393761363693516,0.10411566137683408,0.14009321489183651,0.10133485858436994,TOKAT,SULUSARAY,6536,-0.911
54988432B24535022405738,0.15589405034216236,0.25688512699865806,21.233915053279116,0.15533843404525746,0.25596957209018223,0.14408996774969107,0.23743413929762494,0.1286208200980007,0.2119437889581242,0.15546320268511044,0.25617516818460484,0.15531214522780884,0.2559262528859271,0.15562279216016559,0.2564381427014463,KIRIKKALE,ÇELEBİ,2587,-0.608
54988432B24536505693490,0.1858875297751,0.184539952530724,8.473422102553945,0.17817622001632621,0.17881213340365304,0.14460629222301458,0.15141106388434683,0.11714430969188362,0.12709575953669452,0.1737749955966471,0.17542461676366575,0.17989176810458138,0.18011063322429852,0.17638964299075854,0.177446488679934,TOKAT,ARTOVA,7589,-0.583
54988432B24577207429015,0.06058376265095466,0.09983105531281412,8.177055389665833,0.06035884297698586,0.09946042847436098,0.055982613199609794,0.09224919533448717,0.04986424428990537,0.08216723280323987,0.059974152702155385,0.09882652865658037,0.060455112326011036,0.09961906290522049,0.060194518003550086,0.09918965071486696,KASTAMONU,İHSANGAZİ,4976,-0.49
54988432B24627803634340,0.05311206915312844,0.08751905925606,6.9010194623167065,0.05298017699809826,0.08730172490031846,0.05022138724451054,0.0827557396323912,0.046337261089153134,0.07635540402941057,0.052852535633095804,0.08709139507575508,0.05302353962188834,0.08737317864146418,0.05294875997168913,0.08724995533758452,BİTLİS,ADİLCEVAZ,28769,-0.832
54988432B24762133254880,0.10760943336717936,0.1773208335796587,15.141731567290751,0.10745029320666458,0.17705859945170638,0.10201270213812987,0.16809843535858374,0.09011857909381969,0.1484990773197802,0.10717226261900492,0.17660045545798939,0.10751515148825,0.17716547413913297,0.10734302468029867,0.17688184037104882,ÇORUM,LAÇİN,4094,-0.789
54988432B24776068854278,0.06273923285187154,0.10338287935670198,6.548899069104831,0.06265980583096188,0.10325199802859024,0.06095328080452119,0.10043995422588302,0.058485789282730835,0.0963739756234155,0.06255427455021219,0.10307810161369683,0.06269072563673245,0.10330294826187185,0.06262301114730229,0.10319136706182767,SİNOP,ERFELEK,12565,-0.585
54988432B24795897015329,0.08117827275786725,0.13376707360650628,12.075732636063927,0.0804155072364945,0.13251017433807386,0.06591230652321432,0.10861152939979181,0.046770409978574456,0.07706915485713045,0.07987461377634433,0.13161887999490646,0.08060719837366329,0.13282604657314656,0.08035147902823454,0.132404667460972,KONYA,DEREBUCAK,5353,-0.621
54988432B2483198976675,0.09856639540463703,0.14828342811213008,10.567478338294121,0.09772258289142578,0.1473681939129712,0.08789495854451745,0.1340749858577834,0.07507983377943525,0.11591984834920932,0.09735201761958426,0.1469125179933746,0.09788232504524529,0.14755932773669067,0.09770741740132588,0.14734985278350735,ŞANLIURFA,EYYÜBİYE,414516,-0.568
54988432B25026961514665,0.017265245004147285,0.0284499930935068,2.2773788045052354,0.017153365014611024,0.028265635157732158,0.015658937964214876,0.025803090360232477,0.013735782504010691,0.02263407888385864,0.017088629130301156,0.028158962158821604,0.017177271843880827,0.028305029277389888,0.01714385014747957,0.02824995638201188,HATAY,SAMANDAĞ,122952,-0.029
54988432B25326258827765,1.1387555703225016,1.8764626915566707,167.64251701980737,1.1334789364760165,1.8677677557794254,0.8904181340181763,1.467247627071915,0.4013289870048029,0.6613173983785375,1.1356645164033048,1.8713691951926354,1.132677954858399,1.866447883314032,1.1368696421347562,1.8733550238749592,ANKARA,ÇAMLIDERE,10203,-0.526
54988432B25362626597569,0.36595227124646457,0.5223990683891025,34.62822801095503,0.3621640598628356,0.5187814784766251,0.32374353608771655,0.4743202770995186,0.2734676313424642,0.4110636530428556,0.36102014017988165,0.5169512412819147,0.36263514060821606,0.5194088013806635,0.36244574006449676,0.5186423336960739,TEKİRDAĞ,ŞARKÖY,34458,0.097
54988432B25487476963014,0.1521908632518074,0.25068503714067214,18.38744870701924,0.151732483193494,0.249935321441947,0.1423973406443865,0.2345751453251172,0.12946300478663794,0.21327853975016572,0.1511128956783754,0.24891746116221675,0.15190781421179297,0.25022300623932914,0.1515094407196573,0.24956905693794976,TOKAT,BAŞÇİFTLİK,8445,-0.936
54988432B26148640442068,0.0009613418459128353,0.0015841170438154492,0.14416734819797167,0.0009565551522264422,0.0015762294405821382,0.0008611750965017915,0.0014190604038280825,0.0007328413756257491,0.001207589702328601,0.0009519126398038353,0.001568579421927438,0.0009580385426521037,0.001578673799023325,0.000955384978178954,0.0015743012059372637,MALATYA,KULUNCAK,7414,-0.873
54988432B26216305629532,0.5057301519145578,0.5426370087318376,26.51962447177532,0.49854193999860863,0.5357634941817637,0.3815535503011014,0.41746687247694086,0.10954961491586653,0.16582978515593255,0.5000321252364547,0.5372621502886428,0.4982862946460166,0.5355051045848683,0.5016740954381427,0.5388926351303217,İSTANBUL,BÜYÜKÇEKMECE,283239,1.891
54988432B26373171559037,0.07688760206566737,0.11249679213974621,7.69826132834856,0.07571242745356707,0.11143932347331809,0.06772434890996867,0.10179244250496507,0.058970522910221826,0.09000474257819359,0.07523548960598919,0.11094828167406062,0.07590610514800192,0.11163104966433046,0.07563856596424177,0.11136495126548064,HATAY,PAYAS,44530,-0.028
54988432B26387222249237,0.15482300292935305,0.21833092777064034,14.728395433619681,0.15309606343062218,0.2167068265812255,0.1365894635352331,0.19714306459855813,0.11479542535246426,0.16966782732600583,0.15231768485441902,0.21587787853521928,0.15339922405655756,0.2170196925776995,0.15299361209887596,0.21659970363254147,GAZİANTEP,ŞAHİNBEY,957792,0.854
54988432B2651757206264,0.16029750560367353,0.26414122279964225,24.04462584055102,0.15944710712464608,0.2627399203073089,0.14259231900078229,0.23496628572516084,0.12002282668217207,0.1977758548662777,0.15868358217635056,0.26148176964101316,0.15975190710153273,0.26324217540043054,0.15927773255507283,0.2624608217290137,ERZURUM,UZUNDERE,8263,-0.561
54988432B26639415415250,0.0030678926152344437,0.005055330734899768,0.37349918322382747,0.0030582574520698447,0.005039453733129924,0.002861432478528715,0.004715121866624137,0.002590351096413886,0.00426842890355917,0.003045183186234576,0.0050179097137646195,0.003061956761739182,0.0050455495246763595,0.003053558840624704,0.005031711273458415,ORDU,AYBASTI,19784,-0.464
54988432B26755452490814,0.24823499587119702,0.29495989338580625,19.79234903842513,0.2440376128395811,0.29131832261206525,0.20588485515560362,0.25150945408772774,0.1614937902623647,0.20241068953624072,0.2417649123090364,0.28914586896035654,0.24501385846093596,0.29222414872167635,0.24353100691388682,0.2908409651141293,ISPARTA,ŞARKİKARAAĞAÇ,24310,-0.249
54988432B26897526032895,0.0009051311182937633,0.0014914919572812328,0.03168666724059803,0.0009049054044682304,0.0014911200218250041,0.0008997286530644059,0.0014825896742017735,0.0008917288686395433,0.0014694074800549652,0.0009046493558889704,0.0014906981001951752,0.0009049829138053972,0.0014912477431580369,0.0009048300785256744,0.001490995898330378,ORDU,KABATAŞ,9949,-0.805
54988432B26930911195610,0.21435409330194727,0.3010554957180472,17.828682062358002,0.21008990336280617,0.2977731732233078,0.18774951559901046,0.2759374223584328,0.16361709941919766,0.24740444430130287,0.2089465194318752,0.2967988072494788,0.21072018438813417,0.29828543648160083,0.21015279724451474,0.2978051707662477,KAYSERİ,AKKIŞLA,5440,-0.812
54988432B26980759759875,0.0035009393503677654,0.005768913230876469,0.49646963597813076,0.0034917315517831353,0.005753740448441223,0.0033006836065425263,0.005438928077037378,0.0030326020494353457,0.004997178281632576,0.003484472401310346,0.0057417786847497165,0.0034945027699212366,0.005758306913433213,0.003490566856179107,0.005751821241277775,MUŞ,VARTO,28804,-0.844
54988432B27026287555316,0.31667892205750414,0.48146795344250687,35.430820028115185,0.31557446342681145,0.4800095348176954,0.29690759099423436,0.4527999462110131,0.27157332121907624,0.4152874326961226,0.3147414962914404,0.4788354394939126,0.31591137107297357,0.4804767535215577,0.3154044674029751,0.47977124311365976,BAYBURT,MERKEZ,68715,0.161
54988432B27102438634757,0.2676284154748369,0.3874163787995885,26.118408814292625,0.26318415241443294,0.38203537522466663,0.19357571242546273,0.29065910421062646,0.09879349333600952,0.16277646971064869,0.25997594212714087,0.37791092140807847,0.2643417956291963,0.38350306581288307,0.26248994981763324,0.381145359646852,İZMİR,MENEMEN,220510,0.838
54988432B27162920946888,0.08407351867548228,0.06090924083536949,0.9355404634804733,0.0805759987892839,0.05837921041378599,0.06658330061525103,0.048254773701296466,0.056086542521679945,0.04065776417699961,0.07869610007219877,0.0570192226357363,0.08134879103667336,0.05893825497458795,0.07983005999329365,0.057839579750279015,SİNOP,AYANCIK,23818,0.146
54988432B271913105949,0.29360156488439476,0.4095073629759323,26.06061877543514,0.2916994694785878,0.40774679734732494,0.27395405458547983,0.3867263021298708,0.24971393925863283,0.3568669910529347,0.29173325836768293,0.40777187472553195,0.29177793282433034,0.40783077360339987,0.2922042176120679,0.4082542587346875,KIRKLARELİ,MERKEZ,114710,0.85
54988432B2727016024210,0.6657607210538466,0.9967077971499345,69.3503550093775,0.6496113641543667,0.977299667385713,0.5535859796797964,0.8478795741664565,0.458254677428873,0.7124001205205751,0.6451175153531591,0.9716447011860828,0.6521114401362104,0.9804068196522241,0.6499512231074618,0.9777218754324126,KAYSERİ,SARIZ,9213,-0.67
54988432B27415936221667,0.0017339028343455638,0.0028571574657697417,0.2172769296923269,0.0017310095810964968,0.00285238990904327,0.0016692085844947921,0.002750553072898286,0.0015804069912466292,0.0026042241494456638,0.001727938535869682,0.0028473293833761425,0.0017320419284057053,0.0028540910302153138,0.0017301553353391125,0.0028509822669338233,IĞDIR,ARALIK,18477,-0.852
54988432B2751478310709,0.075695073432684,0.12473175537648336,9.494196978558959,0.07550063742102277,0.12441136008596983,0.071159998746136,0.1172587746293329,0.06433583536503756,0.10601379078956828,0.07527168615154067,0.12403408990915216,0.07556864169921029,0.12452341880533924,0.07542894303698525,0.12429322074127931,ORDU,ÇAYBAŞI,11656,-0.932
54988432B2777192469074,0.54600194316757,0.597842166540748,28.712366359041525,0.5381943730643158,0.5904183998539773,0.3997241144843771,0.4546443510558706,0.13392747654456927,0.20553032172492197,0.5398690910656352,0.5920736557262696,0.5379056567257595,0.5901320391871516,0.5416945028781474,0.5938612695812537,İSTANBUL,ESENYURT,1003905,2.479
54988432B2790906472505,0.24897735314650396,0.3650316555802402,27.773798646356457,0.24734826145216465,0.3629554807393584,0.21589333077053513,0.32218034764834313,0.16537372831522004,0.2526725411346038,0.24324892828572373,0.3578629770468771,0.24825143678154188,0.36408017713830554,0.24527253300444593,0.3603842147512315,MUĞLA,KÖYCEĞİZ,41810,0.205
54988432B28277823667542,0.24758288784240845,0.18195808180548048,2.66624342280346,0.23568697781405226,0.17333988998133323,0.1878706542803899,0.13848370260022522,0.15183341633582867,0.1120532015509205,0.22728926448739556,0.16724118222028614,0.23878630224998937,0.1755877370073716,0.23157482620454536,0.1703549390112005,KASTAMONU,ŞENPAZAR,4083,-0.859
54988432B28290030678848,0.24997535018306433,0.301633736137079,10.001603832967161,0.23742668745076878,0.28962312360785314,0.1863871079768603,0.24018838445849247,0.14736141385812307,0.20188304169099933,0.23186238541266702,0.2842788904647504,0.23984415759081482,0.2919416419246051,0.23569742163615584,0.2879642145172823,MERSİN,ÇAMLIYAYLA,8383,-0.505
54988432B28558182878988,0.4917519621227307,0.8103180651505081,59.010235454727685,0.4901706932067668,0.8077124207054199,0.45759060104604626,0.7540263365093564,0.4123853129981775,0.6795362187935102,0.48862986425319266,0.8051734139854497,0.4906615942421265,0.8085213365975618,0.48978500080166626,0.8070768695586682,MALATYA,DOĞANYOL,4002,-0.973
54988432B28682407811483,0.06589788742856567,0.10858776934639722,9.88210655517534,0.06555178734246378,0.10801745916215741,0.05796628070300977,0.09551791968551646,0.04606620846291024,0.07590875845080831,0.06459307464453362,0.1064376744774791,0.06575920483962729,0.10835924558687114,0.06506706752290223,0.10721872879282292,BURDUR,ALTINYAYLA,5060,-0.663
54988432B2869647225389,0.24832651144250098,0.35171883129365966,19.314456153671287,0.24175377948881366,0.34607769017083057,0.20049815681454364,0.29885402207006445,0.15869177807522694,0.24553327852549428,0.23809745779444655,0.3424637379433829,0.24318910660218943,0.34742388411841907,0.24056793642506255,0.3449319603770965,BALIKESİR,DURSUNBEY,32168,-0.456
54988432B2872798866020,0.876486493630778,0.9738858256791,56.921326644143065,0.8745524927430015,0.9710936041151357,0.8097884245577768,0.8961027272351767,0.695717273957469,0.7752381879551153,0.8702900747582273,0.965479410559388,0.8754741022176475,0.9723821926024542,0.8728022849895913,0.9687382970066869,KASTAMONU,ABANA,4474,0.084
54988432B28758296950663,0.20953089347625697,0.3452689186191039,15.716874021962361,0.2091866870825583,0.3447017288965651,0.20252006236592976,0.333716340209667,0.19319021767237762,0.3183424479173022,0.20873587174297578,0.34395886696240263,0.20931279486106275,0.34490953164866206,0.20902220243595215,0.3444306880246397,GİRESUN,ŞEBİNKARAHİSAR,19130,-0.204
54988432B28761186895791,0.49672232037063585,0.6058505444439192,33.72417686452796,0.48918486364381353,0.5985957536872377,0.3710806124593409,0.47488031128309155,0.1549724343702655,0.24940163320469813,0.49069783300323966,0.6001225325196184,0.48893100315610405,0.5983410961584165,0.49240247573689655,0.6018338941594124,İSTANBUL,KARTAL,475630,2.321
54988432B28793494841069,0.058979054905096535,0.08175499946228415,5.747880946294904,0.05786727127654088,0.08091124925366291,0.052130871199205855,0.07541177255118814,0.045573276448083136,0.06757084831827226,0.057476226960765514,0.08059653349322725,0.05804794311298522,0.08105339448194167,0.057805999783573696,0.08086203705134697,DİYARBAKIR,BİSMİL,119815,-0.727
54988432B28826403720694,0.46538002355266933,0.43797091006381317,17.516376656129577,0.4551859107405922,0.4296989071865709,0.3589096425890945,0.34416897253152035,0.1811257734651304,0.1927688468509904,0.45507094890338257,0.42960043108446994,0.45567564177231684,0.4301142971898059,0.4576654753013437,0.43178828946902065,BURSA,YENİŞEHİR,55609,0.062
54988432B28913521474336,0.14780543867252335,0.22568260688247896,16.599795827222476,0.146266130636563,0.22417052733208376,0.1329912691423781,0.2063936465870364,0.1174488699803388,0.18385585396043178,0.14504701639684164,0.2227289609023615,0.14667562414793864,0.22462094920436337,0.1457925778281619,0.2236218716565496,TOKAT,ERBAA,103409,-0.097
54988432B28918062782607,0.469419392351483,0.5225239909865214,27.244878615310892,0.45500574306908725,0.5104356920752565,0.3259190564617279,0.3808122853093085,0.09000448183953248,0.14828576551440567,0.4477675830138562,0.5038115478558821,0.4579023161739207,0.5130134446548617,0.4533793763778239,0.5089681109470972,İZMİR,GAZİEMİR,137220,2.031
54988432B29112177447975,0.7386453740595008,0.8386663095535137,43.06925591363577,0.72741368854814,0.8282167243935574,0.5611872548758845,0.6585985831201677,0.21316185313075353,0.31944269262685093,0.7296862204544312,0.8304358791557055,0.7270271151537071,0.8278379320759375,0.7322218902602674,0.8328821054170134,İSTANBUL,ATAŞEHİR,412125,3.545
54988432B29207959806558,0.7181837839620783,0.8099490480246642,43.197250388916146,0.7033300519505511,0.7970400566485847,0.5124420042338044,0.6111738296419563,0.18127117283991454,0.28343104653906226,0.7076281003108112,0.8009457663046117,0.701916251212874,0.7957416268930457,0.710434921545618,0.8034507145794636,ANKARA,ETİMESGUT,632458,1.957
54988432B2925959455693,0.6962870288405086,0.9812356380825714,67.51697571322757,0.6766888015051349,0.9630894656617798,0.4843190415974491,0.7250537029510961,0.23721232395715286,0.3888820582375262,0.6820637703934797,0.9685204053196584,0.6749515888180133,0.9612909592613247,0.6856787883145607,0.9720427245390443,ANKARA,KIZILCAHAMAM,27841,0.022
54988432B29479303092234,0.2920115385649205,0.3838031387979923,25.589502379369854,0.29083711706395543,0.38249737305366105,0.26724325519543035,0.35554624169329657,0.2341416846735109,0.31671454231173984,0.2892441262115009,0.3807109058752946,0.29127927991178426,0.38299128625719264,0.2902566880757517,0.3818475304860856,GİRESUN,KEŞAP,20859,-0.24
54988432B29488154081251,0.21009816564568046,0.28281603007809347,18.987870009677163,0.20827551377782766,0.28094631950645127,0.1900360100244568,0.25827255486352374,0.1667809699054978,0.2282865121398934,0.20714764752312204,0.2796592542573616,0.208681272898843,0.2813946601533311,0.2079772509541227,0.28061100899776253,MALATYA,YEŞİLYURT,309890,1.023
54988432B29554911606653,1.1687508204661408,1.7190518420969936,130.05540593459355,1.150607997417443,1.700761420231467,0.7126425662290778,1.1297073100191235,0.1518150710189112,0.24967106652777524,1.1448336545659121,1.6945873241985256,1.1534400239807026,1.7037532621430782,1.1527493569820897,1.7030204593342775,BOLU,MERKEZ,222589,1.48
54988432B29564092922191,0.06993496048674733,0.05058667071420747,0.7692845653542209,0.06678513916276987,0.04830828272319928,0.054185853866859986,0.03919473075916654,0.04473638989492758,0.03235956678614197,0.0659360104021117,0.04769407494056219,0.06725433308767644,0.048647668895939786,0.06677924488156949,0.04830401916088217,HAKKARİ,ÇUKURCA,14299,-0.386
54988432B29828557517044,0.5623415167581948,0.5926027352580044,29.0253218764732,0.5504352548510942,0.5820373508517311,0.4465373666405399,0.48209621366146777,0.33064397467108836,0.3678252131662487,0.5416979617595723,0.5739344960258508,0.554217103695217,0.5854836275554621,0.5473450388468567,0.5791898749884269,ANTALYA,KUMLUCA,75588,0.515
54988432B29874817302279,0.10894893850004682,0.17952809514876134,13.073872620005618,0.10874764674449225,0.17919640283545024,0.10445478400501326,0.17212254345724784,0.0982981287811191,0.1619774920225988,0.10859512845588548,0.17894508035167123,0.10881758658841588,0.17931165101618043,0.10872675816912007,0.17916198225092167,KARS,AKYAKA,9382,-0.832
54988432B29894117930942,0.3347746126016841,0.45264478904352295,28.27288882452279,0.3296517858465303,0.44763232427383837,0.26879996124376543,0.37690136319067624,0.17697017733262155,0.2655455557490753,0.329588052737678,0.44756481103797774,0.3299246835193064,0.4479206695211024,0.33101600967140166,0.44906019774543954,BURSA,YILDIRIM,654589,1.085
54988432B29917734585763,0.11270047657867421,0.15650484441996634,10.730986970237486,0.11143405046960356,0.15522755583534803,0.0992994323800031,0.14048227991765136,0.08491048668882802,0.12212271273366179,0.11082326993969434,0.15454718097624065,0.11167028868599696,0.15548397333698485,0.11134196829153861,0.15512643819152622,HATAY,ANTAKYA,301855,1.146
54988432B30085289837224,0.726828519764829,0.9015005294710635,45.30786840861938,0.7082856763263937,0.8872388923717078,0.618886402032982,0.8050995251305229,0.5397584916434068,0.7235918965669862,0.7086970223414044,0.8875713515298211,0.7088949897197468,0.8877311247141451,0.7126622519573851,0.8907424213383219,KIRKLARELİ,DEMİRKÖY,9364,-0.286
54988432B30163162134141,0.20764294464394517,0.27683288825436514,14.171515576111604,0.19262636945598655,0.2633308929640671,0.09850290053388022,0.1532028741783933,0.05444897631554911,0.08972203984095127,0.189488369346409,0.2601305370784181,0.19429448052117373,0.26499621256456546,0.19388610798731573,0.2645910468769939,BOLU,MENGEN,14152,-0.245
54988432B30290835875558,0.19507462278912638,0.321447605854186,21.27395548207601,0.19484188049677187,0.3210640887590935,0.18682116269126106,0.30784740019678586,0.16950009538633737,0.2793054220737489,0.19464833734185447,0.3207451647345937,0.19490676869149962,0.32117101273795445,0.1948134219487154,0.3210171942322297,ÇANKIRI,ORTA,17223,-0.699
54988432B30380906676277,0.4387900004726513,0.6800288804327586,56.833257173077065,0.4363358441700775,0.676889207292776,0.3756278479105666,0.5922100651408266,0.24665038357567867,0.39781240166406684,0.4340106385300481,0.6738676247754044,0.4371006877759904,0.677874701686333,0.43577990474408185,0.6761669334741475,MANİSA,KULA,43015,-0.119
54988432B30515055342266,0.11058364456655932,0.18222179432829927,15.074945527385827,0.11017721453049208,0.18155207132602924,0.10190148988645348,0.1679151777337225,0.09054055525191201,0.14919441751219956,0.10983257660483488,0.1809841705170715,0.11029934840054079,0.18175332579757217,0.11011018745721086,0.18144162286315071,YOZGAT,AKDAĞMADENİ,39642,-0.393
54988432B3051798529844,0.005400705991948171,0.00889938417520736,0.6695889705524287,0.005390184625572365,0.008882046871238952,0.005168418990602502,0.008516617317140289,0.004853071707255856,0.00799698217549514,0.005379507604771742,0.008864453077002963,0.0053943870194072315,0.008888971654266905,0.005387369115252933,0.008877407420763544,ARDAHAN,GÖLE,22038,-0.831
54988432B30574350937467,0.25409436144303377,0.3535316379745012,22.738553359335107,0.25081378708258634,0.3507105077979521,0.22810511410730064,0.3259384576494096,0.20263027355260846,0.2951008725462598,0.24936007518275105,0.34932156659264146,0.25144764099632894,0.3512957613795992,0.25052218635190865,0.3504367562253149,MARDİN,ARTUKLU,198718,0.311
54988432B30601194399557,0.31549787549804637,0.3857146077086624,22.370457985524006,0.31147825949819474,0.38193165792033484,0.26583158346563984,0.33338323915370444,0.20775090232648108,0.2697854175314291,0.3086310930096159,0.3790515472262075,0.3125204749242535,0.38296284211888415,0.3106586487530342,0.38111038238547423,MERSİN,YENİŞEHİR,281358,1.948
54988432B30610507715485,0.08496219992851593,0.1400022994515741,11.175488579739685,0.08474626975644069,0.13964648568219268,0.08023672928872749,0.13221558069761166,0.07389714191648286,0.12176909025321205,0.08453681676569115,0.1393013451331412,0.0848173373866552,0.13976359225023094,0.08469449675885299,0.13956117317006522,BİTLİS,AHLAT,45637,-0.706
54988432B30800064682822,3.3817523343936324,5.542829531246166,498.9503114104977,3.3720072700630945,5.52853470348977,3.1998645429807295,5.251927788391246,2.930617627328856,4.813547507037247,3.3645725904936308,5.517526067909842,3.374633080531483,5.532402565277617,3.3703997343442356,5.52649436329442,ÇANKIRI,ILGAZ,13948,-0.249
54988432B30848484740175,0.08694390198933852,0.1432677851096258,9.787305134843509,0.08667417567294015,0.1428233250491501,0.08116402536517432,0.13374359648680037,0.07353478894639258,0.12117199826326326,0.08628342988855098,0.14217944684965056,0.08678244599336532,0.14300173490476395,0.08652680110115446,0.14258047847799202,TRABZON,HAYRAT,7410,-0.676
54988432B31063140501282,0.2865262134772406,0.4003879229888309,26.49627786959483,0.2825000374045173,0.3956711644744405,0.21230375657080988,0.3061676795767939,0.09438627845917302,0.1555041214173172,0.27959272717212597,0.39206582633112275,0.2835479431086587,0.39695206386384435,0.2818794936594086,0.39490699284274106,İZMİR,BUCA,520941,1.227
54988432B31153885682838,0.23301768714278462,0.23691595569229965,12.28579475450311,0.22153516876275015,0.22807322504830346,0.1669866269022395,0.1785006294175018,0.11983991733597292,0.13104653370419234,0.21663365780760768,0.2238441574848773,0.2237759272976605,0.22989698372984538,0.22029049153375463,0.22693344131267199,ISPARTA,ULUBORLU,6287,-0.113
54988432B31165455278537,0.23371680092101885,0.3630024848053094,26.98582259220464,0.2320636152641928,0.36135622462419725,0.21716314341659088,0.341114508942533,0.19919242672423113,0.31473569646584537,0.23059822694332333,0.35960069908578357,0.23259367281831114,0.36194433507939844,0.23145325638796288,0.3606433494787224,ARTVİN,MERKEZ,35710,0.913
54988432B31167647566127,0.13995736504333103,0.23030193835969662,19.361148814815362,0.1395153808430114,0.22957732144632845,0.129777635896335,0.2135990772539516,0.11240939486055014,0.1850643923207562,0.13905513392529623,0.22882265734309795,0.13966646550143275,0.22982503321921738,0.13938885305891197,0.2293698635135684,MERSİN,GÜLNAR,32785,-0.278
54988432B31268227976167,0.14365250561714318,0.18292068861594962,12.004134253534556,0.14255113465316732,0.18176601422488858,0.1207905498010413,0.1579292584697245,0.08725618474823887,0.11765794560342661,0.1412681992871396,0.18040808531585645,0.14294896766220158,0.18218189452658867,0.1421375808540859,0.1813269898575912,UŞAK,EŞME,34444,-0.172
54988432B31302636835519,0.000507905614138438,0.0008369363545620628,0.05226311907741647,0.0005062331505317413,0.0008341804378028025,0.0004726789532825203,0.0007788892050534732,0.0004270966378020113,0.0007037778144942878,0.000504883756829144,0.0008319568816638602,0.0005066840422223304,0.0008349234255495794,0.0005059983020411816,0.0008337934500749804,KAHRAMANMARAŞ,ANDIRIN,31609,-0.718
54988432B31401632471854,0.3618776948873042,0.5963088225950401,50.035394603243205,0.36063921872454874,0.5942680384492952,0.3292940838332446,0.5426169399008282,0.2653391329034324,0.4372307775954766,0.3592529848536549,0.5919837763931565,0.3610716130681811,0.5949805459223751,0.3602315197477672,0.5935962244628225,BALIKESİR,KEPSUT,21386,-0.536
54988432B31459503377293,0.013129902520526223,0.02163569853411633,1.9694853780789339,0.013084177538141365,0.02156035205436829,0.012147386973586362,0.0200166910703944,0.01085443963945038,0.01788614831136604,0.013030362062968235,0.021471673909538507,0.01309988008777147,0.021586227008845892,0.013067124821308892,0.021532252269164383,KARAMAN,BAŞYAYLA,3353,-0.528
54988432B3164241130289,0.950557249939098,1.1296122509987676,60.88975553265217,0.932747922002367,1.1153100834276062,0.7902945061543083,0.978572330363107,0.5915763921585941,0.7725496008215247,0.9085465717493396,1.0939627387009452,0.9401328011040803,1.121451614085411,0.9195456224387156,1.103852731902285,MUĞLA,MARMARİS,97373,1.671
54988432B31644697369800,0.008637032919854999,0.01423226411552459,1.2559391041485897,0.008599971231894902,0.014171193174090211,0.007852738549115933,0.012939889207120863,0.006835525371095476,0.011263706339032141,0.00857584717506204,0.014131441102798006,0.008609645126726483,0.014187133998624108,0.00859845752864406,0.014168698865609695,ELAZIĞ,ALACAKAYA,5336,-0.729
54988432B31653952568158,0.18272718905305896,0.3011012739933136,14.175232013701011,0.1824091891343808,0.3005772677896392,0.17581453932354474,0.28971048069641736,0.16656770477748373,0.2744733740750491,0.18212088663846798,0.3001021975537064,0.18252366249932517,0.3007658991378348,0.18234541279194746,0.3004721759417493,ERZURUM,NARMAN,11119,-0.796
54988432B31664517784670,0.49269731525622273,0.7629546907871019,56.91959930013,0.4872912614990592,0.7578170261540119,0.4377684056311972,0.6912944663249703,0.3673132855794648,0.5865087990382082,0.4826160489891974,0.7523731200636746,0.4887579606835071,0.759388885245813,0.4853258909664154,0.7555668271990115,DENİZLİ,KALE,18855,-0.379
54988432B31670824468199,0.5477576885186193,0.6960473665417006,48.71184609659108,0.5447053595110182,0.6930185104867934,0.4833533853530697,0.6293280233235116,0.394637123043107,0.5307803011870785,0.5437638069824945,0.6920792596555307,0.5452722813384938,0.6935829146791664,0.5452361174534772,0.693546389156474,KIRŞEHİR,MUCUR,17920,-0.281
54988432B31747989283018,0.17973514517253716,0.27132532690508704,20.02921249732894,0.17824648225847553,0.2694640543661995,0.15965097336602696,0.24255740699951261,0.1334780735781637,0.20464241580307568,0.1773543780741011,0.26823485355492116,0.17855916587125273,0.2698849343543593,0.17806927240715043,0.2692227484107285,KAHRAMANMARAŞ,DULKADİROĞLU,213930,0.595
54988432B31972473687163,0.44603033006244425,0.322631045737044,4.906333630686886,0.4433268066018025,0.3206754823089709,0.3903668823746125,0.2823675140298165,0.3201842707251876,0.2316017076196543,0.4396076879263016,0.3179852994522826,0.44442335510884245,0.3214686583951761,0.44196093503962963,0.31968749440603017,ERZİNCAN,KEMALİYE,4484,-0.276
54988432B32118226842539,0.24706446238579136,0.3313374551241112,22.54355526703943,0.24623465035881426,0.33023993508774707,0.22531778679881048,0.30407726041121463,0.1890825767047698,0.2606405504283792,0.24521259428492534,0.3289045566044882,0.2465298686680827,0.3306288554326674,0.24590813814104898,0.32981312362805854,SAMSUN,TERME,71348,-0.202
54988432B32155349148151,0.15955624157620113,0.26291645455913,20.851415809927946,0.1588475209226154,0.26174876519931106,0.1416355023450162,0.23338748891211633,0.11214975002966313,0.18480131302062425,0.15813044137369583,0.2605672367617305,0.15907671466122808,0.2621264005199754,0.1586616738560665,0.26144255154756857,BALIKESİR,MANYAS,17650,-0.303
54988432B32272260481073,0.30306464024402496,0.39869674076999273,24.437548227065445,0.29675306825260805,0.39360607810356807,0.26213131383334765,0.35779435875746257,0.2287866932045229,0.3187774608074615,0.2925156530368353,0.38977157967640924,0.29836274337678204,0.3949854626701111,0.29496122474341807,0.39201802329063984,RİZE,İYİDERE,8495,-0.187
54988432B32280148114029,0.6347621879788913,0.8978903627791915,63.84778387778686,0.6268386059897975,0.8906339675770205,0.5412820030452102,0.7902138212239721,0.41182937662723196,0.6218357301909818,0.6214127906162438,0.8850088742587652,0.6287991050332001,0.8925818082363277,0.6251431253311455,0.8889078543584857,BALIKESİR,ALTIEYLÜL,188858,1.245
54988432B32461225341522,0.19063408477138433,0.3137542420804234,26.13713627303499,0.18994202772886334,0.3126163631339056,0.17646091996447807,0.2904506008386325,0.15719489153225172,0.25876767390593675,0.18874288964952696,0.31064489895263253,0.1902405503189774,0.31310715986636556,0.18942444137962744,0.3117654166719083,KASTAMONU,SEYDİLER,4639,-0.169
54988432B32556235228389,0.06577904163580878,0.09171360238955081,6.787860342197758,0.06529294670067409,0.09123751178481977,0.060208490178598445,0.08498268692095896,0.05392768388900954,0.07684629820964925,0.06496015931583088,0.09086516191393822,0.06541390863389304,0.09136732437590404,0.06519486626939404,0.09112971559235744,ŞIRNAK,CİZRE,166290,-0.475
54988432B32684259878344,0.15015591747822257,0.24742972452336753,18.01871009738671,0.14914704481585625,0.24576728531270728,0.1295703833817456,0.2135084970672707,0.10384202604754285,0.17111282945354636,0.14842615127747846,0.2445793834796852,0.14940170897307317,0.24618692566604397,0.1490618738157537,0.2456269389484302,KONYA,HADİM,10621,-0.681
54988432B32742798326876,0.08090036588217295,0.13330913346767584,8.871470147922794,0.08065270670644038,0.13290103605362566,0.07618712260022517,0.12554256318227175,0.07007016490638912,0.11546292607888246,0.08040352064059947,0.13249042260154495,0.08073105752363564,0.13303014399316204,0.08057819171020762,0.13277824885149359,ORDU,ÇAMAŞ,8407,-0.776
54988432B32773336843775,0.36874623180583316,0.31594689209263704,10.33518128397438,0.3667443321068801,0.3143869190605691,0.3268709106151832,0.2827953476585101,0.27274924151693525,0.23887844819292858,0.36530010703803517,0.31326049978507037,0.3673492958094677,0.3148557027874931,0.3665696434484229,0.31425116836565353,NEVŞEHİR,KOZAKLI,12678,-0.13
54988432B32789090404224,0.034890986816203534,0.05143821012946142,3.98163137580677,0.03430557418622729,0.050927660190930674,0.03031580846872468,0.04616966544069303,0.025427883455647598,0.039477563108893034,0.03407740228195777,0.05069913745500991,0.03439834791734742,0.051016993512884724,0.034274751182488725,0.050897483830362765,GAZİANTEP,NİZİP,152660,-0.157
54988432B32797670855633,0.27649982560493525,0.3161847844232913,18.7444523098117,0.2739160287290196,0.31349273375113423,0.2382963005536782,0.2706889447218606,0.1865624511686067,0.20880887169865708,0.272513908486522,0.3118876516736483,0.2744391756459173,0.3140792377002528,0.2737453641602114,0.3132996729628075,KONYA,EREĞLİ,158010,0.453
54988432B33032294423976,0.42164263899265536,0.5375469876455828,31.15367073640564,0.4172011554076955,0.5337069995759738,0.3796514654085253,0.49376820019493634,0.3308039226729071,0.4384045492741278,0.4138688165792301,0.5304905473189692,0.41834647071375086,0.5347651876633452,0.41591411593682176,0.5324852742271319,SİVAS,MERKEZ,393912,1.138
54988432B33037798502080,0.21541900953074275,0.28810546029198386,22.259225441166567,0.2145611752488779,0.28702427173230055,0.19718701833711144,0.26501861663537357,0.17345462951164006,0.23482549806949027,0.2135544651062115,0.2857538834790001,0.21485540995786367,0.28739530784802114,0.2142419221352061,0.2866215360505571,KARAMAN,ERMENEK,27629,-0.275
54988432B33062852785358,0.0009856024389007676,0.0016240941019333773,0.10707813548296158,0.0009840285944061593,0.001621500691588426,0.0009503725920086782,0.0015660417024148943,0.0009019502921930872,0.0014862505326403348,0.0009818451399282303,0.0016179027545303567,0.0009846840641209655,0.0016225807868233768,0.000983240288763999,0.001620201706832076,BARTIN,KURUCAŞİLE,6316,-0.732
54988432B33089612553406,0.1576971303115729,0.19808839534212025,9.553144655240274,0.15626080455816088,0.1967162942336501,0.14620624041161723,0.18639732407708395,0.13518053624941728,0.1747038593024408,0.1552888099200399,0.19575575178119328,0.15662096476011217,0.19706712954748715,0.15589107818615486,0.1963529700428845,SİNOP,BOYABAT,44901,-0.003
54988432B33125693367385,1.0165084277835135,1.5756044401206242,130.88569965868624,0.9930282235547828,1.5424225134730545,0.5064516613019594,0.8123075967680529,0.05868384996281192,0.09670034371023084,0.9855550177873467,1.5315201429844478,0.9966718192745628,1.5477192814967748,0.9958721614388512,1.5465719365097523,BOLU,GEREDE,37196,0.024
54988432B33332852238285,0.3124422743187061,0.4718885827484092,36.212113148972996,0.31003946697928686,0.46859447243803015,0.26076432678409583,0.40019247952088177,0.17062760148695882,0.2708958713376905,0.3080016013555472,0.465835471964287,0.3107282082696462,0.46952690385721557,0.30955523536443275,0.4679395487346094,MANİSA,SARUHANLI,58475,-0.192
54988432B33535114810594,0.3030375436747527,0.40143578512713923,30.1903695807938,0.29984665272520283,0.3982940338906705,0.2568187579220284,0.34952248285431303,0.1988418598134597,0.2793947837363467,0.29731474065194496,0.395599521895351,0.3007441278058548,0.3992274676318623,0.29912746701682624,0.39753615424726807,MERSİN,SİLİFKE,139610,0.519
54988432B33750113115729,0.18673100517679725,0.30769883696103645,23.76403953886036,0.18536920167911392,0.30545483173003646,0.1615552676530042,0.26621378658939093,0.12646428933942547,0.20839021730752427,0.1840982656714709,0.30336055964579756,0.18578712002061393,0.3061434853765077,0.18500475684336193,0.3048542927247911,BALIKESİR,SAVAŞTEPE,16266,-0.426
54988432B33764412560738,0.7824802894334557,0.9869653176108607,68.61490014232011,0.7768519588259652,0.9809916935619141,0.6742934721339403,0.8729226636401352,0.517467186204599,0.6912609758626006,0.7752085459563384,0.9786257997840894,0.7777428879414466,0.982095026588254,0.7777698463992861,0.9815082698709993,ESKİŞEHİR,İNÖNÜ,6114,0.323
54988432B337940392373,0.6395578702390162,0.7033621304311037,36.05197387520507,0.6247139503407295,0.6912766825837376,0.48299842328522585,0.5588079764466252,0.27272879345170215,0.3529427183133883,0.6245475007568475,0.6911338646481837,0.6254291114619035,0.6918891407443704,0.6283345864947536,0.6943560291001637,BURSA,NİLÜFER,578059,4.072
54988432B34008430678481,0.28088677830351133,0.462380284169281,35.254609742560895,0.2799218258099163,0.4607928986076437,0.2614865394492154,0.43042949633243405,0.22850616668820253,0.3761708806655084,0.27891618914874494,0.45913710108155886,0.280255149990085,0.4613415780408579,0.27959974460608855,0.46026263503641895,AYDIN,KOÇARLI,22234,-0.531
54988432B34132798290249,0.2611325595673143,0.3348935474663597,18.51384781728723,0.25818366895192063,0.33235809521300214,0.2323832159611877,0.3054478135394753,0.20251088788067195,0.2724353131549974,0.2561830415129951,0.3304474657807324,0.2589596155326794,0.33307153172908976,0.25752203886208086,0.331735839496168,ZONGULDAK,KOZLU,50616,0.622
54988432B34153029371714,0.1933594154677959,0.13986524331630307,2.127075765973876,0.18010763241790598,0.13027971120512336,0.127100436751168,0.09193747817800334,0.0873449703829627,0.06318068868957283,0.17504834940634276,0.12662013132727035,0.1825646108096179,0.13205694023822057,0.1789094946839265,0.1294130502376078,ISPARTA,SENİRKENT,10331,-0.387
54988432B34226837880284,0.5908406780335316,0.787925092730775,47.864439702962805,0.5842923538642428,0.7817363046325855,0.5175769493252264,0.7055189748067052,0.4226515059702892,0.5934630610559551,0.5794017163857677,0.7765472324650677,0.586376072411581,0.7838527732948887,0.5825760703201198,0.7799433324823866,ANTALYA,KEPEZ,649102,1.392
54988432B3445581450876,0.06421348827018321,0.10581218496220929,8.437863528175441,0.06405313827278866,0.10554795724245655,0.06039246534329662,0.09951583203736278,0.05443772433676177,0.08970349862020921,0.06393102027749041,0.10534672892962382,0.0640990676466945,0.10562364052236925,0.06403618947922428,0.10552002870395423,DİYARBAKIR,ERGANİ,141098,-0.572
54988432B34477640243489,0.22181561756749052,0.2545635728504029,14.959601410263001,0.2151393126915638,0.2494505751648356,0.18333945698259457,0.22060354775677793,0.15545109593521525,0.19231361213872408,0.21090687881234746,0.24596737208816633,0.2167957726109981,0.25076830606791795,0.2133278305089322,0.2479788792285787,RİZE,FINDIKLI,16388,0.018
54988432B34565722813998,0.904081640076833,1.4482406999064086,120.32292057784558,0.8970948916714988,1.4395597791398644,0.8073930674464113,1.3031199578342307,0.6840891033286025,1.108495067912855,0.8881249454608726,1.426805534438219,0.8997983578391832,1.443194910035836,0.8930896427677306,1.43396088598068,ÇANAKKALE,GELİBOLU,44689,0.465
54988432B34660982943926,0.8013972288169864,1.1724452128113196,91.13243577461832,0.7919505651010162,1.164795067288671,0.7030183866057506,1.0581118421619486,0.5020684786895591,0.7621677275206737,0.7928247190972579,1.1655402831361192,0.7919727077915834,1.1648195783486084,0.7948322719515187,1.1672493665052606,YALOVA,ALTINOVA,35490,0.556
54988432B34754350739794,0.032782389586807306,0.04175810223885169,2.28143554561488,0.032077020864707095,0.04120903465588999,0.028550087984364064,0.03785029747264938,0.025334699352126802,0.034391676550654234,0.031860255784046596,0.041027549750206026,0.03217593648646359,0.04129017992858916,0.032065705310493534,0.04119973075321567,ADIYAMAN,BESNİ,75398,-0.444
54988432B34790562397224,0.5854906714214043,0.9068890943953194,73.22598166479516,0.580994385049524,0.9017244735442136,0.5056735029346243,0.7942036893628139,0.38564571567656725,0.6135610068799228,0.5768539792444399,0.8963501961499951,0.5824127925275777,0.9034908228475484,0.5796637760547291,0.9000253477066325,AYDIN,ÇİNE,47906,-0.07
54988432B34891185513050,0.7622363147492996,0.7243625250088463,30.60432827642074,0.7560202356113332,0.7194296850962791,0.6388434552228985,0.6252003025298557,0.48544233565491446,0.49797759005698505,0.7486913728988591,0.7135429787778079,0.7585944029909714,0.7214687807365651,0.7536256514106712,0.7174896829972094,BURDUR,YEŞİLOVA,13915,-0.336
54988432B34962882153864,0.17615779896950884,0.29021950414611725,24.348939737816856,0.1751412886253004,0.28854476078972274,0.1542781854145278,0.25417175722447377,0.12467799859070991,0.20540356255796083,0.17409001539244606,0.28681278200599086,0.17548786515976708,0.28911575972784503,0.1748516125117163,0.28806753149211284,MERSİN,BOZYAZI,26832,-0.211
54988432B34987359358505,0.09053973774608562,0.13901743620723256,10.313241139800649,0.0903713655360789,0.13878023415387436,0.08677927142826139,0.13367789671093175,0.08151520803194433,0.1261211871773085,0.09021570506534414,0.1385606275555105,0.09042484228070138,0.13885561966316295,0.09033599577653442,0.13873035567397063,SİİRT,MERKEZ,180837,0.074
54988432B35038871298949,0.15131090671729064,0.18668273797195103,10.629165999831574,0.15068819713738524,0.18605675014290754,0.14249136728290698,0.17657727486686514,0.13091588948982086,0.1629634590465972,0.150213653159709,0.18553493183276126,0.15085453640430907,0.18623491570826103,0.1505505808688137,0.18590708609676557,VAN,EDREMİT,132309,-0.377
54988432B35042353333735,0.31674346832697237,0.4222184172888981,25.98627434237969,0.31260192570422585,0.41891415186058445,0.28572070105249325,0.39228915253470725,0.2546350662219841,0.35693554415507306,0.3126781561178486,0.4189606444306591,0.31275611654455576,0.4190510443655824,0.3136206561913927,0.419753071581111,KIRKLARELİ,BABAESKİ,46355,0.252
54988432B35345810127315,1.4606142407253921,1.4678374681805606,69.22642804320438,1.4334248066213833,1.4450874374736273,1.0139332090716444,1.0659126622773016,0.23429444608971656,0.3621509373791995,1.4416322931481351,1.4521743254383046,1.430695467408538,1.442712180292285,1.4469011596109276,1.456665501688879,ANKARA,GÖLBAŞI,172810,1.79
54988432B35509610678021,0.29727005277062896,0.3988564312127354,25.670105321899012,0.29105206815291146,0.3925001160771293,0.2088822619882873,0.2945112976738963,0.0888752018754638,0.1454071202228377,0.28718369614007033,0.3881545933478419,0.29250315018460454,0.3940896036520227,0.29021040253636704,0.3915660564636785,İZMİR,BAYRAKLI,296481,1.322
54988432B3557290765638,0.6458080825242214,0.5262729942483103,14.220615558553318,0.6419795142509381,0.5233503985793205,0.566971499745615,0.4658558972949552,0.4674252051312021,0.3891594998231806,0.6377942109199448,0.5201528013826084,0.6432735983417502,0.5243385995086113,0.6407354359132922,0.522400121792022,ORDU,KABADÜZ,6794,-0.744
54988432B35702566688880,0.20718053372976047,0.28000787682816974,18.84784463018503,0.2052398689278413,0.27825763368600165,0.18646128820478922,0.2572204560595875,0.1632256168788845,0.2293066980709947,0.20385697777036094,0.2768509609917374,0.2057657804300237,0.27877010260991336,0.2047838760200538,0.2778005056464398,ZONGULDAK,ÇAYCUMA,91796,0.08
54988432B35722603775069,0.5302469603567395,0.7125069902485979,50.352878994516864,0.5237643201190353,0.706158450210849,0.44870446873454484,0.6223307139963118,0.3489338949463311,0.5021005679785407,0.5180529648553438,0.7001835929214418,0.5257312985013727,0.7081667638432326,0.5217077320995597,0.7040268963488421,EDİRNE,MERKEZ,200753,2.113
54988432B35777167420059,1.6338174830099697,1.515844104688765,51.85423213354578,1.612873162553869,1.4994708394308023,1.4324504706371686,1.3529647475179867,1.214893366007402,1.1736437084613094,1.6038654871138258,1.4923075644519679,1.617166062641107,1.5028683297238554,1.6117123639678765,1.4985538989575473,NEVŞEHİR,ÜRGÜP,39979,0.527
54988432B35906022990026,0.6279595637509244,0.7745787200223289,44.29514829275973,0.6149310767268952,0.7638985659886932,0.5193227776078455,0.6707934026531471,0.4097404460889464,0.5523790468773693,0.6063193877557994,0.7562315704768283,0.618816711764285,0.7672397259996733,0.6118359384350865,0.7611764608303799,ANTALYA,KAŞ,63957,0.203
54988432B35969765693903,0.35815100601664995,0.5597963519633622,39.7916160184949,0.35645017422846526,0.5574315836253702,0.32609623077115685,0.5151144830879042,0.2787658502951202,0.4466009529659439,0.354677914425377,0.5549993180205283,0.3570433208390517,0.5582470181438509,0.355884305853831,0.5566547945260658,AYDIN,İNCİRLİOVA,58230,-0.091
54988432B36041856094312,0.15444199046038642,0.2544923956126881,19.602022210585037,0.15354117749605264,0.25300801919013044,0.13612045870507458,0.22430183348768618,0.11324302453050664,0.1866039702886832,0.1527925591234298,0.2517744318575629,0.15378567491151915,0.253410906596578,0.153397715593537,0.2527716199884527,KAHRAMANMARAŞ,GÖKSUN,49145,-0.502
54988432B36117430101282,0.33033709451071736,0.42755704871752914,28.231865448670266,0.3263604124352603,0.4238687286937213,0.2891908245141934,0.38130116979138,0.2432876469030469,0.32665302956058323,0.3241692886324334,0.42157577768663446,0.32736054839603146,0.4248764047000539,0.3258452359592031,0.42333868499396055,ERZURUM,PALANDÖKEN,181922,0.378
54988432B36177439275968,0.017711945189869398,0.029186074000300172,2.1644147619227865,0.01761555004725342,0.029027232284412945,0.015695767289291618,0.025863778409768997,0.013068362448506194,0.021534291654369004,0.01750575057609887,0.028846302665674988,0.017650286037353292,0.029084470897487936,0.017581517558230144,0.028971152913547692,MANİSA,SELENDİ,18568,-0.528
54988432B36260416662231,0.4547679351016085,0.5115450317716077,26.80364324729714,0.4487836178903266,0.5061379973440296,0.3639578845954877,0.42012629974765636,0.18594136673449732,0.24483672136591178,0.4494356609634403,0.5068206328599456,0.4488119985257206,0.5061383163178528,0.4509318487128267,0.5082104777180736,KOCAELİ,GEBZE,414960,2.334
54988432B36267085321319,0.000266739762283582,0.0004395387608405592,0.03563135327701941,0.00026566717917332004,0.0004377713383642588,0.000244790116967757,0.0004033697254466138,0.00021609713402736695,0.0003560888924036932,0.000264755524731038,0.00043626909715190656,0.00026603433443221674,0.0004383763436553709,0.00026547551843673233,0.00043745551622383127,ERZURUM,TEKMAN,20826,-1.277
54988432B36427542576396,0.025279644996251332,0.04165627104491673,2.874309188996954,0.025126406252958117,0.041403761382453066,0.02310024692906464,0.038065018216209744,0.020502123357574297,0.03378378168309239,0.025043834234955868,0.04126769766940896,0.025159509331219968,0.041458309252911774,0.02511720054569816,0.0413885920461417,OSMANİYE,SUMBAS,13049,-0.987
54988432B36565352267385,0.4714615664501758,0.6545893873407455,39.95593166205745,0.46929116929849324,0.6521220070034145,0.4253566144241284,0.6006139893749955,0.3631991193391284,0.5249496158385839,0.46589113448542885,0.6482378783622144,0.4701504131790737,0.6530996075866011,0.46793171229119646,0.6505723093094358,ÇORUM,KARGI,15119,-0.583
54988432B36689852261015,0.20986200143513983,0.2831740226446386,18.065977144433205,0.20789390003141225,0.281147842301335,0.18539707288529447,0.2537805989319103,0.15174129170751838,0.21212410641173104,0.2078803065810956,0.28114753252317326,0.20800648258084753,0.28126612095732023,0.20842345927687977,0.2817413173552188,TEKİRDAĞ,ÇERKEZKÖY,223975,1.034
54988432B36753420123285,0.0030668532590521756,0.005053618064375826,0.40496635301951006,0.0030544309096887825,0.0050331482851454275,0.002808358358343639,0.004627665340386214,0.002476396640418072,0.004080652623218145,0.0030454861808734746,0.005018408993988096,0.0030575806670751064,0.005038338514178702,0.0030533555229006514,0.005031376242716384,KİLİS,MUSABEYLİ,11692,-1.243
54988432B36991847269691,0.04272188000599773,0.05828232455649943,3.733249381649395,0.042607737838067025,0.05814065717480565,0.040236660357392845,0.05517788915980918,0.036919231050517635,0.05100626430545021,0.04248694465555887,0.057990497310107546,0.0426465527564713,0.05818886553646164,0.042573928643222306,0.05809864699025085,ŞIRNAK,SİLOPİ,152610,-0.621
54988432B37281508268494,3.401734599899291,5.011138427841613,407.94893913534224,3.3842028600299305,4.991746220002063,3.0612919638234586,4.584196776800301,2.5302059243961206,3.8588154345142143,3.3825511620976174,4.989829418288584,3.385963478428405,4.99377927092225,3.3890276083932647,4.997295472905394,ESKİŞEHİR,SİVRİHİSAR,20189,-0.163
54988432B37425525232192,0.20236094372929833,0.15287631291656523,3.175744864240539,0.19072922245516477,0.14443552071884116,0.1437296870434744,0.10989350991333045,0.10810444045931619,0.08336808931327008,0.18250158479606418,0.13843533021723117,0.19376245421437516,0.14664160228561476,0.18670195592038105,0.1415014193696546,KASTAMONU,KÜRE,5108,-0.564
54988432B37474601695355,0.19134739241283585,0.26506538629566667,16.437993641048323,0.19010898486928096,0.2639493268125656,0.1786481628509481,0.2509938962038254,0.16474729969619029,0.2342432216521474,0.18910908338340884,0.2629286708571964,0.19047172943918766,0.2643021369408014,0.18972600020065994,0.26356681305745144,BARTIN,MERKEZ,163766,0.475
54988432B37568422397165,0.3827869969230905,0.52090010134948,32.266341564036175,0.37332278881708797,0.5110447616986925,0.25704889705572864,0.37316681796145745,0.12305442292428664,0.2027713757598268,0.3671325452160132,0.5041083490970949,0.3756341173483813,0.5135859354913197,0.3719767853841137,0.5095501336585506,İZMİR,ALİAĞA,110892,1.154
54988432B3765894828003,0.7541514520766552,0.8146723042613572,40.19561909356316,0.7526310744645679,0.8127589523339372,0.7129041333562354,0.7682463350568831,0.636629608081533,0.6898180453851723,0.751574275265546,0.8114796155679764,0.7530714784698862,0.8132987063736064,0.752525079295785,0.8126388231794358,NEVŞEHİR,ACIGÖL,19430,-0.746
54988432B37815210260305,0.02816012758322526,0.04640278403593947,3.6205462026662794,0.02801626667055062,0.04616572733787141,0.0252008283533815,0.04152639550913598,0.021467484324611506,0.03537452150974137,0.027910820021642593,0.04599197038090693,0.028053272197041797,0.04622670573538865,0.028002533542153082,0.046143097632473755,HATAY,HASSA,57457,-0.627
54988432B37822408254427,0.0005819855696776311,0.0009590066885162621,0.08577480339312257,0.0005805116607021784,0.0009565779537857665,0.0005496734965157977,0.0009057622510310005,0.0005062552913175827,0.0008342169218031233,0.00057957969865068,0.0009550422493157653,0.000580923556610522,0.0009572566835544319,0.000580473116404245,0.0009565144397719354,TUNCELİ,HOZAT,5332,-0.304
54988432B38029735650586,0.6561134415245508,0.8841973338812262,64.06781262106279,0.6479242454137957,0.87632988797695,0.5598473701823332,0.7709570204106865,0.44277412493806645,0.6195643890707213,0.6424770154329785,0.8700602824349457,0.6500058855192432,0.8785510945603697,0.64643853065448,0.8744967008760116,ISPARTA,KEÇİBORLU,14033,-0.147
54988432B38192653794481,0.03312645115969149,0.05458244037521993,3.9194680227053373,0.032931054201437,0.05426076562684214,0.02911565468771701,0.047974895098711036,0.023950729821307245,0.03946494748828224,0.03270532187691587,0.05388898190509217,0.0330047370957276,0.054382113546155575,0.032859549943889614,0.05414301926618675,AYDIN,KARACASU,17225,-0.422
54988432B38234648965516,0.6575536379144539,0.8042882181438261,48.86606426908485,0.6508099508757406,0.7981205118367726,0.5826596621632291,0.7228208052401274,0.48204306195465874,0.6054463779435898,0.6511138928605748,0.7984232951726536,0.6510115861823724,0.7983167724782044,0.6527741209561004,0.8000311358109409,SAKARYA,ERENLER,92549,0.69
54988432B38360360890356,0.4794267793115493,0.6598431055617988,39.23348738933335,0.47409186444697154,0.6536873579066707,0.37963631587026797,0.5373387166521593,0.1990527486920557,0.3242495656275979,0.4752847540141779,0.6551295756580484,0.4738857748726066,0.6534369729064703,0.4765754911811657,0.6566713189850567,İSTANBUL,SULTANGAZİ,529306,0.816
54988432B38529977657987,0.4247123633751446,0.6998489625746603,61.588101086895975,0.42379676175830033,0.6983402171343632,0.4060777338588415,0.6691424721129535,0.37175998668684757,0.6125930475439184,0.4225211657375458,0.6962382661935077,0.4241462713005951,0.6989161454841786,0.42331391971229465,0.6975445809953561,DENİZLİ,ÇARDAK,8497,-0.236
54988432B38557557981800,0.0015515329789860988,0.002556645012908847,0.15655398602516354,0.0015030787653295436,0.0024768012549112534,0.0012609799246460602,0.002077866264777224,0.00103477742746566,0.0017051255662831968,0.0014864104641426818,0.0024493349169859716,0.0015101187293314557,0.0024884018390434123,0.0015008976136451162,0.002473207112439314,KONYA,AKÖREN,5744,-0.672
54988432B38576388688416,0.5042752477156942,0.6154147144858698,38.21349249812769,0.49651835688999396,0.6089933925245482,0.4028065306751362,0.5166850413273285,0.2385137123377681,0.3371289857661227,0.49642820424735296,0.6089166145550734,0.49690883326400415,0.6093284820043499,0.49848362984758016,0.6106717539818096,BURSA,GEMLİK,124400,0.743
54988432B38658846076,0.08691495371778714,0.06286895871908674,0.9560644908956586,0.08625802479442674,0.06239377653699388,0.07365391684003629,0.053276736156941076,0.05725047767500999,0.04141149208092609,0.08567270650924619,0.06197039310831453,0.08649266316668136,0.06256349957668032,0.08612791305939951,0.06229966167012234,ERZURUM,HINIS,23011,-0.909
54988432B38688250747899,0.23492119502207515,0.27320154032521693,16.539922245320813,0.2287856196183773,0.2681531708103332,0.18316701202855823,0.2233327868772388,0.13373630603420616,0.17111863093214416,0.22483302713255723,0.2645861612165215,0.2302843544712824,0.26945961677783814,0.2274289368004124,0.2669451189188029,UŞAK,BANAZ,34624,-0.264
54988432B38711157277910,1.556176425180893,2.417072316943442,208.47127539411025,1.5499379878026078,2.409946092557653,1.38523378549936,2.1740463469865268,1.0321726444422283,1.6397431681148351,1.5445688702742473,2.4032989579685498,1.5517114210163576,2.4120867070365404,1.5484939289773956,2.4082483931075997,BALIKESİR,SUSURLUK,37676,0.225
54988432B38730133189438,0.37432254027089046,0.5494583037995311,22.287590166816248,0.36318225994800857,0.5399280348040014,0.2936767857582401,0.4607031883566217,0.22682580415527717,0.3737677953655822,0.35815466103846627,0.5350100155911411,0.36527000819156086,0.5418827662696247,0.3620310024956287,0.538826365220481,İZMİR,KARABURUN,13725,0.676
54988432B38814369243914,0.8452047940355486,1.3748828047788435,117.16536290014709,0.8396303082372781,1.3672950249037972,0.7055763490366076,1.152790255524332,0.3930092408982425,0.6425302242281422,0.8405103252693603,1.3692583938379714,0.8393585175134004,1.366625430309845,0.8419118808795378,1.371122722622491,KONYA,KULU,51732,-0.125
54988432B38852323422695,0.12723068908960128,0.20965102099854396,17.00558427646178,0.12680073135590011,0.20894254249891778,0.11850918513242252,0.19527984740668292,0.10651526883301957,0.1755164027400976,0.12608877193834225,0.2077693873978174,0.12698215807884275,0.20924149466642933,0.12649784649744727,0.20844345393329924,KASTAMONU,DADAY,7736,-0.451
54988432B39031228995551,0.004440867933485609,0.007317745100431104,0.6269311369757616,0.004427202334587282,0.007295226671403158,0.004067116949667156,0.006701871250637944,0.003408711771025999,0.005616938903568989,0.004405378182727398,0.0072592644264691175,0.004432698199945363,0.0073042828609586885,0.004418772367327571,0.0072813356139487355,DENİZLİ,BEYAĞAÇ,6011,-0.57
54988432B39086486871912,0.0,0.0,0.0,0.0,0.0,0.0,0.0,0.0,0.0,0.0,0.0,0.0,0.0,0.0,0.0,BİTLİS,HİZAN,29948,-1.103
54988432B39242508990660,0.354001778564851,0.4676527438736022,29.062670164288754,0.34847539435032643,0.46312116810240933,0.3119713227550231,0.42525986913771957,0.27187441339644913,0.3787727643368215,0.34534910157288934,0.46025708384570324,0.3496564359242829,0.46415767848451545,0.3474579445744924,0.46220111672311354,ORDU,ÜNYE,135914,0.266
54988432B39563572942554,0.03186509363631104,0.05250789627712967,4.329466623330455,0.03185177700779041,0.05248595288800603,0.03095854939120863,0.05101407574310733,0.028374973221361358,0.04675681069004566,0.03183716448322569,0.052461874097184065,0.031856585450962725,0.052493876330448365,0.031848931226937376,0.05248126355718015,ISPARTA,GELENDOST,13985,-0.641
54988432B39641834885080,0.5143327202099188,0.6420701355854374,36.20578770927573,0.5075472190408813,0.6350412860034574,0.39729190526490094,0.511010401863135,0.1685612157803962,0.2696337171125799,0.5089865794774544,0.6366108079432361,0.5072997866945378,0.6347699691937833,0.5105641089321937,0.6383076824125966,İSTANBUL,FATİH,351786,4.226
54988432B39702519018087,0.32420998423781144,0.3564315949693018,17.881956563867263,0.32178393470614863,0.3541781783300324,0.30269271999514163,0.3339648106097691,0.2788684092618988,0.30804637965175974,0.3202400731208936,0.35265138034158283,0.32232913962451976,0.3547050879316943,0.3212608693508925,0.3536693522921478,KARAMAN,MERKEZ,207973,0.761
54988432B39717738295698,0.00027264517611561343,0.0004492698120185319,0.03145552064168685,0.00027119283550460757,0.00044687661804169516,0.0002503491806899427,0.00041253005444655293,0.00022298507643883045,0.0003674389725205719,0.0002703735084183886,0.00044552651557059464,0.0002715184743343371,0.00044741321178563327,0.00027110283979794387,0.0004467283214358601,ADANA,ALADAĞ,15839,-0.764
54988432B39718054130595,0.08143600793624452,0.12427109124958118,9.347152027539023,0.08041831905563841,0.12319502515644688,0.07196369279787497,0.11169355550014592,0.0622607618014654,0.09754624343608423,0.07996304170471431,0.12264710578386413,0.0805980286897275,0.12340384313304999,0.08034890374077183,0.12311309516471865,HATAY,DEFNE,139605,0.338
54988432B39847004244827,0.1347641481434706,0.22206687961930216,18.38177961053117,0.13426039905104428,0.22123679245882824,0.12298594566214116,0.20265853764864564,0.09881723662760743,0.16283288762478637,0.13379082989096866,0.2204630276290872,0.1344120826987539,0.22148673960575252,0.13412074717450717,0.22100667148909853,BALIKESİR,BALYA,12296,-0.6
54988432B39970193514521,0.22001222210349622,0.25407223228172043,14.420753957530978,0.21306583242292956,0.2485051922216667,0.1712660216982068,0.2080446542968276,0.13008778655615316,0.1647418340793638,0.20893244800332703,0.24488236433276686,0.21460110924710282,0.24980382256834743,0.21158158432472038,0.24722354265580557,SAMSUN,ALAÇAM,24560,-0.417
54988432B39980691668600,0.11525455862230624,0.1547043575479379,9.896254206661443,0.11295309685705371,0.15284943636440607,0.10028247861505366,0.13972043698423325,0.08794787320436494,0.12520765533549325,0.11179989363625487,0.15181418051242931,0.11342213008545182,0.15325331001989925,0.1125957696184282,0.15253469683069149,VAN,GEVAŞ,26253,-0.794
54988432B40127483323381,0.0817369942896253,0.12106899206562605,8.209356665014168,0.08009017166383174,0.11955239203884346,0.06797978897210924,0.10438493749656005,0.05434593120775916,0.08551000723798248,0.07902981269240311,0.11838967328074236,0.08050312043995828,0.11997462981660521,0.07972173901889335,0.11915416175920629,AYDIN,KUYUCAK,26196,-0.224
54988432B40132817708640,0.38224959608558834,0.5147071345176244,33.65684243264518,0.37944239325162177,0.5118793753317676,0.34394741141018476,0.46977763055215166,0.2921191172042902,0.40673278900415755,0.3763878184791287,0.5084631954108934,0.38030985691284314,0.512812607831434,0.37817489081120237,0.5104802248193728,ÇORUM,MERKEZ,299565,1.026
54988432B402287673455,0.41116254054056545,0.4196562754837605,20.734527103076214,0.4059050116873737,0.41486895946118807,0.3121756472534168,0.3292903719581573,0.19351656526612873,0.2179119292287639,0.39947746523308025,0.4091941109951311,0.40783176281230105,0.41658077088419326,0.4036655005648823,0.4129230298552776,AFYONKARAHİSAR,SULTANDAĞI,13641,-0.368
54988432B40385589534090,0.2104225230884198,0.29540760634975044,18.990300684235407,0.20779766255537532,0.2925685976243808,0.1710122321622011,0.24573990498043496,0.11182574349331685,0.16679995028731145,0.20813600709425092,0.2930008971197453,0.20778979868219677,0.2925434067631029,0.2087864027968862,0.29373731142664783,KOCAELİ,DARICA,235632,0.603
54988432B40899353462768,0.022712490227590303,0.03742606548334926,2.606780163368418,0.022588912434611714,0.037222431688641616,0.0202932529394856,0.03343960110814926,0.017111606037408095,0.02819682393537592,0.02245213375995974,0.03699704523462646,0.022639327441679177,0.037305506478633524,0.022544747930723658,0.037149656594497774,ANTALYA,GÜNDOĞMUŞ,6953,-0.815
54988432B4104847116325,0.10669473624390295,0.1758135785807511,14.746173017844615,0.10617883892224678,0.1749634733413206,0.09708644649875561,0.1599808593332576,0.08477258333719002,0.1396898456918771,0.10572511707020432,0.17421582200165645,0.10632706548990656,0.1752077238471884,0.1060639877683031,0.174774219465358,MALATYA,AKÇADAĞ,31479,-0.514
54988432B41050600008895,0.18384754740546436,0.3029474214056746,18.155696411201323,0.183552384605392,0.30246104663245243,0.1772740960157599,0.292115565466609,0.16828614553922538,0.27730505284887536,0.18316832615643966,0.3018281879491511,0.1836666785763261,0.30264938237184796,0.18342041985160448,0.30224359264712297,GÜMÜŞHANE,KÖSE,6107,-0.629
54988432B4112577845530,0.006365350068169325,0.010488942695783912,0.7644232128202074,0.006346135897469843,0.010457281226539404,0.005948893736189681,0.009802698175898905,0.005395486849769311,0.008890783975273509,0.00631104196010214,0.0103994527812729,0.006354723054259969,0.01047143130383708,0.006331067883755061,0.010432451872191092,KASTAMONU,HANÖNÜ,4286,-0.427
54988432B41170442786608,0.4397387478853784,0.592474608776219,44.401364207769824,0.4333427969264181,0.5875902604075304,0.36681865640797884,0.5213172128328525,0.25832694373816634,0.3873085226819123,0.4309406551435095,0.5857501537833895,0.434455228933894,0.5884399255448665,0.433281116908114,0.5875958087089563,BİLECİK,OSMANELİ,22025,-0.154
54988432B41213332539670,0.1435630352856939,0.10902499791300724,0.8880518026607946,0.14347033136977155,0.10895510710834766,0.14139959317368594,0.10739359618765719,0.13828778085614668,0.10504647284345292,0.14341037876137078,0.10890990609927106,0.1434932601344228,0.10897239383458743,0.14346751133822533,0.1089529809835074,ADIYAMAN,GERGER,14497,-1.289
54988432B41389891217354,0.056375348070219156,0.09289635118740043,8.13833133439478,0.05608675092390029,0.09242079542102669,0.04910065587192593,0.0809089775504138,0.03736641525208459,0.06157307675596568,0.055865543174852296,0.09205628516176691,0.056164089611493315,0.09254823555450604,0.05605568503323363,0.09236960446632565,KONYA,YALIHÜYÜK,1704,-0.682
54988432B41479825758135,0.01209441938544778,0.01992941008965185,1.6838067616527046,0.01203684998295494,0.019834546153291537,0.010943604115017127,0.01803307519907894,0.009466190994540363,0.015598566272983548,0.011997281811006698,0.019769344980740573,0.012051789247672957,0.019859163352638994,0.012032356427681395,0.01982714158900839,ADANA,YUMURTALIK,17806,-0.448
54988432B41555288308569,0.13448698911112475,0.22161017179072418,15.733956800168698,0.13414311300790532,0.22104352632700433,0.12836014045514407,0.2115142361752297,0.11776498674598317,0.1940553440611666,0.1340499856288273,0.22089006929289043,0.13419579262190676,0.22113033277858654,0.13417219671610714,0.22109145100442856,KIRKLARELİ,PEHLİVANKÖY,3276,-0.387
54988432B41651789151995,0.30277953511760247,0.3409449899181923,17.601377525105576,0.28910558704474676,0.3305731102520793,0.2261633154249887,0.27553510594113345,0.17049252873039142,0.22033415125125091,0.2805067616174329,0.3236947580739139,0.29224432060599587,0.3330195533590536,0.28538138459371487,0.32762469825707663,DENİZLİ,BABADAĞ,6199,-0.43
54988432B41717304515053,0.11543791112241315,0.1902113510674791,13.844694266251393,0.11496444966295997,0.18943117347988614,0.10538642397980588,0.1736486598456275,0.09229096743798254,0.15207079849243563,0.1142157682931589,0.18819748910903009,0.11515287947540351,0.1897416709250854,0.11466518207201254,0.1889380369343286,ÇORUM,İSKİLİP,28132,-0.492
54988432B41731057290221,0.07019438606087937,0.11566762001670185,10.423732496861302,0.06968784357424172,0.11483292984908781,0.05992675970173563,0.09874843358556933,0.047175152091532876,0.07773609646818502,0.0693219494082553,0.11423000261042035,0.0698166025825497,0.11504510134715858,0.0696422570309543,0.11475781149186948,GAZİANTEP,İSLAHİYE,66107,-0.37
54988432B41923494384983,0.12131941325865037,0.16264399697647017,12.562669366798437,0.11845003092794451,0.160201878522829,0.1006195545971947,0.1399649000067385,0.08243895471355159,0.11686487803486349,0.11703354722312903,0.15882015862512844,0.11899953397200282,0.16071317754843922,0.11806062643240912,0.1598297177103718,MALATYA,DARENDE,24806,-0.43
54988432B42317071313317,0.06594201816480194,0.09341938113645189,6.1162286283572485,0.06510944995822318,0.09273390844576143,0.060228467013321935,0.08743672859482211,0.05527176607955284,0.08132833048224819,0.06485540482724257,0.09250034097264115,0.06524457715971771,0.09285432092024137,0.06510772845653354,0.0927323562791514,HAKKARİ,YÜKSEKOVA,121314,-0.477
54988432B42480062552941,0.5010471811484867,0.7841709951070913,61.3376356993184,0.4951182386887923,0.7780866171755668,0.43512991150112845,0.6941374375532084,0.3444874189143979,0.5560474668748943,0.49112519800284116,0.7732260374080199,0.49657502358635125,0.7797617720438563,0.49386442661625307,0.7765965493303927,BALIKESİR,HAVRAN,28152,-0.471
54988432B42537798985554,0.47446312767114945,0.6635891344595128,45.603055806931344,0.47173630230140473,0.6605110878117088,0.44181083445312985,0.620200720798184,0.3952214508428163,0.5584828300792418,0.46884878956778914,0.6568109056143989,0.47259890892206613,0.6615596089113829,0.47044244611233543,0.6588858252655807,KASTAMONU,TOSYA,39091,-0.066
54988432B42778469156443,0.2722485440442904,0.37687674776551483,23.902551406734908,0.27000643900515864,0.3741049475187444,0.22917507018971223,0.3216130010208703,0.15263512160244316,0.22821119250994681,0.26997386265565687,0.37406267565560275,0.2701452194372375,0.37428481356890503,0.27068740919970474,0.3749833308705372,BURSA,GÜRSU,105799,0.176
54988432B42781548815333,0.05932878574580088,0.09776308093564431,7.1207877234423185,0.05921770915123708,0.09758004684910622,0.05685105106868809,0.09368022347057688,0.05345944651520856,0.08809147415950595,0.05914075669800633,0.09745324315982076,0.05924949732394405,0.09763242799363973,0.05921071553742385,0.09756852264168044,BİNGÖL,SOLHAN,33233,-0.73
54988432B42922593275037,0.2894209912936158,0.3683021583486711,23.346549208099077,0.285377240744652,0.36424023020274865,0.21835736757631627,0.2928492474897612,0.12697006864634214,0.18768535445019643,0.2819720372413952,0.36076459860345667,0.28654480257785336,0.3654253879621884,0.28456098953476655,0.3634106228048323,MANİSA,AHMETLİ,17612,-0.292
54988432B43283240341511,0.06714197986760789,0.11063780809707427,9.28119964672157,0.06689256796401317,0.110226822505326,0.062200620346202974,0.10249534361291923,0.054787748462737706,0.0902802749106229,0.06676633546002372,0.11001881422824605,0.06694849810051051,0.11031898522857067,0.06689571814761595,0.11023201343668669,NİĞDE,ÇİFTLİK,25157,-0.977
54988432B43554953634888,0.04681772403422443,0.07714711984147585,5.406136486434592,0.046671097042152,0.07690550514612805,0.04399103244994834,0.07248924466908117,0.04010890399199938,0.06609220090919107,0.046573925939963325,0.07674538478956824,0.04670817592758207,0.07696660442587455,0.046659268672174646,0.07688601413722071,ADANA,KARAİSALI,22872,-0.546
54988432B43586111700831,0.254543144481193,0.382544399859209,23.09427856114632,0.2501689156171087,0.3777934324757406,0.23044989163885576,0.3551279310283698,0.20971115008154606,0.32832515129999834,0.24771422458502182,0.3751091890357128,0.2511287138840784,0.3788384324201487,0.24917070238650948,0.3767042037746754,SİVAS,SUŞEHRİ,25056,-0.28
54988432B43626736255275,0.2698279465004504,0.3304763096335756,19.99584874111725,0.2670716009826587,0.3277598449587191,0.23628376823559286,0.29308044476375,0.19140123854458127,0.24292528685006815,0.26557464071357595,0.32614056121158674,0.26760789992252115,0.3283267165213475,0.2667710451298629,0.32743849397429187,KAHRAMANMARAŞ,ONİKİŞUBAT,447591,0.686
54988432B436343701670,0.5272545475032261,0.4520146682973286,15.369095518438472,0.4923070129319096,0.4263768965873911,0.34561369505692735,0.3124506215239302,0.2289645069067248,0.21608219610818694,0.49011033599862225,0.4244349115619238,0.4944615260068235,0.42804702094363145,0.4980626064373483,0.43044805311208734,ESKİŞEHİR,HAN,2126,-0.687
54988432B43742920895959,0.30872820274481155,0.42217675129969234,27.479033137057357,0.30257095452546956,0.41577529254567347,0.2167433489783888,0.312955428257301,0.09691980409410807,0.15882507918152913,0.2986073367005272,0.41129506804473603,0.3040399641576678,0.41740076312851854,0.30171383531206564,0.4148162702089199,İZMİR,KONAK,317399,3.465
54988432B43754311054552,0.26314608936348677,0.3542829738192546,19.284878448223473,0.26219297058012775,0.3527276540238065,0.24454068334326465,0.32810621657812306,0.2135409650256465,0.29038966707190056,0.2607787323966749,0.3504964400338564,0.26258787813114476,0.35336726541756946,0.2615742998335869,0.35174061833050957,ÇANAKKALE,ÇAN,46612,0.258
54988432B44345748787978,0.07809316688550252,0.10338565888111692,6.647677792543384,0.07630794817223152,0.10194660600590494,0.06664279377016248,0.09203083953103533,0.057261254794481145,0.08107975599740024,0.07488268480064184,0.10065677953031114,0.07680044750376512,0.10236699665850722,0.0756262698763353,0.10134196320077732,KASTAMONU,TAŞKÖPRÜ,36544,-0.319
54988432B44443308147205,0.002254035213847957,0.0034714201199190463,0.21687406340925103,0.002236084968624561,0.003450029689499945,0.002022156751393417,0.0031585587078941358,0.0017426165089240336,0.002762123564640584,0.002233073864232646,0.0034470898730695003,0.002238180207075178,0.0034523603818140958,0.0022390133390607224,0.0034543862430553955,ESKİŞEHİR,MİHALGAZİ,2861,-0.452
54988432B44474126810300,0.016733544049661778,0.027573846332815597,2.307695282560816,0.016663247084947017,0.027458009681777692,0.015270621867122885,0.02516321584482821,0.0133507771349872,0.021999659847983365,0.016596291955011652,0.027347679768487825,0.01668471616545969,0.027493386833515925,0.016646437426891435,0.027430310413364724,MALATYA,YAZIHAN,13937,-0.696
54988432B44685519111257,0.225060290161476,0.2760005124760035,15.502257108472142,0.21993941032682277,0.271191527672095,0.1622812776736009,0.21032605381137043,0.09339119870691681,0.13548495343350772,0.21659691090630867,0.2678168955982647,0.22115642256718906,0.27239682472973986,0.21911454818236933,0.2703660706523133,MANİSA,SALİHLİ,165007,0.616
54988432B44714852164400,0.11423395343223107,0.15484296524206287,10.425722137510943,0.11241626567994838,0.1533898202504833,0.10279612394122273,0.14370743318944243,0.09337340095706445,0.1328090889804033,0.11141086989908297,0.15250773575149323,0.11281752820860666,0.1537282213419851,0.11205271026647001,0.15307683017844165,MUŞ,HASKÖY,27684,-1.032
54988432B44792581222483,0.5365883722694191,0.6072891019638275,31.303043542210848,0.5310046909794204,0.6017138469012286,0.43446888957407914,0.4983865648664949,0.13335071721129693,0.218456974794231,0.5321669107563909,0.6029156319874338,0.53081151573596,0.6015173210354015,0.5334738860420947,0.6042732408507245,İSTANBUL,PENDİK,752033,2.485
54988432B44858754124976,0.28690772786203295,0.38156188641375816,25.65744450871798,0.28445471434953934,0.37885993411664765,0.2369528283309347,0.32446541412093793,0.17292504460448602,0.24820283928032963,0.2824023093329481,0.37641700415709534,0.28518847796519553,0.379734381838402,0.28405079425734553,0.3783058940781467,KONYA,AHIRLI,4536,-0.907
54988432B44904988646230,0.03315507150529688,0.054633545896037944,4.6161939719150435,0.033131947104822965,0.05459544107715953,0.03159355143735923,0.05206044397147637,0.027479630548368158,0.04528144831569998,0.03310924749760356,0.05455803624053763,0.03313894543192478,0.054606973051230266,0.033128686032621736,0.0545900674214958,ÇANKIRI,BAYRAMÖREN,2209,-0.836
54988432B45006727271001,0.49132576751668466,0.6779176562191039,47.344445144939314,0.47830433714737064,0.6661424498199073,0.3423369140984832,0.5084325095675868,0.17648006127683685,0.29080714019764015,0.47079080781036764,0.6584735761709957,0.4811805120104807,0.6689640670964847,0.4765931906611823,0.6643916384879198,İZMİR,DİKİLİ,49138,0.609
54988432B45078999476524,0.46741716482468704,0.5919936204355252,33.744251891406584,0.46181457060224335,0.5859094099758885,0.3640102492123239,0.47303950461759536,0.16557598122218647,0.2584652540857135,0.4630109417930735,0.5872813813077508,0.4616084975045171,0.5856718222259929,0.4643173729210397,0.5887592446420105,İSTANBUL,GÜNGÖREN,251242,1.92
54988432B4509527375863,0.8738071593038792,0.8593941615273,35.26598396186879,0.8624193576196565,0.8501794259777393,0.7324754161898989,0.7373110050082463,0.5518873847281872,0.5786355173634092,0.8530716474822646,0.8422898960072148,0.8662756820851847,0.8533834871135404,0.859173825294937,0.847455478899044,ANTALYA,SERİK,147062,0.852
54988432B4527245450623,0.14855768252989657,0.16531199731437307,7.9315363884124555,0.14602854414524646,0.16334052960168907,0.13341464842729664,0.1513394916775899,0.12142348212229018,0.13816850516623633,0.14526968705879556,0.1626999848478351,0.14640668823204497,0.16365055234570974,0.14600104222437255,0.16331343959531228,NİĞDE,ÇAMARDI,11631,-0.733
54988432B45288450631555,0.6558004262357527,1.080330995371265,95.04452555785977,0.6536527958885089,1.0767921176480377,0.6059129499353731,0.9981347008827055,0.5269418096950853,0.8680348068983709,0.6524786149295756,1.0748573330479572,0.654165959269406,1.0776377037308895,0.6536906810981356,1.0768545505707723,AKSARAY,GÜLAĞAÇ,19099,-0.688
54988432B45351721911110,0.49108582090250474,0.670531725420177,45.48767853127532,0.48595937516482923,0.6655306912897923,0.43225269187943943,0.6009871638027088,0.35279646693986183,0.4999755456662723,0.48619758779539696,0.6657873811569298,0.48611320486707416,0.6656918575077863,0.4874749629702976,0.6671190069475919,SAKARYA,ADAPAZARI,284006,1.392
54988432B45520240817550,0.31826693773595244,0.5244462026634652,40.63577429457802,0.31752404839981857,0.5232220557441964,0.3019233669360152,0.4975149615331038,0.27987403945915423,0.46118166801294375,0.31637712291139064,0.5213321305090374,0.31786161448052247,0.5237783034349947,0.31707654646646216,0.522484653702681,ARTVİN,MURGUL,6457,-0.165
54988432B45526631886391,0.0852227454639975,0.14043163124983207,9.138336618732108,0.0850635576707772,0.1401693186318183,0.08171287902809488,0.13464800780072525,0.07696116217928038,0.12681804005346192,0.08496179029483311,0.1400016244495429,0.08510267460157545,0.1402337762407767,0.08505875490970498,0.14016140455244658,ADIYAMAN,GÖLBAŞI,47917,-0.133
54988432B4572982362376,0.44311900288246026,0.5834004865413892,38.603903262953395,0.4363740240267807,0.5768386169856315,0.3422947072944565,0.4703785943126494,0.2030227819375857,0.30202987442604895,0.43172268213915804,0.571950933741363,0.4380349452560747,0.5785473229608694,0.4352474290116194,0.5756717083334159,MANİSA,YUNUSEMRE,270355,1.581
54988432B45752355908824,0.40938148436077554,0.5504044311603616,33.32723712916136,0.4043226630829358,0.5447001802719199,0.31993069120995504,0.4412303888969233,0.1549794058369682,0.25030639473158767,0.405414021804047,0.5460010681922097,0.40413486865029224,0.5444749457264629,0.40660642663711155,0.5474012745488054,İSTANBUL,ESENLER,419878,1.354
54988432B45816327347427,0.057298100772497154,0.09441688031980011,6.996198498336887,0.05691085909005163,0.0937787762449117,0.05135498599225658,0.08462370481541848,0.04421040408836844,0.0728507293509646,0.056653689729918834,0.09335500777143318,0.05700038517842278,0.09392629900495571,0.0568626920051515,0.09369940562304019,KONYA,GÜNEYSINIR,9237,-0.621
54988432B4585133817151,2.2392723167307472e-05,3.689914735074285e-05,0.002687126780076897,2.232071752256048e-05,3.6780495104843445e-05,2.0837130184400966e-05,3.433581218756579e-05,1.8778634074726717e-05,3.0943783861922255e-05,2.2250553377090437e-05,3.666487731583697e-05,2.2343071497397513e-05,3.681733040197206e-05,2.2303154393340075e-05,3.6751554252576304e-05,DİYARBAKIR,ÇÜNGÜŞ,10057,-1.092
54988432B45859142187926,0.0010745240940366293,0.0017706208656063376,0.08691236481512213,0.0010473715747837031,0.0017258784373910705,0.0009355503911314115,0.001541617403050042,0.0008488387058496674,0.0013987322689671274,0.0010321931468062395,0.0017008671403590616,0.0010533325272398333,0.0017357010061508468,0.0010411872745823099,0.0017156878320463125,GİRESUN,ÇAMOLUK,5709,-0.92
54988432B4589751730887,1.523054268259331,2.1434626219469983,159.7879633409539,1.4925206274863176,2.1130383955792227,1.1465499727383015,1.6396365052754718,0.5823393853364911,0.7868703847635037,1.4853133291044476,2.105786428353904,1.4961131013687738,2.1166529940784677,1.4941742072384943,2.114943242484137,DÜZCE,KAYNAŞLI,20379,-0.099
54988432B45931517008549,0.0428873734936128,0.07067061483337421,5.147095708180252,0.04280832139479292,0.07054035130888248,0.04112303751432336,0.06776330906312,0.03870554482755847,0.06377971947458284,0.042711644905880995,0.07038104598531553,0.0428376319521625,0.07058864979260117,0.042776896777379426,0.0704885692375499,MUŞ,BULANIK,68983,-1.036
54988432B46025215892894,0.22139713207615364,0.3353605904461647,28.604592276126734,0.21860664879437294,0.33193065451449416,0.18444584475091902,0.28031294185827194,0.14298057062111943,0.21549051248132642,0.21648803891048204,0.32895510818068247,0.21936773892918254,0.3329603615547942,0.2180013256790245,0.3310936748604023,MERSİN,MUT,62758,-0.179
54988432B4616590264443,0.598154116677951,0.5830365357703532,24.181969346016135,0.5889093978014325,0.5755835743856377,0.48826221656943863,0.487706853810284,0.330116327316978,0.3517068974414742,0.582396779244112,0.5700386063461231,0.5912607009495879,0.5775498374609506,0.5868720350982702,0.5738618719976691,BALIKESİR,ERDEK,32080,0.352
54988432B46438308523987,0.03201796459361327,0.052759799894970094,4.558731127620714,0.031990309462792625,0.052714229254028806,0.03058419940214342,0.05039721484128397,0.027020065648218305,0.044524168692263374,0.03198619089604326,0.052707442602837565,0.03199315128047678,0.052718912054271025,0.03199905153864269,0.05272863460984608,KIRŞEHİR,AKPINAR,6435,-0.596
54988432B46507991557572,0.3654556766617728,0.4456761707597706,23.912780062710908,0.36202070052409585,0.44236674988512337,0.3277454267088497,0.4034611253262714,0.28292099175534796,0.3505230787192112,0.3617721297427417,0.4421053453315919,0.3622870498272141,0.4426424022693578,0.3627582146467712,0.4431201946610834,ESKİŞEHİR,ODUNPAZARI,431652,1.95
54988432B46518682235057,0.12518838031674617,0.20628775059625268,15.561163646866655,0.12479133531868157,0.2056334924348401,0.11721141542633616,0.19314315890440012,0.10653716590100154,0.1755539312275737,0.12428354377248378,0.2047967440435605,0.12493719050716179,0.20587383533781764,0.12460764204342795,0.20533079922596686,TOKAT,PAZAR,12875,-0.633
54988432B46569875882636,0.12329495641392019,0.20316773133527252,15.472081543467855,0.12305535896460643,0.20277291818454335,0.11797742074528518,0.19440539677177215,0.11073620772159455,0.1824731907438169,0.12281130916912122,0.20237076837465898,0.12315131570966334,0.20293103750074704,0.12299090683602334,0.2026667127636177,ARDAHAN,HANAK,7668,-0.926
54988432B46575800975320,0.29036573920148445,0.3350057462310699,21.112989202879362,0.28584824895732364,0.3313754611795309,0.2525037942976982,0.299355807918396,0.21418737877146238,0.25958166823261675,0.2825881696191937,0.328513462525812,0.286971739065072,0.33232642717506555,0.28456375980358695,0.33026362658918484,GİRESUN,TİREBOLU,32124,0.014
54988432B4660350003677,0.249842555756536,0.3556324130182978,25.496088901195616,0.2476873093896425,0.35332309325966516,0.2231611347282252,0.32112317226965503,0.19114694422098485,0.2781745244250132,0.24637016208926593,0.3517173277131121,0.24826855712922816,0.35400581306590245,0.24738232866074694,0.35295729199382636,ERZURUM,YAKUTİYE,189149,1.688
54988432B46629415876767,0.31660765960957765,0.5216843810778595,45.16405614032407,0.31491838385400256,0.5189011763020543,0.27614011359935203,0.4550089984741562,0.21023688501944615,0.3464214451833815,0.31268129845485904,0.5152153920580634,0.31556490427725575,0.5199663679428324,0.3141355294778346,0.5176113611664025,AFYONKARAHİSAR,BAŞMAKÇI,9089,-0.427
54988432B46815557775592,2.13248849918815,3.1693665566659703,260.3227681894969,2.128164028935251,3.1634856561439992,1.9825494332823297,2.9620043148970483,1.6396260498389748,2.4855075572647922,2.125286646041309,3.1595161531361518,2.1293155718639354,3.1650590377912424,2.1280319464461357,3.163288370410433,NİĞDE,ULUKIŞLA,18780,-0.314
54988432B46858449148239,0.19069687806510907,0.3116294783638562,26.044106661136702,0.1902606155316227,0.31108911901984904,0.18087821323004052,0.29634271013778324,0.16086975178604418,0.26390796038713443,0.18962081498606786,0.31016249087772624,0.19043694463315713,0.3113280252556402,0.18998342205394045,0.3106954414914554,ÇANAKKALE,BAYRAMİÇ,28480,-0.229
54988432B47187297633278,0.8115124988673683,0.8567610686538347,39.837254260468704,0.7999106770400399,0.8462500569266653,0.6093205861124118,0.6637607638218647,0.20725457845801684,0.29473765349962383,0.8022715735635031,0.8484891581256677,0.7995068319816991,0.845865032774304,0.8048903790950078,0.8509416298083724,İSTANBUL,KAĞITHANE,446420,2.174
54988432B47223063942173,0.007030235201149515,0.011584552832606062,0.626402413957124,0.007021076847316633,0.01156946152615598,0.0068233001849762305,0.011243561449076872,0.0065359021298107695,0.010769981567495084,0.007008687174712393,0.01154904559229945,0.007024640922835178,0.01157533447634365,0.007016699978915487,0.011562249240679934,GİRESUN,ALUCRA,8473,-0.54
54988432B47270758673920,0.09385027303305338,0.11220616231915852,5.935805434247791,0.09296907546104974,0.11150544674067814,0.08681704989915495,0.10569758448541439,0.08005549371413251,0.09884725247838398,0.09248202371325083,0.11108588130392107,0.09316978847304663,0.11167322900849576,0.09282147094378009,0.11137997372864292,IĞDIR,MERKEZ,152455,0.033
54988432B47330192202647,0.30248317599265506,0.42939692862030737,33.1387417520584,0.29935336873444274,0.42595741342393045,0.25534658206795097,0.36939653425510677,0.1969041391418117,0.2909152203543247,0.2968235242698754,0.42290815124304654,0.30024414835339086,0.4270029307347005,0.29863696472705425,0.42510361288980036,MERSİN,ANAMUR,66952,0.316
54988432B47711735094491,0.4167105223742279,0.41627177068570154,16.978721361315106,0.4091265842229206,0.41060474846217554,0.3655702012876035,0.3752284434098921,0.32248958110769127,0.33848448900086847,0.4042447978752878,0.4068223063108811,0.4110785733835241,0.41209216405214344,0.4071738355379378,0.40910151816120544,BARTIN,AMASRA,13705,-0.102
54988432B47787159486686,0.0005260889605851098,0.0008668992123552991,0.07891334408776644,0.0005234714251196573,0.0008625859885408533,0.0004713102483652442,0.0007766338275344054,0.00040112284990006836,0.0006609777218083757,0.0005209405569386412,0.0008584155766959483,0.000524281098896145,0.0008639201841079325,0.0005228365410859118,0.0008615398147755289,MALATYA,HEKİMHAN,17116,-0.606
54988432B47827945301604,0.47895240462220584,0.5938285580982648,31.834039513707232,0.47461757744418936,0.5897856175335412,0.4352520334855944,0.5433863648701887,0.370827740820936,0.47169737256475575,0.4732870209954541,0.5883549922720986,0.47533806165021536,0.590534962987104,0.4747176049461095,0.5898907437051376,KAYSERİ,BÜNYAN,30362,-0.379
54988432B47932358770374,0.011051493177289767,0.01821085681039022,1.652871134440351,0.010993389653856002,0.018115112739570383,0.009841328577347522,0.016216724986480798,0.008298045912252255,0.01367367499485066,0.01094100777560151,0.018028796902511177,0.011014246852608338,0.01814948162111891,0.010981684033402892,0.018095823999621067,ERZURUM,OLUR,5985,-0.637
54988432B48034047733274,0.0,0.0,0.0,0.0,0.0,0.0,0.0,0.0,0.0,0.0,0.0,0.0,0.0,0.0,0.0,VAN,SARAY,17036,-1.237
54988432B48182517932620,0.10316489777422436,0.16999704484147157,12.562214248811225,0.10289510886098881,0.16955248163275877,0.09714951108735585,0.1600847783398915,0.08882705069273247,0.14637087270512386,0.10281297992620475,0.1694171480405148,0.1029285248015406,0.16960754504354053,0.10294390550300181,0.16963288965059592,KIRŞEHİR,AKÇAKENT,3301,-0.816
54988432B48183111476065,7.704528935276101e-07,1.269566663807411e-06,9.245434722331322e-05,7.690776985611569e-07,1.2673005918641272e-06,7.396940877674902e-07,1.2188817293492135e-06,6.974751494371084e-07,1.1493125744587946e-06,7.678024965802711e-07,1.265199290229525e-06,7.695151883065017e-07,1.26802149563529e-06,7.687881369225432e-07,1.2668234467893411e-06,SİİRT,PERVARİ,26437,-1.345
54988432B48404533288068,0.6513654328878791,0.682054863747681,34.19911143245332,0.6474845557138758,0.6783540252526316,0.6170928584146413,0.6399870052190448,0.580263829222126,0.5910703866729724,0.6481053736255581,0.6790436016493421,0.6473422914276488,0.6781852342792697,0.6488989326115796,0.6798489056346456,KIRIKKALE,YAHŞİHAN,39137,1.778
54988432B4842956932504,0.013888235033927686,0.022885293009240817,1.7083469213186846,0.013862564809251446,0.022842993133706344,0.013316132187589405,0.021942571256772788,0.0125337071966012,0.02065327674722749,0.013836391179629278,0.02279986373810241,0.013872849778051395,0.022859940897335253,0.013855654456436876,0.02283160612530878,ARDAHAN,ÇILDIR,8048,-0.773
54988432B4854228242513,0.22558284346081095,0.37171962152474936,28.65015938367378,0.22494549051933826,0.3706693794471727,0.2100882662670604,0.3461873679110229,0.18494336840199663,0.30475313570486784,0.22393349799473355,0.36900179926926224,0.2251968064256953,0.37108350249022426,0.2245442164320872,0.37000815251363356,ÇORUM,ALACA,28989,-0.339
54988432B48804901701005,0.004321080069829163,0.007120356422025836,0.5772032227933701,0.004311233657174202,0.007104131319401331,0.004074899670959653,0.006714695764102248,0.0036699932436266,0.006047483392753058,0.004303700276616172,0.007091717674254958,0.0043140603952625855,0.007108789271204065,0.004310194093558492,0.007102418307064695,DİYARBAKIR,ÇERMİK,49299,-0.887
54988432B48966185203589,0.03436560311317848,0.0566282824824826,4.973495558535285,0.034126668262753936,0.05623456117457507,0.029511440483278636,0.048629502664285035,0.023468674882728656,0.03867212067752312,0.03392796337201549,0.05590713154540985,0.034191554287795425,0.056341481578186615,0.034088556401746066,0.05617175973838382,KAHRAMANMARAŞ,EKİNÖZÜ,9896,-0.92
54988432B49000461137157,0.13126588356184438,0.1920266602112804,13.677385845868672,0.12987389761526594,0.19082628081130115,0.1207056093062531,0.1800920482814524,0.1108284376056484,0.16709634342883298,0.1294298549347751,0.19038932723381696,0.1301070644393241,0.19104763159891663,0.1298709127743739,0.19082340834838482,HAKKARİ,MERKEZ,76165,-0.077
54988432B490212621980,0.2719927199901168,0.40684218902290464,28.273642979126844,0.2705835175160826,0.40528792705180816,0.2527305760028771,0.38171569829077906,0.22897036774478152,0.3489933807702579,0.269372482413778,0.403796663210915,0.27101509038878013,0.40580050628693826,0.27017798725126524,0.40479535562921104,KARABÜK,MERKEZ,135819,0.962
54988432B49228485155322,0.143168947757865,0.10357377444086423,1.576494367239381,0.14250810877499584,0.10309573649506197,0.1292577850714095,0.09351068988616017,0.11132870296741686,0.0805410760339436,0.14181456697966552,0.10259404173055428,0.14273201580391734,0.10325770647771021,0.1423135402616984,0.10295498940323553,ŞIRNAK,BEYTÜŞŞEBAP,13971,-0.723
54988432B49266888844596,0.09688400687629521,0.1596472755434262,13.19157331834455,0.09656299866308832,0.15911831221585682,0.08969711549224543,0.14780458172756167,0.07962206615870907,0.13120272731501229,0.09629333228145263,0.1586739509170022,0.09665920494484792,0.15927684272329848,0.09651219401878418,0.15903459537435105,YOZGAT,YENİFAKILI,5008,-0.352
54988432B49369799231556,0.7574922844469447,0.8492125268297236,46.78574591778301,0.7412151081263758,0.8340110853542121,0.5342488995132222,0.6160903977989955,0.20557736729634066,0.27514129914118074,0.7443938129810674,0.8371889930454849,0.7406753574914803,0.833467007600157,0.747973828968396,0.8406993634627237,İSTANBUL,SARIYER,344883,3.249
54988432B49466488520604,0.010928578955513371,0.018008316460699725,1.3969531969480256,0.010904951383466224,0.017969382506307748,0.010375034836924965,0.01709617612634545,0.009544784754633221,0.015728074538362787,0.010910271197390938,0.017978148595024158,0.010903818954447359,0.01796751646862581,0.010917114188298344,0.01798942460321332,KIRIKKALE,SULAKYURT,5564,-0.809
54988432B49471063177420,0.6759337479698866,0.7923812672502638,42.51435505390888,0.664459758151504,0.7817340823171853,0.5074323473882707,0.618211644300001,0.20570843072736641,0.31181264569742523,0.6667411870772258,0.783967746539381,0.6640721517935423,0.7813527404050044,0.669297826589617,0.7864354213472872,İSTANBUL,ÜMRANİYE,728913,3.364
54988432B49528694857663,0.14828439294410095,0.11135582161318264,2.1816245156022496,0.14714475413767142,0.11050893540401223,0.12533374044982204,0.0943006419472307,0.0969718656792337,0.0731905522850951,0.14592652568878423,0.10961068446221058,0.14755369241258534,0.11081084769972134,0.14678885316791643,0.11024877056943355,KÜTAHYA,DOMANİÇ,13900,-0.483
54988432B49585252089849,0.9394676548096801,0.9237585635998236,36.19349313819619,0.9006800786412138,0.8944761851046754,0.7050049834255138,0.7330968987267524,0.5173415592495296,0.5676517712140482,0.9040355120698521,0.8970560581361279,0.9007392464259818,0.8945262875470776,0.911785365185675,0.9030054395036012,YALOVA,TERMAL,7497,0.158
54988432B4974900305842,5.875795171188027e-05,9.682244995596935e-05,0.007620167731054534,5.863036207295761e-05,9.661220536660609e-05,5.594239122460871e-05,9.218291681305795e-05,5.1866052111954225e-05,8.546584911005376e-05,5.845246059717503e-05,9.631905599304531e-05,5.86823517251975e-05,9.669787488631482e-05,5.8565283214475376e-05,9.650496720845036e-05,TUNCELİ,OVACIK,6700,-0.375
54988432B49773192126459,0.40631433141507456,0.5118749593932698,21.295857169078307,0.39361850281939204,0.5022716655639,0.3348127869934817,0.45063902735452493,0.2836477407365425,0.4002796975406625,0.39039647241288244,0.4997119864074724,0.3954572201730896,0.5037107171445251,0.39386692133260653,0.5024644815255993,KAYSERİ,ÖZVATAN,3877,-0.325
54988432B49774996339871,0.7285395883458083,1.036161164076646,79.25633725731846,0.7230037950534199,1.0307127814656558,0.6492617995853359,0.9468068346407819,0.5140787199804983,0.7752867578797089,0.7179308746982176,1.0253853698854754,0.724651748821627,1.032400886230289,0.7211522111895744,1.0287872511369545,AFYONKARAHİSAR,MERKEZ,331982,1.178
54988432B50131654423390,0.24692950391270252,0.38447085539746,26.871218129087968,0.24543423837567396,0.38213161695942627,0.20804049231395458,0.32744068937315796,0.14086847886950485,0.2283125174095472,0.24561747195891426,0.382412798452029,0.24545878497439594,0.3821692265265988,0.24609728612589193,0.3831542814468364,KOCAELİ,GÖLCÜK,181227,0.892
54988432B50302580927111,0.19253733169774165,0.28668961275627053,20.04300413976799,0.19088901972592273,0.2847638411495659,0.16893415709029191,0.25506733439196516,0.13925437597604182,0.2135703693837978,0.18961994211425884,0.2831413274701907,0.19134113919771698,0.28532709236926174,0.19052800920172006,0.2843073097888,MERSİN,AKDENİZ,254292,1.183
54988432B50394805884304,0.001491551929309374,0.002457807119288792,0.1814973091051944,0.001487558400513984,0.0024512265079728052,0.001404307833470586,0.0023140446691488404,0.0012874987531232784,0.002121564485500041,0.001483328969549099,0.0024442571726571733,0.0014889166180251513,0.0024534646041482677,0.0014863750953409676,0.002449276635614102,VAN,ÖZALP,51357,-1.159
54988432B50445752113083,0.005374466629977901,0.008856146464612875,0.3345358559589328,0.005368152670923024,0.008845742204988363,0.005227148844806729,0.00861339346749851,0.005014172259369852,0.008262446673328932,0.005360463293310779,0.008833071504983284,0.0053708156796303565,0.008850130360459856,0.005365690965292924,0.00884168576048626,ISPARTA,SÜTÇÜLER,9228,-0.811
54988432B505648184983,0.4282645473798288,0.5233557554814378,28.126159298461438,0.42606140015280997,0.5208278336783474,0.3807059364943098,0.4717937315648235,0.3149164818173387,0.40169612835516044,0.4226860410537857,0.5170907377517184,0.4269100701252983,0.521780220838922,0.4247176823356928,0.5193341457836983,ÇORUM,SUNGURLU,49079,-0.243
54988432B50626886861490,0.48167486673892196,0.7145364061833378,55.463892360390915,0.4738762135416103,0.707643373861625,0.41404627851418624,0.6328854259135969,0.3346333958639931,0.5199005971882588,0.46880650842113725,0.7023293089905839,0.47615341283403195,0.7098530662875808,0.4720325755407227,0.7057480079519708,ANTALYA,KORKUTELİ,58381,0.081
54988432B50709390359139,0.4919654856303077,0.6210857266153053,37.347922160665995,0.4834070924562298,0.6134949967968962,0.3899556661285556,0.5152021084779094,0.24597591521805157,0.3529463468970408,0.4833041270187624,0.6133974991047836,0.4838484952221007,0.6139120161431079,0.48562306530194566,0.6155713763359099,BURSA,OSMANGAZİ,886111,2.374
54988432B50747108890679,0.024044321819811892,0.03962068244889575,2.8864075873220085,0.023999869780948747,0.03954743354925111,0.02305193009221481,0.03798540083027937,0.02169252177282659,0.03574534241879663,0.023945754514758853,0.03945826140318623,0.02401631667088058,0.03957453504157618,0.023982362083135624,0.03951858403789191,MUŞ,MALAZGİRT,40595,-1.027
54988432B50828281350950,0.655282846433367,1.0075867560416272,69.77106771311887,0.650901771592408,1.0014283979035452,0.5671460384432124,0.8823171841065683,0.45810876487297864,0.725792347294327,0.6461594798065186,0.9943573085119217,0.6526188210852188,1.0039928707210624,0.6494976361874671,0.9992029364033056,ANTALYA,AKSEKİ,10609,-0.182
54988432B50977665989913,0.4814854004268242,0.6323420525893569,38.58692580762958,0.47588515153408806,0.6260740642866076,0.37829453737695135,0.5082645141880772,0.18670958158239828,0.28601768455618615,0.4770935410926759,0.6274935242304472,0.47567992504680134,0.6258332243520114,0.47842438685962874,0.6290443715018106,İSTANBUL,SANCAKTEPE,507500,1.275
54988432B51005953593095,0.00788841976483017,0.01299868538061242,1.147238734827453,0.007841679065166631,0.01292166518296715,0.006932997485267966,0.011424322708759342,0.0057214309743285,0.0094278807897323,0.007812848243999453,0.012874157217520424,0.007853313974015478,0.012940837403014641,0.007840544921749081,0.01291979632026705,ŞANLIURFA,HARRAN,101710,-1.447
54988432B51165292836212,0.15869780626700045,0.2462870178989754,18.98291821330288,0.1570416405945794,0.244527613919253,0.14008919925522237,0.2207560828457741,0.11762049268323443,0.1871105860498998,0.15578691472872305,0.24295984372223756,0.15746564052740655,0.2450290692703832,0.1566086478397417,0.24399831039620057,SAMSUN,ÇARŞAMBA,143206,-0.015
54988432B51178823005905,0.14140062485584576,0.19484950092546593,13.16676520115863,0.14060804636131652,0.1940214844980585,0.13154454030597842,0.18302754299468404,0.12003779251310831,0.1685772130755682,0.14019621418014824,0.1935538382231868,0.1408158236514949,0.19425199307660063,0.1405489864423854,0.19395518059635633,KARS,MERKEZ,121154,0.398
54988432B512462683964,0.027504903214506972,0.045323093086853304,3.076709969502241,0.027420387436249964,0.045183826409367606,0.025702622002418244,0.04235326045348121,0.023333852418922958,0.03844995770426671,0.027356535350411135,0.045078609750079865,0.027442657256652524,0.045220523035247755,0.02741128608522737,0.04516882903321266,HATAY,REYHANLI,117645,-0.54
54988432B51380550593874,0.4356812333177852,0.4968854056785511,25.882645194964102,0.430632299019452,0.49201810514862476,0.3390416563016848,0.3987247012085763,0.11283427017542276,0.18427759916540282,0.43163960263792184,0.4930181749507747,0.43047029852805163,0.49186265793455847,0.43280716442974676,0.49419534380497104,İSTANBUL,TUZLA,313865,2.73
54988432B51585452929549,0.5593102571826688,0.6580816530907395,36.48155611702873,0.5539133422363788,0.653332474941314,0.49827088192630203,0.5963904172713539,0.42363547278423547,0.5179966104935938,0.5490785202670312,0.6486741363999057,0.5554767078061833,0.6547874698950389,0.55199473422989,0.6515066020363909,TRABZON,ORTAHİSAR,335116,1.807
54988432B51640107069118,0.1137513658811259,0.1874416246579544,16.096813071522046,0.11319543165835515,0.18652554586530054,0.10215559514233463,0.1683338971190023,0.08734228397850496,0.14392424638994009,0.11269609672973149,0.1857027324463611,0.11339472430062389,0.18685394400241187,0.11308468033401994,0.18634304776511854,ERZURUM,OLTU,29765,0.025
54988432B51915781882505,0.28644901433253683,0.3495957272319803,20.883959506073317,0.2839144246020615,0.3472191559026312,0.2493851425088105,0.31133928208685746,0.20201763330351397,0.2612918114219434,0.28176113301617295,0.34508845614819483,0.2847461022369502,0.3480273783949489,0.28322137435655104,0.34655320644963183,BURDUR,MERKEZ,120832,0.917
54988432B51986121551962,0.8425107472929837,1.3420416235124961,101.06713595013545,0.8367925485273415,1.3356526064460947,0.7737147207202916,1.2438459345180473,0.6909441475116843,1.1165556513859851,0.8337459103067294,1.3315890095583094,0.8379946758245751,1.3371865988257765,0.8362951637768025,1.3349483174838233,ADANA,POZANTI,19983,-0.185
54988432B52020069669764,0.2478625236111513,0.3171526590534041,18.760509582111943,0.24559102345974082,0.315121845570185,0.22299730068293197,0.29081875925772427,0.19313881500061078,0.2574740764878324,0.24451467254457945,0.31405651304773163,0.2460446457137729,0.3155588113060244,0.2454323551260004,0.31496706546651104,DİYARBAKIR,KAYAPINAR,454311,0.857
54988432B52055893511885,0.22523940008077795,0.3711536891103757,30.2266955472175,0.22438908573071853,0.36975252524732644,0.20760389343154823,0.3420935719645976,0.1820677199549186,0.30001458849982837,0.22368595905183228,0.36859389997711656,0.22465701603058563,0.370194025798227,0.22424076653917566,0.36950812211409473,ISPARTA,ATABEY,6204,-0.299
54988432B52081033175293,0.02862652694949921,0.04717132562026811,3.5698994686544068,0.02847996977727519,0.04692982597537021,0.02576724301221313,0.042459744160021025,0.021801085903264128,0.03592423642003488,0.02839620109870983,0.04679179038270619,0.02851521713918844,0.046987907236467584,0.028477067360504774,0.04692504331882213,NİĞDE,ALTUNHİSAR,12004,-0.975
54988432B52253881676489,0.9314910150210957,0.9196820841550608,36.792725515352345,0.9271335104716548,0.915992424996104,0.8994061089585944,0.8842657120976801,0.8645906953000768,0.8382836602664419,0.9260653722156242,0.9150017875150758,0.9276579902366074,0.9164691009210585,0.9273218204309418,0.916173868124556,DÜZCE,CUMAYERİ,16162,-0.237
54988432B52278117237199,0.15743294098733568,0.22586078756512548,15.414276136911827,0.15304277667903876,0.2207892701110253,0.11579976304898626,0.17265021587866589,0.0745705181162249,0.11721620361359532,0.15053715789936797,0.21770722751134455,0.15399346300123587,0.22193587963506603,0.15239297159373547,0.21998916982749184,MANİSA,SOMA,110188,0.416
54988432B52458051755801,0.46099107673702805,0.6752316075327744,52.12125048712429,0.4529982161403072,0.6680926113115799,0.3933958685612721,0.5940059049284829,0.31957926856670693,0.4904648992950421,0.4468672309711992,0.6616052171381235,0.45503708841910434,0.6701005487830812,0.45043766782186784,0.6654544140902965,DENİZLİ,ACIPAYAM,54769,0.052
54988432B52534848164203,0.25475827333279233,0.32431244247610747,22.018945922610474,0.252613240268329,0.32195211403096,0.21245586663487293,0.2771604317425747,0.1599853788996773,0.21733493152449,0.25003672924100445,0.31905142364162864,0.2534023140093852,0.3228260428463973,0.2517549526327886,0.3209690442555074,UŞAK,SİVASLI,19193,-0.434
54988432B52559980919488,0.00045878054209492233,0.000755987143588206,0.05513348241992081,0.00045570668235731264,0.0007509219801176384,0.0003960499612950046,0.0006526185212442639,0.00031763441883014674,0.0005234039262001215,0.0004535059607640419,0.0007472955899844984,0.00045648344285535486,0.0007522019405699404,0.0004554445078478131,0.0007504899640655774,KARAMAN,SARIVELİLER,11594,-0.631
54988432B52670947871077,0.1996017380937444,0.27549013785895593,17.98338126921105,0.19737268202573138,0.27331939881657363,0.17597213928094713,0.24751797263341227,0.14574298640000302,0.209522255917332,0.19734019767333533,0.27329125806594806,0.19750013760334553,0.27345186096400753,0.1979253667477692,0.2739050803361794,TEKİRDAĞ,KAPAKLI,152509,0.149
54988432B52977689381309,0.565026016872074,0.9310604207354599,78.44154403749542,0.5582484845751428,0.9198922764668791,0.30858312644760005,0.5084890376069445,0.04255341281522142,0.0701203081918261,0.5554174563724051,0.9152272553336104,0.5595643312796551,0.922060553235989,0.559254393705517,0.9215498323141877,BOLU,YENİÇAĞA,6443,-0.091
54988432B53167672259322,0.09658167585926196,0.15914908884845125,11.60431470259332,0.09643681855882826,0.15891039028402934,0.09331615772436751,0.15376810709220326,0.0887954517567904,0.14631880338846498,0.09628275743611532,0.15865652548940246,0.09648854869605758,0.15899563217005797,0.09639398826938109,0.15883981373335354,IĞDIR,TUZLUCA,21525,-0.953
54988432B53179569886424,0.052979761224647114,0.08730103978106234,7.9463701899268795,0.05276667597562039,0.08694991392900046,0.04844760725266982,0.07983287184191691,0.042545306218430085,0.07010694999026741,0.052542510135400684,0.0865805292718746,0.05283893545277406,0.0870689844446791,0.05270384984892472,0.08684638786434547,VAN,BAŞKALE,37568,-1.13
54988432B53180025567005,0.4378214826349156,0.5095471937527455,28.176103144881914,0.4272372313509046,0.49989901748579824,0.2873572651770929,0.3584819293744446,0.09813520846861293,0.15552282701773273,0.42064408305616374,0.4935005567848889,0.4297065028692667,0.5022562049860456,0.42580397799628716,0.4985190472028054,İZMİR,BALÇOVA,75743,2.902
54988432B53191699702586,0.29432842840838097,0.48499988001500816,39.66507544850102,0.29386856739992984,0.4842421124587836,0.28212611046727376,0.4648926726706648,0.26059888055222696,0.429419701261438,0.29369187018404025,0.4839509474871603,0.2939165564984109,0.48432118979131056,0.29392772418958935,0.4843395921213568,KIRIKKALE,DELİCE,10577,-0.567
54988432B53264158604699,0.06993368496173917,0.08715445499401538,3.7641867290277817,0.06842307895123888,0.08597295627613868,0.06157532886885015,0.07991993011827937,0.05575988027582228,0.07426024355748834,0.06794127401623318,0.08558059665418742,0.0686664432892985,0.08616849419467655,0.06837409013294363,0.08593337491663294,BİNGÖL,GENÇ,31654,-0.646
54988432B53366813523086,0.02684187815078283,0.04423054800688238,2.7276537750846797,0.026625142952809856,0.04387340770079522,0.022501347857968274,0.03707814114424777,0.017168295123753504,0.028290237270351286,0.026685358883827105,0.04397263263627388,0.026604332437663504,0.04383911574536431,0.026743219437057836,0.04406797633625644,ÇANKIRI,ŞABANÖZÜ,12493,-0.13
54988432B53536511485227,0.02411644515545201,0.03973952862804636,3.0098716024424252,0.024056327389503557,0.03964046545080098,0.02277320533467177,0.037526112970467124,0.0207813691542258,0.03424392812087637,0.024007864051612208,0.03956060665771893,0.024074227479053887,0.039669961552591476,0.02404752995654426,0.03962596887650549,MARDİN,SAVUR,23404,-1.187
54988432B53827515712980,0.07418673631140779,0.12224628930445945,10.122067363890183,0.07363150785014948,0.12133137347880374,0.06273371761798516,0.10337379125132386,0.047842272222949914,0.0788353894771632,0.07323587279271924,0.12067943864389491,0.07377137849311519,0.1215618549359393,0.07358474674110602,0.12125431965020116,KONYA,TUZLUKÇU,6052,-0.686
54988432B53845687770419,0.028263772656753748,0.046573572323354614,3.2988523826940805,0.028221624883624483,0.0465041204358114,0.02731886287836779,0.04501653234722859,0.02601793378109642,0.0428728370898707,0.02817686018105242,0.04643035632306917,0.028236667537743947,0.046528908002145035,0.028209175201566877,0.046483605617257104,IĞDIR,KARAKOYUNLU,12614,-1.008
54988432B53887880755760,0.17884899847491978,0.29471071914530195,19.960815854737955,0.17831493150600747,0.29383067362186005,0.1673230224361693,0.2757180006162797,0.15207325090501425,0.2505891423443755,0.1779163601156823,0.2931739002427799,0.17846809668324107,0.2940830620607972,0.17826160938771507,0.2937428084397103,YOZGAT,ÇANDIR,4360,-0.246
54988432B53975105954432,0.2194618968889525,0.3098844122218849,17.32157493127082,0.2184833966798976,0.30867556160523546,0.20277142016616512,0.28857630320864136,0.1818335300313158,0.2615052533236513,0.21729706839291718,0.3071799358133977,0.2188280826090623,0.3091069664143405,0.21803060347981557,0.30810656729251723,TRABZON,VAKFIKEBİR,27278,0.268
54988432B54046828010394,0.591153712069487,0.7969433716998156,58.70851980923926,0.5825926750482384,0.789026029167772,0.4860911841964758,0.6874029547558794,0.34227584322352766,0.5126693728027273,0.5790582932287187,0.7858216470867724,0.5841941164056377,0.7904870260298388,0.5825487599912743,0.789117505277593,BİLECİK,PAZARYERİ,9671,-0.301
54988432B54174343653702,0.04826152473268183,0.07952624159095849,6.082611133756645,0.048098005038448334,0.07925679078557007,0.04469405966720699,0.07364770604456422,0.0395319483428793,0.06514148261768794,0.04784826637450292,0.07884526675201473,0.0481615166566935,0.07936144641599979,0.04799898096347388,0.07909361706585528,ÇORUM,MECİTÖZÜ,12911,-0.719
54988432B54271266334519,0.8906895006402157,0.9956903063502618,42.33998975441093,0.8819551311417074,0.9874830086195738,0.7386701037975811,0.8439383474448869,0.269744312521837,0.43283828645909506,0.8838044449638056,0.9893037206351222,0.8816370087269627,0.9871683919802496,0.8858294636230498,0.9912745151320016,İSTANBUL,ARNAVUTKÖY,358469,0.771
54988432B54371486123603,0.045966983361626065,0.07574525347618678,3.6141759589850664,0.04589502219631806,0.07562667452433748,0.044509632982798475,0.07334380431039128,0.04252337139424426,0.0700708053774082,0.04583989719114426,0.07553583851152113,0.04591566813027623,0.07566069527981344,0.04588520163957345,0.07561049202756483,MARDİN,MAZIDAĞI,37381,-1.019
54988432B54408958625108,0.34003057203018144,0.36308214641033576,15.140521252201749,0.3366357398171346,0.36048496812290315,0.3125351685025717,0.3400083355715727,0.2859881789677502,0.31640055901739084,0.3343220938683736,0.3586233133974625,0.3374905725637874,0.36115840977111247,0.33575677895551787,0.3597835997825991,SİNOP,MERKEZ,70311,0.917
54988432B54459736325466,1.0526141747917481,1.0178764676603884,45.446155147379756,1.0385609110211735,1.0067861524638613,0.8165697057959633,0.8274243463937964,0.5243094651065451,0.5792172490672376,1.0228643703770042,0.9943222339563722,1.043365290399808,1.010593842149075,1.0329516245612396,1.0023410839660098,AFYONKARAHİSAR,İHSANİYE,27636,-0.592
54988432B54492076476235,0.6023590828118307,0.6544580665371094,32.90608501735596,0.5906133075655635,0.6447691782281365,0.47190060803209644,0.5362451859602351,0.3263439039984749,0.3958744762576604,0.5707844394166298,0.627406365236634,0.596004852212011,0.6493344051728522,0.5800491486877591,0.6355964938123458,MUĞLA,ORTACA,58704,0.884
54988432B54526822258807,2.457717275907153,2.7034822782090786,134.18361241107323,2.4532286183779632,2.6960857845205215,2.371998555966357,2.5622349046695407,2.253743655089143,2.37217081551735,2.4510321295373263,2.6924663691962043,2.4543086467385113,2.697865475419261,2.4533802732491035,2.6963356842488784,KAYSERİ,PINARBAŞI,20598,-0.512
54988432B54547584341772,0.005398054293386455,0.008895014656805,0.21592217173545825,0.0053955060750249416,0.008890815655008705,0.005338010484572246,0.008796073347506364,0.005250694578031432,0.008652192566350763,0.005391355626317229,0.008883976468131195,0.005396530685864834,0.00889250402788216,0.005393861042114756,0.008888104939063347,YOZGAT,AYDINCIK,9317,-0.928
54988432B54701256478195,0.9366617634274574,1.017587653745332,57.919044258326366,0.9226246979153334,1.0061314131731731,0.7244238906631695,0.8182859609377925,0.31751740666311234,0.41803332535397497,0.9238863578769995,1.0072308262505996,0.9227763934470314,1.0062518673885337,0.9273290658409232,1.0101349745204842,KOCAELİ,DİLOVASI,55355,0.665
54988432B54705083603952,0.04650167204563688,0.07662632347337649,5.724771063075409,0.04639186750354454,0.07644538549865258,0.044352566067268714,0.07308498651423682,0.041497027847415185,0.06837957731711494,0.046315785496135034,0.07632001614624428,0.04642747973784243,0.07650406800327825,0.04638134551927534,0.07642804717650789,KARS,SELİM,20476,-0.977
54988432B54940394851011,0.5155920619436314,0.42169762703919733,11.397542896049588,0.5153328784698488,0.42137194889572416,0.4985124018004938,0.4063825026675113,0.4412201451011226,0.36075815828156216,0.5151055588244705,0.42110586178469545,0.5154113634845378,0.4214673425596125,0.5153029451746526,0.4213361069449285,DİYARBAKIR,EĞİL,21674,-1.166
54988432B54960387029794,0.006809008972337511,0.01122001212204608,0.8540365463712989,0.006771272628099386,0.011157829469399624,0.006035221645682928,0.009944950917071697,0.005062319225723265,0.0083417841434835,0.006743968493413768,0.011112837206443411,0.006780876887435657,0.011173655547264114,0.006767885311908107,0.011152247786531858,GAZİANTEP,KARKAMIŞ,9087,-0.837
54988432B55011186911160,0.8213425157209076,0.8896010949573473,42.4689391313941,0.80985100115853,0.8801037320980464,0.6895392789698316,0.7704620069254801,0.5270728243918255,0.6181456932131518,0.8009576354081315,0.8723269687278268,0.8135965299477824,0.8833092988341562,0.8067414077350327,0.8774055038031832,ANTALYA,AKSU,87070,0.476
54988432B55013104325920,0.21670491100752917,0.25386843670854303,15.740121922028527,0.21418824274818898,0.25151584547645145,0.17077010295231673,0.21124851839440678,0.11121419213236358,0.15077085519951297,0.21269162154591456,0.25016231560152496,0.21481509075370372,0.2520857251347298,0.21411432743315437,0.2514538546214166,BİLECİK,SÖĞÜT,18284,0.102
54988432B55023919833047,0.1268816406459142,0.14982463624658085,9.851317169808402,0.12533100611256306,0.14814009362474848,0.09717238426213516,0.11725307803779318,0.06206938570522723,0.07840739377073294,0.1242384087984512,0.14694973927118526,0.12571944872760807,0.14856276840943144,0.1252003143275859,0.14799720220981724,KONYA,AKŞEHİR,93613,0.372
54988432B55107269659829,0.2768174565075225,0.3600760091534439,24.702365231013403,0.27253029147702973,0.3561779733047602,0.20637185426879387,0.28151292297726993,0.0675762277770007,0.111353369910424,0.2701129462605009,0.35373686319091635,0.2734527921031343,0.35708125705725113,0.27200083606729863,0.3556513085617016,İZMİR,TORBALI,224133,0.927
54988432B55138126050611,0.1265553377495666,0.20847628854767508,13.359670757116856,0.12623051431814805,0.20794154938093715,0.11954213447641499,0.19692917611389552,0.10963798961321823,0.18062107570768499,0.1257737652242252,0.20718955446244094,0.1263569354812679,0.20814968428721223,0.12605873614602234,0.20765873519251057,TRABZON,DÜZKÖY,13105,-0.616
54988432B55145438477707,8.589605418517243e-06,1.4154112193256628e-05,0.0009643493509798319,8.573436439807945e-06,1.412746864823319e-05,8.2348038281382e-06,1.3569463507794922e-05,7.757070017965376e-06,1.2782244815173605e-05,8.562275075500384e-06,1.410907674372284e-05,8.578055017390281e-06,1.4135079226611189e-05,8.572421930012552e-06,1.4125796920049483e-05,BİNGÖL,KİĞI,4487,-0.517
54988432B55187358367890,0.9624333899556744,0.6964834374650942,10.620910031332881,0.9455657575308677,0.6842806904622976,0.6520118032510386,0.4719154519990966,0.298808887162557,0.21639388220436717,0.9350037534670713,0.6766405927972391,0.9499476065314219,0.687450425654877,0.9449329741584743,0.6838233975762975,BİLECİK,İNHİSAR,2079,-0.43
54988432B55191393233977,0.010376779543196752,0.017099051085917152,0.8272171085896751,0.010357527436649078,0.017067327105273655,0.009948252421917018,0.016392916094038364,0.00933000270346111,0.015374152664043132,0.0103272530244256,0.017017440363529705,0.010365120661802342,0.017079839363461472,0.010345460002477427,0.017047442161923172,ÇORUM,ORTAKÖY,6491,-0.697
54988432B55246961354568,0.37945970838495957,0.4696118071638073,27.328826786762047,0.3763524822752686,0.466793058470675,0.34670861740819003,0.4344188896735989,0.3088433282149877,0.3919494470592589,0.3736327279044391,0.4640270977293075,0.37727114470908213,0.4676859079080974,0.37525090315030585,0.46569028941014756,RİZE,MERKEZ,153597,1.079
54988432B55251089321769,0.2231993746786234,0.33796296809807375,24.06984906849663,0.22243293921313162,0.33670979183225996,0.20525015584987183,0.3108447386817812,0.1737222354332291,0.2657588255328045,0.22247546351938025,0.3367786914007891,0.22246574987588852,0.3367630421234289,0.2227196066406925,0.33717603678515373,SAKARYA,AKYAZI,99561,0.153
54988432B5550622380583,0.29519112270770115,0.24329322638590273,7.344615514478851,0.2748467557396603,0.2284057423721587,0.1904605845335237,0.1638993529483433,0.12475723889313302,0.11154290179899132,0.2737691041285278,0.2276085595234833,0.27605354850936625,0.22929764889975737,0.27831884694806586,0.23096961717245287,ESKİŞEHİR,MİHALIÇÇIK,7605,-0.552
54988432B55561929668739,0.4535824331178038,0.5435942350114877,31.183545937028466,0.4446220997143753,0.5362479691327783,0.37624546847388907,0.4699370122539325,0.2994039681685152,0.3891203310810517,0.4386691552047761,0.530951018470593,0.44673918524511264,0.5380741061000104,0.44252306878012754,0.5344041403009049,SAMSUN,TEKKEKÖY,59356,0.65
54988432B55663903529384,0.022968148997833643,0.03784734477860225,2.753142094494294,0.022905299964465515,0.03774378096790467,0.021596407293894514,0.03558696318576827,0.019761779985600234,0.032563830051104165,0.02281768850925195,0.037599413176127645,0.02293090794421563,0.037785978275087666,0.022873338446083923,0.03769111418113183,ERZİNCAN,OTLUKBELİ,2123,-0.508
54988432B55699950689124,1.1152443146994662,1.6376763068118754,128.4089327116872,1.106281736915609,1.6293993641609836,0.9883670346046168,1.4871470966828668,0.7693369979138821,1.188335434208642,1.0998125271969288,1.6226440370996613,1.1085628808535093,1.631681007251727,1.1042834782515278,1.6273512494694993,BALIKESİR,KARESİ,189444,1.108
54988432B55782833722779,0.07092662273725826,0.09379798475352628,6.9701946921453475,0.07034009623264047,0.0930747532363049,0.05922361846539494,0.07926450170672987,0.04489715465408867,0.06135419321433587,0.06985453353233986,0.09247496477700134,0.07049900382695683,0.09327087567867505,0.07024685484121858,0.092959635671191,KAHRAMANMARAŞ,AFŞİN,80124,-0.307
54988432B55907978535703,0.16594107432174976,0.2734408007096826,21.886215526261715,0.16551914268053655,0.27274553387300776,0.156823488485069,0.2584166725249557,0.1446089457595631,0.23828932095261998,0.1648753067652891,0.27168460903019553,0.1657094157743918,0.27305906942983077,0.16526760551861988,0.2723310462409139,ARTVİN,BORÇKA,21628,-0.29
54988432B5616470788648,0.19123027043054602,0.31511281025618865,28.68374618222418,0.1902162924146333,0.31344195834862787,0.17011847251252663,0.2803243954485861,0.1432045687174737,0.2359751622402167,0.18930593031723258,0.31194184668630154,0.19057971036980834,0.3140408052408847,0.19001436145697964,0.3131092127461627,ERZURUM,PAZARYOLU,3537,-0.612
54988432B56207670393992,0.11353269984046638,0.11099326788186455,4.5462036764428095,0.11341706800685489,0.1108125790658085,0.10794881940524284,0.1048901576041807,0.0945280828375657,0.0924914003572505,0.11320916556162282,0.11051784232877343,0.11346475100859271,0.11088502889021533,0.11334199447727594,0.11070279087591518,AMASYA,GÖYNÜCEK,10823,-0.798
54988432B56214767138280,0.19314074802298137,0.3182609309053327,26.489593310823615,0.19210330364472175,0.31655141068773396,0.17546000952639623,0.2891262798769159,0.15288718613186295,0.25193036000892916,0.19140924637695633,0.31540773016251233,0.19235436145151635,0.3169651084295072,0.1919937892434485,0.3163709508124692,ÇANKIRI,KORGUN,4239,-0.606
54988432B56294268584472,0.08503302432490162,0.14011900521436763,11.460520918645386,0.08460511698211795,0.13941389150506708,0.07614277535405262,0.12546948696197935,0.06482433472125615,0.1068187491499775,0.08436840067438861,0.13902382595323723,0.08470895802729773,0.1395850027182284,0.08461355765398972,0.13942780020178114,AKSARAY,SULTANHANI,12811,-0.667
54988432B56298915275499,0.013060609868002114,0.021521516807458632,1.9590914802003174,0.012984347525674645,0.021395850295805305,0.011485425108413057,0.01892589794884753,0.009493171952149536,0.015643025998718856,0.012881703428817984,0.021226711436440157,0.013013478601496443,0.021443853026478263,0.012947301233381605,0.021334804723638575,SİVAS,ALTINYAYLA,8245,-0.664
54988432B56342138183442,0.0722353643649246,0.11799968421945851,8.302227994128861,0.07201667475171644,0.11763939993161929,0.0676084800908965,0.11040121948770468,0.06140105011221727,0.10026557253917574,0.07185585262502205,0.11737454565370678,0.07207333982893065,0.11773273912161011,0.07199491896864083,0.11760356659079017,OSMANİYE,BAHÇE,22989,-0.302
54988432B56417495854630,0.03751967464862954,0.0618256204512432,4.721262186470003,0.03732891256624594,0.06151127912999274,0.0334667817992007,0.055147187938569535,0.027501040174031623,0.045316727496627546,0.03719178756293683,0.06128532198914973,0.037377099430937005,0.06159068234537309,0.03731111640332376,0.061481954280440634,KARAMAN,AYRANCI,7127,-0.683
54988432B56455899662396,0.1869316519852494,0.22050105544830093,13.708499108697232,0.1855990049281818,0.21918936063533775,0.1596188379199367,0.1928416490725685,0.12434794913193871,0.15560930937738474,0.1840124570594037,0.2176227262446378,0.18606868544413108,0.21965176562191036,0.18507861875488651,0.2186765333652996,SAMSUN,SALIPAZARI,19406,-0.73
54988432B56795021168307,0.17537139251598657,0.28897519662869486,23.998289665935552,0.17474264584014237,0.2879391698102456,0.16249109291151104,0.26775148647864,0.14494406341228813,0.23883802420506864,0.17365401025326682,0.2861453562497373,0.17501368316578841,0.2883857751906865,0.17427276289971771,0.2871649140424904,KASTAMONU,DEVREKANİ,12033,-0.416
54988432B56881334411640,0.0,0.0,0.0,0.0,0.0,0.0,0.0,0.0,0.0,0.0,0.0,0.0,0.0,0.0,0.0,TUNCELİ,ÇEMİŞGEZEK,7505,-0.427
54988432B5693993852815,0.03284591648512581,0.05412411448127509,3.960489185701706,0.032665225657190836,0.05382636876115498,0.03011750996981578,0.04962819528069594,0.026770440370201706,0.04411283149815864,0.032562846190456116,0.05365766596424594,0.03270515608488786,0.05389216686549282,0.03265300813829325,0.0538062365053907,OSMANİYE,KADİRLİ,127644,0.157
54988432B57432661063863,0.12394384834559527,0.17023856530057588,11.154453562805589,0.12256982417948514,0.16893947724451697,0.10858458406475657,0.152588980737275,0.09104972035207402,0.13085701601206898,0.12200672514090584,0.1683442614394135,0.12281656919294377,0.16919362620198677,0.12254654629435503,0.16891525923993675,ŞANLIURFA,HALİLİYE,395975,0.096
54988432B57597376033780,0.9163271950431532,1.108496975331459,56.735266876969405,0.9071028148906902,1.100322052596917,0.8317648893795706,1.0232670691574441,0.7398971193491478,0.9262305407907141,0.9032300454597817,1.0966367163921407,0.9089628833738397,1.1020555701098584,0.9065998288784467,1.099848830272782,NEVŞEHİR,MERKEZ,163126,1.082
54988432B57660440186005,0.002497274479686429,0.004115055516594372,0.29376352147414225,0.002489480623546864,0.004102212654921158,0.0023289016038224733,0.0038376075478969824,0.002105906833343292,0.0034701526013557137,0.002481914658878431,0.0040897453170692525,0.002491895512847719,0.004106191954601784,0.0024875963357381577,0.004099107690286656,MALATYA,PÜTÜRGE,12372,-1.097
54988432B57830407060109,5.01647674221579e-05,8.266244043191642e-05,0.007338122687286345,5.014661435895971e-05,8.263252747542547e-05,4.872290033562933e-05,8.02865049242744e-05,4.4548648124876204e-05,7.340809418999547e-05,5.012625167161185e-05,8.259897345900275e-05,5.015291195520936e-05,8.264290477211399e-05,5.0142724311755324e-05,8.262611738300734e-05,DİYARBAKIR,HAZRO,16024,-1.285
54988432B57845000399714,0.2482928022571391,0.332003310914688,24.45935334653426,0.2472010895797233,0.33097355277251866,0.22255344654544873,0.30469952325195737,0.1825041647226964,0.25692236187627726,0.245818234603645,0.3295924547210246,0.2476514764854665,0.3313963960164239,0.24673397960647847,0.33049467583288855,BURDUR,GÖLHİSAR,23969,0.074
54988432B57864735744186,0.4581102443956873,0.6548976835170203,48.00368058319803,0.4539488490180421,0.6502119878534725,0.3801102799154706,0.5549089438496705,0.23950387265745832,0.36900020755031804,0.45093145935627005,0.6464851491268597,0.45500427271785293,0.6514849586404127,0.453225854811627,0.6493311699654293,MANİSA,ŞEHZADELER,168582,0.797
54988432B58047018778260,0.24641548034920796,0.23815801051511828,10.132867407215942,0.2413058617376556,0.23420880941214897,0.21147069719504522,0.20904118010500441,0.18189934360483553,0.18292791035827868,0.2376519224515093,0.23126901584664453,0.24276632911642193,0.2353605732104127,0.23972959540382258,0.23294983575500697,ARTVİN,ARHAVİ,22025,0.222
54988432B58079099572479,0.6076736137917356,0.6583973034243977,31.210128754866396,0.5962924822513517,0.6483498540524232,0.4531210956607962,0.507556281092855,0.1577655860143919,0.23257636506456703,0.5984837333410972,0.6503885340637812,0.5959205143868515,0.6480015203231407,0.6009560236499083,0.6526539545152942,İSTANBUL,KÜÇÜKÇEKMECE,785270,2.161
54988432B58223508141681,0.8207095731037549,0.943098574113257,50.99593716284254,0.8045282219830951,0.9287948436684575,0.5961561241863285,0.7219561433626273,0.23824573963243556,0.35915367652202324,0.8093237911312529,0.9332136656300432,0.8029435172456582,0.927320354658527,0.8124279780883927,0.9360267248782161,ANKARA,YENİMAHALLE,721531,4.481
54988432B58240098893835,0.35081187584065954,0.4132645191677998,26.835569292766866,0.34728336410753746,0.40949851248971675,0.28183492988277475,0.3388993186672974,0.1982978165885139,0.2476036687540557,0.3428561049479129,0.4047610990382988,0.3486556179907976,0.41096453922552584,0.3457464385672759,0.40785509456334257,EDİRNE,ENEZ,10399,-0.284
54988432B58451955584879,0.023936438537998633,0.03944291036273335,3.0141679089513267,0.023856705873010385,0.03931152538860193,0.022096694891829593,0.03641134643098727,0.019402073992997457,0.031971099800083495,0.023728774242160515,0.03910071725855538,0.02388855736332391,0.03936401086906978,0.023805845107339373,0.03922771606925992,ÇORUM,OĞUZLAR,4610,-0.82
54988432B58494916258206,0.06497038591992986,0.10705941504221171,7.798320293573833,0.06482262396493345,0.10681593013376582,0.06173413155072144,0.10172665466547252,0.05724981982576228,0.09433732207427128,0.06480316930734684,0.10678387238573835,0.06483802274832574,0.1068413045365648,0.06486511947935349,0.10688595503590095,KIRKLARELİ,KOFÇAZ,2291,-0.677
54988432B58500670466408,0.30632518268553366,0.5047683557156141,45.15162929136754,0.30548065435745736,0.503376726167625,0.2864288821614599,0.47198286020945307,0.2519707178241894,0.41520205361361373,0.30446637246225844,0.5017053735221023,0.305834485482276,0.5039597757018159,0.30515504462001664,0.5028401803625033,BURDUR,ÇELTİKÇİ,4914,-0.528
54988432B58587024435654,0.08259021726367335,0.13599602966415114,10.446923612639955,0.08233112590047974,0.1355746211199929,0.07708466264144516,0.12695150916749778,0.06980721168255338,0.11497617071883971,0.08197492963991554,0.13499079395235897,0.08243566033266471,0.1357455822998606,0.08220069416209039,0.13536098966509297,ERZİNCAN,ÇAYIRLI,7491,-0.543
54988432B58590356155974,0.26297840661411676,0.24923741701608884,11.348999435210354,0.2593550001492686,0.2464892496623489,0.19339551556472812,0.19394409785770023,0.10603017700742175,0.11755096281929404,0.25709326543394423,0.24478140231864118,0.26029329656841954,0.24719782074939511,0.259228848277937,0.24640223622177584,BİLECİK,GÖLPAZARI,10049,-0.446
54988432B58678972551568,0.23164792244610266,0.2603728473915227,16.032445558498832,0.23131866149504285,0.2598816393903268,0.22087823910838145,0.24706899453910405,0.2021318880793456,0.22613805806263174,0.23080182226951104,0.25916056671603355,0.2314622093130933,0.26009036737324204,0.23113852878284796,0.259626075693053,BARTIN,ULUS,22876,-0.576
54988432B58741997056063,0.03057729917815849,0.050385844523361,3.5149593957045075,0.03046334731531972,0.05019807251607258,0.02807996377163531,0.0462706886103874,0.024272289625217814,0.03999633205524552,0.030329677892474455,0.04997780954524029,0.03050642675924703,0.05026905962815292,0.030420768675313323,0.05012791063804409,AYDIN,BOZDOĞAN,31624,-0.514
54988432B5885906722527,0.5049504932194175,0.5474313277239028,26.112512301597047,0.49567199349136926,0.5390624022345926,0.3642626071609422,0.41101949177615593,0.13911193439429645,0.19609510050630405,0.49757684980637107,0.5408534055262775,0.4953463020147198,0.5387546794304015,0.4996886784645721,0.5428161312252568,İSTANBUL,BEYLİKDÜZÜ,422988,2.503
54988432B58902751390248,0.26860970065405376,0.3726837353260178,23.056475223904933,0.26737770175756365,0.37150832651716703,0.2450012539567867,0.3474627292278409,0.21133367743014553,0.30790408512316164,0.2667940896697581,0.3709311494511544,0.26766629687698695,0.3717911764793733,0.26741911547077163,0.37154903459592625,KAYSERİ,DEVELİ,67818,-0.139
54988432B59053260264390,0.08510158577952187,0.1402319820594664,10.058845875560369,0.08193737457714957,0.1350179357582257,0.06906180731391066,0.11380133561000084,0.058906250387431525,0.09706681928256715,0.08018032084647456,0.13212262981321207,0.08262921392677623,0.13615796155652554,0.081220357158624,0.1338364210678708,SİVAS,KOYULHİSAR,11782,-0.748
54988432B5911690801414,2.250013854743764e-05,3.70761484197752e-05,0.0023105767713228896,2.2407346097285157e-05,3.6923243287798583e-05,2.0585085908616372e-05,3.392048892377155e-05,1.8157194525507118e-05,2.9919764169234285e-05,2.2330238253447646e-05,3.679618354296987e-05,2.2432576870860865e-05,3.69648190276042e-05,2.2392716245622106e-05,3.689913594506046e-05,ADANA,SAİMBEYLİ,13133,-0.946
54988432B59251116366587,0.04008091060877361,0.06604607288962078,4.811459456056909,0.04000403596337832,0.06591939741353943,0.03836819085353339,0.0632238212971301,0.03602716056828555,0.05936622788151433,0.039921061496739574,0.06578267053811757,0.04003134191179691,0.0659643926651987,0.03998044054088425,0.06588051643578133,AĞRI,DİYADİN,35439,-1.147
54988432B59259344726572,0.010279162606394698,0.016938196074756832,1.3765030637616824,0.010262754918724632,0.016911159180650687,0.009915347755541886,0.016338695170391365,0.009363105960678212,0.015428700829387612,0.010239855402605325,0.016873424930410826,0.010269443368380893,0.016922180532880624,0.010254379717397719,0.016897358367522916,ERZİNCAN,KEMAH,6419,-0.604
54988432B59291188352966,0.18156054301486213,0.24996956623785077,16.29525622442716,0.18101990375974372,0.24930777224242606,0.16992470467518123,0.23561304530146,0.15456860268960954,0.21651327111967092,0.1804998852936094,0.24867002417864856,0.1811971160739822,0.24952488342233514,0.18089207371428778,0.249151101650565,BİTLİS,MERKEZ,74904,-0.046
54988432B59383828552044,1.3079191180777101e-05,2.1552135441598468e-05,0.0017063310595285303,1.3025778561841382e-05,2.146412113079881e-05,1.194698563221725e-05,1.9686465998203923e-05,1.0476928898764945e-05,1.7264079064005495e-05,1.2977617854577482e-05,2.1384761018115364e-05,1.3044959536520122e-05,2.149572789902051e-05,1.3015108142596952e-05,2.1446538214730377e-05,ERZURUM,KARAYAZI,22570,-1.274
54988432B59635057977952,0.671469862519228,0.8310565657930948,56.51277806648804,0.6591977361949888,0.8212245851902396,0.48248926779475576,0.6432076836014388,0.17079255187797107,0.2769280251577948,0.6627042818479628,0.8241425074569915,0.6580387732822502,0.8202472242152393,0.6649882859678918,0.8260066565435364,ANKARA,KAHRAMANKAZAN,63143,1.538
54988432B59840106930143,0.045116851268955385,0.07434438994026595,5.0737912287455655,0.04497615053291295,0.07411254064025907,0.04210721846954855,0.06938506081771086,0.038160141970806055,0.06288099446349507,0.04486943787207524,0.07393669752519799,0.04501334931961932,0.07417383749556747,0.044960943779562994,0.07408748266814941,HATAY,KUMLU,16242,-0.951
54988432B59996123139029,0.42868935341334663,0.5864101258849385,39.717100190403976,0.42674070455772434,0.5843528780827303,0.3876580254372867,0.5415475794287133,0.330600309005117,0.47504952097945957,0.42571882261637256,0.5832692161208707,0.4272383199252716,0.5848793891550871,0.42681117997551943,0.5844267047901256,KAYSERİ,YEŞİLHİSAR,15409,-0.209
54988432B60002286024348,0.1759835781157371,0.2897597055643978,26.3521891286257,0.1751510965531303,0.2883990717199341,0.15866816240808554,0.26128276434111325,0.13641295102384784,0.22464364592946967,0.17365644757020798,0.28594401365053823,0.17552013754114404,0.2890042832391933,0.17450700963429597,0.28734157986565356,KASTAMONU,AZDAVAY,7266,-0.453
54988432B6005336917049,0.11917068174721517,0.19637167453125384,14.939225596211642,0.11879552676964271,0.19575348715433763,0.11132617980353741,0.18344535775636756,0.1007187637315184,0.16596625949182495,0.11829140105224381,0.19492277938420097,0.11893586922052049,0.1959847460653604,0.11861081044227055,0.1954491081410811,GİRESUN,GÖRELE,31536,-0.045
54988432B60131084551001,0.5398300169135747,0.6248899118322482,34.720478529273805,0.5354585720400418,0.6211300050483933,0.4912177512399833,0.5770770259393064,0.43331154054633725,0.5175389886466166,0.5321781091929559,0.6180643807457626,0.5366850944621192,0.6222423593138511,0.5343394051454688,0.62009627174316,KARABÜK,SAFRANBOLU,69592,0.662
54988432B60280442746441,0.24332694407359573,0.2994538058094868,18.51282140412097,0.23811120279019418,0.2949723488887204,0.18503023669000812,0.2409979755789759,0.11867536862625444,0.166804445074934,0.23590732598037217,0.29296647083496086,0.2391021756995851,0.29586199853079553,0.23800021710391472,0.29489259893178754,BİLECİK,MERKEZ,82863,0.821
54988432B60297346715567,0.49079970761017444,0.5921979451781866,32.10092819929698,0.4823580948972735,0.5841551349538326,0.3643600771581209,0.45884647869780637,0.1644251829484746,0.2476764238016951,0.4840449629682823,0.5858596917064796,0.48207030762430275,0.5838623124230725,0.4859267739916226,0.5877301544319552,İSTANBUL,BAĞCILAR,707635,2.346
54988432B60464897415028,0.3912236621554853,0.47442987254403224,29.12042314395158,0.38855265947757783,0.4713520040195901,0.3267106111741125,0.4032388516780794,0.2298899636505852,0.30009964551261253,0.38533121768820966,0.46784464981985024,0.3895017083311253,0.4724056874827384,0.3875243077467553,0.4702815677176034,AFYONKARAHİSAR,EMİRDAĞ,43350,-0.183
54988432B60562394154320,0.021335648022516057,0.035157279189508554,2.8953751537734504,0.02125006437653311,0.03501625285964489,0.019389544951299336,0.03195045421123176,0.016473738637815864,0.027145734124104034,0.021147204229612488,0.034846757988950275,0.021280162746410536,0.03506584951552397,0.02121650984860005,0.034960961081988554,SAMSUN,AYVACIK,18557,-0.784
54988432B60654827640333,0.0,0.0,0.0,0.0,0.0,0.0,0.0,0.0,0.0,0.0,0.0,0.0,0.0,0.0,0.0,DİYARBAKIR,KULP,33973,-1.102
54988432B60755496163753,0.4148871555516162,0.6162831391273265,48.51829596525942,0.4134255516754724,0.6139312079224438,0.3802183156359725,0.5637561566431911,0.3312664245879968,0.4927035638932122,0.41066306766747673,0.6095810163186847,0.41408635410562467,0.6149871396847794,0.4122486964321805,0.6120676916459392,KASTAMONU,BOZKURT,9250,-0.225
54988432B60759999719935,7.026700660509701e-07,1.1578728550543036e-06,8.581021972768848e-05,7.011844576345717e-07,1.1554248417665665e-06,6.702563083592913e-07,1.1044608599021153e-06,6.265908286097866e-07,1.0325080670515265e-06,6.996126343769669e-07,1.1528347620536906e-06,7.016895726099558e-07,1.1562571796544825e-06,7.007445071880686e-07,1.154699883206089e-06,ŞIRNAK,ULUDERE,45988,-0.81
54988432B60831632759044,0.14793731966151286,0.18138908772943027,11.170430391505121,0.14283718244624918,0.17726124150427916,0.11632028534736588,0.15067122377327444,0.09180528758563196,0.12310371804174251,0.13876711140540715,0.1736121150802977,0.14438714182611298,0.17857803693932225,0.1408691029481403,0.17552936754595938,ÇANAKKALE,YENİCE,29636,-0.404
54988432B60901714548003,0.34394540220933584,0.3428288149399389,14.82856903267074,0.34108558111749526,0.340492486496388,0.3041597943159872,0.3082655717010718,0.25244789967289605,0.26270955112765154,0.3395306137949296,0.3391693225643435,0.34171722641496416,0.3410246469568111,0.34086084788215193,0.34030225520815277,DİYARBAKIR,SUR,97961,0.124
54988432B61004264745956,0.17067652521389648,0.2523308786991103,18.307278716536626,0.1690601489392483,0.25074818618224776,0.15240892543300222,0.23004919929345666,0.12976153513674465,0.1994700063538008,0.1682919865932407,0.2498962601737447,0.1693555436333806,0.2510656395398917,0.16895867410646032,0.2506370876791992,GAZİANTEP,ŞEHİTKAMİL,905880,2.375
54988432B61123808131498,0.4408026789500246,0.6301826260894042,46.65775182876024,0.43550950260539495,0.6254084363980459,0.3851118508589297,0.5660855882163007,0.30919820962055594,0.46536208230113474,0.42720273546722975,0.6166513360205078,0.4378602859406242,0.6276772263250875,0.4310489770441189,0.6208102716322721,MUĞLA,YATAĞAN,45024,0.17
54988432B61168253276741,0.7142978673755899,1.1270583904042222,90.31511079592873,0.7073270850461899,1.1199048119795716,0.6396033918267031,1.0257842482047823,0.5322028416784943,0.8620047046957368,0.7025301282035402,1.114122862096635,0.7091581069027375,1.1219856679398612,0.7057164586459935,1.118008790639439,AYDIN,SÖKE,123843,0.821
54988432B6129080988703,0.3320509587616852,0.4446434855903087,28.306242337985903,0.32687571402359733,0.43891845130613416,0.2378937315626579,0.33318129032772,0.10142388941773792,0.16515961638884882,0.323240121392715,0.434655910403985,0.32818637552052177,0.4404367480273489,0.32610044002203253,0.4380143781068636,İZMİR,KARABAĞLAR,467572,1.078
54988432B61533400869276,0.3133427289549343,0.41826242824703574,28.030026126950897,0.31113808741128174,0.4159533802323367,0.28297025419419586,0.38143154801147416,0.2431207647445952,0.32937185950188846,0.31109177244529473,0.4159037221677451,0.311287655091947,0.4161190460162783,0.31175217713667697,0.4166337499434291,TEKİRDAĞ,ERGENE,68648,0.687
54988432B61600421901359,0.8223347195632981,0.7269431657924442,24.70445422171508,0.816542599901241,0.7222761149446052,0.7051694323596688,0.631964380075103,0.5597119469033076,0.5133050578127878,0.8103079173353491,0.7172440272437448,0.8186318900927883,0.7239607638973633,0.8147088232226565,0.7207964907146224,KÜTAHYA,ŞAPHANE,5540,-0.516
54988432B61684087584661,0.9626876239263007,1.2489272708654733,88.25059054938947,0.9558593512817932,1.2427458430675342,0.8293718579048202,1.124334059921171,0.6215082886792977,0.8919002180320424,0.9475355825893782,1.235456038355811,0.958353350516044,1.244942719832557,0.9529023707592398,1.2401534351611228,AFYONKARAHİSAR,SİNANPAŞA,38292,-0.627
54988432B61723076415933,0.1910384256198859,0.3141391537039693,27.94362587108034,0.1901719047746416,0.31275034128448587,0.1735367921892351,0.2854949193921293,0.15077529193622552,0.24810526470059605,0.1886613042739154,0.31028866427774515,0.1905481072256918,0.3133600878164633,0.18951938960553236,0.3116885949324853,KASTAMONU,AĞLI,3176,-0.503
54988432B61743790309044,0.18930948201450537,0.22749529605091795,12.302032703149509,0.1837289493713569,0.22298946019933208,0.12224577878532408,0.16367696058266917,0.0498699460427741,0.08217621025186359,0.18039447156132365,0.2201416259746294,0.18500224331856832,0.2240555760470977,0.18299554603445536,0.2223688824023161,İZMİR,TİRE,87571,0.5
54988432B61783843665987,0.23405282148569762,0.3133655136075746,19.122936511071185,0.23203810467431518,0.31145005171152074,0.21380701394281457,0.28958667333159194,0.1898692965169698,0.2597875697698241,0.23115938907363867,0.31050574960095534,0.23240955639537694,0.31183632606511247,0.23193475404150096,0.31133900746808263,ADANA,YÜREĞİR,396572,0.596
54988432B62220540436660,0.1844247606181371,0.30389856411520905,23.508744348759354,0.18346317986354022,0.3023140533932031,0.16754613865743637,0.27608565569169696,0.14407593008483374,0.2374110077713625,0.1825117822666219,0.3007463226685592,0.1837746196834297,0.3028272497436037,0.18315694025784487,0.3018094260528499,EDİRNE,SÜLOĞLU,6101,-0.285
54988432B62353974928440,0.02355812223350237,0.0388195136922839,3.17737050167549,0.023480299633946235,0.038691276159636134,0.021883451215679996,0.036059959519754166,0.019675586943699013,0.03242179954726777,0.023398187482965193,0.038555970224056164,0.0235067248484317,0.03873482012147539,0.023457302181156322,0.03865338052752179,VAN,ERCİŞ,169040,-0.715
54988432B62375906766923,0.3592948412569912,0.4491361449302025,29.327454203871884,0.3540227934598569,0.44441330415069,0.30440227551081367,0.3903926773479678,0.24667945700188987,0.32422780590639017,0.3496508066262108,0.44002235207228646,0.3554746410061052,0.4458113368957192,0.3523541479998493,0.4427633614379818,SİVAS,KANGAL,19406,-0.472
54988432B62800627366200,0.19581869062258447,0.3226736947233506,27.447775563022063,0.19504910790577795,0.321405561952992,0.17401691675365338,0.28674832466064404,0.13663472107775357,0.22514924462766445,0.19407224610695573,0.3197958708409849,0.19534885057520573,0.32189948352045317,0.19474048055558668,0.3208970000426744,AYDIN,KARPUZLU,10352,-0.693
54988432B6281772994077,0.01826264326958484,0.030093524578658496,2.191743731710103,0.018227681393278475,0.03003591374607471,0.01748354754323632,0.028809716093550316,0.01641841390263402,0.027054568992451074,0.01818994225027072,0.0299737264815634,0.01824010133364449,0.030056379555714243,0.01821694929736124,0.0300182291980332,AĞRI,PATNOS,105968,-1.05
54988432B62899385202427,0.3055160861686664,0.3044671761765303,13.740232527288132,0.3044927105080237,0.303499104226425,0.2862094944832846,0.28556973630540516,0.25438109951807925,0.25568659662650606,0.304525703918524,0.3035303719352447,0.3045451296854412,0.30355137366866736,0.30483689852828105,0.30383631814694784,KIRKLARELİ,VİZE,28769,-0.032
54988432B62918956167575,0.29825215897983576,0.48422765652227684,42.27440157693038,0.29713224628329143,0.48280282158140475,0.2673529722608694,0.4358650731800987,0.2043398347669841,0.333905176648897,0.2960572781903463,0.4810933658023167,0.29743446279973434,0.48326563760696534,0.2968513671088389,0.4822890094607351,AFYONKARAHİSAR,BAYAT,7580,-0.62
54988432B63047019861929,0.06434120916147117,0.10602264583167081,7.6827192665366395,0.06417585483577765,0.10575017188630645,0.060767268152551485,0.1001334391047497,0.05600841925531213,0.0922917190349227,0.06393190162357128,0.10534818122815232,0.06424455451425605,0.10586337649925968,0.06408282054488215,0.10559686824463788,RİZE,HEMŞİN,2299,-0.27
54988432B63110195465705,0.08497066357465956,0.1400162460057223,10.582207324274895,0.08468925599050993,0.13955253733413417,0.0789078797870081,0.13002587767647616,0.07090211981517301,0.11683383691179133,0.08428418258060696,0.1388850498057884,0.08479865762504216,0.13973281139025745,0.0845375048940564,0.1393024790439102,AMASYA,TAŞOVA,30034,-0.49
54988432B6320038983636,0.11353133849650471,0.18680460639920257,16.30760494839871,0.11285631120423144,0.18569569490678603,0.09839902558772519,0.16193422788377138,0.07597755675164473,0.12506427212154955,0.11191763237175983,0.18415280409824872,0.11311662414792512,0.18612341105122052,0.11251169026873124,0.1851290684349928,DENİZLİ,ÇİVRİL,59689,-0.127
54988432B63314623815647,1.4764352589251912,2.05409890162703,135.30411254946083,1.4697151982556897,2.047944283139219,1.336741145987666,1.904176302365441,1.12187404123876,1.6431296960016628,1.4649659103649073,2.0434102226480917,1.47140323791766,2.0495312444702476,1.4689733688814788,2.0472424023704683,ÇANKIRI,ATKARACALAR,5063,-0.518
54988432B63323632068596,1.9998559072287003,2.150621801388284,104.80080799457383,1.9800867974076837,2.1351784653928876,1.744206654772411,1.9340282046863044,1.4414563491982952,1.6581453879956283,1.9603105226878552,2.119147083213627,1.986237267414714,2.1400881625619927,1.972341850101668,2.128937064938112,TRABZON,ÇAYKARA,12921,-0.023
54988432B63547038185922,0.34633217900881963,0.5701918360775527,41.29092701900181,0.3456808296728483,0.5691512400895953,0.32996889013156266,0.5434460375568031,0.29890895747853,0.49236935524078573,0.345403398729737,0.5687018790603069,0.34580199386420807,0.5693469865728876,0.3457262157188071,0.5692243801696962,DÜZCE,GÖLYAKA,20840,-0.472
54988432B6366714807225,0.0005640737831485502,0.0009294913122257834,0.06695685783946169,0.0005625051862623655,0.0009269065489879761,0.0005323314522973651,0.0008771857067582041,0.0004878689873803511,0.0008039196268673319,0.0005615509835312548,0.000925334195910833,0.0005628916267929827,0.0009275433329099228,0.0005624449918542181,0.0009268073595182842,ELAZIĞ,KEBAN,7112,-0.416
54988432B63684136000380,0.020835795085360844,0.03433361218643858,1.6882191806648905,0.020796055510215496,0.03426812857249899,0.02005554830057204,0.033047906965740004,0.019017925166444093,0.031338092190883814,0.020768232209663545,0.0342222808183344,0.020806699828679314,0.034285668479213764,0.02079218624605603,0.034261752726770345,MARDİN,DERİK,61553,-1.085
54988432B6368425336150,0.2524734611860456,0.35056019282866235,23.64716353245154,0.25009758841283175,0.3478449321997766,0.22022775422621,0.30958750937859003,0.17675071261699693,0.254730690867101,0.24906455418306683,0.34657479220759796,0.25056831675498964,0.3484155813498649,0.25007462280524456,0.34781937592600143,NİĞDE,MERKEZ,244326,0.575
54988432B63915674608769,0.5061443556979764,0.6640003264214313,45.14462572117229,0.4979728769492867,0.6566697378993248,0.4221956965249444,0.5746223578598193,0.3054988613113727,0.43545480638002493,0.4931442157682976,0.6519837818275782,0.49978916371750715,0.6583801354771012,0.4964412614687102,0.6552030497209589,BALIKESİR,İVRİNDİ,31295,-0.483
54988432B64009730200703,0.23400755663051137,0.34780847830740447,28.270887601787347,0.23017458284352768,0.3441163172328624,0.19276364577505894,0.2950218285035781,0.14122738493335243,0.22077188339681192,0.22843938833861618,0.3421562911255351,0.23085316066008005,0.3448538889871563,0.2299392400077912,0.343846349395588,KONYA,SEYDİŞEHİR,66079,0.228
54988432B64031240079143,0.8545546473661848,1.0064878270542883,51.280879826123495,0.8474869735769519,1.000047512248225,0.7641092388315383,0.915973925513895,0.6394738312963723,0.7910484875210114,0.8449728612306018,0.9975987590793857,0.8487974486481147,1.0013069392471012,0.8476715356053762,1.0002257229694735,KAYSERİ,MELİKGAZİ,593262,1.983
54988432B64045217411376,0.16389077258400161,0.17203811405789468,9.423063485080345,0.16301028432844425,0.17103008425182348,0.1461046529019329,0.15163077013368986,0.12143500035000608,0.12439383154973717,0.16228169385247565,0.17019423518250168,0.16324878283726407,0.17130342518175973,0.16287026074735328,0.17086949265678933,KAHRAMANMARAŞ,ELBİSTAN,132036,0.13
54988432B64064239831257,0.521571320505654,0.6355978803899814,28.786117716705384,0.5035194538517845,0.6219208240101821,0.4199863947920727,0.5485500757905571,0.3481237490317825,0.4783409059591387,0.4988626374257326,0.6181514415199584,0.50614600645066,0.6239901058234117,0.503827926317113,0.6221216767888044,KAYSERİ,FELAHİYE,5529,-0.552
54988432B64089683735003,0.4975568477129177,0.5941771243929734,31.6941684846291,0.49129703291710425,0.5877491700166241,0.3850739499022319,0.47175382601433286,0.17215621407087273,0.2525843497735353,0.4926158849554695,0.5891768114656132,0.49107021292393493,0.587502337385612,0.4940614113237823,0.5907207415060206,İSTANBUL,BAHÇELİEVLER,539035,2.423
54988432B64260003407372,0.12860464328956492,0.21191713251113137,13.23278101555217,0.12757218413005045,0.21021582703006464,0.10807105455716579,0.1780815015958829,0.08296306237911301,0.13670808326988534,0.12796172015311877,0.21085771176227103,0.12743879276005798,0.20999602223991498,0.12819983374564653,0.21125007978608185,ANKARA,KALECİK,12564,-0.359
54988432B64303277963843,0.30767652937427376,0.4170957895829555,32.42305121480087,0.3035349757829765,0.41379950792474485,0.27044950743601387,0.3794153063076391,0.22457240361625136,0.32298326420610546,0.30245513053954937,0.41289845410606485,0.30405844962659284,0.41423264872089666,0.3037359431804597,0.41398690526460974,DÜZCE,AKÇAKOCA,41134,0.257
54988432B64452586859960,0.20841097558259963,0.34341635058397013,30.1849724750616,0.20701816139460366,0.341121350362365,0.17730219421671256,0.2921566958175202,0.13286028964891428,0.21892678692664594,0.20602737056087966,0.33948878030318985,0.20736983601119066,0.3417008201408677,0.2069074441796583,0.34093891720812136,KONYA,ALTINEKİN,14374,-0.641
54988432B64593282211695,0.37827916702000636,0.4439497068949257,25.455684672781192,0.362835184362412,0.43050991657704357,0.22503041692559056,0.28964073243343014,0.07877548344690236,0.12275674525389473,0.354381782174818,0.42256552178097223,0.3661513424099662,0.43355596494627935,0.3609526828496429,0.4287606827105615,İZMİR,GÜZELBAHÇE,39474,1.882
54988432B64635925513807,0.18446745427697134,0.14559977335626945,3.772227889974044,0.1825715942995448,0.14414518645245428,0.14736745766547737,0.11707082741936103,0.10279245667787851,0.0827178033472678,0.18100954084669568,0.142946049888446,0.18308398349141738,0.1445384251038708,0.18227122227603243,0.14391463593011392,KAHRAMANMARAŞ,NURHAK,11675,-0.661
54988432B64680094373147,0.09366458579820003,0.1090035727875213,5.60103118332596,0.0931402994055067,0.10838420058061378,0.08330150045583412,0.09796566063913335,0.06935633077578128,0.08361994450822223,0.09280241102738508,0.10800747984412108,0.09327007246027161,0.10853093637228238,0.09310389267112165,0.10834328085385132,ADANA,KOZAN,132572,0.016
54988432B64689999411335,0.5440277963488177,0.7215707810090245,42.1254061737868,0.5367137650521399,0.7149327570833108,0.46813370777440466,0.6410677715577248,0.3820389398055047,0.5420937666388282,0.5302633000451454,0.7085061863353701,0.5387393005059237,0.7168769257130188,0.5340747934619191,0.7123388060627686,DENİZLİ,MERKEZEFENDİ,351085,2.375
54988432B647422472855,0.15329495807978621,0.25240735126951747,21.98537060321901,0.1524082062146319,0.25094788120210976,0.13499071656492792,0.22227977912461006,0.11183816898088121,0.18417061815147978,0.15185679465149243,0.250040325521917,0.15263041654647153,0.2513136105327573,0.1523865331346338,0.2509122100754993,ŞANLIURFA,BOZOVA,50534,-0.947
54988432B6478152958828,0.2440880343021339,0.26612993819526143,13.641772546125472,0.24292870257387061,0.26509594238793144,0.2343763597544936,0.2555901772665902,0.22224789379598575,0.24193844601865364,0.2422047628388057,0.2643720821759503,0.24320278372510462,0.2653579075318963,0.24267226237285702,0.2648442780747749,MUŞ,MERKEZ,203810,-0.303
54988432B64920064899617,4.5411928705700384e-07,7.483062405020349e-07,6.811789305855058e-05,4.494180380690882e-07,7.405594346382936e-07,3.6212680331725246e-07,5.967193081172473e-07,2.51619848459007e-07,4.146238845222536e-07,4.460919188057996e-07,7.350785932111371e-07,4.505982980503392e-07,7.425042890731464e-07,4.490239862538881e-07,7.399101086994938e-07,ISPARTA,AKSU,4073,-0.679
54988432B6508967515470,0.30100610320111737,0.33690038072065603,16.749392485141968,0.2998264090021447,0.3355354506255078,0.27314877093029205,0.30674756015974086,0.2240830492939285,0.2577425026115333,0.29844415711769867,0.3339614096664764,0.3002340816580336,0.33600228538499316,0.29937430174168533,0.33501927891868044,SAMSUN,19 MAYIS,28658,-0.137
54988432B65104046804588,0.3434100386489092,0.40504772538665434,22.61512515843391,0.335572193777054,0.397680747968712,0.24416503379155322,0.2978807874031914,0.07714584064494664,0.12563267419793442,0.33105516328614154,0.3930036375301304,0.33730572686201926,0.3994280449380557,0.3345775535423417,0.3966638297687733,İZMİR,ÇİĞLİ,216430,2.046
54988432B65208484098159,0.0829582039726859,0.08371022408613633,4.180283232433553,0.07842494731454024,0.0803242298954533,0.05823728606802346,0.06339487329783075,0.04112848465534119,0.0474550463617344,0.0756041439054756,0.07812394717151533,0.07946040054462654,0.0811152223623882,0.07720041047200882,0.07937696030364741,DENİZLİ,ÇAMELİ,17447,-0.542
54988432B6527400252078,0.023749068815321486,0.039134159035149135,2.8547391351023883,0.02363996040148415,0.03895436815356189,0.021455952329202367,0.03535551887238143,0.018493023957260435,0.03047315017746544,0.02350841064778704,0.03873759801313025,0.023678650823031486,0.03901812295261294,0.023596904899292108,0.03888342049311994,SAMSUN,ASARCIK,15673,-0.745
54988432B65496848768167,3.829168583633592,6.309775490129476,573.1101688198024,3.8288033317058634,6.309173621183003,3.5612041579585494,5.8682187060856235,1.8627201469102033,3.06942503868329,3.8289482521110925,6.309412423732684,3.828750102750443,6.309085909516373,3.8290303656113207,6.309547731891579,ANKARA,EVREN,2927,-0.478
54988432B65548594921961,0.4462782535537742,0.6861719177981429,53.374346191391446,0.44320459095688286,0.6828691867259322,0.3851288861858891,0.6049080479046149,0.2753456932988403,0.44338343696189364,0.4426054235292332,0.6819043549393002,0.4435309244379465,0.6833106150295759,0.4438197143881504,0.6834013829951586,BURSA,MUSTAFAKEMALPAŞA,103652,0.285
54988432B65637439254468,0.23882873465927013,0.3935464483680976,30.568402343753316,0.2383736108212149,0.3927964868097037,0.22767829941818876,0.3751725529775509,0.20989419214804467,0.3458675689539679,0.23807335015609607,0.3923017116792709,0.23849441476091018,0.39299554979717793,0.23835564363729522,0.39276688014855865,ELAZIĞ,KOVANCILAR,37874,-0.428
54988432B65670234538071,0.15333999754395852,0.25267651110864914,12.222028466694796,0.15284120380369562,0.25185458946999556,0.1487154623504768,0.24505611566777177,0.14377413744652695,0.23691370822690558,0.15247729554961975,0.25125493465405513,0.15297176964894293,0.25206973830771207,0.15270456964452156,0.2516294411512834,SİNOP,SARAYDÜZÜ,5656,-0.751
54988432B6573283101831,0.42998891742821627,0.4771152286323461,20.686518008422244,0.4212089130619454,0.4701187275802232,0.34935500545835857,0.40539807020717905,0.2699794418873168,0.3304323915046885,0.4221075975456242,0.4708634158594301,0.4212255200349607,0.4701341366162577,0.4240979628871343,0.47250415033341475,YALOVA,ARMUTLU,11984,0.029
54988432B6573458732183,0.14186291197742218,0.20300270521426256,13.502548938677768,0.13965271969144852,0.20113563409695925,0.12599658893705412,0.18573250685380643,0.11164036839753903,0.16740083359058633,0.13844349815373103,0.19996791511185472,0.1401160777870876,0.20156095460644924,0.13925945895141284,0.20076426981478787,ORDU,PERŞEMBE,30053,-0.418
54988432B65769294434717,0.6569985465409103,0.984578107729095,75.59160801157948,0.6504904910188767,0.978639926502774,0.5621707637628829,0.8695795991262548,0.3897164071874452,0.622612916565085,0.650462643140233,0.9786471764923742,0.6508131773165892,0.9789407001302843,0.6522461183506163,0.9803587539788928,BURSA,ORHANGAZİ,81997,0.486
54988432B6587538084917,0.4572390426693277,0.5813214356192247,33.476364298232426,0.4505442215771967,0.5745335246319558,0.3494133032739553,0.4605931448740755,0.1514202590662105,0.24668875797527515,0.45194814596282823,0.5760345032174343,0.45030351082100556,0.5742745552251562,0.45349478224805834,0.5776636878263406,İSTANBUL,BEYOĞLU,215991,3.394
54988432B66052692688505,0.11730574316391536,0.1382306961632331,5.336866312287939,0.11462771391313424,0.1361113773752955,0.10307861812736416,0.1262549129574814,0.09369604685567248,0.11767490027167883,0.11315065898821419,0.13491017243896794,0.11522743179539652,0.1365928420301335,0.11404468139082505,0.13563978930982787,SİNOP,DURAĞAN,16788,-0.687
54988432B66082429692342,0.202637907741369,0.22198802591309802,5.984419514861304,0.202469066970832,0.22179615864506327,0.19327659073150408,0.2136683981090784,0.17478614460985673,0.19817961989019248,0.20219943228405265,0.2215232046929677,0.2025376112328374,0.22186954326721106,0.20239571399895062,0.2217199859122301,ORDU,GÖLKÖY,24780,-0.61
54988432B66082608132209,0.8929577122627618,0.9098955489068984,39.687743795374914,0.8774956540695881,0.8966792279928145,0.6615011858708011,0.6974352312533562,0.23273083429126565,0.31160297200413245,0.880517379402466,0.8993729441733339,0.876981932872949,0.8962188204484233,0.8839141255585131,0.9023637654198614,İSTANBUL,BEŞİKTAŞ,165895,5.94
54988432B6640602467318,0.188396144705757,0.17898911090685893,4.507433452575252,0.18724450421212227,0.1781105368714554,0.16507786324744825,0.1610882724019573,0.13611717452583263,0.13869540591655796,0.18600397027860047,0.1771627166217208,0.18766018289565448,0.17842785310095688,0.186879697125386,0.17783192677155948,KÜTAHYA,EMET,17352,-0.299
54988432B66454172152747,0.24282283572867086,0.40009474704173925,29.186593804614155,0.2421899327001281,0.3990518382561532,0.2289868890633077,0.37729583304694403,0.21041697272806031,0.34669675488405277,0.24152008637723119,0.397948054952467,0.2424050445098028,0.3994063031548656,0.24200253058223717,0.39874303397061506,VAN,GÜRPINAR,28505,-1.116
54988432B66516402107678,0.018560684586516215,0.03058464262570854,2.0739166163769647,0.018523540952112463,0.030523436651394217,0.01774320988104476,0.02923759254219146,0.016638912100647548,0.027417910040267585,0.01849980246469375,0.030484319928581978,0.018532666633692508,0.030538474119896016,0.018522419860089647,0.03052158929502605,ADIYAMAN,TUT,9199,-0.979
54988432B66531887129041,0.0347249531101086,0.03501016599320344,1.5989174718533785,0.03376460692480323,0.03426354839840529,0.029036074546343094,0.0298152195778007,0.024836397848684195,0.02540249024190613,0.03347348528981563,0.0340204020321006,0.03390301276811959,0.03437670412815119,0.03375180592947815,0.03425288753933648,ŞANLIURFA,HALFETİ,41624,-0.798
54988432B66575483981903,0.12902051760686342,0.2100386275078191,14.0067003198869,0.1285961727541172,0.20941480438686552,0.12105275558500793,0.19743083436551248,0.11074201268201699,0.18087854510382165,0.1281551857946417,0.20873056801522183,0.1287449780752376,0.2096422933475807,0.12845808016786617,0.2092017220012811,ZONGULDAK,KİLİMLİ,32441,-0.197
54988432B66595965845834,0.8142145458183525,1.0062715720809647,55.83938845258932,0.8001889087341638,0.9935420544233294,0.6808149415186302,0.8706341501728062,0.519056063284358,0.6967110818450797,0.7797509110540749,0.9736151732695317,0.8062020517239663,0.9991593605396191,0.7891128948241607,0.9828639998006162,MUĞLA,FETHİYE,187332,1.522
54988432B66719827251090,0.02105159922072054,0.034689218270166834,2.691475953976442,0.021009526157008608,0.03461988949019645,0.02011818508953197,0.03315112103613873,0.018847737145000668,0.03105765319140827,0.020966674386399178,0.03454927754246041,0.021026375578328343,0.034647654281258544,0.020998209012591158,0.034601240888312304,ARDAHAN,DAMAL,4526,-0.814
54988432B6679854543098,0.310141129883344,0.3790393177732162,21.864303598528224,0.3063099765654054,0.37530854563761856,0.2624929627899006,0.3278577362020091,0.20489333962768805,0.26477382614365214,0.30362832947865204,0.3725108756282963,0.30729216538114096,0.37631265195493335,0.30553816588324756,0.37451017909906015,MERSİN,MEZİTLİ,233140,1.147
54988432B66867123396579,0.01870183554116714,0.03081723380434493,2.4573022739628243,0.01865407592888899,0.030738534623468237,0.01760867722376875,0.029015907117545925,0.016007459268277797,0.02637739027263733,0.01858762714025704,0.030629039068832502,0.018672300653249235,0.030768565664560068,0.01862998809688504,0.030698842244125498,GİRESUN,DERELİ,20100,-0.824
54988432B66869796973700,0.4907890324281372,0.6306714094518416,36.663408374637704,0.48475855584380895,0.6241260183978387,0.38038552998813974,0.5031174746942471,0.16921878718662903,0.2725823532536839,0.48607530451598935,0.6256259387375367,0.4845316531941329,0.6238661853613628,0.4875091121755758,0.6272383017166043,İSTANBUL,GAZİOSMANPAŞA,478395,1.46
54988432B66916600910791,0.6085769583782588,0.791795773424193,51.31363678758307,0.6016282028814206,0.7854310368459682,0.5409013197962294,0.7140595752671408,0.44811476527176936,0.5947042834896711,0.6019317726411871,0.7857427472170739,0.6018214302431398,0.7856200983902234,0.6035692053019847,0.7873476960333271,SAKARYA,ARİFİYE,55589,1.148
54988432B66992053729181,0.01995613251463698,0.0328840877773903,2.394728275383477,0.01994249964347396,0.03286162327773568,0.01948327106643376,0.03210489785379896,0.018458207345695452,0.030415778714834876,0.019933195574349756,0.032846291858907764,0.019946367884634428,0.032867997437747466,0.019942036332418846,0.03286085982512814,ELAZIĞ,KARAKOÇAN,28320,-0.483
54988432B67026781349893,1.1100537583263814,1.0556266156226182,38.91194862248472,1.0893720619897482,1.038795674862972,0.7856059111331442,0.7803381514630575,0.1979190921618603,0.28989527204539633,1.093409169098954,1.0421870517322933,1.088684339669875,1.038215845954629,1.0979342164481731,1.045955045192081,İSTANBUL,BAŞAKŞEHİR,536797,3.468
54988432B67060937110843,0.23692235892069052,0.287494195035238,16.94521428200363,0.23342758542040037,0.2846026014569306,0.20466332729299247,0.2563029484367683,0.17100219699757152,0.2206952097976366,0.23061996316670455,0.282061010397536,0.2343775497384091,0.2854313027706991,0.2322944099346103,0.28359073816297653,TRABZON,ARAKLI,49230,-0.24
54988432B67214587682111,0.06443210912224555,0.10617243248431374,8.84899441191235,0.06415936687030221,0.1057230027089337,0.058666608482756226,0.09667193287746316,0.0511995638807643,0.08436759735806866,0.06389505607368459,0.105287466443071,0.06424381629881176,0.10586216005406665,0.06409310761940523,0.10561381947811668,ADIYAMAN,ÇELİKHAN,14530,-0.631
54988432B67228037605884,0.17335038527686647,0.2609441874803031,20.02875876853635,0.16776593777222742,0.25440718240763227,0.126495656780807,0.19706184998546816,0.07844979765913251,0.1258864416091023,0.16491176172287486,0.250780136730809,0.16888632652202165,0.2557928663366521,0.1670357527377807,0.2534911896003167,MANİSA,KIRKAĞAÇ,37363,-0.219
54988432B67289676642995,0.32445251950602594,0.3082748051987096,9.070446915711837,0.3206118082700521,0.30527202777373375,0.2514810751691077,0.25062219418390014,0.16598061799063454,0.18230942112281304,0.31791418968771235,0.3031573944405014,0.3215721577425478,0.3060239496387906,0.3202912084008608,0.30502057361473667,KONYA,YUNAK,20259,-0.559
54988432B67392778171164,0.23636683701969863,0.32322348470258744,23.14738073989312,0.23317220491317248,0.32057864322334284,0.21422466709719917,0.2998338684463474,0.19492816967022142,0.27589473855070623,0.23213884647118962,0.3196196654771456,0.2337080048104414,0.3210596292796861,0.2331252723759711,0.32053595092221443,TUNCELİ,MERKEZ,41045,1.084
54988432B67500599414022,0.9127933222648636,1.4495021851631875,103.97036492927155,0.9071833170281074,1.4443637875097612,0.8483710804768659,1.3638753808834865,0.7456659646397378,1.2069535944791823,0.9046843361791906,1.4416550947622817,0.9081743859971793,1.445382218434937,0.9067738862386042,1.443935369406219,ÇANKIRI,ÇERKEŞ,16927,-0.232
54988432B67540218019421,0.2820277760279374,0.35764334241833334,21.540070502191547,0.2787336309875688,0.35444729505883,0.24037976063318423,0.31199310434181216,0.19086430425764134,0.255338816456998,0.2763768323166424,0.3519758984181999,0.2795930041375043,0.35532740593540696,0.27805639231231105,0.3537442605032756,MERSİN,TOROSLAR,322971,0.396
54988432B6759828088489,0.1615935859289031,0.17026595164522226,8.530922018105482,0.1610535511515291,0.16976796664938276,0.15026445495248536,0.15992395062059148,0.1352621140186503,0.14603457688005406,0.1604163022693409,0.16919125470783578,0.16124942334809447,0.1699461211199971,0.1608464867869302,0.169581169193226,MUŞ,KORKUT,19251,-1.22
54988432B67777118952628,1.133683560609643,1.4505765566181095,87.02722346580549,1.1128574657591814,1.4328534323606616,0.9163010035733805,1.2282418887027688,0.6592541390854553,0.9332383597350832,1.099342000550007,1.4203376008519388,1.117853987679318,1.437345059876443,1.108652900345023,1.429056008686218,BALIKESİR,AYVALIK,75815,0.907
54988432B67849230922765,0.0983628796345907,0.16208418968797356,14.578983039355437,0.09793990407493387,0.16138720266299542,0.08941452580759655,0.14733892516869881,0.07782318390012409,0.12823849554068875,0.09758252534514072,0.16079830731908698,0.09806680436874245,0.16159631133660826,0.09787056951308899,0.1612729518773765,YOZGAT,SARIKAYA,30785,-0.411
54988432B67949060177809,0.35021561759036685,0.4530431023670613,28.542743247035688,0.341373262606076,0.44479366587525976,0.23678731807890824,0.32964256758961985,0.10077839864820969,0.1647057874872767,0.33610248614220123,0.4394313078241439,0.3433728152501341,0.44677922909200896,0.34021936424097676,0.44363304805995507,İZMİR,BORNOVA,452479,3.028
54988432B67969855832244,0.6471895985904387,0.9364431374899312,67.69430218745768,0.6400816953536852,0.9299214668793343,0.568193824639523,0.8442836266290362,0.45811870467846133,0.6999651451117999,0.6288953099381356,0.9178444303717037,0.6432095661377376,0.9330033666748209,0.6341178865042348,0.9236282898259105,MUĞLA,MİLAS,152275,0.681
54988432B67997917440066,0.07437425318299323,0.10860628619170822,6.8278559986245995,0.07211200431625767,0.10670645817903476,0.054386307478447936,0.08480953112359456,0.030983287787972928,0.051054818050139054,0.0710807915403946,0.10570438150884116,0.07253465627912913,0.10709528201839133,0.0718772355902425,0.10648431911472404,İZMİR,ÖDEMİŞ,132548,0.336
54988432B68103092763105,0.05581512562983511,0.07949869192753108,5.671928071257141,0.054768675780666985,0.07854652574325265,0.047950209440873116,0.07039970326025594,0.0408206336069039,0.06096803532730541,0.054349190534222984,0.07811432479952306,0.05493971513728594,0.07871643146756979,0.05470353943180792,0.07848077868227908,HATAY,ALTINÖZÜ,69834,-1.038
54988432B68104406742537,0.4483854079904133,0.4854559584528338,24.30357247816956,0.4436995212473942,0.4815315418892057,0.39071171716179826,0.43247206975706526,0.3218567759840024,0.3669412233624088,0.43926193901947225,0.4775790608177913,0.4451000264106633,0.4827512117104098,0.44195440275008774,0.47998937222155397,TRABZON,AKÇAABAT,131162,0.405
54988432B68279142747121,0.27139956912918006,0.3732529710318069,20.476126732417885,0.2663265933266735,0.3691613138793503,0.23859416355522234,0.34053404667251835,0.21179423306788123,0.30917568210038765,0.26368366627778433,0.3667895666303147,0.26735946452614645,0.3700500961931067,0.26545948822730364,0.36839768761259045,ORDU,GÜRGENTEPE,12499,-0.859
54988432B68378780511422,0.29688742696795023,0.26717532404723726,9.40825056559928,0.28867468438780064,0.26098887025452666,0.22648006260317097,0.211112241404305,0.16012119796577998,0.15633612570353006,0.2881377664632919,0.2605720604020234,0.2892621663987178,0.26144163876052057,0.2903288345181689,0.262257420199243,ESKİŞEHİR,SEYİTGAZİ,12565,-0.31
54988432B68476887974785,5.857210695360476e-05,9.651621149320019e-05,0.0029325980355468036,5.8402959292920294e-05,9.623748681960882e-05,5.7381096741250866e-05,9.455364262680846e-05,5.6292221829381804e-05,9.275937421562021e-05,5.8343699205796635e-05,9.613983694154547e-05,5.843196988662199e-05,9.628529101759466e-05,5.839704331511435e-05,9.62277383609174e-05,DİYARBAKIR,LİCE,24060,-1.022
54988432B68647212812297,1.8856546829826004,2.1318868257197585,100.14850101123572,1.8494665259939782,2.101919565647676,1.5215602511512343,1.798704133815249,1.1156320623322742,1.4085139541453848,1.7931085277376169,2.0517938815660237,1.8654965379236605,2.1156182344732617,1.8191285177424121,2.0751930142137116,MUĞLA,BODRUM,207196,2.483
54988432B6867596275120,0.03748460043967309,0.061767824514821115,4.914054533918926,0.0373517681268187,0.061548940949462276,0.03466530269051366,0.057122133041988966,0.030983281285129043,0.051054829419701894,0.03716940577427946,0.061248440859888634,0.037402219135305205,0.061632075063264694,0.03728534600072556,0.06143948932985583,GİRESUN,ÇANAKÇI,5783,-0.637
54988432B68766699896789,0.008235360193145051,0.013570380296441626,0.9012908108260533,0.008221836691144029,0.013548096017334282,0.00793310351615586,0.013072316100379353,0.007517470584003165,0.012387428394103672,0.008208704224073589,0.013526456092886932,0.00822626022070592,0.013555385191942259,0.008218610546370532,0.013542779915738124,BİTLİS,MUTKİ,26748,-1.257
54988432B69064282981007,0.29319460796689517,0.2787623126428,9.990916814650443,0.29286082119895523,0.27832496912466753,0.28176679931060544,0.2674795289136726,0.2567299549135154,0.24553900621285332,0.29256954788224854,0.27797294652571497,0.2929555568934717,0.2784448187773257,0.29279594896167443,0.2782446915346802,BATMAN,BEŞİRİ,31864,-0.792
54988432B69245819346506,0.8071256108052255,0.7424392051251716,29.008155393020793,0.8016155611533239,0.73771237848547,0.6992599995630796,0.6493803591284322,0.5573110678436376,0.5247616173112679,0.8019737874233199,0.7380175473272991,0.8018620867903946,0.7379221711344239,0.8038544053207006,0.7396195924332921,SAKARYA,FERİZLİ,36015,-0.139
54988432B69251305297416,0.034387664685528965,0.05666463595333414,5.15702486523856,0.03420528576086482,0.05636410855590366,0.03059053690762081,0.05040765790114313,0.025750156742870723,0.04243158908636475,0.034041541363718536,0.05609428748085993,0.034270653551473663,0.05647182282181258,0.03416896344163269,0.05630425596006467,ERZURUM,ŞENKAYA,14918,-1.119
54988432B69475506510516,0.0012064102227462377,0.001987945291064326,0.13989341754906517,0.001193931301843848,0.0019673822921956667,0.0009930895764502722,0.001636431546986857,0.0007340265736721631,0.0012095426937994327,0.0011836645292979343,0.0019504645126939165,0.0011974602537299628,0.0019731973650059954,0.0011914626562537388,0.0019633144118978746,MANİSA,KÖPRÜBAŞI,12217,-0.412
54988432B69574392637180,0.00016334797350320702,0.00026916784076265677,0.023956327500515587,0.0001624939705942104,0.00026776059882331843,0.0001455603334170598,0.00023985703529889928,0.0001228736265510783,0.0002024734561202344,0.00016156705464097102,0.0002662332094082486,0.00016280321398476312,0.00026827017585644624,0.00016222195256822012,0.00026731236244098653,BURSA,HARMANCIK,6089,-0.372
54988432B69584017445691,0.0518223858588673,0.08539389504288335,6.635011199785035,0.05170861568059515,0.0852064224188162,0.049310347708626454,0.08125451167428299,0.04590866499575698,0.0756491553839905,0.05158608148436672,0.08500450828231947,0.051748995938977096,0.08527296176255585,0.05167374666323667,0.0851489646009406,AĞRI,HAMUR,14336,-1.275
54988432B6966801542176,1.4074639195264635,1.5032523842541932,78.90558204443849,1.3947218260277365,1.4930232622065793,1.292211926516735,1.3882842560948234,1.1356240364184371,1.1912440229619767,1.3859691694810237,1.4855270054758092,1.397888923248526,1.4956486552428363,1.391394163608446,1.4902139885280037,AFYONKARAHİSAR,SANDIKLI,54376,0.052
54988432B69685064161896,0.34068755987136645,0.47100993739326125,30.853456952191358,0.33769168665079413,0.46796562139218906,0.30171108092391985,0.4248677990168028,0.2519466121056879,0.36314853332164254,0.3352096420536872,0.4651673122098318,0.33850439883773376,0.4688519844162733,0.3368459241208635,0.4670243265134471,SAMSUN,CANİK,100247,0.553
54988432B69692013830482,1.598138986556692,2.461137912393697,205.06250744859793,1.5919061913777866,2.4539340837093326,1.4082968427687246,2.2063938596881925,0.957024767975705,1.5358131309215692,1.5916168350316278,2.4535061398197073,1.5924040727946718,2.454546909677082,1.593966943355198,2.4563219905693394,BURSA,KARACABEY,86543,0.56
54988432B6973395963202,0.5605015062886904,0.7262931805871552,43.49435773116135,0.553006998508626,0.7196306793161535,0.48239467282857196,0.6440130504286127,0.37914616802026585,0.5207696493946303,0.5537481656149933,0.7203192999913275,0.5530318970111687,0.7196587186886464,0.5554516151217326,0.7219073871050639,YALOVA,MERKEZ,157901,1.137
54988432B69784551217741,0.00109668141071423,0.0018071321057478449,0.1220200248713429,0.0010942379758297263,0.0018031057681214828,0.0010425524511652217,0.0017179373955101347,0.0009688903599797767,0.0015965556262403802,0.0010920754010486243,0.0017995422370177092,0.001095006058939485,0.0018043714298113472,0.0010937861033052363,0.0018023611641382895,MARDİN,DARGEÇİT,26675,-0.866
54988432B69862067996452,0.008268899604622319,0.013625647164919855,1.240334940693348,0.008183608535722166,0.013485102949036196,0.006599495743027353,0.010874772310769696,0.004593559751180191,0.007569353528681173,0.008123189992457553,0.013385544145313162,0.008205057394125987,0.013520446778405873,0.008176413661598974,0.013473247101113719,ISPARTA,YENİŞARBADEMLİ,2353,-0.421
54988432B6991575510752,0.41400061661227827,0.48690242430449016,27.614667613260103,0.4103305344724957,0.48376805047149196,0.3789207069322522,0.4463180722489447,0.3234319752012754,0.3763656383627765,0.4089251292295274,0.4823928307486544,0.41090129176846063,0.48430355930160024,0.4101510183047981,0.4835967162319648,KONYA,SARAYÖNÜ,28401,-0.386
54988432B69940512809265,0.12737218767588368,0.20988626913856623,14.165403647602782,0.12699606458251683,0.20926648648236734,0.11921282779068454,0.19644112356863136,0.10832478868205264,0.1784996094245806,0.12671692603978307,0.20880651677959164,0.1271037267620068,0.20944389423199297,0.12695964487326206,0.20920647340543067,YOZGAT,ÇAYIRALAN,11777,-0.398
54988432B69998185816997,0.04293185238632428,0.049633618090388854,3.2654963702672988,0.042563059830147985,0.049239183974158995,0.03558250673063234,0.041707054011643124,0.026577568100355317,0.03190628572782173,0.04212422847690205,0.04876875813446796,0.04269321727831352,0.04937852115728366,0.04241881725802952,0.04908462777386222,SAMSUN,VEZİRKÖPRÜ,87575,-0.537
54988432B70012419752472,0.48411296057804226,0.6224824810812883,38.52734336085699,0.4745697071357515,0.613951835562938,0.363187617527784,0.49636686356097026,0.2047929172872623,0.3124048220042791,0.47542643962934394,0.6147616832341151,0.47468521092279536,0.6140627119266098,0.4778327579557726,0.6170150442178188,KOCAELİ,BAŞİSKELE,131387,1.562
54988432B70042500930466,0.33317599495006883,0.409450108167357,24.1707753109158,0.3277295203032599,0.40487051979902416,0.2843967526748895,0.36054125449541863,0.2360822184504781,0.30781950127750124,0.32436655469344455,0.4017394095392167,0.3290628482487594,0.4060672422101021,0.32667119790234667,0.4039002741753664,KÜTAHYA,GEDİZ,48539,-0.083
54988432B70258579646367,0.17168470971061647,0.2607125390016999,17.40860408992681,0.17017738956591422,0.25926678257761543,0.15792920200499577,0.24348381004959324,0.14373559397992156,0.22357774007663705,0.16895403694301303,0.2578799943078417,0.17060440095870208,0.2597187907786183,0.16967584559217672,0.25871184847667233,RİZE,PAZAR,32144,0.199
54988432B70315199389199,0.2203503522815564,0.16808019236059166,3.076387033562264,0.2143162774114536,0.16366222119613666,0.1642613466781515,0.12639739663573593,0.09625827750737388,0.07548171155523986,0.2142552119164621,0.16361717411205653,0.21457929041145388,0.16385618991137352,0.21566091109139335,0.16465289649244497,BURSA,ORHANELİ,18963,-0.354
54988432B70364934790471,0.6197982973289444,0.8877833701756456,59.94787721648311,0.615085997841082,0.8835988143684005,0.5671115797348653,0.8286813178563929,0.4934673256549745,0.7346168447525991,0.6137086431399967,0.8822535313469192,0.6157325330574918,0.8842170314184953,0.6153047766261015,0.8838092488895987,DÜZCE,MERKEZ,267249,1.032
54988432B70424898114793,0.032176490088756976,0.05302102116584693,4.377442567595444,0.032038491038898505,0.05279362375477971,0.029281587020089202,0.04825074583583068,0.02556176444498405,0.04212115274025683,0.03190593342267005,0.05257519283965022,0.03208100898988338,0.05286368562830535,0.032005598363821844,0.05273942259061824,ADIYAMAN,SİNCİK,15801,-1.202
54988432B7043343413230,1.0350163967373167,1.051080375225757,31.51412118929213,0.9756128898150875,1.0054898713467064,0.40934854058180925,0.5466869555805995,0.20281397197521492,0.3342006499517105,0.9609744530331622,0.9940517061491781,0.9831497675295383,1.01136381433677,0.9814319090508034,1.0101220620482574,BOLU,MUDURNU,18101,-0.461
54988432B70515567552987,0.496077310008621,0.7143379419521358,54.4450319485599,0.49219904029743805,0.7099681467328671,0.421694667678331,0.6180236980857597,0.27069063230276136,0.41390824271479754,0.4894627011543051,0.7065442661990043,0.49315995643585997,0.711141395881214,0.49154643766576983,0.7091642240279774,MANİSA,TURGUTLU,179326,0.489
54988432B70702003005022,0.4074279551270302,0.5779991658931322,35.689376388254004,0.4041873904542984,0.5752116685579663,0.38059497329809594,0.5492690727718118,0.3497105829766588,0.5119915320776819,0.40272805143671137,0.5738077941490278,0.4047977302525039,0.5757769636500971,0.4038762485337238,0.5749158072115186,YOZGAT,MERKEZ,109042,0.812
54988432B70812604960370,0.04765755095577645,0.04110872789878791,1.3329228072180839,0.04399039441771165,0.03841387856540131,0.028675460674233173,0.02656948351522518,0.016710995639043116,0.016898093679352997,0.04278728718032733,0.037506730319849906,0.04450709188436518,0.038800740314674835,0.043826708280347716,0.03828679027670066,KONYA,BOZKIR,24704,-0.574
54988432B70813006049679,0.415925755068805,0.5143413618200203,31.38298100031237,0.40572508987218514,0.5059612253403617,0.3175785988589902,0.417089948734192,0.1976819656185906,0.2801465255456147,0.4056127944142244,0.505863086283845,0.40620800807202284,0.5063822535536985,0.40817744128614913,0.5080810658444992,BURSA,MUDANYA,112225,1.037
54988432B70826700680977,0.04246004749447484,0.06996427963446888,5.597499965360193,0.04235407039939578,0.0697897489133259,0.04015618663737275,0.06616843627121011,0.03703258751182631,0.0610216122532492,0.04227850625686437,0.06966526459756835,0.04238073823806823,0.06983367892730688,0.04234566198133545,0.06977589721935847,KİLİS,POLATELİ,4968,-1.155
54988432B70965233026524,0.3970506401002831,0.5100224984545938,30.238843470078976,0.391011037088009,0.505004046089336,0.35498394247930254,0.4659030647331609,0.3186164042374713,0.4215656454802232,0.3867999571548818,0.5010192664680924,0.3925830066127175,0.5064055589044125,0.38924186216706286,0.503366887517946,RİZE,DEREPAZARI,6772,-0.37
54988432B70975944471904,0.022491720399501477,0.03706227683842281,2.6931159463400793,0.022398351230069193,0.03690842137764847,0.020523707107826753,0.03381934778976894,0.017968732824648084,0.029609213459612607,0.022251482364965585,0.03666640811940366,0.022435371412006362,0.036969423924683276,0.022339639817503996,0.036811675615767384,ÇORUM,UĞURLUDAĞ,5992,-0.923
54988432B71029132182367,0.09700993962996249,0.13561181518210644,8.686836247881061,0.09661544447338564,0.13514864356307,0.0886027418441086,0.12552385090209256,0.07734281565728347,0.11161919944337152,0.09632001461087207,0.1348007593525765,0.0967274965708901,0.135280347779135,0.09657425035721327,0.13510019835197493,DİYARBAKIR,ÇINAR,79114,-1.256
54988432B71099254802304,0.2846693599460406,0.41549666382280814,29.683465208886066,0.28133076644885124,0.41211821272003013,0.24341369933763507,0.36538306202102266,0.19152670512006467,0.296130758602405,0.2796425647043883,0.4102174523106154,0.2819731249249848,0.41282388174421997,0.2811225173604214,0.4118868289094129,KONYA,KARAPINAR,51756,-0.161
54988432B71168384186260,0.2926047653732639,0.482159595881604,37.55401551771882,0.2904237837161758,0.4785657335838887,0.24868071781059192,0.40978073016051475,0.19288831125425396,0.3178449608843386,0.28887529510948823,0.47601410514449766,0.29097226705780616,0.479469534675477,0.2902405416038275,0.47826378380967494,KONYA,DERBENT,3954,-0.936
54988432B71225398808763,0.003138216099330727,0.005171211085069722,0.3817252131391266,0.0031320316508039567,0.005161020235311637,0.0030006822668255714,0.004944580267843825,0.0028130493974650077,0.004635395322241222,0.003125358305463806,0.005150023772255812,0.00313422841398941,0.005164640102706464,0.0031301333070838087,0.00515789210908381,AĞRI,TUTAK,25920,-1.254
54988432B71285314938898,0.0018284316352717316,0.0030129237889722775,0.22108857859513756,0.001791614658283029,0.0029522560868457913,0.0015554381181727415,0.0025630799741771337,0.0013128562939511556,0.002163349114750777,0.0017796993623228773,0.0029326218396809253,0.0017975146214996179,0.002961978156397865,0.0017915456021396934,0.0029521422948433924,ADANA,TUFANBEYLİ,16027,-0.521
54988432B71286228514784,0.013282347911408131,0.021428747018694908,1.703880076989525,0.013178972437251878,0.02128676347781247,0.011961088481595675,0.0193933535380351,0.010432844770614038,0.01696016650275956,0.013123365184821932,0.02120464642524372,0.013199873957024747,0.021317094292983653,0.01317072026506177,0.021274692725177933,HATAY,YAYLADAĞI,42019,-0.863
54988432B71345383711908,0.748144195255924,0.6933787369442869,27.57970191957318,0.7414627170004529,0.6868813550074528,0.5986541274982686,0.54992394674163,0.2067551387349374,0.21080236785885445,0.7429568957452617,0.6883844410756965,0.7412045329577697,0.6866216021473235,0.7445700742601111,0.6899987191694665,İSTANBUL,ÇATALCA,81143,0.761
54988432B71616500059418,0.5433586310421475,0.622762488235478,31.709584508114627,0.5378630229272731,0.6169350807275631,0.4452730660058287,0.5118001765049845,0.1528662075782855,0.23658995841219704,0.5390309031609769,0.6182408881295915,0.5376620963886134,0.6167091940161475,0.540309103329241,0.6196506562505271,İSTANBUL,BAKIRKÖY,218204,4.465
54988432B71738622898176,0.10083826464243711,0.07294144824936209,1.1093800935148568,0.09465275841435493,0.068467225980578,0.06991063672199031,0.05057017742949133,0.05135397272627729,0.037147271176191314,0.09207587694257259,0.06660326006015085,0.09571929826004595,0.06923869777602916,0.09392355100471195,0.06793975924061413,MALATYA,ARAPGİR,9917,-0.393
54988432B72028378604273,0.061003539955647175,0.0865543141082469,5.748550650184816,0.060548288233949386,0.08606385997118476,0.054644673698729176,0.07858578235510014,0.04603588877995083,0.06763565394265234,0.060316721085395035,0.08578235487843963,0.06063505628317245,0.0861667874116674,0.060518538052196806,0.08602820379693539,GAZİANTEP,OĞUZELİ,36644,-0.389
54988432B72030220276956,1.200587897456605,1.265823690084979,61.28572604675375,1.1783203656350278,1.246777416726415,0.847671699155024,0.9430238802853036,0.25119716086216287,0.39180818737139844,1.185107308523056,1.2527612542020439,1.1760587469683759,1.244769895239517,1.1894439501679304,1.256539586651779,ANKARA,ÇANKAYA,952198,6.901
54988432B72106000461584,0.1382934237109698,0.22788248579787934,18.639010788490115,0.13780277229142704,0.22707398122734132,0.12760740975402274,0.21027387247097704,0.113190843747725,0.18651798582049894,0.1374000801327957,0.2264104175693036,0.13794843922552183,0.22731401392122746,0.13773059129287707,0.22695504003017122,YOZGAT,BOĞAZLIYAN,35316,-0.197
54988432B72271864351662,0.6037555854398362,0.7735543188994023,44.70094426048794,0.5963066324439276,0.766870909156439,0.5210966265824075,0.6888016414439818,0.42244138666853365,0.5803069395465855,0.5894939585446852,0.7602453646493218,0.5984140672103699,0.7688565525571437,0.5935348646124551,0.7642057934298979,DENİZLİ,PAMUKKALE,343071,1.227
54988432B72298129420798,0.8197860120391424,1.0257573493529242,70.60511083085703,0.817614503467371,1.0231174776745346,0.7577203553001551,0.9526919960455917,0.6447076988795674,0.8224029508962086,0.8145296561554617,1.019393911485795,0.8184556732590922,1.0241378124946845,0.8165249922997881,1.0218003372412399,SİVAS,GÜRÜN,17062,-0.475
54988432B7232586942515,9.235089873212498e-06,1.52177535301525e-05,0.0010621236307004254,9.216384013705101e-06,1.5186929665581471e-05,8.822324712787652e-06,1.453759139167684e-05,8.263560102136304e-06,1.3616848633024511e-05,9.196523438090057e-06,1.515420303824746e-05,9.222754135283259e-06,1.5197426470860503e-05,9.210830238288251e-06,1.5177778050749808e-05,SİİRT,ERUH,18339,-1.098
54988432B72387127190617,0.3146412524969794,0.4167898313585533,25.000900762586554,0.312869353351672,0.41498563165389957,0.292555834594006,0.390133853877399,0.2641473505291081,0.3547940114238536,0.3120911766111738,0.4141010343927878,0.3132070414096746,0.4153599195062958,0.31281824872381203,0.41492839397040876,ELAZIĞ,MERKEZ,463686,1.135
54988432B72818442943555,0.12644176845497648,0.20835310697362058,18.44096004725874,0.12580540969567225,0.20730450312798449,0.11294148274183424,0.18610708409893764,0.09513603617531805,0.1567669367843465,0.12494520415053771,0.20588704036900277,0.12604879702211075,0.20770556130900417,0.12549542249839568,0.2067937004362488,SİVAS,ŞARKIŞLA,37282,-0.178
54988432B72902905976460,0.43394034931625947,0.6321294453255916,41.23404637480475,0.43241516598715024,0.6303249477264316,0.4078937875497971,0.5979047483653348,0.3748619879503187,0.5533096665700962,0.430722550257816,0.6281697107293872,0.4329396427036821,0.6309779114289981,0.43180934527868287,0.6295601226637896,GÜMÜŞHANE,MERKEZ,54697,0.655
54988432B73072447730570,0.3522081873457873,0.5020414932861776,33.42599908816133,0.34677758390868446,0.49686367919438384,0.2943341625850034,0.4334071760535231,0.22775943208086283,0.3458187495263366,0.3379886624678188,0.48713538656951927,0.34922411569571044,0.49935648125674204,0.3420715675729349,0.49175854472931374,MUĞLA,DALAMAN,53327,0.548
54988432B73173192257924,0.1615742371213791,0.18871082393491573,10.010394128238737,0.16071210041172015,0.18792835431150656,0.15200146091051603,0.17843016542206314,0.13987218193777834,0.16490325004311057,0.1601562483543234,0.1873657199725739,0.1609174133498117,0.18812895045591027,0.1605472732660484,0.1877640369143143,VAN,İPEKYOLU,362816,0.404
54988432B73242449830307,0.03637227891057593,0.059934920329970484,4.438279617975369,0.036263625119946165,0.059755878584993344,0.03403125394223272,0.05607733567564945,0.03055567661014737,0.05035021445205693,0.03612291192473862,0.05952400875454159,0.036303649191566874,0.05982183099753715,0.03621290013824616,0.05967229301301411,SİVAS,ULAŞ,7603,-0.595
54988432B73294820193521,1.2609033506192133,1.966789020932806,163.05641322177325,1.2560775429522566,1.9616791508518123,1.1442178378631755,1.8018890949408846,0.8449188488117688,1.3357135450225093,1.2565479734953884,1.9621541955407074,1.2561415059290584,1.9617796238192102,1.2578518270736256,1.9636456103858715,YALOVA,ÇİFTLİKKÖY,58589,0.828
54988432B73322112171643,0.46327658373663827,0.6677220939551255,45.02145093933323,0.45766530242745723,0.6611477959204046,0.3651951561717825,0.5408412575673927,0.2019655945254043,0.32454484512475007,0.4595023269054786,0.6633940496409703,0.4570454991351989,0.6603827863546425,0.4606477449361258,0.6647715152010677,ANKARA,ALTINDAĞ,418072,2.528
54988432B73440266741351,0.2815497574709671,0.3832667783141317,27.123107287390226,0.27846357864297294,0.38045270468051406,0.2507926872017999,0.3484257255207369,0.21797410369141568,0.30774898640479453,0.27687321452734875,0.3788083373074488,0.279103495306726,0.3810904701894899,0.278134369512479,0.3801184691635934,YOZGAT,SORGUN,80068,-0.038
54988432B73618387821891,0.14328398908478837,0.23610603260441046,18.427079010888228,0.14236470191088832,0.23459121403438007,0.1245517932469825,0.2052387705363785,0.1011400023486782,0.16666038435052438,0.14124666451601606,0.23274889113917893,0.14277150717278836,0.23526155534078372,0.14199250885360237,0.2339779073650167,ANTALYA,İBRADI,3256,-0.264
54988432B73640437939057,0.21163100009319874,0.2908458615905651,18.362652487872413,0.210044650132705,0.28930900100057494,0.1929007616257041,0.26891536932509524,0.16972128647890863,0.2403706817496159,0.20925581335467278,0.2884502831359902,0.21037304809890148,0.28965589497318195,0.20992911825898253,0.2891852350938904,DİYARBAKIR,BAĞLAR,402275,0.017
54988432B73654359915704,0.21327195731060683,0.2980015479398003,19.3647518670828,0.20765398733427085,0.29312551375954404,0.1767524235832518,0.25973078659903803,0.14437721491114464,0.21952639817658287,0.20437609043626384,0.2900435166071539,0.20898102992869788,0.2943285508381567,0.20641315569119245,0.2919872852637578,EDİRNE,HAVSA,17302,-0.198
54988432B7371544527763,0.13161567452648368,0.2168787660051301,16.159124876212704,0.13135024841822257,0.2164413919079162,0.1257224851339977,0.20716785848689448,0.1176959749749923,0.19394162517634417,0.13106428082958307,0.21597016917578551,0.13144452035757523,0.21659673496982176,0.13126900547259154,0.21630751826514175,AĞRI,ELEŞKİRT,28661,-1.013
54988432B7377784075511,0.2163323177856976,0.2544423431487456,13.940124376457812,0.2152776072910441,0.2533840078286306,0.19439659128588044,0.23217458651712838,0.1664145674061264,0.2034237907038279,0.21337716368449247,0.2514724872711922,0.21574707804859203,0.25385533867723037,0.21445901434367112,0.25256187981545974,KASTAMONU,ARAÇ,18121,-0.565
54988432B73997329760660,0.5386528982193718,0.7587888497630931,42.25146727655978,0.5320017394488177,0.7534961115301718,0.49622331973881667,0.7172084249964381,0.4614332356173368,0.6768821709203594,0.5299295804938188,0.75169086909429,0.5330884112282835,0.7544171698351331,0.5319069688843469,0.7534149022949593,TUNCELİ,MAZGİRT,7257,-0.58
54988432B74105915560914,0.8557378110396805,1.1107120885229407,72.7883108250595,0.8466955611805679,1.1023784749830028,0.7447162838895551,0.9864012882791151,0.567947955546015,0.7797994899915183,0.8321030151392425,1.0868116832262475,0.8507175051221706,1.1063335367541758,0.8389498777869342,1.0942727272760677,MUĞLA,ULA,27649,0.355
54988432B74200485211602,0.1592969555706996,0.15330626092407115,6.904716047872267,0.1589944417769394,0.15291827074581732,0.14597633473021301,0.1401237284705257,0.12161829601697102,0.11792131232156826,0.15864311042445642,0.15251245866013088,0.1591174085740372,0.15306773335421356,0.15892135513681396,0.1528317712358451,ERZURUM,PASİNLER,25401,-0.765
54988432B74224800333323,0.4124440015542111,0.5260442127353059,34.685019938666144,0.40055830363557654,0.5162648059231286,0.3273770486067671,0.4419645333338695,0.24926870043862526,0.3524525892172818,0.39309468700550626,0.5095155160881525,0.40348871427557015,0.5188104317811918,0.39773397335732186,0.5137527109766453,EDİRNE,LALAPAŞA,5932,-0.351
54988432B7423640406971,0.3136117334784153,0.38335338031633803,22.181246331183505,0.30758575447902586,0.37858040893867384,0.272408621456661,0.3446512784593182,0.23738043494117286,0.3074714152924907,0.3034178470856637,0.3749576189859934,0.3091494971385459,0.37988297484887346,0.3058306458045177,0.3770789133137192,RİZE,ARDEŞEN,43519,0.078
54988432B74473203693004,0.6170608243405902,0.9253136885982006,76.82466197029444,0.6109456364608302,0.9191079813185423,0.5452344757365146,0.8389128083120801,0.4169686430735743,0.6596227273658233,0.6084933082601287,0.9164233329079755,0.6120490751162343,0.920291437834262,0.6107857434664251,0.9189316920354348,BİLECİK,BOZÜYÜK,81332,0.608
54988432B74566589804455,0.12778982341513004,0.21057445710776723,15.33682190886948,0.12756162891149536,0.2101984339438432,0.12268595269744965,0.20216420363998966,0.11568042325210509,0.1906203614131034,0.12735002619972058,0.20984975104434683,0.12763422371529243,0.21031805701702602,0.12751357879422456,0.21011925606341525,SİİRT,BAYKAN,23219,-1.061
54988432B7457666939336,0.3208989463261114,0.4219228959274069,19.74724477058519,0.315222676923872,0.4169345334207774,0.27320058569250105,0.3736272655422239,0.2270086173534275,0.3229077541540033,0.3157803808773107,0.41745187267178596,0.31523204251897047,0.4169434738579368,0.3170234223543061,0.4185903087837952,YALOVA,ÇINARCIK,40174,0.141
54988432B74694372837116,0.09588190647139387,0.15799599578506804,11.503276555105531,0.0955636393417748,0.15747154926621595,0.08998416796454138,0.14827759215123848,0.08231052427139497,0.13563281879183312,0.09562912765928867,0.15757946213860952,0.09554993821133516,0.1574489722876508,0.09571451458166196,0.15772016430363592,KIRIKKALE,KARAKEÇİLİ,3062,-0.423
54988432B74865173574888,0.0010355639757681206,0.001706421655262376,0.13120801035562563,0.0010334992842015037,0.0017030194179471015,0.0009898457383427637,0.0016310862899845434,0.0009277348150599765,0.0015287387508675391,0.001031397386498084,0.0016995558716648921,0.0010343259879771983,0.0017043816758648567,0.0010329440995005892,0.0017021045742305568,ARTVİN,ŞAVŞAT,16151,-0.405
54988432B75065207924044,0.34747786337308234,0.44058802704386935,24.702439795486733,0.34311193476137547,0.43654870795543316,0.30085330367025137,0.3911032793726225,0.24395371508742908,0.3281684962244015,0.34278825232798077,0.4362121541416696,0.3434467755433571,0.43688355008342916,0.344017503068353,0.43742683061740767,ESKİŞEHİR,TEPEBAŞI,398129,1.477
54988432B75072745188363,0.8802440278790596,1.1364608509156418,80.08712368301187,0.8776855091906306,1.1341315747816647,0.8213703294993339,1.0783226278892684,0.7325665605518089,0.9810413280260889,0.8782554625532887,1.1346470445075587,0.8775655528617999,1.1340231105696383,0.8789950911329225,1.13532302661592,KIRIKKALE,BALIŞEYH,5888,-0.527
54988432B75199317168320,0.6178703965406084,0.5766575924188563,20.54668000295511,0.5890695597844506,0.5553866070084813,0.4525988635791046,0.4477843015694445,0.33485447076497593,0.350075200329633,0.5816832684295092,0.549813923122084,0.5932770948625011,0.5585418921991763,0.5896451445784022,0.5558190925367356,KAYSERİ,TOMARZA,20156,-0.674
54988432B75263721717029,0.44866933342385895,0.4438557888702496,20.093116104166814,0.4299465912110161,0.42982149813809695,0.3457889838266781,0.3603882019740421,0.2750012836093969,0.2972562715163309,0.42183506647854413,0.4235308585072308,0.4332521869521079,0.43235137374933297,0.42766891162700554,0.4280666889915741,MALATYA,BATTALGAZİ,274563,0.813
54988432B75303442304473,0.28725303760278037,0.37498225481461744,23.87253566926143,0.2851495478541183,0.37303962059190116,0.2622611528207407,0.347397946836443,0.231298216929744,0.3113951288583595,0.2833651075810556,0.3712027438774825,0.2857251544231763,0.37361081766721227,0.2844787529339517,0.37236685002885767,GİRESUN,BULANCAK,70397,0.063
54988432B75596931390993,2.78499866017343e-05,4.589172793570389e-05,0.004177497990260145,2.783740964086689e-05,4.5871003384750266e-05,2.7131441315113422e-05,4.470769559577327e-05,2.515165158427294e-05,4.144536111077306e-05,2.782784460156511e-05,4.585524193439091e-05,2.784094433216492e-05,4.587682791507073e-05,2.783684080789993e-05,4.5870066051166096e-05,ELAZIĞ,ARICAK,12340,-1.07
54988432B75676722749160,0.028784251210034556,0.047429935234196474,3.0647680226037584,0.028703684959806217,0.047297303958471086,0.027134522796597105,0.044712542795998206,0.024695613180098462,0.040693892513251194,0.028669010211195688,0.04724019533528387,0.028718923541669855,0.04732239913595692,0.028709150635361717,0.047306298874532256,DÜZCE,YIĞILCA,13492,-0.88
54988432B75798552461852,0.2439095400428875,0.2894862315436936,14.719192992093866,0.24256711054429717,0.2882372518185233,0.2302838330122145,0.27352303794173305,0.21557361657124077,0.2546362131973521,0.24188161602940159,0.28750679687116504,0.2428524125722045,0.2885291973872002,0.2424313676304407,0.28809462980111267,MARDİN,MİDYAT,125791,-0.36
54988432B75808003725453,0.20330313451015422,0.2726514430039091,15.137148719345698,0.1985409943190113,0.2687734780793841,0.1730148032452014,0.2426815542225302,0.1486600111638019,0.21459868503442517,0.1954345193998076,0.2659705235762505,0.19969210274513172,0.26976458007401893,0.19724381830502957,0.26762439372409885,TRABZON,ÇARŞIBAŞI,15004,-0.34
54988432B75995786409497,0.23845301916597342,0.35714266725182864,28.570791571712416,0.23628173293103003,0.35406615425983545,0.19857745757908513,0.30347623580640354,0.12665429629208677,0.20081299592617471,0.23466574415165273,0.3518979929661156,0.2368423512805893,0.3548299622209336,0.2358925086411427,0.35354028912086544,MANİSA,AKHİSAR,181472,0.543
54988432B76021463807070,0.4110908991443834,0.5245135540444564,35.60033212772507,0.39886387756393193,0.5142440843977802,0.2792222422121414,0.3891634397943186,0.10828304401509932,0.17841283730821803,0.4010842877614264,0.5161950870808756,0.3984981494265668,0.5139256219150661,0.4036778710882549,0.5184628898177154,İSTANBUL,SİLİVRİ,240029,1.312
54988432B76024124703750,0.114294539147468,0.18833667570833323,15.864410990538431,0.11406919600382054,0.18796535106863657,0.10856400065531636,0.17889378738067693,0.09897009504615945,0.16308477058104817,0.11391934800223708,0.187718428733674,0.11412861461460372,0.18806326216494604,0.11405986506085113,0.18794997536658475,ELAZIĞ,PALU,17872,-0.737
54988432B76125229912177,0.33582991495951464,0.45883217806065824,33.425719798224286,0.32785511883200563,0.4511587321567591,0.2206057004975146,0.321533187590203,0.08114737199628949,0.13371615475460122,0.3226878034826893,0.4456608126813188,0.3297721072735439,0.45313386886324764,0.3267298765458466,0.4499767070151012,İZMİR,BERGAMA,107549,0.379
54988432B76166578755153,0.395735051174505,0.5083081715899752,29.20408861223264,0.39326166456316286,0.5061155956188603,0.3705827459487879,0.4813267427220143,0.34081863826369946,0.44654152891798504,0.39332619034101407,0.5061763918554543,0.3933606387362003,0.5062112998340886,0.39394239930473995,0.506761038931362,KIRKLARELİ,LÜLEBURGAZ,157136,1.12
54988432B76227245488219,0.7212757142863548,0.7833447468754721,35.98206520871702,0.7159346480645071,0.7786826844056013,0.6514154533579676,0.7194815287447808,0.5640947354723679,0.6365734241133149,0.7132515833555928,0.7763124669159702,0.7171596110194867,0.7797628660668949,0.7156084390825989,0.7784047292197711,NEVŞEHİR,AVANOS,32093,-0.044
54988432B76333131904133,0.164905267507462,0.21870053334489237,14.36730262703429,0.16114177757361903,0.21514888087434136,0.1207383590932599,0.16882052796108818,0.07083356684170589,0.10721189901631531,0.15878068151282201,0.2126937934774322,0.16201206477893448,0.21602761639128834,0.1605557638153737,0.2145480148253788,MANİSA,ALAŞEHİR,104565,0.038
54988432B76430100737170,0.22794963768410498,0.3171513256094461,17.493467672044627,0.22467628854415117,0.31429097149808055,0.2024827949592357,0.28962471439924214,0.17868390732059156,0.2606428880860032,0.22230011664357271,0.3119457450765359,0.22551487206438953,0.3150763832045758,0.22370356350651172,0.3133505247892199,TRABZON,BEŞİKDÜZÜ,23246,0.17
54988432B76534692680801,0.128194078282303,0.19189825933674343,12.886721144828867,0.12607717730904242,0.1898344194063845,0.10949682606676295,0.16821072312211857,0.09109503108201981,0.14216118880909256,0.12465047879319051,0.18820056812283292,0.12658158946380293,0.19037961056357142,0.12557536019793697,0.18927303594951625,SAMSUN,BAFRA,143387,0.256
54988432B76630597783829,6.330568509893825e-05,0.00010431628994618266,0.009444834011659221,6.297385701590687e-05,0.00010376949743508847,5.637754978874928e-05,9.289997922030472e-05,4.748970637632708e-05,7.825442489200868e-05,6.272524854086982e-05,0.00010335983574791912,6.306822999463602e-05,0.00010392500699156524,6.293915532376613e-05,0.00010371231533883096,DİYARBAKIR,KOCAKÖY,15088,-1.131
54988432B76667969574644,0.14990162049698047,0.24701068920945804,18.091779704747186,0.14949806827542833,0.2463457083236802,0.14104024970231233,0.23240875695499233,0.12898311158874123,0.2125407796412526,0.149050024794319,0.24560741390966587,0.1496353639662445,0.24657194672658445,0.14936534740450713,0.24612700839441978,ORDU,ULUBEY,18027,-0.73
54988432B76694666867888,0.16685763610669455,0.24174391431179512,15.245428126837021,0.16464618963310823,0.239717943598736,0.15128589604513498,0.22417503338619488,0.13759341782476872,0.20646668275598623,0.16304542684407491,0.238069702133739,0.16528216374394555,0.24033758770493252,0.16395717005457025,0.23902223552157592,ARTVİN,HOPA,27844,0.502
54988432B7673990663622,0.3868960769640544,0.2949220462945315,6.502144287714013,0.35042917433352844,0.2684261126950649,0.20263168848792623,0.15926229370461525,0.09044742687966464,0.07518770111750725,0.3398260202937347,0.26076092739818696,0.3557173372173939,0.27225761485432015,0.34977085297715277,0.26799633278381535,BİLECİK,YENİPAZAR,2692,-0.501
54988432B7686376545923,0.1126126371486869,0.16411953792923584,12.181834213481736,0.11095990005478296,0.16262525567285147,0.09919897967516048,0.14816190661912737,0.08636741102383665,0.1307051945654466,0.10979185987342417,0.1613812149078901,0.11137373145347491,0.16303799438809488,0.11050356683886516,0.16215126957151513,TOKAT,REŞADİYE,43108,-0.657
54988432B76895088825803,0.3528308611969009,0.34916463542933734,16.571591481225486,0.3524419621749546,0.34852428428950044,0.34310988672080894,0.3355838423382074,0.31614492925870213,0.30733636265581427,0.3521847333869264,0.3481023939356793,0.3525357800666923,0.34867859256358014,0.3524078777328999,0.34846828019101006,OSMANİYE,TOPRAKKALE,22358,-0.084
54988432B7698417663735,1.0537236581871485,0.9108306220121092,26.825666163302632,0.9844972375236805,0.8584508622347864,0.2859573934443516,0.3133975254108831,0.06353687803298337,0.10469725397972353,0.9660305751995549,0.8445599106936821,0.9939591257745806,0.8655786593162029,0.9919713605551852,0.8643518061729604,BOLU,SEBEN,4438,-0.425
54988432B77006112817305,0.5166343810217227,0.6525329948044619,38.791973904704186,0.5046489954597414,0.6415204244139338,0.3831700945613685,0.5043878928870883,0.17757164650359375,0.2712732804086634,0.5067918257125446,0.6436549007892487,0.5042907015896106,0.6411605215865096,0.5092749363459531,0.6460722736915785,İSTANBUL,ÇEKMEKÖY,315959,1.45
54988432B7739562354117,0.14115422007593678,0.19329849204770852,14.366652714803969,0.14046218562566842,0.19216446561262937,0.12224904009352502,0.16565370485204733,0.08780016084751757,0.12124153018353756,0.1399567155025179,0.19134310963443196,0.14063818486902346,0.19245205952935607,0.14040304240831658,0.19206799901879956,KONYA,HALKAPINAR,3947,-0.765
54988432B77407650026764,0.33341920652799806,0.41681483459755897,24.401620220995422,0.33093648886183746,0.41390159652707437,0.2676332287566191,0.34293511434582413,0.12623522367379356,0.1935344918655012,0.3313411380019423,0.4144258136840274,0.3309139374966961,0.41385838135080977,0.3320241345716153,0.4152331748455628,KOCAELİ,ÇAYIROVA,162262,0.962
54988432B77479397394986,2.6564642422926408e-05,4.377371379799081e-05,0.003984282638416751,2.6466928502179192e-05,4.3612698974874794e-05,2.4472420378162506e-05,4.032611124677782e-05,2.172662489469291e-05,3.58015381797795e-05,2.63766495760991e-05,4.346393567479705e-05,2.6497827003938093e-05,4.3663614103008176e-05,2.644612872494279e-05,4.35784247135724e-05,BATMAN,SASON,28150,-1.063
54988432B77607425257095,0.14655722650787203,0.2227380932032602,15.547896669877536,0.14397870366846977,0.22018308489457097,0.12125840541296651,0.18951987228547415,0.09380635867467461,0.14936566640339002,0.14231008935565123,0.21822049374527172,0.14459720900158332,0.22086966616289294,0.14345115887967735,0.21957763437279793,BALIKESİR,BİGADİÇ,49275,-0.138
54988432B7766374171238,0.08834963616819114,0.14558418013732782,13.252445425228673,0.08793681842984973,0.14490393135997945,0.07966768477882397,0.13127789852902594,0.0684887079823862,0.11285697183063671,0.08718874509152104,0.14367124214509863,0.08812095819074368,0.14520736029622766,0.08761464454861075,0.14437304722286148,KASTAMONU,CİDE,22496,-0.533
54988432B77763600838598,0.2971043825257943,0.4330073915237699,33.1342454904733,0.29435614388245585,0.4304378423923599,0.2653873355833724,0.3953693562791293,0.22446280319051493,0.34065104714022254,0.29378485936174153,0.42983921447907736,0.2947175861672888,0.430809332489853,0.2946923817934704,0.4307822563030389,KIRŞEHİR,MERKEZ,163368,0.686
54988432B77928955362752,0.8521980507503834,1.3038948835483823,105.69648515346954,0.8422277514937428,1.292254463451214,0.7485838013988576,1.163835561270162,0.612365482122364,0.963456908573958,0.8411310673045767,1.2906606010060573,0.8430388961750811,1.293309512583136,0.8440091678795323,1.2942657515822509,TEKİRDAĞ,MALKARA,50123,0.068
54988432B77963946080728,0.372162152348856,0.5431328111444222,41.525242020827385,0.3664084334246045,0.5383163767289355,0.3283998309121754,0.49434369605851997,0.2815181352169664,0.4310851157026211,0.3626231732168178,0.5346621868779714,0.3677837580975231,0.5395639380070177,0.3649145587553363,0.5369096572509491,SİVAS,YILDIZELİ,26567,-0.762
54988432B78096221215444,0.20119377171182085,0.21556573342092464,11.410726677055942,0.1994916999066424,0.2139325787521579,0.1674547829895582,0.18295299628779582,0.1263126260369839,0.14283197813789103,0.19747203210252542,0.2119926266173696,0.20009131603336391,0.21450787815982278,0.198827789163457,0.21329522884579075,SAMSUN,YAKAKENT,8916,-0.538
54988432B78199019874123,0.1651734755301334,0.1534086903703407,4.071768752170921,0.15689838389512875,0.14737407911025846,0.12282612668355637,0.1216902973543056,0.09646228889581263,0.10113226795181682,0.15305008972139886,0.14453657052521066,0.1586074441207491,0.1486281225968812,0.15562557678332264,0.1464376641413428,KÜTAHYA,ASLANAPA,7813,-0.782
54988432B78675491052886,0.2935439401595996,0.35607829525997486,23.07448718587717,0.2824392190032856,0.3475628834152553,0.22727102890193285,0.29578832976244374,0.17314522632248205,0.23594828670824633,0.281757736979333,0.3469536612806587,0.28313693476840307,0.3481368848379388,0.2843477293474575,0.34905025563300734,ESKİŞEHİR,ÇİFTELER,14487,-0.202
54988432B78684581776772,0.10364734154541003,0.16217241041712033,13.35936788524743,0.10323042678435433,0.1616042863839272,0.09718417749676668,0.15229763718334416,0.08750136816088634,0.1369827612351828,0.10274053594279842,0.16087894128927827,0.10336934682015583,0.16180451256549475,0.10303685823186683,0.16132024555668983,DENİZLİ,ÇAL,17277,-0.232
54988432B78726151143019,0.17610261710034825,0.2489777535273913,16.77987433206365,0.17372323594964378,0.2468823245405618,0.15638359496348433,0.22647255156798501,0.13616392386569373,0.20046179472798809,0.1727407006252057,0.24588710984978773,0.17411948491055051,0.24726796756359004,0.17357165155374737,0.24673217583129461,HATAY,ARSUZ,115077,-0.064
54988432B78779774927417,0.19379242839789926,0.28409101054584984,22.608354662742286,0.1897854567484965,0.28020461430183796,0.15700398035255922,0.2370521512340318,0.11988423218739479,0.18403463648310883,0.18647667235126408,0.2763804841926327,0.19085673222970337,0.2813611305889979,0.18842417785343465,0.27867351886350317,DENİZLİ,BULDAN,26231,-0.011
54988432B78813645008161,0.033882995590731345,0.05583303279577399,4.816629288793009,0.033739347855035726,0.055596327374712394,0.03084415986364031,0.05082558254370549,0.026907155315115568,0.04433811293712137,0.03347857230431143,0.05516661655304265,0.033803458163571935,0.0557019695381824,0.03362709388341001,0.05541135318426776,KASTAMONU,İNEBOLU,19678,-0.236
54988432B78882156403317,0.1456652123014108,0.24002985668282542,18.913575470757607,0.14507569113284244,0.23905843269375274,0.13316110703786138,0.21942535855360623,0.1169154703982889,0.19265549516131517,0.1445440530229121,0.2381823894894929,0.14528740789694441,0.2394073035308033,0.1449579056325478,0.23886434354708297,ERZURUM,HORASAN,34896,-0.778
54988432B78938998312930,0.5604105159072492,0.6113285082216009,31.581297832991773,0.5575099948080701,0.6086794642489158,0.5030964483911549,0.5576548135477944,0.4299688690859005,0.4877765855657142,0.5542383289162675,0.6056557200660507,0.5584965675268028,0.6095872857000768,0.5564567147782341,0.6077077354590574,ORDU,GÜLYALI,8881,-0.145
54988432B78941092059801,0.09233286353758893,0.1521478165712164,13.67271765116974,0.09193734291106546,0.15149607029769238,0.08396302887399479,0.13835584673146908,0.0731179978614309,0.12048520213116397,0.09160268105705703,0.15094460824587014,0.09205607218444962,0.15169171461128106,0.09187221642746693,0.15138875366198074,YOZGAT,SARAYKENT,12605,-0.587
54988432B78961906506617,0.2606998052869398,0.1951249703017245,3.5895106661182496,0.26025156898576207,0.19456725216827614,0.2432879504597923,0.1813196687176035,0.20851361536228896,0.15539900762592235,0.25972118388009124,0.19405223723997483,0.26039683773616595,0.1947237482424271,0.26009244889713884,0.194398690279151,ORDU,MESUDİYE,11829,-0.842
54988432B79088719689200,0.1765273569902638,0.2908545892068139,22.59574822411228,0.17548352663008793,0.28913628165954475,0.15397422189573762,0.25369979014004623,0.1227994791504341,0.20233467378302042,0.1747345194091416,0.28790261104821113,0.1757474875551348,0.28957100056764506,0.17539490888009696,0.2889903296205576,KONYA,DOĞANHİSAR,14097,-0.616
54988432B79162079631621,0.7280133397796967,0.8156305799321877,41.008610685781235,0.7163343622709416,0.8049841280679877,0.5443665864405861,0.6338586664688479,0.1929749665083806,0.29723540056141345,0.7186828576702687,0.8072306058636478,0.7159335616923789,0.8045985991958424,0.7212989121570262,0.8096993806724408,İSTANBUL,ÜSKÜDAR,514294,3.045
54988432B79254890835341,0.41056978955852735,0.5475567705242942,36.13919648076026,0.40441951898018885,0.5420349563271304,0.3513850535951211,0.48388824934492464,0.28613458351818694,0.4060261591503063,0.4043052591895743,0.5419269211851752,0.4047777010602242,0.5423803610623626,0.4059067022405262,0.5434633177394558,TEKİRDAĞ,ÇORLU,306939,1.577
54988432B79409783151776,0.30028819018569297,0.3130323114372077,15.249872032457551,0.28968346549276297,0.30468096289249097,0.19803951938002132,0.22311277115904454,0.0952701501703997,0.12442226120452612,0.28367340912538563,0.2997097198683465,0.2919716977515774,0.3065423177123024,0.28816834580748807,0.30343798714846565,MANİSA,GÖLMARMARA,15140,-0.543
54988432B79438437943955,0.0537254535890905,0.07226041858613375,3.9678527586574552,0.05358939172978373,0.072105146620249,0.05079353853440054,0.06888964593918243,0.04691906968448687,0.06439987445046749,0.05344376119350152,0.07193866117334867,0.05363755834934127,0.0721601569011315,0.05354788592121087,0.07205772390037511,AĞRI,DOĞUBAYAZIT,113699,-0.647
54988432B79616482779548,0.07614056482529337,0.125465844411415,11.421054021596497,0.07591967674435532,0.1251018609072356,0.07133643543917202,0.11754951030653354,0.06493483575817882,0.1070008348218877,0.075767469208486,0.12485105048761969,0.07598271321629882,0.12520573358271753,0.07590583480043567,0.1250790518935888,BİNGÖL,KARLIOVA,25265,-1.017
54988432B79652739540199,1.3211781977785984,1.3209703218587334,54.27299149770912,1.2833554407653436,1.2895156038615,0.790354977889572,0.8585215781261747,0.20851599036572305,0.33706621680051096,1.2914374765945884,1.2963910265774718,1.281969770554473,1.2883339326935155,1.3003221701084497,1.303903997017483,İSTANBUL,ŞİLE,50090,0.698
54988432B7974453528026,0.4616061023741534,0.5962183803535578,38.070614667444616,0.450826180155703,0.5858355028255431,0.3277981830971292,0.44197986012768053,0.1534758017030595,0.2278867213172992,0.4528575212810626,0.5879657148116619,0.45048243845786917,0.5854711372355782,0.4551647358448003,0.5903259140752083,İSTANBUL,BEYKOZ,246833,1.732
54988432B79784154417408,0.16169870730736532,0.2523677724027393,17.441967954620786,0.1595372212160828,0.25002072922905033,0.14021774987866725,0.22304451949387402,0.11649857470741612,0.18760370166361184,0.1566755187057153,0.2465250109416646,0.16043961806773457,0.25105245124038844,0.1580480700550017,0.24827336939138114,MUĞLA,SEYDİKEMER,65648,-0.505
54988432B79821561664997,2.7548119684847276,4.539430599361554,412.31945301330023,2.7545212551475995,4.538951556496452,2.5617246152369155,4.221257653363729,1.340696158727926,2.209224163754312,2.7546226987521685,4.539118717162209,2.754485271940734,4.538892262696302,2.754693129143355,4.5392347736758785,AKSARAY,SARIYAHŞİ,4717,-0.491
54988432B79971827749664,0.6275316317468562,1.0286787997042313,84.81329192727529,0.6255115928451761,1.02546584953031,0.5829875983753898,0.9562024232666655,0.5142135988957688,0.8437320902211104,0.6243637137415218,1.023620530842124,0.6260136454166607,1.026270575975107,0.6254984703772709,1.025450283015592,NEVŞEHİR,DERİNKUYU,21107,-0.615
54988432B80108419437417,0.36939868880048293,0.6087020567967466,52.28794210903182,0.36736619151235855,0.6053528698147016,0.3279006822786583,0.5403208668016662,0.2748791330148489,0.45295096790940836,0.36368487289683765,0.5992867242626745,0.36834762259579895,0.60697009027922,0.3657630318487685,0.6027111533869319,ÇANAKKALE,LAPSEKİ,30654,-0.056
54988432B8015815916555,0.4976933224209803,0.7045255857169946,47.36033230596368,0.49331091156703755,0.6998252713242551,0.4282268797642639,0.6196077821785849,0.34102361118520635,0.507006030126394,0.4889834596780367,0.6947972219214605,0.49498672977752756,0.7017187015247501,0.49184060516844746,0.6981338198096081,ANTALYA,GAZİPAŞA,55850,0.152
54988432B80335300627236,0.1869448220877436,0.26951281612122435,19.263552106244635,0.18349411578416588,0.2663477396631261,0.1570359359700786,0.23391688883371176,0.12620293446735287,0.19218881249878106,0.1807557769816882,0.2634105720825394,0.1843932214508027,0.26725200979085334,0.18235527825670703,0.2651546145034998,DENİZLİ,SARAYKÖY,30883,0.078
54988432B80355579984190,0.2076689628531607,0.3400299909329511,26.17062662004752,0.2069351917046966,0.33883391171170035,0.19379911000319133,0.31744372749622785,0.17542221990756363,0.2875010314449748,0.20709892695657806,0.3391007886475394,0.2068974293239107,0.33877230280138165,0.20729387596210372,0.3394182769890406,KIRIKKALE,BAHŞILI,7353,-0.005
54988432B80433190891515,0.20567570484744976,0.33891626681269266,25.042292225663687,0.2050557533139962,0.33789469910016795,0.19221039645686247,0.31672788022321036,0.174261877247031,0.28715197513552004,0.2046492126852834,0.3372247938612716,0.20521824798181737,0.33816246084789503,0.20502983192624497,0.3378519853534289,ELAZIĞ,MADEN,9139,-0.592
54988432B80507521007844,0.17836576609016158,0.29391443979880977,26.75486491352424,0.17758446199182767,0.2926269923171095,0.1618528489310724,0.2667041465758125,0.14048490405740272,0.23149364803192787,0.17651130418708588,0.2908586228485143,0.1778814789077127,0.2931164223369876,0.1771937384975471,0.29198315084766696,GİRESUN,DOĞANKENT,7327,-0.593
54988432B80615389544588,0.6037254876905253,0.7760280948963216,55.775260630611065,0.6012427011504264,0.7732092139179408,0.5451359515227994,0.7090000592787227,0.448848478652584,0.597983998521291,0.5983529763023671,0.7698834144607112,0.6022541079112754,0.7743701974373516,0.6003151912961397,0.7721423631553543,BURDUR,BUCAK,68312,0.439
54988432B8063224387677,0.0024182166332547108,0.003984782521080573,0.22237239802574127,0.002407418550143439,0.0039669892381086255,0.0021942375372857406,0.0036157055846179607,0.0019091346254603804,0.003145907683086776,0.002395597403249882,0.00394751013153364,0.002411171083749006,0.003973172733050973,0.0024039079609766687,0.0039612044237301025,BURSA,BÜYÜKORHAN,9148,-0.752
54988432B80643331900802,0.8014085716992604,0.8528169399209258,39.9701354578913,0.7875113737774968,0.84063677849575,0.5882788852110267,0.6517128933970873,0.1984471920775132,0.2913328594063788,0.790288075134564,0.8431774624067644,0.7870378698408556,0.8402012367889741,0.7933877260862523,0.8459788523779989,İSTANBUL,ŞİŞLİ,261959,6.959
54988432B8068662711190,1.0466793923597695,1.3999701901819213,92.15295611973744,1.0379003891713205,1.3910953572936209,0.9429085112324936,1.2671045568718098,0.7776552527323775,1.0514467366061462,1.0230788307745462,1.3732366067281025,1.0419147767967267,1.3955059303088606,1.0300259308236068,1.381804828180826,MUĞLA,MENTEŞE,126288,1.555
54988432B80772091068357,0.7772597281359809,1.046308317527373,71.26139465677336,0.7668506752320923,1.0367353025871375,0.6463145414637085,0.904424528216514,0.48056449355308295,0.7044605486574005,0.7589400657181166,1.0287516755973007,0.76963377644366,1.0394614934633735,0.7643813703630179,1.0342678739327555,BALIKESİR,EDREMİT,176251,1.072
54988432B80891618089015,0.0881108996032296,0.14519078556790857,13.198416018380899,0.08764539016804539,0.14442371042864635,0.07841840256170797,0.1292193079651357,0.06605976355605249,0.10885451185181184,0.08722570868035232,0.14373215143695686,0.08781239556674583,0.14469890504294022,0.08755156206593392,0.1442690987300341,ERZURUM,AŞKALE,19983,-0.578
54988432B80955885520909,1.91523789827403,1.8525153965592247,82.17768434839576,1.89251405456725,1.8344555777594431,1.616681952975128,1.598893062510994,1.1743270538420056,1.1810708845186402,1.8936693901803459,1.8354324938993052,1.8932423846878654,1.8350287354654995,1.8996919700907173,1.840295434519821,SAKARYA,SAPANCA,47505,0.695
54988432B81043238073761,0.09897969107823792,0.16310058310188372,12.628987151497865,0.0986912598558236,0.16262530074801795,0.09229895754665929,0.15209194564627176,0.08234937216257103,0.13569683307227864,0.09834861279196566,0.16206068051830635,0.09879258381471182,0.1627922642593892,0.09858280773365624,0.1624465913160987,ORDU,İKİZCE,12537,-0.979
54988432B81083365712780,0.3850151535695447,0.4950350103773186,30.881941513392775,0.3778218105816555,0.4882063082167974,0.2830934084625583,0.3828787374673916,0.12301924566542241,0.19981629409350335,0.37993438658371165,0.490335298948618,0.3771258836085838,0.4874945495290457,0.3813086973223398,0.49168641078199116,ANKARA,SİNCAN,605366,1.05
54988432B81091968456381,0.24136103501553557,0.36092911447896486,26.051767821088283,0.23988773336993696,0.35938579789601954,0.22236594338402377,0.3363806505554507,0.198998624044045,0.30395215454581365,0.23850666041189605,0.35772582533407377,0.24031795022988436,0.3598787957417164,0.23936487295247946,0.358768607042584,GİRESUN,MERKEZ,143915,1.145
54988432B81190990661925,0.1953595059144374,0.32190779431505673,24.619025389685,0.19492140632651062,0.3211867129351651,0.18051977008740921,0.2974587370389005,0.15066960617770775,0.248273561491726,0.1945847322857701,0.32063220089108924,0.1950356643049208,0.3213748745693074,0.19488264142245887,0.32112287064887246,KONYA,KADINHANI,31478,-0.526
54988432B81237191806076,0.7756104318107273,0.8299633508516476,34.81789945071457,0.7659653969732335,0.8220450378435158,0.6609011775947637,0.7301817790622308,0.48500840580666754,0.5750101099752244,0.7593103758489299,0.8162910094486666,0.7684704647795633,0.8241615174219489,0.7637078487318149,0.8200788162352083,AYDIN,DİDİM,103141,0.842
54988432B81292966390728,0.6300690762969191,1.0376326378797012,82.93759042490521,0.6273931155867595,1.033232263328822,0.5639948297247293,0.9289254880632036,0.4484318398181162,0.7386967043321135,0.6239705041456707,1.027603992711458,0.6283818292206701,1.034858040280685,0.6261983030767849,1.0312675348022327,AFYONKARAHİSAR,KIZILÖREN,1977,-0.64
54988432B81439827862263,0.0005550334744805385,0.0009145945228025042,0.07869835575407456,0.0005527370271192161,0.0009108103939613827,0.0005072243623363746,0.0008358137751223279,0.00044516835152742584,0.0007335567218050369,0.0005508000058004996,0.0009076185340644494,0.0005535170095231913,0.00091209566353044,0.0005523505402698637,0.0009101735337145595,ERZURUM,ÇAT,14015,-1.131
54988432B81567150601582,0.09488513242704003,0.13786820878802006,9.88352380121525,0.09434767798034521,0.13732501696103266,0.08843406769390902,0.1297954879484369,0.08095535711518556,0.11977784795432972,0.09396571918450695,0.13688244586782206,0.09448954750537614,0.13748244268471066,0.09423354439910259,0.13719513749771156,AĞRI,MERKEZ,150035,-0.231
54988432B81711897085768,0.11600581514701962,0.10981208125802198,4.778390844071542,0.10871016689441133,0.10442398075729964,0.07761525665759293,0.07972042672209373,0.05241165404039435,0.05809087447080349,0.1050418372105171,0.10164032391769934,0.11024802275336072,0.10557696984353472,0.10739423805758475,0.10343017815018432,UŞAK,ULUBEY,11365,-0.261
54988432B81810188934288,1.805088269587287e-05,2.9744581551314526e-05,0.0021661059235047442,1.8001336092974058e-05,2.966293773392651e-05,1.696951835879393e-05,2.7962689205502444e-05,1.5523324976615673e-05,2.557962474710851e-05,1.793205787120747e-05,2.9548779786540507e-05,1.8021551601414124e-05,2.9696249226196885e-05,1.7976006036711247e-05,2.9621198394255288e-05,BİNGÖL,YEDİSU,2842,-0.968
54988432B81913319762602,0.2185512908973551,0.29466930673423775,18.501623779884557,0.21646282720844226,0.29274256530258275,0.20060593812899044,0.27335567542294964,0.1803980743341309,0.24733448772560993,0.21562900041313754,0.29186056905288726,0.21682431455638906,0.2931106388955352,0.21636521670369072,0.29264067978124775,ADANA,SARIÇAM,263080,0.862
54988432B81969335457168,0.4079369839615437,0.6289905664422119,54.23138750248924,0.40105304460596336,0.6214456604202118,0.3314515896386134,0.521949394469201,0.24999489625409566,0.3991192675093944,0.3949949462282104,0.6133179655678487,0.403019886322745,0.6238672422216507,0.39877513828154837,0.6183549107352592,AYDIN,BUHARKENT,13137,-0.293
54988432B81976291496552,0.044705355290248654,0.054699029292773184,3.2215691743615533,0.04364982950509546,0.05388603158810529,0.03849458244466427,0.049114484982193396,0.03386078860437335,0.04428497535199794,0.043181746480756164,0.053497371183487345,0.043851571653663886,0.05404859066327186,0.04352064941410161,0.05377945828644704,BİTLİS,GÜROYMAK,49372,-1.002
54988432B82014905265154,0.3728140188946523,0.3275912602726788,12.345782748034482,0.3636888469015911,0.3203781993330041,0.2107148850154504,0.1961166124604682,0.027619915272302394,0.04119918865068073,0.36715360705753713,0.32311997959441063,0.3624975883960044,0.3194345436134108,0.36922187909447907,0.3247546128449917,ANKARA,AYAŞ,13136,0.032
54988432B82471311142852,0.26311828402060267,0.31872860401278835,22.02756171808761,0.24516335820535992,0.30335324795908086,0.13864606021892642,0.1846764792841177,0.03809422789880609,0.06161861036293798,0.24956312966757724,0.3074484101662693,0.24379112136345496,0.3020458715753725,0.2526714709452636,0.3102390297860492,ANKARA,GÜDÜL,8028,-0.493
54988432B82480836109015,0.3724847822318844,0.4684621440209898,26.59586867939567,0.3663476319675594,0.462296278379014,0.2763080399389028,0.3622743404154471,0.12031642495123891,0.19328731642151234,0.3675676951810332,0.4636093032230971,0.36613944312096874,0.4620704928474784,0.3689291307231729,0.465047268638974,İSTANBUL,AVCILAR,440663,1.64
54988432B82856135372204,0.1806882651163653,0.2977414970597579,26.21128399988574,0.18029801650006066,0.2970984381031112,0.1727788136954046,0.2847081553234718,0.15822093536889364,0.2607194115931707,0.17975106506863636,0.2961971613217642,0.18044680317757011,0.2973436115684476,0.18008945958366782,0.2967547741221162,DENİZLİ,BAKLAN,5266,-0.532
54988432B82883997351457,0.15565132976997034,0.2046650188427895,14.016106436505513,0.15437727650069852,0.20340415894256889,0.140340867044807,0.18634459815730936,0.12193804124148139,0.16355419011045713,0.1536807457130219,0.20261893500801115,0.1546608156387514,0.20371304861458472,0.1542424109669592,0.20325464083021533,MARDİN,NUSAYBİN,119559,-0.395
54988432B82979993724988,3.3730336255972837,3.1505078485496134,114.75511940579598,3.3322436695139968,3.117115734104002,2.8226611356469373,2.6795959562441647,2.0676715583330396,2.040623359720186,3.297680525637022,3.0877484029851203,3.346302277250036,3.1289080068030546,3.320310237421209,3.107020399812869,ANTALYA,KEMER,52339,1.501
54988432B83102483310447,0.4467709833909332,0.3232833466475096,4.927274941401649,0.4418917882435843,0.3197534861781159,0.35188749776000855,0.25463999921009733,0.23850468188150684,0.17261210235350755,0.4413852983190624,0.3193870902824095,0.442431086576113,0.3201436305099342,0.4433626575084875,0.32081759324786885,ESKİŞEHİR,SARICAKAYA,4477,-0.525
54988432B83298049825125,1.5668538420525082,1.4411395424381273,49.36862567623953,1.5547517085611007,1.431756428032916,1.4421332774976865,1.335660531564354,1.2164205233963172,1.1476972671153638,1.5465919161325217,1.4250930675837392,1.558224447497,1.4345325782762404,1.551932168932059,1.4294732068796516,BURDUR,KARAMANLI,8097,-0.034
54988432B83441396702588,0.26149047494730915,0.3470882001893388,22.885706318399695,0.2598396571366073,0.3446199735196314,0.2294495136708457,0.3043129302133065,0.18355143696977963,0.24778982463735144,0.2587394135176448,0.3430369018534723,0.2602329272490586,0.34519347509588183,0.2596744057215444,0.34438176253919905,ÇANKIRI,MERKEZ,99287,0.704
54988432B83485436335892,0.4374549770500623,0.48991890710853286,26.04297977531583,0.4321038562692842,0.48548871052147974,0.3879606409461037,0.4424154488353224,0.32744661031394423,0.38200331878688176,0.42802132923590663,0.48176833671294544,0.43350781115202397,0.48671842978851176,0.4304487266874158,0.48400206169616267,TRABZON,ARSİN,31493,-0.083
54988432B83633646725804,0.0153068169610688,0.025221336710425427,2.1203200128717765,0.015218148791395577,0.025075427107651708,0.01185312597563157,0.01953127753160448,0.005538198823192087,0.00912594742978941,0.015128484561480885,0.02492775278995191,0.01524666690914708,0.025122386226492755,0.015199731156511945,0.025045096158651435,İZMİR,KİRAZ,43340,-0.599
54988432B83968093361276,0.26516587955750226,0.24289665827803605,10.181620053905045,0.26220577456729766,0.24040544795278868,0.20790171610127844,0.19437324033722742,0.13965501595790508,0.1360476970846594,0.25872144047672785,0.2373971830336501,0.26328828134899235,0.24132281593940963,0.2610610574481136,0.23939554913531758,UŞAK,KARAHALLI,9408,-0.609
54988432B83996271763455,0.29865846113622635,0.3851596191766963,23.820888362692386,0.2932038052478421,0.3794451660921794,0.21771476461020806,0.28883926805944754,0.08211848440730196,0.1339264023961627,0.28980593755011724,0.37551799865032426,0.29447980961633763,0.3808816229037312,0.29246399062534845,0.3786008427380949,İZMİR,KARŞIYAKA,339624,2.222
54988432B84046531787884,0.29736277819644247,0.4899999382529825,36.525185378590365,0.29622485303681206,0.4881248439276698,0.2702694816096654,0.44535509825279807,0.22601997868835008,0.3724399411148524,0.29493746657205394,0.4860034644730343,0.29664082086468485,0.4888102834813663,0.29582019368490986,0.4874580386918286,AYDIN,KÖŞK,28307,-0.306
54988432B84066107129786,0.008093944064323443,0.013337352158855465,1.0043331483229823,0.008071997867862514,0.013301188806549017,0.007614757790595621,0.012547740069667905,0.00697001799981907,0.011485325803881596,0.008048790970487763,0.013262948047737033,0.008079453631480691,0.013313474553052642,0.008065503958123246,0.013290488020826734,VAN,ÇATAK,16361,-1.064
54988432B84070698117276,0.6465832267988433,0.7762154204444207,41.099422643150824,0.6354669339706803,0.7665804611527758,0.5333204103945446,0.6630410906120208,0.41448228111839563,0.5360435842159764,0.6271572295506548,0.7587370278390289,0.6390325220342513,0.7698353133095515,0.6325382037815747,0.7638496178021271,ANTALYA,ALANYA,371547,1.676
54988432B84158817868170,0.02049832867542411,0.033777528734991215,2.605535140635152,0.020446456681115256,0.033692053094218154,0.019515556203243075,0.03215809790505959,0.018222074289958538,0.030026674256528604,0.02040893459809032,0.033630223505199466,0.02046308820844406,0.0337194588354935,0.02044011400440657,0.03368160151310749,KARS,DİGOR,17557,-1.164
54988432B84437905813511,0.26526913672038793,0.34591688723249714,20.331166942943796,0.2622707580421792,0.3432167853550575,0.23479705654213506,0.3133449925842358,0.2009745564343425,0.2745491885387665,0.26095258036590663,0.3418989382445409,0.2628256860382423,0.3437558005694101,0.2621124967444834,0.3430553266655554,ADANA,ÇUKUROVA,380653,1.529
54988432B8459545237186,0.13176059554845357,0.18064600118696456,11.015760928129952,0.12942908872491524,0.17858235234845035,0.1093981369289811,0.15651072723066453,0.08586110403853146,0.12828446834054172,0.1278260854584069,0.17698609999962348,0.13004514085433816,0.1791703488967193,0.12888869874304523,0.17805329189325464,AYDIN,NAZİLLİ,162156,0.756
54988432B84703414085242,0.0,0.0,0.0,0.0,0.0,0.0,0.0,0.0,0.0,0.0,0.0,0.0,0.0,0.0,0.0,KASTAMONU,DOĞANYURT,5057,-1.113
54988432B84747582634168,0.6153095125974081,0.8261052654888862,61.77074973673172,0.61093417472581,0.8223259165413774,0.5530569076662505,0.7647870803880019,0.4668598497454595,0.6670883254523979,0.6069695619732783,0.8186431335996348,0.6121927748753382,0.8234614324164553,0.6095706673972362,0.8210538435987775,SAMSUN,HAVZA,38103,-0.124
54988432B84759555585504,0.17520705818154395,0.28870610655918033,24.82513907318529,0.17486570725086004,0.2881436525506074,0.16474636112291197,0.2714693781606045,0.14444352373930452,0.2380147178367429,0.1742872590746948,0.2871905219959062,0.17500392169094156,0.28837139286070684,0.1746400806832811,0.28777187982325886,ÇORUM,DODURGA,5036,-0.511
54988432B84830435055173,0.08602366820291996,0.14107862319031814,10.464970877328014,0.08582707215326443,0.14075904286142554,0.08146406194862792,0.13365473478631842,0.07464544910708056,0.12253109310259121,0.08560737107806313,0.14040198995820427,0.0858995552360798,0.14087683627413164,0.08576176285724535,0.14065297242784217,ZONGULDAK,ALAPLI,43217,-0.17
54988432B84852030517373,0.03898154883809204,0.05566369268592994,3.79906634204086,0.03815336614613329,0.05489034648517242,0.03263012813504671,0.04815444657224679,0.026870063637296833,0.04043695084975443,0.03787123693467593,0.05459281542972705,0.03828315121571824,0.0550229114438388,0.03814134435872485,0.054877917740979484,ŞANLIURFA,VİRANŞEHİR,215727,-0.803
54988432B84880544185271,0.2550513727587691,0.42027841433662805,34.432089009516254,0.2538250921466231,0.418257726246892,0.22938028015175582,0.3779771086096103,0.19646383442332624,0.3237367747243012,0.25216844255470644,0.41552786811646464,0.2542941738193102,0.4190306877858121,0.25322778215543296,0.4172734676904708,SİVAS,DİVRİĞİ,15657,-0.218
54988432B84889548595985,0.0,0.0,0.0,0.0,0.0,0.0,0.0,0.0,0.0,0.0,0.0,0.0,0.0,0.0,0.0,VAN,BAHÇESARAY,11438,-1.244
54988432B84935584659514,0.4116771835016288,0.56366509870066,40.463832601332655,0.41081016549034255,0.5623442623209642,0.38490190240519384,0.5281891881689491,0.33745648465978556,0.46783983639624144,0.40940888964222877,0.5603374886146454,0.41115486461746165,0.5628562629580127,0.4102931276986371,0.5615941316312641,AMASYA,SULUOVA,46928,0.061
54988432B84973807429467,0.08710259000927194,0.1057453902929199,6.514272053948796,0.08275439725766416,0.10207693526812593,0.05364636264486528,0.07165874728682103,0.021156155191953654,0.034394812474393424,0.08383418519423518,0.10305015471636578,0.08241568860435079,0.10176591946358542,0.08459143058949192,0.10371330745110795,ANKARA,ÇUBUK,101437,0.298
54988432B85224967015288,0.34275732402810727,0.3533183014789173,16.081963482416164,0.33928276995597245,0.3503012874889907,0.2816747435360008,0.2986213740820778,0.2089389165344292,0.23229896450870988,0.33894821560179217,0.3500068851449017,0.33964078344585596,0.3506160387105053,0.3402644901734291,0.35116352023588093,ESKİŞEHİR,ALPU,9725,-0.401
54988432B85329501367983,0.014724685313531828,0.024263611398124586,1.9291188644121435,0.014687878705348004,0.02420296078190838,0.013851622901535235,0.022824962853864882,0.012493120389031323,0.020586397047879283,0.014659922258382155,0.02415689362659687,0.014698399429807801,0.024220297028115605,0.014683997318316218,0.02419656495988437,DİYARBAKIR,DİCLE,35948,-1.122
54988432B85338768534815,0.5471933453927361,0.7833474921074404,58.99016286460097,0.5432016254405555,0.7785486365905174,0.46112361690810816,0.674901912287039,0.3373897830809234,0.5096252005074318,0.538020928066335,0.7722679001820704,0.5447193009187861,0.7803780839429586,0.5413784493188906,0.7763448241909695,AFYONKARAHİSAR,DİNAR,46878,-0.132
54988432B85449040916206,9.28885768764827e-05,0.00015306353138729343,0.012038923754784612,9.265310311414104e-05,0.00015267551332495411,8.775759329528259e-05,0.00014460860083675823,8.090227585981998e-05,0.0001333122807645056,9.240386217183553e-05,0.00015226480944641042,9.273318422225387e-05,0.0001528074724701724,9.258334588619533e-05,0.00015256056606224218,ŞIRNAK,GÜÇLÜKONAK,12562,-0.959
54988432B85482798443397,0.062429489887786606,0.089220046809878,6.505672864067327,0.06164051374066875,0.08854834964857591,0.056626774246119296,0.08280018595574448,0.051342507748138165,0.07597785034975704,0.061347840679785555,0.08826458512639757,0.06176119312206218,0.08866108392415349,0.061605968127634116,0.08851556892379242,KİLİS,MERKEZ,135430,0.193
54988432B85515105263219,0.3146020229011735,0.4025528554142357,21.512011397263656,0.3053163910261048,0.39556818929843895,0.26157561991934136,0.35675681581844965,0.22025890670927817,0.31362347873378255,0.30291838013731853,0.39363727197235887,0.3066633116051586,0.39661865819523157,0.3054688097040675,0.3956602289910356,KAYSERİ,SARIOĞLAN,13510,-0.613
54988432B85612149706662,0.05501021766165036,0.09064686381052342,7.951806177726956,0.054629255463417,0.09001910718696998,0.04730585515820493,0.07795147142192749,0.0377115807869955,0.06214184696930312,0.05434822786587575,0.0895560246644102,0.05472688513502266,0.09017998318277748,0.05459072559319776,0.08995561694739516,GAZİANTEP,NURDAĞI,38269,-0.45
54988432B85758697491434,0.167894436482566,0.18846752204059936,11.045689520453182,0.16696429841753552,0.1875176241228251,0.15580730605651388,0.17469732468809854,0.1398021124866447,0.1565896064159356,0.16649123839660282,0.18699774235286482,0.1671556418358848,0.18772360967316157,0.1669098836241381,0.18745741716137013,ADANA,CEYHAN,156081,0.103
54988432B85980099192103,0.3590144601597097,0.36665645664201907,18.15352188168029,0.35490187843915777,0.36326080204268957,0.28036522125360297,0.3005131916313394,0.18164993009725755,0.21125206247621256,0.3497739329034229,0.3590995860102168,0.35643365372110325,0.36450861389081257,0.3530920951446422,0.36180021937584855,AFYONKARAHİSAR,HOCALAR,8220,-0.772
54988432B86025337203985,0.12092895615775469,0.1077084080074173,3.821768764153682,0.11657882674783894,0.104523911249919,0.0984710418921016,0.09062047609522544,0.08429757223925188,0.07921635128362998,0.11532917077899583,0.10359596033343603,0.1172515009984627,0.10502108630991783,0.11652075872973239,0.10448091555148845,TUNCELİ,PERTEK,10569,-0.465
54988432B86036130950643,0.04563649370472862,0.0752006664486671,5.212386263766612,0.04494584273569675,0.07406259888610078,0.042165606782943926,0.06948127417074705,0.039812008690904,0.06560297128843393,0.044563363170517324,0.0734323419169614,0.04509667303562759,0.07431113987062159,0.04478965076978833,0.07380522284826938,SİVAS,GÖLOVA,2998,-0.594
54988432B86037969006851,0.3395296234142486,0.4460021674079734,30.047835644664012,0.33623840957190576,0.44269076565003873,0.3044732470027054,0.4059176606197388,0.26388297226277974,0.35712258564566235,0.335073849579785,0.4414312824972139,0.3367949274116991,0.443282957451753,0.33628221641325423,0.44273760132528,AKSARAY,MERKEZ,327575,0.96
54988432B86248275111612,0.5802470068151573,0.8312358704002832,65.4394712834499,0.5742789451521271,0.8263470324828268,0.5260837947228489,0.7765100070463021,0.45524516537798393,0.6884861480257941,0.5703093862058464,0.8227513161295372,0.5756845971473626,0.827569176035244,0.5728700074505357,0.8250832999253338,SAMSUN,LADİK,15942,-0.26
54988432B86259306109163,0.6248861993908376,1.0065938522524442,85.19787892232321,0.6210883197975041,1.0021163539376614,0.5667191958548912,0.9196489823474191,0.4761396220157316,0.7757327305241335,0.61707176128312,0.9965651401859784,0.6222557294869272,1.0036409630757797,0.6194915683074599,0.999951983805322,DENİZLİ,TAVAS,40104,-0.165
54988432B86310086710434,0.13766847653748937,0.1794376921792416,10.064870990292734,0.13686436770704968,0.1786939259235288,0.1283346018753666,0.16923750289550957,0.11707404914763753,0.15622298838656526,0.13631974988665344,0.17813515805480046,0.13706268459329274,0.17889075995137255,0.136703799121936,0.1785315222284427,VAN,TUŞBA,167758,-0.19
54988432B86380728470389,0.21500838965185926,0.35429483909275855,27.52053722395841,0.21445939105594172,0.35339018895553514,0.20296407045276782,0.33444798502565254,0.18670063652799335,0.3076487949344957,0.2139834600166816,0.3526059409024849,0.21464542498818268,0.3536967391426968,0.21436364364606816,0.35323241458575516,BAYBURT,AYDINTEPE,5982,-0.598
54988432B86465154282957,0.021286152403092867,0.035075719383643636,2.91769602504317,0.021233850297776982,0.03498953499792218,0.020140113212651186,0.03318725460685525,0.01859965275856256,0.030648855107218015,0.021196548714546334,0.034928068752581684,0.02124702271493994,0.03501124075287792,0.02122980510833833,0.03498286925923362,KİLİS,ELBEYLİ,5273,-0.835
54988432B86482877826828,0.49745836068722704,0.5272002249064645,26.152616138364472,0.4939830081997026,0.5242496878098998,0.4434525267127581,0.4783805297167061,0.37751754895316586,0.4169576610942919,0.4902549047913913,0.5210099868171101,0.4950980838841166,0.5252134255570902,0.4926108001788201,0.5230770271694601,GİRESUN,PİRAZİZ,15109,-0.168
54988432B86685660972424,0.0633107576070336,0.10432464851973579,8.768486423280981,0.06309069364008141,0.10396202300597007,0.058590504140388654,0.09654652672109393,0.05238834171352322,0.0863264876676809,0.06285868493157283,0.10357971472403624,0.06316539217908265,0.10408511265330318,0.0630256995284611,0.10385492449527575,VAN,ÇALDIRAN,50170,-1.22
54988432B8670840315207,0.06826242101955461,0.10371128977437417,7.673608384772162,0.06742207336165054,0.10286960042419606,0.06066944876856939,0.09391470438085428,0.05281588109427607,0.0826026025601045,0.06705513625527489,0.1024471228230628,0.06756828963336549,0.10303181835217906,0.06736653399478494,0.10280732718745555,HATAY,DÖRTYOL,132987,0.323
54988432B86746221394106,0.33924737732324634,0.39517242230910243,21.696023633769258,0.3344533563060293,0.3912557291704276,0.29445928655998455,0.3529517526526862,0.24769422366230334,0.3055062915879304,0.33231535768192005,0.3893701587391752,0.3352976490377616,0.3919845790593719,0.33412731965869774,0.39097159787552793,HATAY,BELEN,37876,0.064
54988432B86802398359191,0.08974680787894415,0.14788646577021736,12.15085039206553,0.08917386413999828,0.1469423583792094,0.07812355654046033,0.12873345518597568,0.0636317137292495,0.10485352601079756,0.08902995402756896,0.14670522060886695,0.08924355745720487,0.1470572003286121,0.08929448498222121,0.14714111965524987,AKSARAY,AĞAÇÖREN,7480,-0.563
54988432B86910929123877,0.046735064413493815,0.07701091177502019,6.596606204762996,0.04658494665766119,0.07676354493396902,0.043524448839230796,0.07172039948331815,0.03929082438915123,0.06474415406448206,0.046446911573275976,0.07653608814453579,0.04663225956407312,0.07684150802457844,0.046553191019735915,0.07671121740085624,BATMAN,KOZLUK,58781,-0.885
54988432B86957506981644,0.6270632965333828,1.0332866085179222,93.80978459752863,0.6270156681849129,1.0332081256360004,0.6181149521102183,1.0185413594944535,0.5870223423139543,0.9673063765127279,0.6268771153671179,1.0329798157157868,0.627039808526279,1.03324790454125,0.6269758069208621,1.0331424415008095,RİZE,İKİZDERE,6287,-0.5
54988432B870340746196,0.4335406329183853,0.548874317569604,32.84451059623028,0.42784956946626684,0.542856324506956,0.3422311639250805,0.4417012188706808,0.20853208109352767,0.2747720953037628,0.4297025208314263,0.5448906231552287,0.4272262207517589,0.5421661267516111,0.4308621346318389,0.5461450218177172,ANKARA,PURSAKLAR,168881,0.447
54988432B8708369070409,0.36659267566546166,0.2688573151910929,4.51621781386275,0.3637642967943607,0.2667955284653727,0.30961712829739724,0.22730900696580017,0.2392793343974005,0.17599703512440143,0.36072134559920904,0.2645771207173205,0.36478466312304325,0.26753936757454666,0.3628691392321162,0.26614294713621894,KÜTAHYA,ÇAVDARHİSAR,5503,-0.562
54988432B87097212821795,0.2649115213733882,0.3103293073618141,16.360695434438707,0.2644087786153168,0.30959067554036723,0.24947506452105184,0.29235940296918106,0.22223802946459498,0.26335420033069684,0.26405013563667956,0.30911069676844244,0.26455412128637296,0.3097928084130213,0.2643754771006735,0.3095477063989335,NEVŞEHİR,GÜLŞEHİR,21173,-0.385
54988432B87156479266793,0.3224385618968925,0.5313202828481914,38.700596646934294,0.3218927373846101,0.530420863025248,0.3101984049256615,0.511150723643482,0.2933497040974263,0.4833871198207324,0.3215411004656908,0.5298414291445085,0.32204648440434397,0.5306742102351211,0.3218753096062864,0.5303921452067158,TUNCELİ,PÜLÜMÜR,3580,-0.492
54988432B8720609877048,0.2471673794890372,0.3623424442876964,23.924980916794294,0.24412189170632417,0.35972311977604937,0.22454872123385247,0.337137947577503,0.20340714922809464,0.309657699440593,0.2441950016205009,0.3597927044884958,0.24423016592458593,0.3598261256553917,0.24488828074071559,0.3604397072802819,KIRKLARELİ,PINARHİSAR,17694,0.002
54988432B8721285077518,0.15228998296348875,0.21068294992852638,14.999715721668542,0.15114787413787156,0.20951963973674653,0.13945163797745722,0.19520292391161256,0.12382511352296283,0.1754729442318857,0.15059778676235094,0.2088983488606527,0.15136206681800932,0.20975554629375565,0.1510681684632578,0.20943133818781906,OSMANİYE,MERKEZ,284895,0.515
54988432B87255554726822,0.1278540539079856,0.2106802973132027,16.77656270249905,0.12700200095045938,0.20927626854030662,0.11366995109021409,0.18730746784531757,0.09622279153809778,0.1585577125629693,0.1264369578761911,0.20834518001207517,0.12720662405337652,0.20961345031000442,0.12691194722908394,0.20912787633674618,ÇANKIRI,YAPRAKLI,7002,-0.893
54988432B87330314310527,0.1796282522134966,0.22413881171149608,14.845599770913948,0.17741226446082492,0.222343806198309,0.15980497136877841,0.20506573547598592,0.13863723505591186,0.18208628536799715,0.1763570133834221,0.22142239580018713,0.17784661418278297,0.22271344574385324,0.17719484692297502,0.22215917666838975,YOZGAT,YERKÖY,33000,0.079
54988432B87370140672235,0.0495675645636408,0.04316638726300821,1.3960817120391298,0.0468114836917961,0.04115013891118729,0.035366326217509396,0.03239168740248857,0.02638133378504601,0.025161868615577943,0.04592993861643488,0.040493927601783636,0.047221032316372015,0.04145298198104944,0.04670393868923714,0.04106891500192887,ADANA,KARATAŞ,24005,-0.564
54988432B87552585727000,0.3036653470793039,0.2901235253086104,7.439585524020376,0.29701063978745895,0.28523066310316475,0.2521799818979153,0.25109388060349075,0.20566869137830482,0.21496607281652338,0.29321091514711295,0.2823944463679765,0.2985628645017161,0.2863823826403012,0.29579939676823963,0.284328919666588,KÜTAHYA,HİSARCIK,10799,-0.514
54988432B87659764102191,0.1324295022327869,0.18809303612181,13.791167969815652,0.13194478121855144,0.18755150457380712,0.12296652441694049,0.17658018428793312,0.10962444810606531,0.15947212253447296,0.13159830721700522,0.18716031031396035,0.13207113023016412,0.18769301511817835,0.1318880820561585,0.18749381811713886,KIRŞEHİR,ÇİÇEKDAĞI,13350,-0.697
54988432B87892506897385,0.1916121355484427,0.2583835684940911,18.956492797324756,0.18568594429167373,0.25202608915474495,0.11802771819454062,0.16704554175933015,0.042268147581626024,0.06888286194902314,0.18753848106584697,0.2541580055497903,0.18507170476808799,0.25130859670061595,0.1887226928899171,0.2554849343304993,ANKARA,BEYPAZARI,48359,0.269
54988432B88005070896558,0.5144724379169658,0.6325125597145644,35.3391071537188,0.5072746485355017,0.6253578672915697,0.40195729727953194,0.508090970722244,0.17226773709209556,0.2687048146836001,0.5087275498124995,0.6268842717351522,0.5070290535732754,0.6250995404269744,0.5103560217698494,0.628575012657269,İSTANBUL,MALTEPE,525044,2.685
54988432B88117784045273,6.691173085064979e-05,0.00011025839946773415,0.009019938567168973,6.67508269360275e-05,0.00010999325899283079,6.338244598986902e-05,0.00010444277797553335,5.863630516877767e-05,9.662199851086753e-05,6.663975646557803e-05,0.00010981023499772265,6.679678834916923e-05,0.00011006899506759464,6.674073114471698e-05,0.00010997662295940127,BİNGÖL,ADAKLI,7491,-1.097
54988432B88177358385570,0.022338444625226727,0.03674515039897858,2.3628293474509827,0.022269979711438025,0.03663605745622406,0.021085242097302663,0.03469872397653635,0.019468749160195552,0.03204621119338548,0.022202083126856446,0.03652590722794159,0.02229135069308212,0.03667056319918159,0.022249286222521814,0.036602538927731805,ORDU,KORGAN,26428,-0.704
54988432B88316498186109,1.1466117537324996,1.803026999891699,150.86609833525083,1.1422683686240958,1.7970782667983656,1.0031856056118729,1.5907067894916345,0.5195437666150611,0.8538551481007406,1.1438192832206893,1.7992626260627038,1.1417355356379277,1.7963239832336269,1.1447759014800345,1.8006019625386578,ANKARA,BALA,20109,-0.611
54988432B8852789210155,0.52152211335021,0.6949668490472978,42.024159889827,0.5158065040517156,0.6895733192153762,0.45418106798228935,0.6208057409484349,0.3691944717620175,0.5214470777907286,0.5113242059138556,0.6849074990192544,0.5176833984981134,0.691456822641431,0.5142426075511417,0.6879665192707953,ANTALYA,KONYAALTI,199414,2.465
54988432B88681826210305,0.5886567903852532,0.9487623174673413,72.77193430939963,0.586406161085836,0.9464314414268578,0.5563981929484296,0.9026825073795203,0.49791400887892934,0.8107399541352039,0.5857306620630249,0.9456247899527789,0.5867202531217934,0.9467950235089815,0.5865169290261876,0.9465627432796505,DÜZCE,ÇİLİMLİ,19022,-0.196
54988432B88727338828677,1.3460960805737945,2.124411209220432,172.6573352536191,1.3363361890939318,2.1153422824687853,1.2455844081445375,1.9939283365950182,1.1050852631643022,1.7835562166553383,1.33197602334676,2.1105667900706577,1.3380733949579109,2.11715429895724,1.3356124611658573,2.1145706509169084,ÇANKIRI,KURŞUNLU,9130,-0.173
54988432B8876383914528,0.275061780451679,0.3744767055055115,22.66965138907072,0.2722408438649451,0.37221819254040706,0.2466153018875164,0.3469834175053708,0.21214553180897508,0.30788404220119475,0.2713307662092494,0.371439207512849,0.2727283561133017,0.3726281251636257,0.27230889279798054,0.3722757453980588,KAYSERİ,YAHYALI,35207,-0.395
54988432B88783696627318,0.07525222083633283,0.0637772748578765,1.8719083681778284,0.07502026931654616,0.06359565427998451,0.0702403450758181,0.05984197400052695,0.06360493395773509,0.0546151649426683,0.07471538317920144,0.06335684831882749,0.07511017664342122,0.06366604179051087,0.0749136870400872,0.06351221226657273,SİNOP,GERZE,30701,-0.106
54988432B88821463332228,0.4003323853433091,0.5687554044218315,40.1160955383498,0.3962520093455903,0.5642544541995481,0.32301861158328316,0.47324496348239864,0.19685186124755844,0.30499609059333593,0.3966831466636363,0.5647537400990809,0.39630844576955926,0.5643194135020215,0.39784400618528853,0.5660834939555188,KOCAELİ,DERİNCE,147892,0.68
54988432B88890114136269,0.17302553094673104,0.24179324478743772,18.371798402154365,0.16919822401545026,0.23837134509756025,0.14355181577187143,0.2076499472644923,0.11665983871256226,0.1719912697449294,0.16655930137406677,0.23562045420679772,0.17014115614019448,0.23929511748919596,0.16816256087059486,0.2373171620273542,SİVAS,ZARA,21340,-0.4
54988432B8890840155709,0.19007722555944642,0.25359943769486826,17.31730258501331,0.18596195161557336,0.24912450199934946,0.15089299861518238,0.20678944909985403,0.11206593396431556,0.15837566050096535,0.18298603985442774,0.2456975309679421,0.1872570172955389,0.25058225777552207,0.18490743280832922,0.24792023607982652,ANTALYA,FİNİKE,52436,0.315
54988432B88923492741350,0.20324571084231388,0.29640922199867664,18.02827144269198,0.1976327617097407,0.2910080253530194,0.15433792305486066,0.23508825486886661,0.10698988392327029,0.168510466057608,0.1982485114371115,0.2916655821902428,0.19762149614323682,0.2909994402524423,0.19949038172587097,0.29297575186537184,KOCAELİ,KANDIRA,54260,-0.235
54988432B88971047069977,0.897235835811437,1.1750699658824293,78.85578852758846,0.8823139884663412,1.1621690850337274,0.7324623300514588,1.0049509848175622,0.5356327663282883,0.7740847577532395,0.8718812068020906,1.1522813129326976,0.8860878971299094,1.165634260207619,0.8790471375068499,1.1591145943780201,BALIKESİR,BURHANİYE,68370,0.586
54988432B8910528917269,0.5092235615059858,0.6750522315764014,44.19043949712908,0.4990112783351865,0.6658940181121694,0.3912470865871567,0.5463950216593114,0.22632632996678576,0.34591146230707864,0.4998624996764156,0.6667179206160737,0.4991296216876674,0.6660091454149719,0.50230578247991,0.6690439579433515,KOCAELİ,İZMİT,381254,2.023
54988432B89158159538815,0.42638357409232075,0.35893000163907035,10.045947840747333,0.41735698765274076,0.35226928078698205,0.3541490505613869,0.30401735072197716,0.2870463260366677,0.2518414174235582,0.4140935211252515,0.3498276606879077,0.41885267141137916,0.3533838653323783,0.41713526789298144,0.3521036409839528,ELAZIĞ,SİVRİCE,8070,-0.647
54988432B89273666554884,0.41873175505854066,0.3100707713426199,5.081102423016699,0.4130941814262989,0.3059717480992433,0.3766508861891506,0.2791889146245874,0.31481058427636294,0.2338365384869485,0.41077890358435964,0.3042782019051089,0.41417718918037505,0.30676216213597673,0.41255644124727137,0.3055783813342096,ISPARTA,EĞİRDİR,29200,-0.087
54988432B893295612098,0.4347112014344392,0.6438014587228467,49.610838931371724,0.4265897300636151,0.636224336930645,0.3311861007814567,0.5088453129372155,0.1695607743361784,0.2697254896874143,0.4287813550647388,0.6384785404318031,0.42588072009091293,0.6354736602017742,0.4302546662169763,0.6399277267207102,ANKARA,POLATLI,131894,0.581
54988432B89494188716886,0.20259031304121367,0.29009955058739556,17.688474482294573,0.20222802616537186,0.2895960848181807,0.19378050080638548,0.27839357931007785,0.18086171263393444,0.26175219247836534,0.20183305654047176,0.2890542586066597,0.20235286166504518,0.28976856116804545,0.2021183692811096,0.28944513243940995,ŞIRNAK,MERKEZ,105697,-0.333
54988432B89533170865064,0.2170352610433119,0.2886564817597921,17.92099714197025,0.21564803635493326,0.28728294763672435,0.19770972382160837,0.26662711970525965,0.17384485300884103,0.2384576832891007,0.21449370840464463,0.2860213675122372,0.216063640812037,0.28772353123844085,0.21527765767411564,0.2868828500918944,ZONGULDAK,EREĞLİ,173884,0.612
54988432B89555629027377,0.5967007873255892,0.6255040380530742,32.862749997896636,0.5805094241218397,0.6116395284812155,0.3778563643488745,0.4201713045588051,0.09039303802021721,0.1428481745301586,0.5851793145397158,0.6158088835929425,0.578973662314802,0.610254464659052,0.5882414020716566,0.6185028225013535,ANKARA,HAYMANA,25798,-0.578
54988432B89638439219394,0.5648283699539823,0.6852311864746456,37.5978219354357,0.557038718966884,0.6775046039676645,0.4291905554310778,0.5408685105048928,0.18897782347286254,0.2891493378650742,0.55871241889502,0.6792331384380813,0.5567514074748913,0.6772068560406979,0.5605456478832006,0.6811070563110613,İSTANBUL,KADIKÖY,458573,4.91
54988432B89653427211969,0.15156162516577923,0.11446953691655484,1.92366531796548,0.1442401867493013,0.10917100857968112,0.11490155964993308,0.08788976940128666,0.09284860747804334,0.07184812681481885,0.14214146683297382,0.10765120889456564,0.14521769335503726,0.10987873231047467,0.14412861084187265,0.10909022079137258,ADIYAMAN,SAMSAT,6834,-0.84
54988432B8973824492298,4.2181438587410084e-05,6.950736211375693e-05,0.00506177263048921,4.2107543781379255e-05,6.938559687261972e-05,4.0527044640857e-05,6.678122087787707e-05,3.825389347568958e-05,6.303547994376492e-05,4.206326149846883e-05,6.931262770000365e-05,4.2127685231348e-05,6.941878632995824e-05,4.2107271010235394e-05,6.93851473952357e-05,HAKKARİ,DERECİK,24869,-1.135
54988432B89770527018948,0.6441291186520566,0.8412294415076729,60.08589880840408,0.6335139266437424,0.8326007700212709,0.5349860043978995,0.7360415047981292,0.3960607828916751,0.574943676520955,0.6253417062012834,0.8255225907522455,0.6363484653714149,0.8349867755027315,0.6304549731830457,0.8299828626726556,AFYONKARAHİSAR,İSCEHİSAR,25220,-0.392
54988432B89902778138642,0.18887061516858492,0.27602158119079656,20.007057036993743,0.18746132798968002,0.27465083262376905,0.1739954249426663,0.25758103835275825,0.1576385995894651,0.2354561443462974,0.18662153930870343,0.27370403987668346,0.18778746282415737,0.2750021354450067,0.1872424905523952,0.27440918545798043,BİTLİS,TATVAN,105045,-0.128
54988432B89911278235882,0.092911270604128,0.1293065556938571,8.472416926704891,0.09121380807030713,0.12787316914313995,0.08112672251488923,0.11670638912310943,0.07092728114479707,0.10399076990834033,0.09011355983297582,0.1268153746393873,0.09161835992224678,0.1282411403706853,0.0907776419733399,0.1274628536200808,TOKAT,TURHAL,77707,0.037
54988432B9007948244439,1.0261174697328834,0.9087317875476543,35.21805224045516,1.0216261529356367,0.9043903681937648,0.8946697561926584,0.7912885677682845,0.66086954847437,0.5932103505689036,1.02193029485165,0.9046818831041199,1.021836475939856,0.9045922808162872,1.0235069526734983,0.9061997842460621,SAKARYA,TARAKLI,7064,-0.437
54988432B90144731477668,0.040639024650851126,0.06696574362922979,5.195576677922211,0.04054137771676992,0.06680483918799278,0.038496400197883925,0.06343508704866849,0.03561365231789693,0.05868484126552143,0.04043786172345684,0.06663426360136673,0.04057460830363591,0.06685959716951019,0.04051242684586284,0.06675713340234309,ŞIRNAK,İDİL,76548,-0.842
54988432B90296339099195,0.7849987447179366,0.7650197718241832,19.147304239194554,0.7591745808972009,0.7460621508641926,0.621977978449508,0.642063378702979,0.49528781252516696,0.5436375071963004,0.7382428414922565,0.7304820767245755,0.7670853104750333,0.7519060217112553,0.7490661947387415,0.7385575072353132,ÇANAKKALE,ECEABAT,8746,0.058
54988432B9057851226548,0.028878135898496433,0.04758593154445372,1.846299510037153,0.028858798867929872,0.04755406762442621,0.028432517196067538,0.04685163272602432,0.02779923306932572,0.04580809531733395,0.02884632791836773,0.047533517760880856,0.028863575003976592,0.04756193783058374,0.028858212359870274,0.04755310116549437,ADIYAMAN,KAHTA,136769,-0.512
54988432B9062232449039,0.459131698975559,0.5402908551718686,29.874970043468878,0.4537733664633572,0.53562207395313,0.3949023216392668,0.4776414130662362,0.3165178121141196,0.39761204729097255,0.44953199476295336,0.5316507824772752,0.4551854601484523,0.5369125595265337,0.4523182110268799,0.5342726295583231,SAMSUN,ATAKUM,261809,1.734
54988432B9070985819609,0.3761281489431671,0.5305148757660195,33.12497342526614,0.37188962492964533,0.5263223313531458,0.3336493557702367,0.47853592553681695,0.2765656860498555,0.4061848787081975,0.3690292739404259,0.523097556586355,0.3729914304632126,0.5275066774423234,0.37092545960340717,0.525255876522521,AYDIN,EFELER,310241,1.518
54988432B90803924076576,0.20060184122732733,0.3305554596005619,29.615249431003537,0.20012517524308635,0.32977000049144933,0.1889783794899471,0.31140210231709015,0.16755493460471127,0.2761001498178541,0.19955045874643934,0.3288229719172009,0.20032503719890143,0.3300993367540527,0.19994105169351525,0.32946659826852176,BURDUR,AĞLASUN,7347,-0.476
54988432B90807122868998,0.015647962686771873,0.02578500509313214,1.9245011899140188,0.015566325649649077,0.025650482059039078,0.013949077965862979,0.022985551128539568,0.011754415058238805,0.01936914461073544,0.015482107221116847,0.02551170535998197,0.01559415187626609,0.025696334634828313,0.015543090640962052,0.025612194977881846,MERSİN,AYDINCIK,11271,-0.186
54988432B90947496422305,0.18812318208691925,0.20915762766241341,10.666759008565089,0.18643037035244364,0.20766815892592605,0.16341393033483018,0.18569859044177198,0.13448013726807242,0.15745037457660765,0.18500025552121796,0.20634754169646985,0.18694181506279509,0.20813349575933815,0.18599913679892494,0.20727242089800899,KÜTAHYA,TAVŞANLI,100882,0.309
54988432B91005720032741,0.6653841926183975,0.780646376318745,42.39875122683095,0.6562891474431217,0.7728001690601783,0.5627550054946167,0.680797906152703,0.43416565162421566,0.5502570283386974,0.6495060072692529,0.7664528234503677,0.6591642568483251,0.7754112765518423,0.6539159653376081,0.7706025190076333,ANTALYA,DÖŞEMEALTI,97121,1.216
54988432B91142232694102,0.7524905480138733,0.9939149880576217,66.9930818286308,0.745300383919352,0.9872337962404533,0.656407745456495,0.8927117373883864,0.5199097521393602,0.7347677750695918,0.7391457189867847,0.9811564989774247,0.7474214554588229,0.9892793090932039,0.7430918429420148,0.9850755004730203,EDİRNE,KEŞAN,85259,0.623
54988432B91196125429368,0.05898940402670461,0.07867320740604551,5.714527162899267,0.05859275356779655,0.07818463807556562,0.05092977251236675,0.06867173786161321,0.04088909098616722,0.05612262639761956,0.05834694268494159,0.07788135300813936,0.05869195457406629,0.07830694348828712,0.05858307181290078,0.0781726937227992,ŞANLIURFA,SURUÇ,98022,-0.91
54988432B9128675861083,0.3464026828901371,0.5269280481313765,37.655719870091204,0.3456504049300151,0.5258576259482333,0.3298498944628651,0.5032617336379452,0.3075045291961284,0.4711562040058443,0.34488575412940614,0.5247683309835186,0.3459514254318318,0.5262861556769578,0.3454483468831609,0.5255698746278489,ARDAHAN,MERKEZ,42136,0.088
54988432B91293750640231,0.19744236318781158,0.2877025129451832,22.672225725326435,0.19662473824940505,0.28690908508783974,0.1739764901074706,0.2594461990520231,0.13166692466389304,0.20179742602533177,0.19601923285745998,0.2862990943044027,0.1968344485713352,0.28711643491555705,0.19655585955363847,0.2868416511059484,KONYA,CİHANBEYLİ,49126,-0.159
54988432B91546860150128,0.12411968888072547,0.1385301769727665,7.550066144939764,0.11988403276900299,0.13534440356954053,0.10059736828858183,0.1187387570216014,0.08393960442308677,0.10267124216802,0.11825270233313379,0.13406028237069487,0.1206075071565979,0.1359044413661837,0.11952905490180037,0.13506744377646923,YOZGAT,ŞEFAATLİ,14008,-0.362
54988432B91560004091691,0.014458450838847496,0.023824905259624773,1.7660789379697144,0.014415619966707037,0.02375432774877611,0.01356373338586817,0.022350573134492034,0.012274314807875114,0.020225845125724708,0.014369623207620448,0.023678533430304363,0.014430834084286328,0.023779397855800407,0.014401246319190476,0.023730642584014392,KARABÜK,OVACIK,3986,-0.776
54988432B91646102966816,0.4490290566276678,0.6396892398836224,44.23553410382653,0.43879284262388524,0.6302841216978443,0.34184965603180295,0.5182080317896126,0.21798611453899916,0.35432885920463997,0.4329772237168892,0.6242139702268779,0.44104006626950315,0.6325440376438529,0.4373524143136145,0.6287230187206131,İZMİR,SELÇUK,38578,0.69
54988432B91709779235115,0.3680626093564628,0.45076350870705356,25.15443938175156,0.36662872947689507,0.449137948934697,0.3328226437401009,0.41470239194304065,0.27822294910358064,0.3589788171182037,0.3658811863671509,0.4483347438232744,0.3669866078742159,0.4495270272172111,0.3666758060020875,0.449186201732388,KAYSERİ,İNCESU,29780,-0.295
54988432B91755987711190,0.041820079797303775,0.06891190835214897,5.015067324469269,0.04174247036542644,0.06878402208118262,0.04009424204155232,0.0660680406734773,0.03773159044465874,0.06217481925681981,0.04168383446287335,0.06868740074610938,0.04176937562434471,0.0688283570692016,0.041734437370001,0.06877078516132894,KARS,ARPAÇAY,13770,-0.943
54988432B91769619824833,1.0925336755973225,1.269799393007287,79.59073987049659,1.0853522077189803,1.262299140468256,0.924708955783189,1.0936000279734017,0.6864686183531191,0.8363564873574764,1.0849797274424298,1.2619472490877222,1.0859594175080534,1.2629160556865848,1.0877863616096481,1.264865112754922,ESKİŞEHİR,GÜNYÜZÜ,5008,-0.541
54988432B9177912033932,0.032100483107116294,0.05285556176254543,3.7670324656561314,0.0319436850114577,0.052600721646234756,0.026389334242556472,0.04346229759248031,0.016026532819580858,0.026396884054384246,0.03178762946416815,0.052345296501611065,0.031994019410685234,0.05268290111238983,0.03191046820840481,0.0525466031619968,İZMİR,BEYDAĞ,11904,-0.481
54988432B9192246794602,0.00016939985900831772,0.00027914025069844024,0.021137870868672783,0.00016389084356069225,0.0002700623921798197,0.0001388960686946539,0.00022887553545454688,0.00011785529597452831,0.00019420415729421225,0.0001606945250532547,0.0002647954388617867,0.00016512393746169064,0.0002720943073341442,0.00016259744377267055,0.00026793110385883034,SİVAS,DOĞANŞAR,2770,-0.625
54988432B91961372611243,0.06287689550871937,0.10360972245308517,7.496748421353719,0.06253122926730921,0.10304012716622907,0.055958280086826996,0.09220909877689717,0.046861820301990764,0.07721978249486419,0.062300621402132314,0.10266012722009364,0.0626164510005598,0.10318055712953478,0.06251006886860372,0.1030052586661364,KONYA,EMİRGAZİ,7647,-0.733
54988432B91991689904144,0.1800138238163869,0.22473002656512978,14.168861402128687,0.17888557137098443,0.22364593644851619,0.15670163065482406,0.20137163795662016,0.12527531837519462,0.16759789795408098,0.17885828575224252,0.2236237878327889,0.17898185298358815,0.22373630763324115,0.17927912979719662,0.22402443718061435,TEKİRDAĞ,SARAY,51468,0.125
54988432B92019352916706,0.06414846956367402,0.10569106431174673,8.892263248484637,0.06401341912074077,0.10546861300139398,0.060832944196353364,0.10022947313030879,0.055502634638123216,0.0914483450158872,0.06382336012090414,0.10515554921382393,0.06406512202945477,0.10555377692272534,0.06394479356355863,0.10535557394234679,GİRESUN,YAĞLIDERE,14688,-0.576
54988432B92026614951064,0.53100579351952,0.6785728292545457,47.716512518824956,0.5260790574026921,0.6734071058629326,0.42990191618663953,0.5673865818865822,0.29425578346353215,0.4079676881663073,0.5197319022749186,0.6666933469845417,0.5279478450390734,0.6753719949814259,0.5238367542067314,0.6710409754639054,AFYONKARAHİSAR,EVCİLER,7038,-0.525
54988432B9206806134552,0.6344593363854674,0.523714482777367,15.100340939529763,0.623033113115633,0.5153001819743528,0.5478292095363374,0.45776448275880544,0.4689607692974839,0.3962772850962449,0.6143750191202756,0.508806948857122,0.6264009489355215,0.5178041021689536,0.6193337140376635,0.512534342460984,ARTVİN,ARDANUÇ,10889,-0.454
54988432B92152901818020,0.31517948033633775,0.3826871613243841,21.44408194609917,0.3138517526354658,0.3812842876808196,0.2884095384689717,0.3539170562735515,0.25404723897360026,0.31665634140106613,0.31197333829940693,0.37928273525395545,0.3143872501049707,0.3818520731764904,0.31313284314364354,0.38051990570924044,RİZE,KALKANDERE,13350,-0.453
54988432B92223927432104,0.1864179577680896,0.30718299159576457,23.79147339155908,0.18517461738626853,0.30513419209901893,0.1613891444268555,0.2659400456354996,0.13045097505162767,0.21495955246326004,0.18366745788137998,0.3026506665252671,0.1857242157731964,0.3060398305830685,0.1846723416897805,0.30430653282788267,ANTALYA,ELMALI,41550,-0.15
54988432B92272966578930,0.19267168140107227,0.2718030011251633,19.42697100293065,0.19056511053749992,0.2697045648366058,0.17068225977196433,0.24427048637400592,0.14562381891649462,0.2110345462075954,0.18941240635772907,0.26837107942680666,0.19109131053198825,0.2702859372975786,0.19029416449899422,0.269397461524343,ERZURUM,AZİZİYE,71827,0.062
54988432B92286094750173,0.1785287556925646,0.29418301710898204,20.08848325281585,0.17816326470826882,0.29358075424063246,0.17048991585121573,0.28093646671764694,0.15963634600056292,0.26305175166050215,0.1776775561555164,0.2927803946182846,0.1783059428557243,0.2938158619560879,0.17799281895112057,0.29329989053945016,GÜMÜŞHANE,KELKİT,38520,-0.429
54988432B92573303470858,0.25715996792465856,0.3225193604930939,20.788315347030753,0.2554301630032851,0.32051033604738605,0.22463375976338137,0.2831735013805246,0.1756189651633304,0.22620806826942322,0.25387977401360085,0.31862609266591463,0.25595878674143313,0.321145765157703,0.25499729161268253,0.3199865312547034,MERSİN,ERDEMLİ,157566,0.331
54988432B92605767261652,0.037238373598403963,0.06093258055564898,4.3705532000888185,0.03701704243072649,0.06056834592320179,0.03386074017488508,0.05540434081398759,0.029751848846766446,0.04870946891385249,0.03689265417215722,0.06036394534877402,0.03706651096442771,0.06064968466290547,0.03700337473219677,0.0605458781896351,ADANA,İMAMOĞLU,27196,-0.434
54988432B92706545600609,0.21387208912528952,0.25929061445799206,14.33273524356432,0.21107283397386262,0.2569176290685732,0.18759921973726917,0.23312905450142832,0.15968816348197565,0.20341691032759154,0.2087446191693959,0.2547346301729951,0.2118215891873323,0.2575916677496728,0.21011363958400983,0.2560315030266138,AMASYA,MERKEZ,151433,0.651
54988432B92712728908494,0.25083821879780493,0.34367423845378087,20.673902786974647,0.24889580370233363,0.34183523418778416,0.22755844401382583,0.31737444896077394,0.2009973650546319,0.2853844937881469,0.24740420329427096,0.34025553943304987,0.24944920680971144,0.3423997227651131,0.24841125677837136,0.3413296191380379,ZONGULDAK,MERKEZ,115279,1.189
54988432B92775377874874,0.21355219020681562,0.35189528645714246,25.86324723523668,0.21298714124360282,0.35096418822499825,0.20121931085303332,0.331572937579158,0.18458872214925992,0.3041687429876736,0.21230795215119336,0.3498450077567459,0.21320574900923267,0.35132441418303484,0.2127678591471058,0.35060285109196765,KARABÜK,EFLANİ,8663,-0.658
54988432B92870291656697,0.17390875441798162,0.2554491115485821,18.238914545591978,0.17103661717452362,0.25308173264057077,0.153086775725075,0.23296517862231872,0.13104755613686536,0.20374468848023808,0.17095847739712403,0.25298895880682437,0.17119081409456502,0.25322522541648856,0.17163097243569828,0.2535907465319646,TEKİRDAĞ,HAYRABOLU,29706,-0.182
54988432B9289353120970,0.07177304063344382,0.11826895649792198,9.027237483219322,0.07155090489625011,0.11790291708246833,0.06640123034408692,0.10941718720098341,0.057688536188863326,0.09506024708907619,0.0713905647604312,0.11763870561280403,0.07160928710601638,0.11799912037783049,0.07153098608129939,0.1178700944872696,KARABÜK,ESKİPAZAR,12570,-0.383
54988432B93214958535035,0.07719902326656328,0.11377337051859776,8.043760339320482,0.07529373846886686,0.11183590534126082,0.06145266763471213,0.09383672513175943,0.04626284764947395,0.07241295219965875,0.07452440927361689,0.11095430071948549,0.07560342334571676,0.11217940697356851,0.07519482778389283,0.11172413279166492,KONYA,ÇUMRA,68803,-0.233
54988432B93266011015625,0.45814830684250174,0.45086191659600083,18.183399723598807,0.4516728191759589,0.4459418186254687,0.4040028571491308,0.40646461098076236,0.3515846783360389,0.36143612833743277,0.447134245372881,0.4423443909284294,0.45333508497902897,0.4472364348220064,0.4499462826549094,0.4445826232408254,GÜMÜŞHANE,TORUL,9779,-0.368
54988432B93269367761582,0.35170748416993525,0.5397140233237361,43.504983875228405,0.350174951759774,0.5377138880517373,0.31488257381811674,0.4886297852742988,0.25205844418259377,0.39632722316150665,0.3492796528476955,0.5365423607923421,0.3505504902671212,0.5382016834387465,0.35014470882839827,0.5376722126098332,NİĞDE,BOR,62594,0.116
54988432B93270610822610,0.06517142200719162,0.10739068606053599,5.789323342316231,0.06505936372740018,0.10720603433474982,0.06279137626185062,0.10346880224128432,0.059436131648284145,0.09793996751811285,0.06498898416694195,0.10709006158090363,0.06508767816986466,0.10725269140172848,0.065054936044833,0.1071987383167422,ELAZIĞ,BASKİL,13397,-0.714
54988432B93290960432341,0.12964447467352724,0.21356240772050136,16.77606400209579,0.12934772807106037,0.21307728117206465,0.1231847626721251,0.20293726388893535,0.11394908797846041,0.1877301208125538,0.12893743594500048,0.212403371778648,0.12946792444532382,0.21327444072108986,0.12919751469664867,0.21283066169503478,ERZİNCAN,ÜZÜMLÜ,13960,-0.63
54988432B93447432062077,0.28135604834456923,0.43285087273717726,32.22715664915252,0.28029924704995945,0.43122787502264354,0.2600405469386877,0.40073161259055323,0.23150290569749907,0.3581456992358139,0.2805604406821468,0.4316308647728367,0.28023381509848794,0.43112586841554923,0.2808427946039449,0.43206157674879603,KIRIKKALE,MERKEZ,192821,0.726
54988432B93570541264630,0.2949910939771558,0.4327797840594889,30.31486970743411,0.29403122840172874,0.4312152600111002,0.2711198985302904,0.39783518454726363,0.22752384247964513,0.33826794865306126,0.29409029428455735,0.4313105130995747,0.2940706901976194,0.43127884124797683,0.29439508396533887,0.4318039919543209,SAKARYA,KARAPÜRÇEK,13734,-0.453
54988432B93591493775599,0.2524079262911108,0.3352075488076139,22.600290596101516,0.2513398014473079,0.3339722662289471,0.22972537674401253,0.30857019232788996,0.1998258956032104,0.27276159274761314,0.2501150384851412,0.33255089359513407,0.2517429031321686,0.33443908362156505,0.25095935969020405,0.33353101658533707,ZONGULDAK,GÖKÇEBEY,21070,-0.17
54988432B93613395519692,0.06576833849656528,0.10837429619731669,7.892200619587835,0.065326451957075,0.10764614730666425,0.05675186816807463,0.09351678803500854,0.04548283966400756,0.07494747245134742,0.06501070036334315,0.10712584593481711,0.06543799493703925,0.10782994991177353,0.06528914703257445,0.10758467555551685,KONYA,TAŞKENT,5669,-0.71
54988432B93760304684016,0.18794197205346777,0.3096942907915188,28.13731002945037,0.18694755365459104,0.3080556695861259,0.16723713963297504,0.2755764813295774,0.14084213161380366,0.23208229426949797,0.1860547297264819,0.30658445764663017,0.18730397234872534,0.3086429829653501,0.18674950515337843,0.30772932156787747,ERZURUM,TORTUM,12881,-0.592
54988432B93817562876661,0.14528495853437434,0.239403267425426,17.60235908949487,0.14473266226395753,0.23849318331858863,0.13352516946275245,0.2200252674150946,0.11808390014190544,0.19458085550970028,0.14398492902455853,0.23726105452507443,0.1449438517825038,0.23884118535056795,0.1444633917029297,0.23804947426032247,SİVAS,HAFİK,8950,-0.742
54988432B93840376788897,1.0043838517055879,0.9989781077129746,41.318243308982424,0.9976716081746135,0.9920732616347101,0.8935170737522263,0.8737300929563044,0.17007462165844636,0.2759870329424098,0.9990847455577644,0.9936116406521647,0.9974292376970788,0.9918076779007863,1.0006401028591245,0.9952785997089838,İSTANBUL,EYÜPSULTAN,425216,1.839
54988432B93890673668777,0.18541687362926776,0.23808734900332867,15.977307523080617,0.18455745634208734,0.23710970667674058,0.16734244337744017,0.21727786848912084,0.14387953197821546,0.18986279644402934,0.18357437950245825,0.2359884772743811,0.1848814751261853,0.23747866427678854,0.18425220566841047,0.2367618389926236,ZONGULDAK,DEVREK,56900,-0.038
54988432B94080378973677,0.4443011226542589,0.3990982897216667,14.618442866410849,0.4399636060955509,0.39558578385892296,0.35901858853564383,0.3292986578203119,0.2557315589014744,0.24362907969859995,0.43951338882092944,0.39522069059988557,0.4404434645719255,0.3959748286407904,0.4412735540546705,0.39664760221594547,ESKİŞEHİR,BEYLİKOVA,5611,-0.424
54988432B94200918295696,0.4742967348121915,0.5595345250642954,33.93978568041093,0.4642466470017707,0.5508660936766467,0.363661329566918,0.45004378785014826,0.2427413081255865,0.3198217804883304,0.45584651869598963,0.5430479638548693,0.46708170737794785,0.5534299552739523,0.46113202567492495,0.5479992629993867,AFYONKARAHİSAR,BOLVADİN,45906,-0.045
54988432B94235279152789,0.4553311129652882,0.6853106625389888,52.79915466338276,0.4525984766001622,0.6827094617778681,0.4175781872234754,0.638438002231758,0.3607231851599171,0.5587584695982557,0.44976232352204576,0.6795940233992946,0.4534126472496818,0.6835516413215466,0.4514196626156026,0.6814424883753014,ÇORUM,OSMANCIK,42673,-0.194
54988432B9428918047476,0.3755219803982965,0.5472567738720198,39.58383032718231,0.374190841460569,0.5459477498387568,0.34612053616309324,0.5144919919900268,0.2944063136165642,0.44767758428364396,0.37427229439922743,0.5460272410199831,0.37424916402038516,0.5460061614991063,0.37471548691705414,0.546467899747427,SAKARYA,GEYVE,51708,-0.043
54988432B94361787420306,0.07332034149178791,0.120818627743415,9.78017360451809,0.07287988295595364,0.12009283194385055,0.06488408163132034,0.10691720122397218,0.05401546229324881,0.08900768734045568,0.07253937151409857,0.1195317308319515,0.07299311114768713,0.12027941147237937,0.07281640220497478,0.11998822717707863,KAHRAMANMARAŞ,TÜRKOĞLU,81055,-0.477
54988432B94555839005307,0.7212122681204435,1.188427041843325,98.03238529393893,0.7135556023471276,1.1758102450172268,0.6302570752617348,1.0385493767405554,0.529484868425828,0.8724950527034327,0.7066502041664677,1.164431400957933,0.7157781600798416,1.1794726171486642,0.7109505217293489,1.1715175445333337,SİVAS,İMRANLI,6788,-0.587
54988432B94612974297738,0.12039851824567685,0.15212825167659308,8.492550187003223,0.11847852357025773,0.1503703282461058,0.0827880103957682,0.11415501007364544,0.03745943510663952,0.06172635660916275,0.11685869009152329,0.14886396948332908,0.11904839882937852,0.150895490283374,0.11813597469142409,0.15005328865545461,İZMİR,BAYINDIR,39971,-0.304
54988432B94698647501880,0.4497908444268475,0.5846064088690576,40.86305700471973,0.44611187646449046,0.5812906940200787,0.40742912685696714,0.5384097498767518,0.35217946885502743,0.4733049782520781,0.4427766749213158,0.5779154308393261,0.44714372767087535,0.5822885675532509,0.44475975983864546,0.5799454466146058,AMASYA,MERZİFON,77077,0.547
54988432B94777693463903,0.33339583950948687,0.42513002464605165,27.993274827738645,0.3245148059571655,0.4175692402799075,0.2694909365846988,0.35519407511549483,0.21018992786368487,0.27869741132251885,0.3211502529548267,0.4142970689974886,0.32590217397361626,0.4188738475106821,0.3240646852230124,0.417128885047782,KONYA,HÜYÜK,14878,-0.506
54988432B94880790490903,0.0701492168800674,0.08348139364243053,4.593669384003114,0.06975606535292345,0.08308298830989058,0.06207653445447653,0.07519440717482818,0.05190178699284884,0.06461629304871634,0.06933134417702119,0.08265111632591762,0.0698980793342125,0.08322711417038232,0.0696313297711932,0.08295628019555423,KÜTAHYA,SİMAV,60886,-0.027
54988432B94897839100366,0.3006586073090024,0.26493781018213514,6.993087801106144,0.29288914131778465,0.2584258325220327,0.23456336593594834,0.2119163205793266,0.16420962617168633,0.1565677023331915,0.2879478264101707,0.2543684950289707,0.295131642757778,0.2602861145218568,0.2911148208622426,0.25696291953906564,ANTALYA,DEMRE,28075,0.18
54988432B95082960881175,0.9073051705217128,1.4950744011362276,130.52858274010103,0.9067525758825309,1.494163825371768,0.8954409218442724,1.4755242706369645,0.871392418681575,1.4358966980931882,0.9060182455809804,1.4929537821894994,0.9069692946084652,1.4945209385349223,0.9064830994183588,1.4937197770224555,ERZİNCAN,REFAHİYE,10954,-0.391
54988432B95140172364371,0.01805616301171569,0.0260130565238193,2.1006563348613643,0.0179009632989824,0.02580331468758602,0.01497218639532074,0.021814726372282534,0.011210940248161707,0.016660264345634807,0.017691651068746976,0.02551108930777266,0.017959921990062407,0.0258837682002965,0.017824440829011277,0.025694111623532696,DENİZLİ,BEKİLLİ,6243,-0.231
54988432B95156445816279,0.3258268868329024,0.4651541181059267,31.24045062728618,0.3232633584329842,0.46254188675136265,0.29328930904624667,0.4259317831473848,0.25439437503522444,0.3758085778388295,0.32074827546732415,0.45968630445368835,0.3240501170870057,0.4634006332313369,0.32227661290822207,0.46143702177088974,TRABZON,YOMRA,51660,0.48
54988432B95277821649488,0.16373737432620128,0.24867834905968336,17.463626295405724,0.1629685238945318,0.24773894690403409,0.15162831763225768,0.23150423996935546,0.13516248076786366,0.20781869974454045,0.16252137373421924,0.2471264906701088,0.16313240655463268,0.24795818675979273,0.1629031231705995,0.2476504760022562,HATAY,İSKENDERUN,228149,1.056
54988432B95310559341669,0.23792856055504216,0.2666575182875608,13.434709504486237,0.23764991995768925,0.26620296416896594,0.23032376753644226,0.2558821140897365,0.2136554052610329,0.23665815450036234,0.2374408839795532,0.2658676166456324,0.23772260186239255,0.26632065398492993,0.2376213456348432,0.2661568547821664,OSMANİYE,DÜZİÇİ,88274,-0.269
54988432B95455201540726,0.4567552707001362,0.637911015469618,44.99660635887377,0.45103379335071103,0.6326049845563912,0.39727904660445207,0.5694640618383319,0.32613334841543545,0.47902935894159954,0.45092118630005457,0.6324899146657487,0.4513758380767281,0.6329533852079442,0.4524400516653796,0.6340215554504366,TEKİRDAĞ,SÜLEYMANPAŞA,226582,1.314
54988432B95500955332095,0.0851907474781354,0.1233038527326622,7.946856136476781,0.08382616495847482,0.12211219456511559,0.07477308848663299,0.1114221642198776,0.0652008759947709,0.09881981143120121,0.08327537856034734,0.12155915011443674,0.0840502513438371,0.12232823697911509,0.08374074702310076,0.12202836149432895,HATAY,KIRIKHAN,108200,-0.206
54988432B95701093255845,0.1755867036328483,0.21039486020268616,13.151540622065435,0.17141520010032968,0.207038145129714,0.1468237487671067,0.18334146643934268,0.12216767405868262,0.15726944121766276,0.16981334775722653,0.20565311024035923,0.17207864309190837,0.20760028866404484,0.1711666372053703,0.2068275889365282,HATAY,ERZİN,43103,-0.24
54988432B95842578753435,0.3830563447121089,0.4747791985382831,27.326983401702694,0.378656907431646,0.4704189527039315,0.32011783157131163,0.40644015604512285,0.23499038435980565,0.3131767788668687,0.3763326221090224,0.467964506681714,0.37952775574353304,0.471325710105821,0.378373286347712,0.4701218055961751,KONYA,MERAM,349685,1.053
54988432B95867498741596,0.07983911168793789,0.058926825612305465,1.0378925681590574,0.07817638300418675,0.057712835550319315,0.04987712752564464,0.037009041770605294,0.01639421642708236,0.012454783116184968,0.07668612531930803,0.05662441024291208,0.07868193079210616,0.05808199464304319,0.07781981800648158,0.057452442820321865,MANİSA,GÖRDES,25456,-0.362
54988432B95928924596257,0.09167547374485277,0.15070586224269192,9.029459040158086,0.09137487336519662,0.1502171794763433,0.08635216507638466,0.14198784723823268,0.07950465817587374,0.13076815494880892,0.09100476273896839,0.14961176462239756,0.091481606790199,0.1503914571906528,0.09123428283737901,0.14998734377715303,TRABZON,ŞALPAZARI,10575,-0.527
54988432B95992453735660,0.12830844781679016,0.1785703438928572,11.678465727389694,0.12600660826458512,0.17666058129798545,0.11236103203870326,0.16170815239982989,0.09852864089584405,0.1445646347942125,0.12451740224114555,0.1752495632954979,0.12655458467532074,0.1771511131416209,0.12541609420597497,0.17611341980762948,TOKAT,ALMUS,28135,-0.626
54988432B96002875694716,0.05830140320545019,0.0960701408024261,6.977387259128992,0.058196709274664866,0.09589762418843892,0.05596713279537143,0.09222368643533395,0.05276579788444575,0.08694846699396722,0.058099818800388905,0.09573796625579356,0.058229960083933004,0.09595241549280818,0.05817469651681178,0.09586135115502763,SİİRT,KURTALAN,60674,-0.746
54988432B96055728964295,0.07026803174380626,0.11363039960764405,8.706496763638603,0.07015177354826253,0.11344736438615428,0.06764350889916296,0.10948746452568692,0.06391761714493173,0.10358493039440349,0.07004407178467259,0.11327771771996596,0.07018873244327274,0.11350556455818704,0.07012731600624389,0.11340884564677872,SİİRT,TİLLO,4090,-1.092
54988432B96253439504552,0.07743738242023723,0.1276027646584679,10.675648823277442,0.07714006848389117,0.12711284520272795,0.07111325098357585,0.11718174279331467,0.06287236804966607,0.10360226202152067,0.07665270548193756,0.12630975934809452,0.07726777677279074,0.1273232853057386,0.07694121974493597,0.1267851785377852,KASTAMONU,PINARBAŞI,5782,-0.63
54988432B96395317243392,0.0001027638438210724,0.00016933618064901112,0.008221107505685792,9.97213543620653e-05,0.00016432270970926909,8.755139652603692e-05,0.00014426882595030085,7.842392814901563e-05,0.00012922841313107468,9.803645706222792e-05,0.00016154630447829047,0.0001003857989115642,0.00016541759384440418,9.903329258865914e-05,0.0001631889086716001,ERZİNCAN,İLİÇ,8543,-0.301
54988432B96423732732859,0.4825475117644539,0.7951507999851659,70.18198190559465,0.48058098224888324,0.7919103159304819,0.4361165408492022,0.7186409791545659,0.3642106831717154,0.6001531642515175,0.4772826675294731,0.7864752913498929,0.48150962962046817,0.7934405584090303,0.47922032790239255,0.7896682042922736,BURDUR,ÇAVDIR,12539,-0.448
54988432B96595900966368,0.116697176466921,0.1922957863452353,14.0505574184802,0.11614741481099669,0.19138987882348493,0.10843971929200728,0.17868899422964163,0.09826903988574694,0.16192955879765836,0.11572131105678654,0.19068773710111225,0.1162883821178316,0.19162216738382098,0.11603264470916907,0.19120075850671248,KARAMAN,KAZIMKARABEKİR,4679,0.022
54988432B96614579404360,0.1249173754288021,0.09239415123592808,1.6721403153194743,0.11979645324905666,0.08868088929425871,0.09915441819005544,0.07356691547186339,0.08355318353257558,0.06203417742895046,0.11703159628490725,0.08666445703335897,0.12093012332788444,0.0895049770607085,0.11869874832401134,0.08787977049995213,SİNOP,TÜRKELİ,16298,-0.194
54988432B96920408348513,0.7840186852971616,0.9925101135952865,61.586907860697195,0.776711007817924,0.9862355060980579,0.7139207544962789,0.9203728580648561,0.6402830052325517,0.8382160999022079,0.7703720815047275,0.9801428231113448,0.7790277397448667,0.9883566036385418,0.7740609173330398,0.9837297956475768,ARTVİN,KEMALPAŞA,9263,-0.432
54988432B96933409073399,1.341639620950985,1.5366871605096462,84.66545934294864,1.3167086632176395,1.515997871421865,1.1110196653236466,1.3155073123016214,0.8198922575389818,1.0185754497953907,1.3006694799621807,1.5016902608852911,1.3230048902810332,1.5214559401864514,1.311298713421694,1.5112529741461742,AYDIN,KUŞADASI,141431,1.495
54988432B96952912352901,0.17110041566423329,0.1644810700383807,6.752985462329133,0.16890300259382332,0.1626165724934092,0.12926596066483934,0.12853050529768165,0.0801056425330584,0.0856999527113815,0.1665562569469688,0.1606211470153811,0.1696582010682994,0.16325771458337984,0.16820242406616367,0.16202205101560735,BALIKESİR,SINDIRGI,31482,-0.477
54988432B97004073269629,0.12930941866674972,0.169438201414645,9.89632367233059,0.12839403606771535,0.1685897046874661,0.12004295085055305,0.1595209420179477,0.10822806095582932,0.14629061726111506,0.12795520865536286,0.16814668867401855,0.1285796282074103,0.16877231746387714,0.12830744623301404,0.16850341086347911,MARDİN,KIZILTEPE,275217,-0.201
54988432B9710176470958,0.3610333239796271,0.5020249409059226,33.9008625474151,0.3567771329270909,0.4976333810745705,0.30032731668291474,0.4308702815848939,0.2280599083247115,0.3410919464039331,0.35317910722485746,0.49361029475596585,0.3580059437057888,0.4989750754897656,0.355679636844693,0.49641983272953866,BALIKESİR,BANDIRMA,169476,1.072
54988432B97142079698078,0.43145804703233154,0.5681794040754555,39.0982360275498,0.42661284697330304,0.5637696580235532,0.38190103330034647,0.5139466756172701,0.32813305151897904,0.45003961365621603,0.4214908364235625,0.5585237850032969,0.4281601918687129,0.5652746713079411,0.42427395477466245,0.5614156836527486,KASTAMONU,MERKEZ,158953,0.892
54988432B97259494958593,0.7659997972124827,0.8444190732589324,42.666549508584225,0.7583276568737891,0.8375332414400102,0.6980255375845359,0.7696877189115867,0.6265020418321802,0.6824152008792501,0.7520992189069465,0.8312204047116658,0.7603556564265098,0.8394888094140002,0.7557443495825585,0.8349620752377995,DENİZLİ,HONAZ,34468,0.636
54988432B97290216608091,0.953847867842296,1.571768326823682,129.0969717918652,0.9518345330521832,1.5684507161636616,0.8985026253705807,1.4805694028755694,0.7884754496358334,1.2992645682786845,0.9487742567879301,1.5634079357941209,0.9526191971320567,1.56974370028568,0.9506708069366826,1.566533106541512,DENİZLİ,SERİNHİSAR,14661,-0.064
54988432B9750170463020,0.7463743721452422,1.0216065677734467,64.54680482971425,0.7397008753064394,1.0153665505379437,0.6671986998201451,0.9333707997239806,0.5729875026093979,0.8211147467344905,0.7318174544964898,1.0070428789953194,0.7421750647778761,1.0178461591047356,0.7361119182349649,1.011634244892744,ÇANAKKALE,MERKEZ,208613,1.846
54988432B97522403673638,0.23504366607089783,0.2895076926668977,14.552375844083246,0.23278630105328982,0.2874803167813481,0.20948549758451113,0.2631510781682681,0.17798801871010728,0.23021257029785042,0.23026904891071034,0.28496345913352794,0.23359472324301175,0.28825203257568344,0.23163385860850016,0.2863432581113451,ÇANAKKALE,BİGA,94526,0.426
54988432B97580121786260,0.25980143316341686,0.3228266336742201,19.819363143145,0.25622324589239065,0.3198248420254512,0.2292094218912958,0.29211524787238957,0.19825252853261488,0.25806587796008484,0.2536394182034069,0.3174153022532402,0.2571294516517315,0.3206346205218849,0.25521801245208614,0.3189026021555468,TOKAT,MERKEZ,201969,1.015
54988432B97639118870532,0.047119003840878054,0.0776435743323591,5.76293532443849,0.047025189628828304,0.07748898552204989,0.045034275757637146,0.07420832047087052,0.04219235131698952,0.0695253443133198,0.04692399992820732,0.0773222432439583,0.04705850992578194,0.07754389132952479,0.04699641064322439,0.0774415629722122,AĞRI,TAŞLIÇAY,17431,-1.124
54988432B97717565208806,1.0194962814356412,1.5673100150870307,128.23557006449605,1.013601330147598,1.5576639867561428,0.8321512311856809,1.2744261575303746,0.4319190175519264,0.6550524335145931,1.015919927308971,1.5614432000755836,1.0127828131950627,1.5563337617310609,1.0172619846341473,1.56363899130992,ANKARA,ŞEREFLİKOÇHİSAR,32831,0.115
54988432B97750786537608,0.2019814661484223,0.28389901933372963,19.394355322425376,0.19877150251761197,0.28119346601604184,0.17898372748503874,0.2589223395988371,0.15855385665239297,0.23300927104367655,0.19728257120771606,0.27976988272929093,0.1993941634679072,0.2817643487699851,0.19839932591030068,0.2808480738385618,BATMAN,GERCÜŞ,18894,-0.962
54988432B97753800028148,0.14639839946054414,0.24123801617367432,12.511070404851548,0.14623492467065521,0.2409686393625033,0.14266355972628317,0.23508367752284384,0.13741687330166624,0.2264380896665295,0.14601556975727786,0.24060718224045757,0.14629896297813083,0.24107416288128125,0.1461581817440413,0.24084218093508938,GÜMÜŞHANE,ŞİRAN,18377,-0.515
54988432B97910607288533,0.24853190744421894,0.370155157078643,26.228040767464588,0.24741070000174134,0.3687509669910126,0.22539195219865213,0.340542323324826,0.19069356986645192,0.2935070254503296,0.2474507127841387,0.3687896798177036,0.24746700904430993,0.3688233262437122,0.24782744414597088,0.36925854962439225,SAKARYA,HENDEK,93990,0.328
54988432B97960602645981,0.5557825547011974,0.6834589121851554,38.05438381219143,0.548501939534464,0.6759523345047049,0.427623184854452,0.5418642919252271,0.17773283281515273,0.2814831737532451,0.5500563487130684,0.6776370897825333,0.5482346753358663,0.6756610609649527,0.551758344522125,0.679457291332578,İSTANBUL,BAYRAMPAŞA,272978,2.266
54988432B97969826728737,0.20501990204287307,0.2738104592435189,16.037001870231713,0.20354816493028033,0.2724013987625435,0.18768280700218554,0.25437569578497427,0.16687152564193108,0.23002142577915122,0.20250392288881588,0.27129031851804863,0.20391097814777223,0.2727748371329822,0.20322296203420384,0.27206010812735826,ORDU,FATSA,129844,0.363
54988432B98025236452990,4.167087167343159,3.3322075756242273,65.14451756568619,4.1656713967679915,3.3299673279837725,4.138939869666449,3.2862893606904455,4.098218729712472,3.219466367203154,4.164418033733352,3.327937398559961,4.166127791940036,3.3307021998899726,4.1653602483751575,3.3294629918519054,ISPARTA,GÖNEN,7065,-0.034
54988432B98169837554418,7.09210010842513e-05,0.0001168649498195285,0.009316158793936154,7.065041190872895e-05,0.0001164190679236771,6.49305562929996e-05,0.00010699378303925947,5.661967605790829e-05,9.329895940759291e-05,7.04598289526382e-05,0.00011610502177007665,7.072302426305608e-05,0.00011653871991695106,7.063061559723196e-05,0.00011638644719195673,ADANA,FEKE,15586,-0.954
54988432B98216013465603,0.040712992906864746,0.06708762990262007,4.316738824500556,0.04058849580229878,0.06688248124911342,0.03842522877392222,0.0633178094473556,0.03547233345689801,0.058451973407669666,0.04046647443228774,0.06668141215723317,0.04062712379166872,0.06694613317125682,0.04055190871957583,0.06682219237105062,ORDU,ÇATALPINAR,12888,-0.854
54988432B98307515925592,0.024327799981111262,0.04008780305617295,2.7418244623500714,0.02427742969737651,0.040004801962123755,0.023223792000683804,0.03826859809205036,0.02173868730708109,0.03582141484814142,0.024245267552976853,0.03995180458005228,0.024289798596184055,0.04002518366453021,0.024275911325684626,0.04000229996089892,KAHRAMANMARAŞ,ÇAĞLAYANCERİT,22440,-0.84
54988432B98311610120765,0.10677099369855698,0.17593923703840486,14.131351007960966,0.10633723093453482,0.17522447465665542,0.0969692627824793,0.1597877618175298,0.08258500604852552,0.13608511498929704,0.10633755620463094,0.17522501064279325,0.10636514674124324,0.17527047484419198,0.10649878113956462,0.17549068010095983,SAKARYA,KOCAALİ,24966,-0.253
54988432B98497297447828,0.14475365898624856,0.23852778210962935,15.380756620911761,0.14448107705042326,0.238078616506142,0.13874499362947668,0.22862659114128275,0.13061601682814777,0.2152315113842606,0.1441587306259406,0.2375474480490454,0.14458303286500418,0.23824662120112167,0.1443793060737475,0.2379109163905138,BAYBURT,DEMİRÖZÜ,8139,-0.724
54988432B98585505562385,0.4532622696768502,0.529306022082386,28.555811359040092,0.4468931064911821,0.5235411135304897,0.37293830126677446,0.4485724546761522,0.2672817873916586,0.34015858220841566,0.4437791415139734,0.5205296468872215,0.44808207597328237,0.5246728211337184,0.44650900998210846,0.5231729984198251,KONYA,SELÇUKLU,703449,2.562
54988432B98751035289582,0.30354484247508895,0.412049469900187,27.065579497934348,0.3013025917090315,0.4098994729065531,0.27533585350517903,0.38002067321651867,0.2423620728717295,0.34020317671199457,0.29957723666154923,0.4080464793500803,0.30188747582248926,0.41050499667329493,0.3007621036717276,0.4093228752314505,ORDU,ALTINORDU,239714,1.121
54988432B98936853989480,0.5426537829143797,0.5567565667306468,26.418091108454366,0.5262770863069853,0.542661094468336,0.31301280995398845,0.347498264172596,0.0719778299830754,0.11459784203359624,0.5154851940355735,0.5330310258439939,0.5302752719166798,0.546197474296564,0.523941471028952,0.5405856173636552,İZMİR,URLA,82021,1.768
54988432B98947703445317,1.0256260436170275,1.3659419961612944,86.90880188690026,1.008838222331636,1.3516427437486205,0.8511857131081572,1.1844618748754925,0.6428959955342435,0.9345548696634833,0.9977232736430386,1.3412433873270635,1.0129279438162329,1.3553398788776445,1.0053400768708993,1.348423120954855,BALIKESİR,GÖMEÇ,19020,0.062
54988432B99023740963316,8.590195245801262e-05,0.00014155084121668458,0.006908786118273763,8.58160585067032e-05,0.00014140930355990996,8.393396288499176e-05,0.00013830795125207145,8.115920558978817e-05,0.00013373565437092448,8.576074341439056e-05,0.00014131815431795694,8.58372824122043e-05,0.0001414442767076862,8.581347114458943e-05,0.00014140504005630784,GAZİANTEP,ARABAN,32540,-0.736
54988432B99037585062650,0.3830826102810022,0.4732343620640783,30.75795262959859,0.3741906381331001,0.4662823508463953,0.3291543773155825,0.4228721454289022,0.2877331415673834,0.3777184993021463,0.36823076896849194,0.46117049691406425,0.3766507498317214,0.4682979576711345,0.3715893727541871,0.46408819771791443,ARTVİN,YUSUFELİ,17564,-0.29
54988432B9927108056692,0.6757813400108037,0.5566445645374967,13.32083916572077,0.6707511043425827,0.5526732885227255,0.576649930387013,0.4802443486194977,0.4536423828733283,0.38486030304997343,0.6654069956482244,0.5485120190216467,0.6725437589575207,0.554069673433155,0.6691634540036686,0.5514235522112584,KÜTAHYA,DUMLUPINAR,2812,-0.226
54988432B9941685819623,0.00314494411622629,0.005182297636935377,0.40842884149200553,0.0031402416734226573,0.005174548863879806,0.003037618056814567,0.005005443752250663,0.002881842077872044,0.0047487531855089525,0.0031358808692438333,0.0051673630493292546,0.003141737117193538,0.005177013084048307,0.0031392517825320062,0.005172917703187006,SİİRT,ŞİRVAN,18773,-1.277
54988432B99449067758267,0.24987761296908315,0.30136689218689144,16.530714943722277,0.24848002211571657,0.2994743707594051,0.21492731679217358,0.25901910025001873,0.16181233802671385,0.19919105332176928,0.24861061079133706,0.2996569403277147,0.24852059388434566,0.2995265430904163,0.24905998192922355,0.30026800321062996,SAKARYA,KAYNARCA,25440,-0.351
54988432B99760089985669,1.0758773359346439,0.9255099735806352,29.26501603356546,1.0566438657432375,0.9108715339375767,0.8427593684414484,0.7416282354131264,0.5919022769212131,0.5404981165364494,1.055152715195104,0.9097166938303488,1.0582615724625484,0.9121227991710321,1.061146571673499,0.9143495890558084,ESKİŞEHİR,MAHMUDİYE,7407,-0.351
54988432B99817490386194,0.14763252506393848,0.24327163138647048,20.795351397940195,0.1468524649799074,0.2419862338147666,0.13151603753994012,0.2167145823182875,0.11100114903618513,0.18290976598896852,0.14642343914097766,0.24127927702663204,0.14704092632112353,0.24229678393176196,0.14686832403959324,0.24201236666943637,AKSARAY,ORTAKÖY,31089,-0.212
