shapeID,ENERJIK_NOM,ENERJIK_K1,ENERJIK_K1g,ENERJIK_NOM3,ENERJIK_K13,ENERJIK_NOM3p5,ENERJIK_K13p5,ENERJIK_NOM3p8,ENERJIK_K13p8,ENERJIK_NOM3Y25,ENERJIK_K13Y25,ENERJIK_NOM3KIS,ENERJIK_K13KIS,ENERJIK_NOM3Y26,ENERJIK_K13Y26,il_ad,ilce_ad,nufus,sege_skor
54988432B10253984912437,0.11216167898916726,0.13296489578373277,9.023074259652672,0.10528011483028929,0.12721944812359595,0.06629508289525887,0.08535567358690124,0.03005742059989037,0.04242494378813421,0.1020834764211693,0.12421072859159929,0.10657969626747267,0.12839431011294306,0.10444828607768424,0.12645161599815147,MANİSA,DEMİRCİ,35629,-0.192
54988432B10287230279323,0.7235931306344203,0.9055545841518323,48.49768030664624,0.7187077479903523,0.9007570107927289,0.6522779960763672,0.8306291970613562,0.5518691742763152,0.7254253950291871,0.7168707975267741,0.8988398746537782,0.7196496887219417,0.9017301343363368,0.7188411149954412,0.9008953101189757,KAYSERİ,HACILAR,13701,0.963
54988432B10558365680808,0.0932543131291511,0.15358240049011826,8.071651137210212,0.0911653130783835,0.15014568736714268,0.08252763087645315,0.13593467401796852,0.07524867015298127,0.12395700712459912,0.09000521484518527,0.14823714607213617,0.09162189838065635,0.15089683850969243,0.09069204504170307,0.1493670894191941,SİVAS,AKINCILAR,4641,-0.511
54988432B10626729870430,0.3566591802195686,0.42879440646863726,24.927393741405552,0.34121455145573537,0.41451125353503165,0.2146850724512583,0.2757368263655002,0.08897249906916538,0.12574877031554235,0.3330560054009407,0.4062515077834585,0.3444498854029549,0.41770148427615883,0.33938784052575177,0.41268564386433026,İZMİR,SEFERİHİSAR,63712,0.924
54988432B10630286252901,0.2413787739594296,0.3050862989216761,18.50420185671083,0.23762312079976664,0.30197216379161956,0.20538391339939668,0.27060738238939286,0.16745921991857676,0.23061214272556863,0.23755917553425585,0.30192292956487493,0.23784127352477105,0.30216075638485707,0.23854278361777337,0.3027781713666975,TEKİRDAĞ,MURATLI,30410,0.193
54988432B10710239542127,0.00021249268442705594,0.00030078382967338956,0.0208867414073448,0.00020896442879615436,0.0002977992242343791,0.0001869689659435527,0.00027287197012374094,0.00016389803769917806,0.00024334322399053297,0.00020663167369955606,0.000295522112363826,0.00020981464811504428,0.0002985806076775542,0.00020804293901367454,0.00029692062877986357,TOKAT,YEŞİLYURT,8045,-0.729
54988432B10923405291908,0.19632024185582975,0.19335771590040496,8.22020648957991,0.194450646085428,0.19190747880202116,0.17765730680080344,0.17767833403209074,0.15779251576233388,0.16033103855809086,0.19359100669650608,0.19121060905718185,0.19490028482231128,0.1922668042623315,0.1943245818211388,0.19180554562714308,KARS,SARIKAMIŞ,35518,-0.804
54988432B10954011235531,0.5144537435272766,0.6176644750698689,33.05103050650047,0.5085145625426025,0.6114375291803322,0.39749133022848987,0.49108251866001773,0.16264586119240768,0.2536111511817822,0.5097961143510099,0.6128453854639928,0.5082933066705505,0.6111934591340156,0.5111890871249338,0.6143588773708778,İSTANBUL,ZEYTİNBURNU,275471,2.382
54988432B10964336547790,0.40307262430818097,0.3689622991738765,14.175527825026775,0.3946887880487584,0.36204114327543946,0.2415309604602825,0.23548744492766813,0.04497271499025674,0.06936215260919859,0.39788177178190587,0.3646652269696994,0.39358592610088133,0.3611352813646683,0.3997774061722736,0.3662251771431202,ANKARA,AKYURT,46956,0.705
54988432B11094776022203,0.22507663481399917,0.3692127020366513,22.38766638608396,0.22464035562970222,0.36861615159179595,0.21655226969164315,0.35577788672761845,0.20225334322742533,0.3325829243347662,0.22420327421898956,0.3679567045384141,0.22480047229934288,0.3688504385984119,0.22449774956479301,0.3684033283791452,BURDUR,KEMER,2727,-0.549
54988432B11123047057176,0.15305903557811606,0.25221353673522817,18.80427776883426,0.15248429022733298,0.2512664606145953,0.1391481389899091,0.22929090159371066,0.1165899074947487,0.19211902652996957,0.15181588778958607,0.25016505459730354,0.15269898796532427,0.2516202435560812,0.15227453578356248,0.25092082332562715,AYDIN,YENİPAZAR,11596,-0.296
54988432B11153156770264,0.3054539202636379,0.3459572055380381,20.829624523154017,0.3030998050431527,0.3439413121392315,0.27553235459799813,0.3169636992954457,0.23739583527655683,0.27821899669068656,0.3009718819913837,0.34196478626378474,0.3037669973258848,0.34454351687409296,0.30229172483955796,0.3431984884284784,GİRESUN,ESPİYE,39182,-0.178
54988432B11210263033857,0.5131414655747931,0.5777232678089484,24.155508540324387,0.5076301330791184,0.5731874146959296,0.4598130955130877,0.5285492616017812,0.3936588068578351,0.4667329989977816,0.5034754011169759,0.5694615926098872,0.5090464026423054,0.5744156248015456,0.5059560553000709,0.5717042060626736,TRABZON,TONYA,13332,-0.469
54988432B11239792936467,0.5707562409301694,0.9179749799431587,78.94523751370727,0.5695201361589898,0.9161444182223131,0.5487977711735788,0.8828254209722076,0.5072123249939713,0.815022431466156,0.5679378005476462,0.9136606374226209,0.5699579539563487,0.916819630382225,0.5689030288678678,0.9151815869905919,DENİZLİ,BOZKURT,11176,-0.311
54988432B11310133229622,0.08123993309667618,0.13386867866411398,11.269702163831452,0.08060470412182673,0.13282193649839777,0.06579874253426729,0.1084243965383445,0.0425701201498338,0.07014783884975878,0.07998206808209012,0.13179594520629503,0.08080542855829403,0.13315269397272383,0.08045014193563363,0.1325672460420124,MANİSA,SARIGÖL,34786,-0.3
54988432B11333989170250,1.3412591259496551,1.1882514836461626,42.62842772796974,1.3398660847245465,1.1859564721525124,1.3049428506174177,1.1354290901666384,1.1467806385031152,0.9874174199686653,1.3378243921439474,1.1825934261961908,1.3404075073187836,1.186848474345993,1.3390824025165495,1.1846654006226538,DENİZLİ,GÜNEY,9043,-0.457
54988432B11359051677875,0.06267200151747371,0.10327209430854158,8.182405010136401,0.06239378616922363,0.10281364586287396,0.058774986921649196,0.09685052089270701,0.053748951127231034,0.08856852526481025,0.062277399388310194,0.10262186155211747,0.06244745957295716,0.10290208989973283,0.06239803600439259,0.10282064882061807,AKSARAY,GÜZELYURT,10419,-0.755
54988432B11506112394599,0.04624836652449402,0.07620892190593102,5.549294628104625,0.04616735915372526,0.07607543644781325,0.04443472690566929,0.07322037267785582,0.04194276080553272,0.06911406440820145,0.04611881455773176,0.0759954437561132,0.04618943927742946,0.07611182048793186,0.04616706012752915,0.07607494370686388,HAKKARİ,ŞEMDİNLİ,43034,-0.633
54988432B11733036150032,0.22466549922140747,0.3702076385767979,32.031452387850784,0.22419323306013889,0.3694294559431183,0.21162732745867913,0.3487232275231009,0.18683182683282484,0.30786481770659757,0.22403917155563366,0.3691755944354235,0.2242834693325841,0.36957814631612185,0.22427447489614077,0.36956332528830105,KIRŞEHİR,BOZTEPE,5049,-0.584
54988432B11866351639272,0.19100867819645526,0.27461467920411814,17.750320439863803,0.19019296718919565,0.27358605655401996,0.17399001285358162,0.25291670873097305,0.15218812008396365,0.2248128533846376,0.1890204984651887,0.272101426215635,0.1905190077962522,0.27399850734265485,0.18975016250636123,0.27302545074458107,TRABZON,OF,43591,-0.06
54988432B11894887373653,0.10336637538454731,0.1703290434097402,12.710792362853956,0.10299506344411984,0.16971718866118835,0.09569866882255011,0.15769405336590037,0.08563498377323599,0.14111092523308552,0.10272535571284708,0.16927275922562968,0.10309024121419796,0.16987402436787702,0.10295921869933204,0.16965812302143607,OSMANİYE,HASANBEYLİ,4914,-0.58
54988432B11965473551698,0.07043844186646644,0.11415610647133598,9.490697995554234,0.06984327635337835,0.11320346269855691,0.05883019157231629,0.0953499722976068,0.04452575778872026,0.07224885019102054,0.06983013858489164,0.11318762057000474,0.06988539906928591,0.11326944257129301,0.07004958179350117,0.1135410386876757,BOLU,GÖYNÜK,14257,-0.441
54988432B12089273300588,0.32277952367648394,0.4255623364963037,20.0659843381342,0.3145848695099688,0.418376567235551,0.23661853892712426,0.339037772374028,0.14986762874652448,0.24553230061516645,0.31695183228432605,0.42057008469578044,0.31381424376739303,0.417652943488218,0.3185130285539694,0.42198507541374397,ANKARA,NALLIHAN,26083,-0.102
54988432B12282198097688,2.9379105138956327,3.1526913575889717,156.32336145716567,2.862541334749989,3.091711708934795,1.9039446184826763,2.2034047395413467,0.5247797734997719,0.8350909337817183,2.818494823510518,3.0540905725301397,2.879268537387933,3.1057360865433066,2.8529080201742087,3.083562075324805,İZMİR,ÇEŞME,51902,1.998
54988432B12649673902080,0.06978265640711626,0.10728440953321378,8.776115115742922,0.06964773717428198,0.107081321347413,0.06615155914865738,0.10194464886304361,0.05997666663074283,0.09286149037024315,0.06945237395267882,0.10679045612472152,0.06969995320113308,0.1071595583196357,0.06957773613066229,0.10697682829482993,GİRESUN,GÜCE,8194,-0.805
54988432B12652451571712,0.13915200583796122,0.22929727345813242,18.755608284507414,0.13788769668486564,0.22721392122855294,0.10484975545325981,0.17277338478455284,0.050951300931089724,0.08395850503404323,0.13672976964788097,0.22530586743626177,0.13827661396083563,0.22785478637773746,0.13764507543866691,0.22681412540885657,İZMİR,KINIK,28604,-0.297
54988432B12770771460380,0.6522202769811611,0.7905072292423863,49.07724317226181,0.6484199841280144,0.7874073634127061,0.5715010917245846,0.7189048334673942,0.45400062815395903,0.5985350319444809,0.6486662411640585,0.7876060062213781,0.6485927920786804,0.7875494066984849,0.6499787775448911,0.7886813329348521,SAKARYA,PAMUKOVA,31536,-0.024
54988432B12859589940172,0.07316431650448357,0.12056152685604521,8.812472167023637,0.07297272038690429,0.12024581119602629,0.06897122071420388,0.11365206531957617,0.06334719036377591,0.10438468309656608,0.07276971671471484,0.11991129795451946,0.07303789571921758,0.12035320832556223,0.07291593123495939,0.12015223297108765,VAN,MURADİYE,41402,-1.112
54988432B12971115509737,0.28678981217164357,0.34713085154723017,16.259838269437704,0.2852333547382788,0.3455386435153251,0.2552048907921833,0.3146702625149069,0.21573657763380968,0.27380531411116504,0.2835138123998431,0.34375140594959713,0.2857984749178064,0.34611901198765804,0.28471187423392363,0.3449871260990939,KÜTAHYA,ALTINTAŞ,14739,-0.516
54988432B13012659541885,0.3063568258252664,0.5048204978721043,37.383999606331194,0.30582148555467803,0.5039383541783858,0.2943767530410358,0.48507951024701157,0.27792248981524176,0.4579658680704808,0.3054815590498494,0.503378216936641,0.305971435583111,0.5041854446350962,0.30580744370950197,0.5039152157637161,TUNCELİ,NAZIMİYE,3095,-0.744
54988432B13089930907673,0.17013417393204722,0.25164631486997396,16.435619108541143,0.1679720211919575,0.24972861072595007,0.15294400572138228,0.2315456922820414,0.1365881964418436,0.2095296788945435,0.16646476721586118,0.2481559295084645,0.16850896241006696,0.2502531247509212,0.16738197665779983,0.24912832831569975,TOKAT,NİKSAR,63594,-0.169
54988432B13153830049799,2.0093101013220354,1.7081461824419937,50.50884442307153,2.004265486478541,1.7040145425466575,1.9738489574027205,1.6706178943639205,1.933926295735834,1.6198745513984083,2.003067223633483,1.702961636012511,2.004858834371927,1.704528062488633,2.0044838032179846,1.704219951198574,DÜZCE,GÜMÜŞOVA,17344,-0.134
54988432B13184104417142,0.04487971915387755,0.07395363921332332,6.422286791542662,0.04483763041657982,0.07388428460612564,0.04313779538854225,0.07108326470770232,0.0378975710996148,0.06244832527923775,0.044777220881169165,0.07378474064571255,0.04485468407080009,0.07391238593597464,0.0448175722294493,0.07385123235084662,EDİRNE,MERİÇ,12329,-0.806
54988432B13336850419353,0.09176641184891304,0.15121440690186252,12.549878081741145,0.091282005782728,0.1504161935412003,0.08169984162172714,0.13462652451907883,0.06888401363822118,0.11350836387144636,0.09098031933160974,0.14991906897397536,0.09140350252898545,0.15061639814826366,0.0912701530429895,0.15039666237534552,ŞANLIURFA,HİLVAN,41969,-0.84
54988432B13359639505311,0.13591881188552882,0.18162468028599277,10.374027930374947,0.1340799134050454,0.18011920824166758,0.12329924235946281,0.16916186861438726,0.11241769611638627,0.15687847195645682,0.13343774452606705,0.1795457541095399,0.13439484834732615,0.1803930196955231,0.13401573244936732,0.18006277231396026,BİNGÖL,MERKEZ,175438,0.214
54988432B13394167497593,0.053712826732389696,0.08850899881247803,6.583744428001215,0.05353918649288544,0.08822287118362225,0.05025966910057317,0.08281882118960787,0.04567604090877306,0.07526583306991468,0.05340387857005479,0.08799990826192007,0.0535897235200407,0.08830614704059317,0.053514055049547433,0.08818145912203701,MARDİN,ÖMERLİ,14112,-0.858
54988432B13587691087198,0.17777432800275556,0.22339134540248531,11.436171726756678,0.16919567043093922,0.2162338024697583,0.11233179185613829,0.1582292208944003,0.05792825034792438,0.0954552525563061,0.16517160662847793,0.21255180416435565,0.17084957210490936,0.21770340419025547,0.16827869364855894,0.2154069901384165,İZMİR,FOÇA,37711,0.844
54988432B13628237636764,0.6555900694284524,0.7483885115009903,42.67741543219783,0.6539504607734328,0.7469055345692441,0.6122360293549276,0.7079461611374995,0.536747812674736,0.634836047439115,0.6514271273701558,0.7446077693257322,0.6545964511136705,0.7474909505334895,0.6529913209684799,0.746033203860518,AMASYA,GÜMÜŞHACIKÖY,22319,-0.269
54988432B13760722847594,0.003937266778262512,0.0064879017136423535,0.5093822224797678,0.003924287284311182,0.00646651386115698,0.0036579022899477275,0.006027559693519413,0.0032895063448857417,0.005420509976578134,0.003906617212737287,0.006437396787282943,0.0039292790560509884,0.00647473939583591,0.003917929664428054,0.006456037656404443,YOZGAT,KADIŞEHRİ,9854,-0.847
54988432B13849312279861,0.27605082923884916,0.40271702968456563,28.385010614245513,0.27281067626482025,0.3994444498212404,0.23346590722088062,0.3499388403979927,0.17991862014536864,0.27751946798758054,0.27115319042283065,0.3975709203869836,0.27343758408303204,0.4001340224929642,0.27260728839005977,0.3992181100655253,KONYA,ILGIN,53167,-0.121
54988432B13977847971239,0.1603531704924904,0.21292568827127822,14.974049783831374,0.15951367257602786,0.21190614894322174,0.143015952726308,0.19174430879839063,0.12098341556413812,0.16462821567568728,0.15870699979288094,0.21092599118196426,0.15977228753530584,0.212220166414983,0.15931121993642802,0.211660299573342,MALATYA,DOĞANŞEHİR,36037,-0.59
54988432B14215635599319,0.06676264232620449,0.054578305911415104,1.6175514449711805,0.06617582611985005,0.054148043826389824,0.055018864491922614,0.04580179345055181,0.040448470714187855,0.03457789863810726,0.0659982773778471,0.054019755931062965,0.06628338742950071,0.05422606945943894,0.06627909390345597,0.05422518326876519,KIRŞEHİR,KAMAN,33354,-0.126
54988432B14217813536294,0.054121769632934844,0.08918286255975492,3.26396627138566,0.054080332975135884,0.0891145824613309,0.05316182070397759,0.08760104079050736,0.051791906999928604,0.08534367141002462,0.054052555845643835,0.0890688107887009,0.05409130671956248,0.08913266520229818,0.05407843181003031,0.08911144968597143,MALATYA,KALE,7462,-0.717
54988432B14260044534811,0.20190230437839762,0.31769654825613663,22.942705057587187,0.20114808204406648,0.3166391223429933,0.1895336086940461,0.29852449349247223,0.17340850541457825,0.2734692186559581,0.20025540654233448,0.31528163622519917,0.20141729449868925,0.317037940004552,0.20080020635595527,0.316114483651168,RİZE,GÜNEYSU,15013,-0.195
54988432B14282860472632,4.355978166584309e-05,7.177862157474244e-05,0.005227173799901172,4.3479520998392745e-05,7.164636654829515e-05,4.176757872266824e-05,6.882539610106747e-05,3.931201633419241e-05,6.477907454721572e-05,4.338132479229893e-05,7.148455700637978e-05,4.3509289100041235e-05,7.169541898201981e-05,4.344760357627257e-05,7.159377242416523e-05,ERZURUM,KARAÇOBAN,19922,-1.172
54988432B14340726912856,0.5140768277299643,0.4702820155248309,17.357396992373086,0.5105358950620565,0.46736860075275627,0.4422715440570228,0.41079225777346706,0.35300671217824103,0.3363081143478901,0.5067198555977764,0.46422325816564797,0.5118142347115153,0.4684211802024401,0.5094138320491092,0.46644419338939447,KÜTAHYA,PAZARLAR,4713,-0.592
54988432B14406336237626,0.09396676516490916,0.12354697303940343,7.93628899872999,0.09316843261172998,0.12262039383171171,0.07970931224296642,0.10751464844670625,0.06150170589073719,0.08631409489590021,0.09229185987285499,0.12166164267419378,0.09344961688522854,0.12293274639625774,0.09287161189118345,0.12230011545351274,EDİRNE,UZUNKÖPRÜ,59085,0.1
54988432B1446118549854,0.15313099656585819,0.252332115394481,19.45509306204202,0.15199677451365615,0.25046312311873287,0.13405559426188918,0.2208993113031739,0.11093514801456295,0.18280100827317208,0.15132342895543838,0.2493535717352316,0.15224142771859409,0.2508662672379804,0.15193116080106858,0.2503550036179955,ÇANKIRI,ELDİVAN,6198,-0.573
54988432B14467270081386,0.05935701095488431,0.08413351612379337,6.718084301536536,0.05791020022598226,0.08277901144801272,0.047329543031847,0.06946231519437439,0.036013779373098354,0.05390471972440822,0.0572332347514645,0.08204202078112738,0.058165532432522676,0.08304508809316295,0.057770597326723246,0.08263057873619337,KAHRAMANMARAŞ,PAZARCIK,66777,-0.388
54988432B14556173736384,0.3974126552226786,0.44760267193497305,23.326531363297434,0.3862630426738339,0.4389599877857578,0.3235862785066904,0.3821299254893324,0.26282571059487825,0.3221817700897963,0.37880755435964686,0.43275317692337284,0.3889961257348496,0.44116298058726394,0.38316138616917766,0.43640984391714976,TRABZON,MAÇKA,24931,-0.15
54988432B14645765693693,0.4989457306873258,0.692151765795397,50.21810766900753,0.4967531025627499,0.6901044140745326,0.42459734634812646,0.6136076377646684,0.2620586521506271,0.40947264393576244,0.49703509921578404,0.6903700789566507,0.49678534533626956,0.6901335358177845,0.4977318742320016,0.6910203370124077,KOCAELİ,KARAMÜRSEL,59488,0.328
54988432B1484249621136,0.3304973033866983,0.4171366169503714,24.62685471851233,0.32590967055506276,0.4127587577530004,0.2735794829021253,0.35542652554773313,0.20155159249670535,0.27462564958269486,0.3236786398126997,0.4104524150395071,0.32676245371493623,0.413624009979414,0.32563510461199113,0.4124784076365533,KONYA,KARATAY,395499,1.481
54988432B14970064024432,0.0,0.0,0.0,0.0,0.0,0.0,0.0,0.0,0.0,0.0,0.0,0.0,0.0,0.0,0.0,ARDAHAN,POSOF,5976,-0.492
54988432B150490693817,0.010256051606693439,0.016900113337921827,1.5305754589357297,0.010192199876822159,0.01679489726520406,0.008947840919519454,0.014744419340760975,0.0073026328219358266,0.012033414718330634,0.010152607050392792,0.016729655466538748,0.010208167244215059,0.016821208591335856,0.010190642950115911,0.016792331732306664,ŞANLIURFA,AKÇAKALE,131351,-1.258
54988432B15058920594435,0.16167705753764453,0.2052649182157879,12.565408847624589,0.15776182867738242,0.20191645416358348,0.12924949269587652,0.17129251784573163,0.09897893327855514,0.13624064248352818,0.15792362990936534,0.20206751302551854,0.15787298015698858,0.20202032683120327,0.15884147895310438,0.20290979908802373,SAKARYA,KARASU,75887,0.159
54988432B15496700745430,0.8341508162351161,1.3013842734036491,105.0421765343592,0.8320434115430398,1.2988207362168502,0.7757849886785632,1.222648245003574,0.6561114025001863,1.046022395443451,0.8293176209781606,1.2954643640914223,0.8328574871886265,1.2998092643959167,0.8311152501885832,1.2976859153399405,EDİRNE,İPSALA,25278,-0.408
54988432B15523271257274,0.017149045068696404,0.028258516670192257,1.9356799634879807,0.01709987059675045,0.02817748605713677,0.01634154006839191,0.026927894853003058,0.01526775342327552,0.025158489169497096,0.017063765564281207,0.028117991510482835,0.017112957986783976,0.02819905170280101,0.01709159232667915,0.028163844969141896,DİYARBAKIR,SİLVAN,86752,-0.824
54988432B15558909248688,0.7026251677798169,0.9833618828110807,75.44385300650505,0.6989703359747035,0.9785052744578461,0.5690202757619286,0.8228215368282146,0.28886724534851266,0.4757978407998451,0.6955692462125406,0.9740601428994267,0.7000929616491949,0.9799858189176347,0.6982569577735346,0.9775614890000724,İZMİR,KEMALPAŞA,122840,0.983
54988432B15641118678695,0.15866852198105758,0.23387327779049222,16.216562435389104,0.15787955079793015,0.23292982361792228,0.14468490192320171,0.2155989041943372,0.12639431899548847,0.19083325266397255,0.15690034581504764,0.23168898190766377,0.15816233343181452,0.2332814009355775,0.15750572406705626,0.23245921126527097,TRABZON,SÜRMENE,25281,0.056
54988432B15644410313065,0.373835849414805,0.5089428834000532,32.70061228022887,0.370513879210477,0.5056243234366017,0.33054665207173006,0.45894846436837805,0.2753860655534962,0.3921857769340375,0.3677558638264313,0.5025850966526543,0.3714163970229161,0.506588151464911,0.369574285940705,0.5046014981726101,SAMSUN,İLKADIM,330290,1.343
54988432B15919915720396,0.14859508858592307,0.24472549111950614,16.013102861888427,0.14810303556972562,0.24392323401114888,0.13935013628940662,0.22953427130067686,0.12740292921864946,0.2098731115298687,0.1474757926121668,0.24289463356018764,0.14828149362526655,0.2442153500338972,0.147868104533084,0.24353823752964643,GİRESUN,EYNESİL,12548,-0.35
54988432B16159073535028,0.2669029478780574,0.2698036983589373,13.951995374525215,0.2642592490825273,0.26777619625052046,0.2144267600377282,0.2275185689171393,0.14629041237929394,0.16685294364047842,0.25699437787846263,0.26214017803860207,0.26583986160347267,0.2689901377571052,0.26055684838557763,0.2649149344969467,MUĞLA,KAVAKLIDERE,10854,-0.34
54988432B1626041363194,0.0784330705583538,0.0965222641149679,4.973434513072532,0.07627383707936271,0.09485222930254844,0.06594232294751964,0.08537972913204013,0.05679317104552238,0.07596755708952532,0.07520511710277246,0.09396857618044771,0.07670037806756387,0.09519533742650665,0.07591956337901623,0.0945627321360439,ORDU,KUMRU,27638,-0.606
54988432B16266988631438,0.27409263725530236,0.4027998386283191,30.815752236349443,0.27164856785866753,0.4001721286007597,0.24110594125152146,0.36042178221292775,0.19715516298903238,0.3009100692194332,0.26961823517162437,0.39769835570378687,0.2723493732221567,0.4009936037288098,0.27097720279546805,0.39936617974369504,UŞAK,MERKEZ,265371,1.204
54988432B16312548829707,0.1283144015520027,0.1076193514835282,2.516420316745834,0.12661561123820836,0.10634549630475855,0.09620594418123789,0.08341718304756289,0.058796822009472005,0.05506016912772062,0.12542410922648567,0.10545100058237616,0.12704005007176672,0.10666396698327575,0.1264741164052854,0.10623930652439458,KONYA,ÇELTİK,9482,-0.544
54988432B16358110737710,0.39648825358969614,0.5561751530746291,36.242285029975626,0.38824208704603835,0.5496943227579566,0.3426412109430575,0.5029817752021767,0.2915967570821459,0.44019184168878484,0.3837302879012586,0.5457904061687371,0.39033481209359877,0.5514259415760631,0.38662846562577724,0.5483228924907426,BURDUR,TEFENNİ,9514,-0.325
54988432B16406650788150,1.8905926828783486,1.5253283158753475,41.25865308624638,1.8878361596954605,1.5226316871021004,1.8226078640687113,1.4618363276285224,1.6337814082466546,1.3034430514919992,1.88801372762097,1.5228030066149056,1.8879583052812132,1.5227493959849938,1.888945420393003,1.5237026858666163,SAKARYA,SÖĞÜTLÜ,15288,-0.077
54988432B17114220369178,0.6529293471069442,1.025585733902649,85.12101714766555,0.6419715893073942,1.0113918652469562,0.33405090466119386,0.5408892987446796,0.03245166115563084,0.0534744531878202,0.637978841972157,1.0058313291230938,0.6438716783478393,1.0140003049288533,0.6434209315155793,1.0133841297500306,BOLU,DÖRTDİVAN,6214,-0.784
54988432B17229261486281,1.0004810370944204e-06,1.6486113338492167e-06,0.00013006253482227465,9.992813513527421e-07,1.6466344692836153e-06,9.634993011928566e-07,1.5876721389097504e-06,8.888067881626143e-07,1.4645924212841616e-06,9.983347677604681e-07,1.6450746711657113e-06,9.996303410394277e-07,1.6472095410056513e-06,9.99151566453234e-07,1.6464206073028697e-06,DİYARBAKIR,HANİ,32285,-1.267
54988432B17351022548299,0.2715539216340405,0.3374825917073867,21.06573382338462,0.2618498614385435,0.32985137361361405,0.21297679603723396,0.2827554878953842,0.16610924185910883,0.23060583286467362,0.2617043962595049,0.3297388502678989,0.2623236512370418,0.33024124439048935,0.26387671335893687,0.33152893642860476,TEKİRDAĞ,MARMARAEREĞLİSİ,33623,0.287
54988432B17518540104638,0.715001502613082,0.7604292496261118,39.867152924295986,0.7036252000884259,0.7503581647264878,0.5419692605662673,0.5985701019776603,0.3423150751386233,0.40417031088610184,0.6915565165573422,0.7393810732791046,0.7073945591794305,0.7537523710779459,0.6992734299656471,0.7464158015895301,AFYONKARAHİSAR,ÇAY,29140,-0.328
54988432B17530851783527,0.0003782936092699641,0.0006233592728318069,0.046101144314052635,0.0003775186009502983,0.0006220821996517505,0.00036264793865088755,0.0005975780446506206,0.00034162566862226874,0.0005629371555708319,0.00037689246045990684,0.0006210504336604237,0.00037777590453721554,0.0006225061893066307,0.0003773933473087301,0.0006218758043624455,KARS,KAĞIZMAN,42717,-0.784
54988432B17532401262571,0.4249272572458258,0.4406443955628511,22.583783538863873,0.42081035982785214,0.43736233983699824,0.3750084717256312,0.39741720270853415,0.30018504779617633,0.33019606194777446,0.4178089027444709,0.43482536012294,0.42182982008509656,0.43820698842295136,0.41977453385288377,0.4364935645586527,SAMSUN,KAVAK,25370,-0.331
54988432B1769560269502,0.04186367388394224,0.06898374350209817,5.667930749250769,0.041842728815522895,0.06894922982727164,0.04066673308530389,0.06701140210489134,0.037456579169846606,0.06172165054318949,0.04180258132300782,0.06888307403947358,0.041851489785229505,0.0689636663167385,0.04182832180695986,0.06892548968955464,AMASYA,HAMAMÖZÜ,3628,-0.665
54988432B17723605206621,0.686221540637215,0.8502417427416039,47.66057719320299,0.6770566104254343,0.8422315681069983,0.5882073560681328,0.7513280376082462,0.46889129784475164,0.6235172732719063,0.6702400527418924,0.8357296932683995,0.6799745805312519,0.8449217333356924,0.6746585621082185,0.8399723081269713,ANTALYA,MURATPAŞA,510887,3.173
54988432B17733923685340,0.29070423172876897,0.47902786105554834,38.73607037417216,0.2897504650427578,0.4774562265016618,0.27147263242465913,0.4473376726309078,0.2462846278749995,0.40583240842499013,0.28891160781632874,0.47607394190085756,0.2900405709964415,0.4779342685089836,0.2895563528545935,0.47713636481355304,BATMAN,HASANKEYF,7152,-0.697
54988432B17876819529278,0.16069370651134288,0.26479409005314064,19.239764584373184,0.16025482433819116,0.2640708918134383,0.15204206626690392,0.25053775571541953,0.1399887668733751,0.230676103916242,0.15992153708045712,0.2635216948470234,0.16037983927820107,0.26427689376585856,0.16019281005936967,0.26396870352686924,MARDİN,YEŞİLLİ,21166,-0.936
54988432B18155993888482,0.0004158550010275217,0.0006852536355140813,0.052573541842749795,0.0004131334916163179,0.0006807690814904307,0.0003704233239904107,0.0006103904697946396,0.0003152265756632771,0.000519436237270643,0.00041167316392327024,0.0006783627262506713,0.0004137379162360481,0.0006817650636646043,0.00041307447822755736,0.0006806718381265364,ŞANLIURFA,CEYLANPINAR,93105,-0.835
54988432B18249389019037,0.003752269218859032,0.0061755062285423126,0.4294428137409576,0.003726340897003247,0.0061330856797955835,0.0032615130786312714,0.005369664260470274,0.0025247849176617955,0.004158692470500589,0.0037259416689567706,0.006132431198945468,0.0037280345746184577,0.006135862040732017,0.003734605498341254,0.0061466305489300006,BURSA,KELES,10939,-0.392
54988432B18439797691554,0.0,0.0,0.0,0.0,0.0,0.0,0.0,0.0,0.0,0.0,0.0,0.0,0.0,0.0,0.0,ELAZIĞ,AĞIN,2532,-0.622
54988432B18592908532301,0.03638147670348077,0.03981701767474854,2.234246898536644,0.03609829080522916,0.03952968898417625,0.030702455442356665,0.03402194117785731,0.023718237040097453,0.02685488791527635,0.03591595696758846,0.039339802788234984,0.03616929417950931,0.03960197053951889,0.03608671240943421,0.03951496602352473,ŞANLIURFA,BİRECİK,91837,-0.66
54988432B18647546937138,0.18551209875820945,0.28531279385116337,23.2399761777219,0.18060516702671495,0.2797480636073767,0.13081565471269468,0.20778999813899826,0.0736039465660501,0.1210812003763222,0.18202133029012138,0.2815219575778476,0.18014624556506562,0.2791610586264775,0.18296994031250932,0.2826715092780547,ANKARA,ELMADAĞ,45644,0.462
54988432B18669123151161,0.275671750090419,0.3090052034632661,16.333107028876135,0.2740323676992152,0.307461911152288,0.24230798888375177,0.27704156190398227,0.19995846855909843,0.2355658314809293,0.27171571405672523,0.30527123200929934,0.2746780127777531,0.3080708064782902,0.27315760009638074,0.3066356859798866,TRABZON,KÖPRÜBAŞI,4271,-0.482
54988432B18726314643148,0.13898928844091632,0.188879326244516,12.581881501818463,0.13758754303359105,0.18757728158108058,0.12595661065626512,0.17334900372450662,0.11087644240060378,0.1544023270257207,0.13655054713324372,0.18643919770122683,0.13794630647683662,0.18794657562258846,0.137185829560004,0.18714671550404186,TOKAT,ZİLE,52729,-0.186
54988432B18782972179490,0.004282013445196242,0.00705186045972524,0.53950061360801,0.004187794919262759,0.006896717729276785,0.0025963572806419815,0.004276154047267239,0.0007332844702513069,0.0012082578400764586,0.004169072981566295,0.006865824741504405,0.004198118061529497,0.006913743040300731,0.004209952345932748,0.006933161049912912,BOLU,KIBRISCIK,3783,-0.655
54988432B18897698290342,0.09414383829584841,0.15513197459229405,12.577584765051238,0.09373768246264981,0.1544627034266308,0.08557969710270387,0.1410198228250731,0.07451824394898805,0.12279255377955593,0.09337192783290718,0.1538600061183912,0.09388345310627803,0.1547029070150225,0.09365661770128288,0.15432912339921373,ERZURUM,KÖPRÜKÖY,12903,-1.189
54988432B19023122389933,0.23468185099615313,0.32048377647957177,19.50078704563921,0.23233719582579435,0.31827188110429555,0.20926414486293865,0.2919085954472322,0.18053471990617478,0.25730284797185166,0.23126805799155828,0.3171506089967854,0.23278335143258305,0.3187269031539794,0.23221087480020317,0.3181383248277959,ADANA,SEYHAN,782204,2.043
54988432B19168401993834,0.5080697269456029,0.7529525661634825,56.99426607161161,0.5022995809134603,0.7475201964733155,0.4475153416479476,0.6820235807435177,0.36711400769896774,0.5733447735101368,0.49834972862216176,0.7433939087108684,0.5038130411423039,0.7490383490739296,0.500988040376901,0.7461835224199267,AYDIN,GERMENCİK,44697,-0.282
54988432B19253807136892,0.6988238523946038,0.841544568912622,48.96798817918818,0.6840223850844782,0.8286511672085978,0.5201976429450916,0.6635468159412499,0.28382471726143105,0.40991330310926727,0.685270317866577,0.8297996557349541,0.6842032949972486,0.8288225864922456,0.6888654944047283,0.8330892488041869,KOCAELİ,KARTEPE,154377,0.837
54988432B19331703481644,0.41107837641838424,0.5738355407179853,43.16125501800844,0.40743665638066356,0.5693318629348699,0.35969558226589077,0.49738085301997825,0.2868699902517928,0.3881246198626104,0.40547904039422505,0.5665871690005815,0.4081700939296771,0.5703326615321601,0.40719766124128787,0.5690018411150214,KONYA,BEYŞEHİR,80353,0.369
54988432B1936830285057,0.4846093450200531,0.6363009091700592,39.125270303787495,0.4796544041283935,0.6305931583755188,0.3874899656193131,0.5176686027740411,0.1665157494716031,0.2731953971059982,0.480774813716481,0.6319192601084623,0.4794652258691991,0.630370871157266,0.4820033113061206,0.6333737582300598,İSTANBUL,SULTANBEYLİ,378908,0.684
54988432B19409093219384,0.9273335169202715,0.9087034559116285,33.448788921696874,0.9104829967919117,0.8956349976929805,0.7460774682275773,0.7592502458045322,0.5421071697443414,0.5861891433369975,0.8976892865715987,0.8853461518122534,0.9159276823722295,0.8999511378083219,0.9059896732187875,0.8920404320440085,ANTALYA,MANAVGAT,266480,1.538
54988432B19462176511596,0.3739188137011281,0.49601238252855634,31.746622965483137,0.3698756594997453,0.4922877332401243,0.3324282780304414,0.4517258861732434,0.28611810905800483,0.3983261870146737,0.36721306304189216,0.4896192327044208,0.3709053103996378,0.493289543813789,0.3690471732597788,0.4914679074129359,KÜTAHYA,MERKEZ,277000,1.23
54988432B19525680012961,4.2375650045529317e-07,6.98273873807511e-07,5.0850780054635166e-05,4.220094161345152e-07,6.953949956422741e-07,3.866645367199128e-07,6.37153043385314e-07,3.384475213150212e-07,5.577001450957637e-07,4.1924572752030673e-07,6.90840937940345e-07,4.2270488588916387e-07,6.96541003689756e-07,4.2090518894426475e-07,6.935754294601123e-07,ÇANKIRI,KIZILIRMAK,6830,-0.715
54988432B19751816948051,0.001937805817447398,0.0031931526085898507,0.256935843167763,0.0019310572796177687,0.0031820322419458735,0.001793117410612992,0.002954732350194412,0.0016030752689482862,0.0026415773607032463,0.001925327286671941,0.003172590252579635,0.001933086513418881,0.0031853760512930832,0.0019299419714513867,0.0031801944163243373,YOZGAT,ÇEKEREK,18426,-0.619
54988432B19771634656837,0.0017843343963233045,0.0029402595352519207,0.2341297588519412,0.0017766183214893844,0.0029275448430664775,0.0016179810159052052,0.002666139328858117,0.001383693306850669,0.0022800756672712733,0.0017710384445585178,0.002918350217672651,0.0017785746566048998,0.0029307685285984014,0.0017759213865007615,0.002926396420579094,GAZİANTEP,YAVUZELİ,23436,-1.049
54988432B19879435718056,0.020303245365139895,0.03345606681372039,2.7844867314516573,0.02022168370093718,0.03332166798053242,0.018585374124561498,0.030625326507501216,0.016377676879810076,0.026987441765602402,0.020130320613999976,0.03317111817995093,0.020251893729014182,0.03337144862887763,0.020193994769325832,0.033276041642017085,KARABÜK,YENİCE,18984,-0.448
54988432B199390104970,0.5731056932538313,0.7584036615247448,49.757643684236236,0.5677546129281515,0.7531139883446779,0.5024326305915945,0.6778471611734898,0.4029184003649938,0.5582464263626109,0.5680169902677594,0.7533955941297116,0.5679256689231333,0.7532922875745736,0.5694148181806143,0.7548519356409618,SAKARYA,SERDİVAN,168855,1.527
54988432B19989775131060,0.13961135643903816,0.17695536679754018,12.292888571756718,0.1385211524119679,0.17597018742136883,0.11846091283201685,0.15697998974001345,0.08734118683116644,0.12283849287774515,0.1371878084756616,0.17478155184481378,0.13892005944144245,0.17632575366213618,0.13804881596685167,0.17554935396785934,AFYONKARAHİSAR,ŞUHUT,35303,-0.488
54988432B20130561704636,0.6207289994016786,0.5856558403833967,22.63476183709939,0.610940701121799,0.5768195582848828,0.4459337247060894,0.4290814423863469,0.06913613263744434,0.11392321723931614,0.6040868817276163,0.570604066109732,0.6134361271690191,0.5790795150140063,0.6094689252780877,0.5754849259189341,İZMİR,MENDERES,112853,0.903
54988432B20226026057781,0.06818052359770344,0.11088843649867366,9.629666767149715,0.067863471419644,0.11040408414994717,0.06208754939347179,0.10109829805209873,0.05431614968683891,0.08849594426379488,0.06745975356071583,0.10976227430965398,0.06797819241275994,0.1105840431080165,0.06771574280735568,0.11016977258475487,GÜMÜŞHANE,KÜRTÜN,11327,-0.705
54988432B20261833520035,0.22957398704697607,0.37829630244843826,29.802190549836848,0.2292277112861337,0.3777257027840809,0.21878133164754082,0.360511963361401,0.1975017283434555,0.3254470357053864,0.2287883893952731,0.3770017799693275,0.2293533933795494,0.37793280408434027,0.2290909540328597,0.37750035162861234,SİVAS,GEMEREK,21342,-0.478
54988432B20396107752960,0.549393385331787,0.5931215130144022,29.609587243562945,0.5313809720661504,0.5780352292248921,0.337246093595748,0.3969332793396582,0.10146773300386298,0.15891281549120065,0.5209767962281128,0.5688469447724164,0.5353829575804744,0.5815147137647098,0.5290878264529383,0.5760256754115325,İZMİR,NARLIDERE,61320,1.632
54988432B20434166663535,1.0188326303569362,1.1268481340168026,53.22719406352818,1.010031892518521,1.1191074482962944,0.9043819800845707,1.0177557706587006,0.7433438581533494,0.8652902147055983,1.0069376179404572,1.116207665181537,1.0116455072757324,1.1206009384913291,1.0102590655214139,1.1193186420986274,KAYSERİ,TALAS,173657,0.631
54988432B20444305553089,0.14613164882321386,0.2135767499887183,15.378489871760172,0.14473371253582756,0.2120975237980958,0.1285558693970669,0.19096500691684118,0.10796645286241595,0.16279038903122217,0.14411633500051854,0.21136165879031002,0.14499971502315367,0.21240645822689355,0.14470845184066858,0.2120678865763559,ŞANLIURFA,KARAKÖPRÜ,312031,0.446
54988432B20591788095048,1.4095614543861126,1.3564391942944032,50.39987169941235,1.3902792474515162,1.3410384577043417,1.1786154667474484,1.167059553140024,0.9224002711667263,0.95009493165857,1.3669406556608166,1.3223399871441572,1.3975555701570872,1.346852502869585,1.3797057151664518,1.3326127646955537,ÇANAKKALE,AYVACIK,35411,0.133
54988432B20612067222805,0.11741930490212142,0.19341041718338262,13.99875998197014,0.11708229393184302,0.19285942930887884,0.11015795696993083,0.18146675795209627,0.10047455595462097,0.16552330423606731,0.11669715806469264,0.19222681452671558,0.11719872752266167,0.1930504628017688,0.11696330426194061,0.19266403318034095,ORDU,AKKUŞ,20465,-1.012
54988432B20693988968005,0.12569716141291815,0.16285252837170344,11.488582350158124,0.12533252694055785,0.16228882162441888,0.11555589150854705,0.1491649298723894,0.0998130926636485,0.12953935288151608,0.1245998299987988,0.16121412916675384,0.1255007678026242,0.1625443995589849,0.1250250934589477,0.16183198889304648,KASTAMONU,ÇATALZEYTİN,7185,-0.448
54988432B20916998387085,0.7546792440610456,0.9122608943017613,47.9690018908765,0.7486719651407294,0.9066393828313145,0.6780319586941781,0.8327232360328921,0.5721799988359794,0.722867384596192,0.7465313551474724,0.9044845017998231,0.7497878065042588,0.9077460607941721,0.7488285654152645,0.9067951507242857,KAYSERİ,KOCASİNAN,421472,1.558
54988432B20934882721919,0.20876955639623496,0.28297648412294546,18.471695489942153,0.2057543871686819,0.28031408765330396,0.17673978657894562,0.24808403348578104,0.134124807824009,0.19685405395169478,0.20385951867912602,0.2784093579231486,0.20645521547590043,0.2809890110916985,0.20515605890625463,0.2797226768001557,BALIKESİR,GÖNEN,75730,0.326
54988432B21001477531,0.030804455911499856,0.050759086357543226,3.8867108610733534,0.030646920893164904,0.05049950078098529,0.027521356231165108,0.045349210306020335,0.023330327112250884,0.038443255787424,0.030457122445102413,0.05018675204309799,0.030702807900272758,0.050591591051566895,0.030584763618050223,0.05039707850225531,SİNOP,DİKMEN,4810,-1.014
54988432B21059504662364,0.5093632552341577,0.7066883625418394,46.231589252092284,0.5027367515426177,0.6993463944182248,0.39699192983200904,0.5687336489458922,0.20642642871810457,0.3311229268772968,0.5048626907265631,0.70181345967214,0.5020217567398813,0.69850847175026,0.5061969259599809,0.7033346615396484,ANKARA,KEÇİÖREN,931722,1.365
54988432B21435707194985,0.29016951917211703,0.4781095716022038,34.30717169786219,0.2891522640835316,0.4764336119791487,0.2683724069461092,0.4421977618872901,0.23972685225779006,0.39500232821555803,0.287683373571403,0.4740135612344109,0.28955742608407287,0.47710112986658176,0.2885998561516474,0.4755235004918239,TRABZON,DERNEKPAZARI,3717,-0.374
54988432B21454530006409,0.37462219203696484,0.4958305012283303,31.44831604892607,0.36802570306485843,0.48927161105195843,0.2925349560492097,0.4029100299100704,0.1850111221313286,0.27584345852778525,0.3679452924977351,0.4891856928498798,0.36836803916232835,0.4896354525314838,0.3697397019988968,0.4910780451683782,BURSA,İNEGÖL,306004,1.018
54988432B21829167543516,0.29285824803648025,0.25727659536733677,8.351435780058932,0.28791132960751653,0.25352933812855666,0.20831497832322948,0.19150123437335026,0.09440324046493946,0.10003163259690334,0.28784189219909084,0.25347644859171203,0.28820811708642613,0.2537563049778709,0.2893685445482518,0.25464481751531626,BURSA,İZNİK,45510,0.099
54988432B2183648295887,0.11262506518276078,0.16484216786114356,12.61909012382485,0.11099753072935845,0.16358193854664874,0.10147538182235749,0.15357777316887877,0.08881642185666837,0.1369830596111924,0.11032447606565325,0.163015626451271,0.11131303131242108,0.16383824153250023,0.11084093102726816,0.16345242681076916,ISPARTA,YALVAÇ,44596,-0.1
54988432B21974085302576,0.13908001429375044,0.15755602439651153,8.793051504482385,0.13786837050543055,0.15652577745486612,0.12632844703471818,0.14500127710135483,0.11185512714526245,0.1301097095091276,0.13738797369265102,0.15608017214255973,0.1380722697783636,0.15671108019095867,0.13784420410502665,0.1565035790866706,ADIYAMAN,MERKEZ,296876,0.542
54988432B22127329253106,0.23391122302429226,0.3853555367074325,35.07349069528515,0.23266724333271951,0.38331034057517216,0.20808962435096903,0.3428295084292651,0.17518842395603335,0.2886282665822412,0.23155048030300956,0.38147287854482365,0.23311271314511764,0.384043277507642,0.2324183083725638,0.38290133770079227,ERZURUM,İSPİR,13984,-0.381
54988432B22219772223336,0.32866680319718966,0.42216846138785546,30.650730316239418,0.3187781012010116,0.41362221668298527,0.2466914940997434,0.3342250630747255,0.16773472491808267,0.23877177156077073,0.3118187785676243,0.4067791865193089,0.3212850372053103,0.4159655518198945,0.31612954098115925,0.4110661363023609,AFYONKARAHİSAR,DAZKIRI,11723,-0.088
54988432B22317545762154,0.12497629944152029,0.20593827977009338,12.34161573384611,0.12442445410107086,0.20502893871407601,0.11579543355522054,0.19080987753804288,0.10431029235763783,0.1718844474227628,0.1237021098650353,0.20383864639436614,0.1246172782521226,0.20534667795058067,0.12413047259162739,0.204544510493609,ÇORUM,BOĞAZKALE,3587,-0.604
54988432B22429834730887,0.16466675344177975,0.2560172787409366,19.843413696687104,0.16313399609460522,0.2543539227838618,0.14510283520013376,0.2289288980247392,0.11979498786896563,0.1909814593591669,0.16207178687793378,0.25301746444728646,0.1635245495488103,0.2548233082184191,0.16283161334318713,0.25398247684232245,MERSİN,TARSUS,358510,0.613
54988432B22474177192054,0.38589334040827983,0.46085766491783364,30.61830797397064,0.3746722918424841,0.4521873468263004,0.3189770632110478,0.39969145016514096,0.26414635392909025,0.33880018937634293,0.3710460580838456,0.4493839832723048,0.3765847071545895,0.4536759426587865,0.3742985265164705,0.452003927915931,NEVŞEHİR,HACIBEKTAŞ,10564,-0.211
54988432B22642598779433,0.35983732152793063,0.592940641632085,50.95867436952996,0.3584408148201828,0.5906394879466318,0.3310811908344741,0.5455564972614517,0.29349594036845583,0.4836237594169669,0.3587487323483469,0.5911468720820396,0.3583760325855613,0.5905327402796361,0.359144201891331,0.5917985237810146,KIRIKKALE,KESKİN,15841,-0.48
54988432B22653723739411,0.5249337883495199,0.5424410123123364,24.746663572405012,0.5175736637322508,0.5359917598541868,0.42752621456233103,0.4489646865150234,0.2377841097310371,0.27684121836796766,0.5174857855344958,0.5359099161653395,0.5179505499579986,0.5363420414226981,0.5194686086677487,0.5377396261411713,BURSA,KESTEL,77374,0.777
54988432B22713208717881,0.2771612170982392,0.3994770114428513,30.119492402510183,0.2728858867496022,0.3956707956501822,0.243124022344771,0.35958365331022146,0.21095771643716837,0.316295673981859,0.2698351758960327,0.39247185807127266,0.2740195448743146,0.39678141138068007,0.27167122843731734,0.39442892698932136,ERZİNCAN,TERCAN,16145,-0.527
54988432B22762038949408,0.00037352075089991334,0.0006154944676910975,0.056011664533278695,0.0003716627437104105,0.0006124328087516299,0.00033463664545840366,0.0005514205127027721,0.00028481416749822047,0.0004693221032375068,0.00036986486453929093,0.0006094702298835614,0.00037223773948443097,0.0006133802975243493,0.0003712112009108757,0.0006116887480953751,MALATYA,ARGUVAN,6859,-0.877
54988432B22791175863711,0.12606757370268057,0.20773650187384424,16.149722782325227,0.12548553297006493,0.20677740428680874,0.11392159811406179,0.18772213650995273,0.09838460989009847,0.16211999720874537,0.1251629943705048,0.20624591916003113,0.1256268686677504,0.20701029988846703,0.12549684832906285,0.2067960499466453,AKSARAY,ESKİL,27946,-0.542
54988432B2283015809064,0.7965870091952146,0.9713129282388779,58.67805790463699,0.791468702525757,0.9666935598194185,0.7096880128260975,0.8852059583984364,0.5891283144967681,0.7575130932481834,0.7839475950054667,0.9595625699438196,0.7936044139480523,0.9686756806488915,0.7881484679737982,0.9635665660581911,ÇANAKKALE,EZİNE,31894,0.043
54988432B23049550027928,0.025148478001923335,0.04144013162252042,2.951945894652095,0.02508517631107759,0.04133582191437923,0.024047750404389032,0.0396263321345803,0.0226162594428013,0.03726749459935821,0.025038889033884442,0.04125954887474696,0.025105651242669978,0.04136956088896392,0.025075820693647565,0.04132040555329048,KARS,SUSUZ,8417,-1.064
54988432B23191513902101,0.022341372847756478,0.03681453133537647,3.2945051163989754,0.02229460248504755,0.03673746225841114,0.020956940525567902,0.034533237904832544,0.01828348611240982,0.030127869804241876,0.022264140158835235,0.03668726586848767,0.02230655795223202,0.03675716270046952,0.022293173166679222,0.03673510700091565,ŞANLIURFA,SİVEREK,277399,-0.797
54988432B23223928850559,0.9403170464812177,0.9146238118253923,43.56428055002619,0.9162815628833257,0.8964340711970703,0.782302472644059,0.7830776558560243,0.6532981193702379,0.6670964807698112,0.8999667386946977,0.8834458709891579,0.9224587023488277,0.9012368767686387,0.9093871838384857,0.8909941370591848,RİZE,ÇAMLIHEMŞİN,7051,-0.287
54988432B23323224712482,0.19852938175569895,0.23973466524844658,12.169454283762205,0.19643284693461024,0.23790478991290295,0.18063090948609692,0.22222928128316924,0.16214639772689876,0.20314519795196737,0.19537298127148778,0.23692186066096257,0.19686162501780646,0.2382945634152146,0.19616988362546758,0.2376638778333545,BATMAN,MERKEZ,517785,0.367
54988432B23399506189072,0.21437072135711263,0.3205260976751929,23.543871817268116,0.21316126751555553,0.3192823848905126,0.19929872141870505,0.3014976441556761,0.1809536286159198,0.2765517645493926,0.21203138982970768,0.31795071676100123,0.21353796447438367,0.31970518020752464,0.2127289224766925,0.318781486508639,ERZİNCAN,MERKEZ,169506,0.724
54988432B23414498187301,0.32845309483203283,0.3619518639508055,17.86819184984037,0.32520883318620514,0.35922385578314286,0.30015236565006886,0.33452057708679855,0.267592318457525,0.3019343961037364,0.3227306763841273,0.3569376960977638,0.3260945940176766,0.3600092342999375,0.3241849624531129,0.3582926090812845,RİZE,ÇAYELİ,42032,0.054
54988432B23567974096892,0.5421207995430158,0.7514213835519932,53.439005470432036,0.5369446727561848,0.7463322256761794,0.48139252039605884,0.6797069798209218,0.40726624881221146,0.5860412997289477,0.5339416247547124,0.7430257402269345,0.5382042157101785,0.7476735690933153,0.5362729756899952,0.7455985718672304,ISPARTA,MERKEZ,273638,1.551
54988432B23570910336885,2.5014696515037866,2.1046738883320772,68.0172981225984,2.4985633000765457,2.1014333486092815,2.442625121314859,2.036934519749589,2.2231415501761815,1.8309551336974816,2.494940664777026,2.097428182825556,2.4996377461637778,2.1026192910608272,2.4972817915208956,2.100018571600012,AFYONKARAHİSAR,ÇOBANLAR,14457,-0.801
54988432B23630404748183,0.021015707457003756,0.034630075151745335,2.5220142707924613,0.020929038487286025,0.03448726040516639,0.019175718350209606,0.03159810674539797,0.0167839319148353,0.02765687639788789,0.020792011379728286,0.03426146457877038,0.02096352770618361,0.034544092384046564,0.02087430656684653,0.034397072124714885,ÇORUM,BAYAT,13312,-0.868
54988432B23635827316109,0.32891770684809496,0.5054001024470829,38.948052097841156,0.3264646494306751,0.5022920588085021,0.27680211791977394,0.4305953997998519,0.17869922288047224,0.2824388375800686,0.32672531011051487,0.5026424086002913,0.32649930185243087,0.5023386912324745,0.32742722985883144,0.5035754495944439,KOCAELİ,KÖRFEZ,183077,0.55
54988432B23701812134716,0.13104274859390108,0.19848923351833295,12.803132935773283,0.13034578117884987,0.19758944194506653,0.11674048387913712,0.17960547468435836,0.09706825872786765,0.15263648843217262,0.12955403018504075,0.19656536669611271,0.13060540521533046,0.19792441882393377,0.13009492462541208,0.19726546812048062,AYDIN,SULTANHİSAR,19791,-0.265
54988432B23708733321039,0.45377909605295835,0.6471763251603974,43.196400747631536,0.4467939647026266,0.6397248352948847,0.35269773874652344,0.520693969950833,0.18924907453494788,0.308737373175852,0.4488598475054845,0.6420942626508672,0.4461127845481212,0.6389300408080301,0.4502011599353615,0.6435880479527796,ANKARA,MAMAK,690329,0.779
54988432B24237027631041,0.22849783875722124,0.28710139103901416,16.66999696746032,0.22750771423501612,0.2860386957304295,0.2099938162253527,0.2662946020411893,0.18253407131183894,0.236037545430339,0.2268843337719564,0.28533196201510275,0.22775058212249344,0.28631151660724746,0.2274196476983923,0.2859392924693059,DİYARBAKIR,YENİŞEHİR,232622,0.466
54988432B24385589746851,0.0,0.0,0.0,0.0,0.0,0.0,0.0,0.0,0.0,0.0,0.0,0.0,0.0,0.0,0.0,BİNGÖL,YAYLADERE,1889,-0.451
54988432B24416647543453,1.1125186690320483,1.3721771971384809,73.54138636906531,1.0935297717669703,1.3562980170971861,0.9107180378986413,1.174070977968407,0.678439481376253,0.9255347038192859,1.0632079398856253,1.328070643105723,1.1019815833577264,1.3637061508366641,1.0773137065575484,1.3414239099886753,MUĞLA,DATÇA,26067,0.923
54988432B24437456666423,0.14987930964371576,0.10841352066333348,1.648672406080874,0.1412891845060783,0.1021999498154047,0.10692868395552835,0.0773456664236896,0.08115830854261585,0.05870495387990328,0.13653207011597115,0.0987589443793929,0.14317043020171918,0.10356072782794022,0.13934652199388242,0.10079474663620347,TOKAT,SULUSARAY,6536,-0.911
54988432B24535022405738,0.14706478776444987,0.24233610326361468,19.849001195967944,0.1465535853808142,0.24149373443071795,0.13612771944671673,0.22431379787333627,0.12176288962488478,0.20064316307363605,0.1466687960334555,0.24168358069534707,0.14652930272192402,0.24145372101199428,0.14681603664553292,0.24192620652519647,KIRIKKALE,ÇELEBİ,2587,-0.608
54988432B24536505693490,0.17937712103296274,0.17381489724229818,7.636453738378169,0.1716870864259987,0.16812196847802616,0.13854545510454863,0.14142598496377407,0.1116796738381345,0.11809261050355341,0.16731433090191586,0.16478127080590502,0.17339455572895243,0.1694071925488493,0.16991076733814153,0.16677318915651626,TOKAT,ARTOVA,7589,-0.583
54988432B24577207429015,0.0553218291373328,0.0911603430185447,7.445860914069851,0.055119291630892235,0.09082659793366313,0.05115996460765269,0.08430234493643995,0.04561840764769047,0.07517086390617783,0.05477334247789505,0.0902565364598115,0.05520590096335798,0.09096931440886472,0.05497191475792933,0.09058374757058225,KASTAMONU,İHSANGAZİ,4976,-0.49
54988432B24627803634340,0.05472115785533105,0.09017054566436217,7.092043063645873,0.054585904896932276,0.08994767331407712,0.051755896273052354,0.08528433226188772,0.047770273804169996,0.07871674913834728,0.05445510472196394,0.08973213834347087,0.054630355126227347,0.09002091923188174,0.05455375083334777,0.08989468924772373,BİTLİS,ADİLCEVAZ,28769,-0.832
54988432B24762133254880,0.07603961473854186,0.12529949697353157,10.782174815157965,0.0759457375872627,0.12514480445078494,0.07234337003006946,0.11920875592683979,0.06401621352239514,0.10548711194930126,0.07577654376788259,0.124866003716033,0.07598436318161852,0.12520845242637937,0.07588107803688376,0.12503825723635112,ÇORUM,LAÇİN,4094,-0.789
54988432B24776068854278,0.05885974816704443,0.09699019205552645,6.19103307853973,0.058784015512827754,0.0968653983738324,0.05716418469919013,0.09419621091373148,0.05482331887639098,0.09033888850240955,0.05868372321575959,0.09670013485407142,0.058813426824377936,0.09691386288217113,0.05874903666560774,0.09680775957626021,SİNOP,ERFELEK,12565,-0.585
54988432B24795897015329,0.08493891808578263,0.13996393519640096,12.644999388583628,0.08414408960923708,0.13865420199175707,0.06896347771007899,0.11363930625280226,0.04889271494553759,0.08056632860924996,0.08358006008245256,0.13772478360599427,0.08434390310176842,0.1389834583956564,0.0840773391631845,0.1385442093603911,KONYA,DEREBUCAK,5353,-0.621
54988432B2483198976675,0.09509673160910609,0.14334457201550835,10.197863916360188,0.09426834577370947,0.14245252562417368,0.08482983379112735,0.12968288290844443,0.07255500332174836,0.11225118020109506,0.09390912707899957,0.14201256934086523,0.09442364009258028,0.14263741938483415,0.09425361899538336,0.14243479680628285,ŞANLIURFA,EYYÜBİYE,414516,-0.568
54988432B25026961514665,0.015017152427011172,0.02474554416864516,1.9882717569664072,0.01491512255061069,0.024577417433216397,0.013597641659723776,0.022406447821284665,0.011913072558896507,0.01963058340276303,0.014857257873563935,0.024482066937932794,0.014936593736853363,0.024612798054815834,0.014906595606239326,0.02456336657506664,HATAY,SAMANDAĞ,122952,-0.029
54988432B25326258827765,1.1374553239411067,1.8743201212912817,167.4179194296067,1.1320953307520714,1.865487824432901,0.8887307868284761,1.4644671848666757,0.4006455105555854,0.6601911531236834,1.1343137105546877,1.869143312093114,1.1312832443238907,1.8641496532533133,1.1355367379430923,1.871158639460025,ANKARA,ÇAMLIDERE,10203,-0.526
54988432B25362626597569,0.354041900903254,0.502741110939868,32.57701539594173,0.35038045088917774,0.4993345823933248,0.3137525300855006,0.4578359921211584,0.265877150297616,0.39854154275462444,0.3493551584636435,0.4977013813086529,0.35081701046425706,0.4999043894579782,0.35069849348495175,0.4992561271944056,TEKİRDAĞ,ŞARKÖY,34458,0.097
54988432B25487476963014,0.1729456421486116,0.28315662708041656,20.74709758963165,0.17232155464464308,0.28223292341891915,0.1613550381247378,0.2645808102531191,0.14643405729352327,0.24030777757714294,0.17156290062175933,0.2810407694144095,0.17254287220929282,0.2825746897490272,0.17204559580171458,0.28180186659635686,TOKAT,BAŞÇİFTLİK,8445,-0.936
54988432B26148640442068,0.001585795188832401,0.002613102922035618,0.23786927832486013,0.001577902715955645,0.002600097557861494,0.0014206291867364788,0.0023409392998117585,0.001209009250818461,0.001992228018050639,0.0015702653896142295,0.002587512628912387,0.0015803452527871967,0.0026041224156594348,0.0015759844316753837,0.002596936573206385,MALATYA,KULUNCAK,7414,-0.873
54988432B26216305629532,0.494348420239433,0.5230914413939063,24.959800151686355,0.48714926263837416,0.5162389512908458,0.3702609430353756,0.3994587576025879,0.10290314934493261,0.15539455022137624,0.48863695174959854,0.5177262211504334,0.4868940705542645,0.5159826020466933,0.49027691837560783,0.5193457595967094,İSTANBUL,BÜYÜKÇEKMECE,283239,1.891
54988432B26373171559037,0.0750056850278318,0.10497683250346573,6.986647146535409,0.07354856011099517,0.10372829097886146,0.06471272095505264,0.09377858324473884,0.05558439774425684,0.08219438858427516,0.07298374188616234,0.10318419488839477,0.0737812204575781,0.10394460292827573,0.07346035018228365,0.10364500589293657,HATAY,PAYAS,44530,-0.028
54988432B26387222249237,0.15150661701493548,0.21292691042943113,14.268096742643872,0.14978983088562683,0.2113207592395236,0.133552893091479,0.1921742126918863,0.11212970098119063,0.16529515951836138,0.1490208822624805,0.2105063331167637,0.15008978231734296,0.21162860039554107,0.14968848953826633,0.21121535584514592,GAZİANTEP,ŞAHİNBEY,957792,0.854
54988432B2651757206264,0.13579020200094863,0.22375763032409307,20.368530300142293,0.13506983981059653,0.22257060405626902,0.12079232792377131,0.19904385338026845,0.10167391739640987,0.167540179535408,0.13442304629089788,0.22150480561761782,0.13532803526636492,0.22299606334929503,0.13492635158782318,0.2223341614835792,ERZURUM,UZUNDERE,8263,-0.561
54988432B26639415415250,0.008025396857407096,0.013224398791389164,0.9343578812901365,0.008001982793463591,0.013185816659636983,0.007522128703352712,0.012395104130143995,0.006859152170073788,0.011302639019546855,0.007970195135026817,0.013133436362527515,0.008010973434026302,0.01320063160502895,0.007990564300728989,0.013167001054103457,ORDU,AYBASTI,19784,-0.464
54988432B26755452490814,0.25608011023562155,0.30788721931903423,21.105797565031803,0.2517799157205483,0.30407623386316207,0.21180558240649622,0.2612657390032311,0.1654307125145588,0.2088980235333946,0.2494182402320257,0.3017571656143621,0.2527901072597929,0.3050379966901081,0.25125437689605135,0.3035676783810652,ISPARTA,ŞARKİKARAAĞAÇ,24310,-0.249
54988432B26897526032895,0.002538403755184535,0.004182829104723644,0.11143522285070784,0.0025367812521730156,0.004180155513965979,0.0025070290656167495,0.004131129305427427,0.0024643504879912083,0.004060802748324086,0.00253516541565313,0.004177492908377702,0.0025372890443962157,0.004180992263472836,0.0025362984277971746,0.004179359906944198,ORDU,KABATAŞ,9949,-0.805
54988432B26930911195610,0.20541812628874045,0.3059566771445674,18.003157730273614,0.2026499016125426,0.3037306172856832,0.18595593284666528,0.28556387364718855,0.16605213143028447,0.2597724353826932,0.20187618030180074,0.3030230980399936,0.2030711238246491,0.30409642346551735,0.20269320558926587,0.30375728936707713,KAYSERİ,AKKIŞLA,5440,-0.812
54988432B26980759759875,0.003448927108069896,0.005683206486848409,0.482459269075568,0.003440124081435977,0.005668700695191425,0.003256688141829951,0.005366431528803181,0.0029988338998239695,0.004941534494185983,0.0034329253868111594,0.005656838551775034,0.0034428162780875543,0.005673136947102436,0.0034388557656763693,0.005666610740800823,MUŞ,VARTO,28804,-0.844
54988432B27026287555316,0.31936906614356103,0.4859008230977288,35.84480625768864,0.3182566368627891,0.4844292702868892,0.2994165917513709,0.45693432450654226,0.2738226131821538,0.4189938579915334,0.31741754677081335,0.48324508544088585,0.31859615308322986,0.48490078744815523,0.3180857710071616,0.48418954525778696,BAYBURT,MERKEZ,68715,0.161
54988432B27102438634757,0.23900559734751722,0.34192254767222824,23.120109310892918,0.23464537699272894,0.3366005649907529,0.16698065976360946,0.24802966047726246,0.07863184533166662,0.12956832482836703,0.2314769098619511,0.33250870164279406,0.23579025811898605,0.33806145237983126,0.2339644475239152,0.33572471074686566,İZMİR,MENEMEN,220510,0.838
54988432B27162920946888,0.084164001113968,0.0610583394869892,0.9457764450377092,0.08066635420427663,0.058528099753722175,0.06667092127544803,0.048399156661217066,0.05617020294489801,0.04079562138448099,0.07878628567349288,0.05716783215348916,0.08143919602063114,0.05908722599519027,0.07992035593875586,0.05798837109521239,SİNOP,AYANCIK,23818,0.146
54988432B271913105949,0.26445123789319863,0.3612182398704367,22.640678535585305,0.26259001272258653,0.3595260678277952,0.24574407218485114,0.3400118175841892,0.2230666984060927,0.31276345690885216,0.2626311980665409,0.3595632893661117,0.2626636936410304,0.3596020988523912,0.2630851441962443,0.3600172606899723,KIRKLARELİ,MERKEZ,114710,0.85
54988432B2727016024210,0.6659845911437344,0.9970766944641413,69.40883873645753,0.6498026072592996,0.9776148013449016,0.5536737713407148,0.8480242389045588,0.45828403690789404,0.7124484996183041,0.6453047360159649,0.971953206890028,0.6523068832871588,0.9807288745256605,0.6501452245304992,0.978041554599677,KAYSERİ,SARIZ,9213,-0.67
54988432B27415936221667,0.0007310890462719341,0.0012047021812999906,0.09256777633007529,0.0007298613570513963,0.0012026791720790451,0.000703604716451408,0.0011594129894358842,0.0006658339946110362,0.0010971736887345495,0.0007285578415160846,0.0012005312148407907,0.0007302994665872005,0.0012034010971524996,0.0007294987993264443,0.001202081742690212,IĞDIR,ARALIK,18477,-0.852
54988432B2751478310709,0.1377662175042707,0.2270137455665163,17.284329768738633,0.1374100783416575,0.22642689280455208,0.1294395243319651,0.21329286508164969,0.11687939270363056,0.19259604566241648,0.1369901893220435,0.22573499183788817,0.13753470210403987,0.22663225016717348,0.13727849364271205,0.22621006508068767,ORDU,ÇAYBAŞI,11656,-0.932
54988432B2777192469074,0.5300884121778464,0.5850130111668398,28.811066424284366,0.5225843999187908,0.5777633320054342,0.38746560619948656,0.44352285617262044,0.12874089732999097,0.19833750199728623,0.5242046197398629,0.579389806220357,0.5223048414795779,0.5774817418536631,0.5259671646807959,0.5811432583415879,İSTANBUL,ESENYURT,1003905,2.479
54988432B2790906472505,0.22925117242175966,0.3328188840292164,25.140225760647507,0.22763368237990547,0.33076111321789203,0.1974317636980021,0.29200214259742324,0.15011252615512544,0.2276775246723892,0.22362077856633603,0.3258068539101827,0.2285258356663648,0.3318681751415927,0.22559607610760915,0.3282508106310303,MUĞLA,KÖYCEĞİZ,41810,0.205
54988432B28277823667542,0.24830032112835404,0.18628618786955442,3.2536663333014393,0.23655053700964396,0.17775589611685405,0.18901008252331297,0.14274273517925895,0.15294763012203225,0.11581201848460079,0.2282344585926862,0.1716839851752349,0.2396153994092261,0.17998675452581697,0.23248044008397475,0.17478747453523838,KASTAMONU,ŞENPAZAR,4083,-0.859
54988432B28290030678848,0.2669163398872823,0.3295494152928858,12.416038864145934,0.25429298024044683,0.31741571579314437,0.20139552760208945,0.26491953855330286,0.15957055163059913,0.22200148688081162,0.2486417464829089,0.3119282349395709,0.2567383093067812,0.3197801405688145,0.2525401428855762,0.31571796507841055,MERSİN,ÇAMLIYAYLA,8383,-0.505
54988432B28558182878988,0.4822060953685365,0.7945882076730659,57.86473144422438,0.4806555219729509,0.7920331438796019,0.44870787308152216,0.7393892115116223,0.4043801080320918,0.6663450925776623,0.4791446035210416,0.7895434242427621,0.4811368936597081,0.7928263571331851,0.4802773166113006,0.7914099300228453,MALATYA,DOĞANYOL,4002,-0.973
54988432B28682407811483,0.06153034012993817,0.10138048587467191,9.22512572334988,0.06118201711850042,0.1008066159925673,0.05372662836510165,0.08852341276483393,0.04233371856835944,0.06975240927484226,0.060217653358191923,0.09921763990360631,0.06139074073423912,0.10115051178917786,0.060693840244154446,0.10000222807481626,BURDUR,ALTINYAYLA,5060,-0.663
54988432B2869647225389,0.24856098347959457,0.35210519869443097,19.34586142772753,0.24198637115600638,0.3464609590629691,0.20069451473829195,0.2991775843232009,0.15884084316772865,0.24577891076825356,0.23832800261425488,0.34284363400218293,0.24342235016027264,0.34780822720853916,0.24079991926379188,0.3453142260303251,BALIKESİR,DURSUNBEY,32168,-0.456
54988432B2872798866020,0.7749754207876767,0.8321117938688665,46.2089682327197,0.773372488177682,0.8298437205972062,0.7166822053494506,0.7664371644081271,0.6150039888872757,0.6623566296037177,0.7697519132223688,0.8252107675862069,0.7741431651287934,0.8308960696426222,0.7718939727655236,0.8279074546013475,KASTAMONU,ABANA,4474,0.084
54988432B28758296950663,0.20882879887512917,0.34411199402589515,15.644828004580482,0.2084818946908198,0.343540358833615,0.20183759198011864,0.3325917527648791,0.19254997057330955,0.3172874367928005,0.2080312456626737,0.3427977709505428,0.20860826569791596,0.34374859533870034,0.20831735357103834,0.34326922490413664,GİRESUN,ŞEBİNKARAHİSAR,19130,-0.204
54988432B28761186895791,0.495212201773053,0.6008007312441604,33.23740580226582,0.4877064234428431,0.5936026751286174,0.3697897064267561,0.470925453316708,0.15272893670036986,0.24584913155264773,0.4892107532140828,0.5951143857417376,0.48745370414554523,0.5933500578110995,0.49090468257556386,0.5968073223372012,İSTANBUL,KARTAL,475630,2.321
54988432B28793494841069,0.06000826186594186,0.08345094590965893,5.992534993737223,0.05890183561403012,0.08261602368630415,0.053192477435716014,0.07716110712996083,0.04652149842827556,0.06913334620238022,0.05851448076436938,0.08230738749702168,0.05908106955148276,0.08275579951777602,0.0588412185874791,0.08256788992596893,DİYARBAKIR,BİSMİL,119815,-0.727
54988432B28826403720694,0.45018869831877695,0.4136164116218999,15.654448594768123,0.4401115284278943,0.40552770299792434,0.3456222810142562,0.32287299519261886,0.17138778796412446,0.17700595804873,0.4399980931168056,0.4054316761666441,0.44059517452919356,0.4059333553729443,0.44256101480216015,0.407569081341418,BURSA,YENİŞEHİR,55609,0.062
54988432B28913521474336,0.1474254826255828,0.22507193389946845,16.58432909199079,0.14588743844381027,0.22356105284978467,0.13262409605524125,0.20579961709478373,0.11709696128422101,0.18328432511126258,0.14466993975922213,0.22212165895636382,0.1462965671950176,0.22401106728259948,0.14541466716492846,0.22301348505297097,TOKAT,ERBAA,103409,-0.097
54988432B28918062782607,0.45350884507591077,0.5042496027700183,26.085516837346646,0.4385946784214605,0.4918945979353891,0.31009492232138186,0.3645197072147109,0.08801578641166835,0.14501612344113526,0.43125766368077184,0.4852768859829056,0.44154963784376305,0.4944870107424235,0.43694086834115275,0.490423678157769,İZMİR,GAZİEMİR,137220,2.031
54988432B29112177447975,0.7544210653811986,0.8573253683015817,44.02018245929088,0.7429983511970452,0.8467067387805609,0.575002798793954,0.6751971749976189,0.21779872993995741,0.32750777245019874,0.7453010209900025,0.8489558394634992,0.7426061361421173,0.8463217618791956,0.7478701692079675,0.8514316401739747,İSTANBUL,ATAŞEHİR,412125,3.545
54988432B29207959806558,0.7150367712426527,0.8016746401161454,42.54398360181693,0.7001785633721576,0.788805938848842,0.5086109535227696,0.6031590971582517,0.17702138241601825,0.27639725278680144,0.7044836312674012,0.7927020197595472,0.698761937271711,0.7875104429644947,0.7072933994881614,0.7952000080501557,ANKARA,ETİMESGUT,632458,1.957
54988432B2925959455693,0.6960263838663484,0.9806084361252333,67.46992239505681,0.6764179919529433,0.9624699793279828,0.4842059622093757,0.7247919873469174,0.23729179004616124,0.3890110176807226,0.6817920458446945,0.9678939800099998,0.6746813186468571,0.9606740037720432,0.6854079499707063,0.9714137459965569,ANKARA,KIZILCAHAMAM,27841,0.022
54988432B29479303092234,0.29430734050536994,0.38556116792910095,25.61113811981113,0.2931212279612718,0.3842510991763343,0.269328752434938,0.3572246620384196,0.23593473391426048,0.31823823919522726,0.291514471718856,0.3824602514331672,0.2935673701784007,0.3847463208086825,0.29253571480951684,0.3835996268020483,GİRESUN,KEŞAP,20859,-0.24
54988432B29488154081251,0.21691695471434388,0.2895840692780404,19.278663103274283,0.2150623390022331,0.2876827069766051,0.19650681260239203,0.26466317933361155,0.17273327759167242,0.23414161347027113,0.21391505808577346,0.28637534547032006,0.21547512448058148,0.28813826659954106,0.21475892758346032,0.2873420579435856,MALATYA,YEŞİLYURT,309890,1.023
54988432B29554911606653,1.1869102760491679,1.749519253953183,132.56965161384045,1.1687784447477907,1.731210264903,0.7293542452528247,1.1572943291753082,0.16428936030957944,0.2701723478305911,1.1630027655518673,1.725023097982506,1.1716100331670662,1.7342069276353729,1.1709170667041648,1.7334695339710844,BOLU,MERKEZ,222589,1.48
54988432B29564092922191,0.06993496048674736,0.05058667071420748,0.769284565354221,0.06678513916276989,0.0483082827231993,0.054185853866860006,0.039194730759166546,0.044736389894927585,0.03235956678614198,0.06593601040211172,0.0476940749405622,0.06725433308767646,0.04864766889593981,0.0667792448815695,0.048304019160882186,HAKKARİ,ÇUKURCA,14299,-0.386
54988432B29828557517044,0.5724686186949213,0.6050808538118024,29.731980528453644,0.5602070522597439,0.5942175105906307,0.45463455104712136,0.4924864271211865,0.336963726909341,0.3761882721675805,0.5512831339899681,0.585939949633891,0.5640819636568413,0.5977465923577887,0.5570472424252297,0.5913061639317327,ANTALYA,KUMLUCA,75588,0.515
54988432B29874817302279,0.12712575786131014,0.20948019748878843,15.255090943357214,0.12689088299856788,0.20909316630439162,0.12188180776879305,0.20083911861160098,0.11469798870636132,0.18900148742466485,0.1267129188688225,0.20879991368846115,0.12697249146383524,0.20922764225724785,0.1268665094157557,0.2090530030595316,KARS,AKYAKA,9382,-0.832
54988432B29894117930942,0.33162382449792355,0.44917353410901956,28.20424698366175,0.32652222385882923,0.44418263953507775,0.2662280193668412,0.37403383882620367,0.17539814085860098,0.2634806327003525,0.3264588165273526,0.44411546994191053,0.3267937391356971,0.4444695289818079,0.3278797501310632,0.44560350066197074,BURSA,YILDIRIM,654589,1.085
54988432B29917734585763,0.11236416681593042,0.15600266767117468,10.742052414420098,0.1111037174294204,0.15473022826252752,0.09897745411437901,0.13998231065832728,0.08458234474582713,0.12160280033676803,0.11049454924222145,0.15405093041968093,0.11133919962606507,0.15498609702444344,0.11101190692235301,0.1546293015647866,HATAY,ANTAKYA,301855,1.146
54988432B30085289837224,0.7190636005119212,0.8887053505399914,44.127829259388406,0.7005525534948979,0.8744961081775394,0.6117974785704681,0.7934182646850164,0.5335496141649583,0.7133607923261917,0.700962594339888,0.8748264166521227,0.701159942064914,0.8749851687601413,0.7049164952557248,0.8779788188169974,KIRKLARELİ,DEMİRKÖY,9364,-0.286
54988432B30163162134141,0.19273331146378767,0.25226451630827884,12.671644794755451,0.1780299153700317,0.23927858337707017,0.08897903491685132,0.13750927058557585,0.048872651370388584,0.08053326747549351,0.17500221879411262,0.23625998771376494,0.1796436515252485,0.24085430298563396,0.17924818983900695,0.24047041203383548,BOLU,MENGEN,14152,-0.245
54988432B30290835875558,0.13624723855429088,0.22451074369045093,14.156600465457817,0.13611082934005192,0.22428596604020287,0.13109898437522902,0.21602735432628353,0.11994497927684994,0.19764757645822553,0.1360008118757397,0.22410467720826938,0.13614736410968176,0.22434616871577395,0.13609714045573018,0.22426340924101945,ÇANKIRI,ORTA,17223,-0.699
54988432B30380906676277,0.4463378258316526,0.6921801684214922,57.746317721133714,0.44378286318420007,0.6888912950922716,0.3815371075098627,0.6017897062774238,0.250479853605755,0.4040732732399919,0.4413776806699425,0.6857464149874217,0.4445757214680844,0.6899195876380626,0.44320902825278513,0.6881417151370437,MANİSA,KULA,43015,-0.119
54988432B30515055342266,0.11010686624211939,0.18143357074667027,15.002820900547631,0.10970236514546246,0.180767198048038,0.10146845313489529,0.16719989113893075,0.09016472518118117,0.14857391243801665,0.10935941291408163,0.18020217007708678,0.10982390490296622,0.18096743601916115,0.10963564414655622,0.18065729278419576,YOZGAT,AKDAĞMADENİ,39642,-0.393
54988432B3051798529844,0.004687948281990033,0.007724888712166914,0.5818283717423681,0.004678769030637898,0.007709762970394404,0.004485245336583891,0.0073908710138688,0.0042101725795048416,0.006937600988611067,0.0046694578798478865,0.007694419882265346,0.004682433901482172,0.00771580201300186,0.004676316586634739,0.007705721787374104,ARDAHAN,GÖLE,22038,-0.831
54988432B30574350937467,0.2612928825890956,0.3642200563498733,23.440487452494878,0.25798678079834314,0.36136435696767094,0.23480675428212786,0.3359618875244454,0.20867758244765164,0.30423913383514417,0.2565134054062287,0.35994917564364215,0.2586280026109109,0.36195946794778827,0.25769152194580836,0.36108571828984587,MARDİN,ARTUKLU,198718,0.311
54988432B30601194399557,0.31625657415656705,0.38204011494811574,21.564252768527837,0.312226102235849,0.37827682519215877,0.2666965518274594,0.3305336174554446,0.20882786044598062,0.26814688744189796,0.30937971053973934,0.37543118405078474,0.3132690569189909,0.37929779260928603,0.31140636432709856,0.3774646557053518,MERSİN,YENİŞEHİR,281358,1.948
54988432B30610507715485,0.08753313159608325,0.14423872865768145,11.488009833270594,0.08731140616233767,0.14387336534791084,0.08267970505011428,0.13624116177232934,0.076166887728494,0.1255092197828088,0.08709675936244539,0.14351966634317548,0.08738431048309754,0.1439934984489243,0.08725851897888035,0.14378621685950338,BİTLİS,AHLAT,45637,-0.706
54988432B30800064682822,3.4952821516728676,5.732192109949462,516.2221770411717,3.4853991809738676,5.717534249431631,3.3080599462330955,5.431821279694679,3.030308053519122,4.979018974115795,3.4778479060596585,5.70623781210463,3.4880640700755636,5.721501852760714,3.483807886690706,5.715473805376797,ÇANKIRI,ILGAZ,13948,-0.249
54988432B30848484740175,0.12830334985698405,0.19671796691025475,13.157583956722773,0.127704080257384,0.19596721993231525,0.11805794561554943,0.18247845319177164,0.10520721173825259,0.16411729607256276,0.1269681756089954,0.19497390644150078,0.12791926471468174,0.19625078651617736,0.12742147168380177,0.1955887384960829,TRABZON,HAYRAT,7410,-0.676
54988432B31063140501282,0.2834596350472897,0.39745230667954784,26.32117472862646,0.27953135870371804,0.39282893568893373,0.2103137226895717,0.30432081829434243,0.09456469513801735,0.1557927414398654,0.27667499684628444,0.38927454676580886,0.2805590978730673,0.394089841791382,0.2789222032792986,0.39207611181444657,İZMİR,BUCA,520941,1.227
54988432B31153885682838,0.23712063270752062,0.2437544405093502,13.0966821979975,0.22560905252687263,0.23485850473621664,0.17047648931396228,0.18430228161033285,0.12257065097482424,0.13558132967633832,0.22066658873966116,0.2305599245727664,0.2278617750182657,0.2367029635762497,0.22434986099631277,0.2336943233768811,ISPARTA,ULUBORLU,6287,-0.113
54988432B31165455278537,0.22934893886722574,0.36186034963850877,27.180313836735774,0.22801028181895105,0.3604373108067887,0.21428838694207286,0.340957417205249,0.1971356574387886,0.31504130499821326,0.22673289978698297,0.35881114277422266,0.2284579619623838,0.3609677848243323,0.22748384899312285,0.3597825552114277,ARTVİN,MERKEZ,35710,0.913
54988432B31167647566127,0.23450400496251983,0.38579958640615286,33.26813663497363,0.23387051835571226,0.3847628222541864,0.21956338693010588,0.36131773141588913,0.19178555411765955,0.3157085321746006,0.23321023352791284,0.3836819888984225,0.23408710303309838,0.38511731211300926,0.23368907885327903,0.38446583836751014,MERSİN,GÜLNAR,32785,-0.278
54988432B31268227976167,0.13710976826496585,0.17213485187251898,11.127621755971576,0.1360306919402753,0.17101691500440339,0.11476144898776672,0.14798983312163688,0.08233633159911864,0.10954686527230294,0.1347860005319128,0.16972200520626293,0.13641924479498144,0.17141750329448047,0.13563326618136454,0.17060446672319615,UŞAK,EŞME,34444,-0.172
54988432B31302636835519,0.0003545696462727532,0.0005842664836325151,0.036088370063204596,0.0003536117258199697,0.0005826880044241821,0.0003339662917096332,0.0005503158912787408,0.0003067611560249214,0.0005054867607247265,0.00035286293374634187,0.0005814541308638551,0.0003538678928988876,0.0005831101213199601,0.0003534944406453344,0.0005824947397234757,KAHRAMANMARAŞ,ANDIRIN,31609,-0.718
54988432B31401632471854,0.30535882407182047,0.5031759263036234,42.832141444665915,0.304409301875488,0.5016112865816206,0.2793489096661656,0.460316316508052,0.22540094033574562,0.37141986016713363,0.3033399052045144,0.49984911550675937,0.3047416936349376,0.5021590076948089,0.3040953648742906,0.5010939755468081,BALIKESİR,KEPSUT,21386,-0.536
54988432B31459503377293,0.020055599856382823,0.03304799192036765,2.9977609564530785,0.01998461484296745,0.032931021489833665,0.018532875358585988,0.0305388180606728,0.01653223370982831,0.027242123395982802,0.019902165397189978,0.03279515975359018,0.020008776435594837,0.03297083541330896,0.01995882521202578,0.032888524854425456,KARAMAN,BAŞYAYLA,3353,-0.528
54988432B3164241130289,0.948938913375013,1.12694552579098,60.80019610585696,0.9311371097211155,1.1126557568735649,0.7888226650325854,0.9761470030805979,0.5902252148559515,0.7703231056331242,0.9069572093594114,1.0913437576783374,0.9385174325411172,1.11878977960529,0.9179456834710787,1.1012163225974438,MUĞLA,MARMARİS,97373,1.671
54988432B31644697369800,0.01364944408800157,0.022491808829852803,1.9466081426660957,0.013593000231864062,0.022398799589792948,0.012452047716596125,0.020518716731333965,0.010894763936995351,0.01795259544179363,0.013556241913816033,0.022338228546964187,0.013607737267555894,0.022423083552375038,0.013590694098319272,0.022394999499877857,ELAZIĞ,ALACAKAYA,5336,-0.729
54988432B31653952568158,0.19414441373473304,0.31991479000554607,14.977617644045324,0.19381069931621053,0.31936488915560807,0.18688428138516114,0.30795140835914314,0.1771642865331118,0.29193461935074516,0.1935080933597495,0.3188662494103104,0.19393083962555607,0.31956285860060074,0.19374376237745894,0.3192545892180904,ERZURUM,NARMAN,11119,-0.796
54988432B31664517784670,0.4970888663801148,0.7701984980875313,57.36932124653783,0.4917133413708886,0.7651105745488945,0.4426000226234372,0.6992605986480023,0.37226122899769853,0.5946649219787451,0.48708186537263776,0.7597383997990595,0.4931683832394539,0.7666633510604488,0.48976536889822636,0.7628888964041319,DENİZLİ,KALE,18855,-0.379
54988432B31670824468199,0.6211429050764538,0.8170937936322027,59.67897842245007,0.6178235856510769,0.8136228773242256,0.5506318339650548,0.7402859924363229,0.4523983886646123,0.6260280130786838,0.6167989698634718,0.8125462786527913,0.6184404533371091,0.8142698812628091,0.6184013068199986,0.8142284219960286,KIRŞEHİR,MUCUR,17920,-0.281
54988432B31747989283018,0.18074690435598634,0.27265537567052095,20.14296508357315,0.17927921623402587,0.2708014638911994,0.1606707839573353,0.24378738297585759,0.13436141511418132,0.2056472411013947,0.1783935897312556,0.26957210123499703,0.17958897993188777,0.27122192126454964,0.17910348760588968,0.2705602678309667,KAHRAMANMARAŞ,DULKADİROĞLU,213930,0.595
54988432B31972473687163,0.44603033006244425,0.322631045737044,4.906333630686887,0.4433268066018025,0.320675482308971,0.3903668823746125,0.2823675140298165,0.32018427072518774,0.2316017076196543,0.4396076879263017,0.31798529945228265,0.44442335510884257,0.3214686583951761,0.44196093503962963,0.3196874944060303,ERZİNCAN,KEMALİYE,4484,-0.276
54988432B32118226842539,0.24320173971500936,0.3232018178830217,22.293728199945548,0.24234405411409546,0.3220626920813775,0.22071162941226213,0.2949116967953245,0.18331830671201776,0.24994888947737867,0.2412818549062601,0.3206685894467346,0.24265025660498296,0.3224677677393671,0.24200351620869787,0.32161512142376186,SAMSUN,TERME,71348,-0.202
54988432B32155349148151,0.11776197119604416,0.19403848429189816,15.250545944307571,0.1172064521837334,0.19312359932552292,0.10427247614186236,0.17181433310179278,0.08291212024838948,0.13661996593589273,0.1166071790715114,0.19213640994434658,0.11739556092795958,0.19343509970975462,0.1170363765716549,0.19284344318473226,BALIKESİR,MANYAS,17650,-0.303
54988432B32272260481073,0.2784760713988031,0.3738046018932219,23.35295214632018,0.2731056100296755,0.3694162914014634,0.2426097998257774,0.33703367591372113,0.21264618703266389,0.30107848147599003,0.2694448851618775,0.36603038091996154,0.27448611980032034,0.37062120959762407,0.2715619515323481,0.3680196154063849,RİZE,İYİDERE,8495,-0.187
54988432B32280148114029,0.6191328404779466,0.8737069337519328,61.67469085538159,0.6109446925823212,0.8662610411759774,0.5260405247412246,0.7669031228009355,0.400068949055208,0.6033679126205145,0.605438323011604,0.8605834693503703,0.6129478729164541,0.8682386581700947,0.6092189109973152,0.8645143751838029,BALIKESİR,ALTIEYLÜL,188858,1.245
54988432B32461225341522,0.2044505800392553,0.3364268327581715,28.33885999487979,0.20368673539489524,0.3351712902350648,0.18871338278825617,0.3105588016281016,0.16746098225456602,0.27561876842253247,0.2023526915767099,0.33297865569485624,0.20401812704516245,0.3357159693011166,0.20311119338545006,0.3342253311621178,KASTAMONU,SEYDİLER,4639,-0.169
54988432B32556235228389,0.0662343915335187,0.09246393645326466,6.862994343806211,0.0657464867417711,0.09198486353301329,0.06062534641849662,0.08566959041657922,0.054294434890234916,0.07745063735742226,0.06541179485631483,0.09160937539046078,0.06586806261782475,0.09211568779056412,0.06564787240777567,0.09187618756568754,ŞIRNAK,CİZRE,166290,-0.475
54988432B32684259878344,0.14643217044045553,0.24129366462494203,17.57186045285466,0.14544831701576602,0.2396724525812835,0.12635714117722113,0.20821365656517957,0.10126682659230761,0.16686936770723196,0.14474530106238895,0.23851400976663487,0.14569666570492154,0.24008168618842662,0.14536525818856127,0.23953558669494573,KONYA,HADİM,10621,-0.681
54988432B32742798326876,0.09682564111746685,0.15357494442104083,10.015258279772803,0.09617566183691248,0.15284871625213717,0.0896739506740199,0.1435143545022218,0.08169181059291036,0.13139569451241387,0.09572298517539816,0.1522630349160086,0.0963345159813408,0.15304477411545875,0.09603401104416608,0.15266904860377403,ORDU,ÇAMAŞ,8407,-0.776
54988432B32773336843775,0.3375201865667235,0.2644920316966913,6.195710203334363,0.3355839176490663,0.2630402062914967,0.29741214724903275,0.234252647331413,0.24642277992470946,0.19549721321506536,0.33418588901211566,0.2619899103590507,0.3361709263104047,0.26347940336619496,0.3354135447358372,0.2629115671621512,NEVŞEHİR,KOZAKLI,12678,-0.13
54988432B32789090404224,0.045051214371023544,0.06818042280548495,5.244283106131979,0.04439638827720747,0.06755549206515467,0.039085885638513486,0.06062116235545323,0.032572411541464175,0.05125044989092373,0.044118034637611624,0.0672442789287727,0.044506819357888326,0.06767392149741194,0.0443593151068369,0.0675150165633078,GAZİANTEP,NİZİP,152660,-0.157
54988432B32797670855633,0.27936408770961785,0.321445840569856,19.221821856794026,0.27675019035809806,0.31870418806526807,0.2405943789482685,0.2749692092395842,0.18826296991562302,0.2119342893052766,0.2753266392474856,0.31706366570874844,0.27728090203093897,0.3193031771026373,0.2765769427950947,0.3185068615983141,KONYA,EREĞLİ,158010,0.453
54988432B33032294423976,0.42075685127182183,0.5360873700998154,31.087724630241727,0.41631664407506613,0.5322494852865217,0.37879699846887105,0.49236019361721595,0.3299943640070456,0.43707054338848794,0.4129861663337599,0.5290360997636883,0.4174614467690503,0.5333068286821506,0.4150302684409154,0.5310288538202272,SİVAS,MERKEZ,393912,1.138
54988432B33037798502080,0.2141764614655193,0.2860538999999603,22.07223183016041,0.21332294082810022,0.2849798397566931,0.19603718943285492,0.263120263740682,0.1724268520468203,0.2331288058845764,0.21232130965788756,0.28371784435451664,0.2136156941060256,0.2853484278214504,0.2130052976000901,0.2845797643751317,KARAMAN,ERMENEK,27629,-0.275
54988432B33062852785358,0.0029984483333042075,0.0049408991504754415,0.3168170004389293,0.002993709176335705,0.004933089879133474,0.0028926754932646205,0.004766604689673757,0.00274769992099246,0.004527711234708049,0.0029869905424499067,0.0049220187887665055,0.0029956930271335855,0.004936358905520571,0.0029912416988317077,0.004929023923629786,BARTIN,KURUCAŞİLE,6316,-0.732
54988432B33089612553406,0.15757682551607646,0.1981829181618978,9.612416776923363,0.15613924466048307,0.19680777375164013,0.14607567137133257,0.18645391664313332,0.13504010223076063,0.1747164527117077,0.15516630033082746,0.1958443850158797,0.1564997323282022,0.1971595266918774,0.15576913518536908,0.19644337014244434,SİNOP,BOYABAT,44901,-0.003
54988432B33125693367385,1.025144495305385,1.5898351134353261,131.89718679482394,1.0015178631853106,1.5564119001743064,0.5127231538615994,0.8226418793087801,0.06224070370493266,0.10256139371986826,0.9939996954079512,1.5454354404462203,1.0051842135588376,1.5617461637413448,1.0043836091571448,1.5605972589852244,BOLU,GEREDE,37196,0.024
54988432B33332852238285,0.23193960807643882,0.34474617688243997,25.676547870484026,0.23016302621386037,0.34248330731460186,0.18999509410140256,0.2883540122110193,0.12217215607067554,0.19295847634878813,0.22853726236584512,0.34040136407647964,0.2307017215028376,0.3431688060297396,0.22977973145943878,0.3419943914643082,MANİSA,SARUHANLI,58475,-0.192
54988432B33535114810594,0.2896615704196602,0.3727509184136375,27.22742906173294,0.28636087816295575,0.3695515883674327,0.24245085552073461,0.3207966651792849,0.18466245201024403,0.252711942301819,0.28375347137926527,0.36682597542091955,0.2872865608998892,0.37049787802166356,0.2856197187623618,0.36878420192649364,MERSİN,SİLİFKE,139610,0.519
54988432B33750113115729,0.2195103096092144,0.3617131868580818,28.43016381576791,0.21802301539917981,0.3592623956881139,0.1901616499607173,0.3133519174927843,0.14840925651877188,0.24455154398083057,0.2165588979315809,0.3568497955870863,0.21849837213926115,0.360045697400254,0.2176000791987055,0.3585654735199316,BALIKESİR,SAVAŞTEPE,16266,-0.426
54988432B33764412560738,0.784421900421761,0.9901709660702592,69.95706249472799,0.7786520588056589,0.9839640895879168,0.6730667234448551,0.8709061076342158,0.5149375566281298,0.6870959282314819,0.7768239052407554,0.9812937695993994,0.7796037969598215,0.9851676323924914,0.7795160217125223,0.9843918283270556,ESKİŞEHİR,İNÖNÜ,6114,0.323
54988432B337940392373,0.636827775750531,0.6985950242134138,35.531720734698794,0.6219545052685905,0.6864982680531967,0.4809990183183691,0.5549704010084727,0.27201056844076216,0.3510251995972705,0.6217882690900994,0.686355776099184,0.6226688294822286,0.6871093949679934,0.6255723937696763,0.6895721522046712,BURSA,NİLÜFER,578059,4.072
54988432B34008430678481,0.2719162807339876,0.44725988736553507,34.41827717165101,0.27102383320389284,0.4457964905879313,0.25412825431424385,0.41799083858940417,0.222978365338028,0.3668136973987752,0.27009311935144353,0.44426635648837104,0.2713314355823005,0.44630181146404785,0.27072330285188967,0.4453025265344423,AYDIN,KOÇARLI,22234,-0.531
54988432B34132798290249,0.2617389589101086,0.3360610794701221,18.59391576144256,0.25879798560520034,0.33353002117504915,0.23300545440480397,0.3065958307779348,0.20311548507128444,0.2735248574754291,0.2568002890519208,0.3316199571636218,0.25957244186866474,0.334242885840947,0.2581374479968055,0.3329080757849746,ZONGULDAK,KOZLU,50616,0.622
54988432B34153029371714,0.19279729864588319,0.13945776752152736,2.120770285104715,0.17958397875234408,0.12990006050569777,0.1267306991781876,0.09166923244237941,0.08709073949757026,0.06299611139489063,0.17453938341495143,0.1262511089449478,0.18203382511491858,0.1316721294449151,0.17838931985324086,0.12903591736578446,ISPARTA,SENİRKENT,10331,-0.387
54988432B34226837880284,0.5660223000788552,0.7648196476477911,47.122061486033246,0.5598515767408135,0.7589327192969548,0.4969124335551206,0.6858677592386341,0.40718964529568,0.5780788593302849,0.5552459370240468,0.7539790456343518,0.5618138897327795,0.7609501167125248,0.5582353861977174,0.757222074021431,ANTALYA,KEPEZ,649102,1.392
54988432B3445581450876,0.06615088648440699,0.10900466591459651,8.725356252569116,0.06598532599796399,0.10873185225369977,0.06220089826239721,0.10249580156841333,0.05603856631658461,0.09234139592539169,0.06585918252639686,0.1085239906859077,0.06603276386740944,0.10881002126072917,0.06596781928652265,0.1087030043677024,DİYARBAKIR,ERGANİ,141098,-0.572
54988432B34477640243489,0.22403139457863594,0.2598701911607624,15.49773480548366,0.2174390449496529,0.2548076787031892,0.1857936222746995,0.2258636977500384,0.15787451104896452,0.19725951802734268,0.21324602953497154,0.25133734097554056,0.2190777869912595,0.2561172789258896,0.21564533297696734,0.2533426854823426,RİZE,FINDIKLI,16388,0.018
54988432B34565722813998,0.9013234361499975,1.4436592735085834,120.59966023613238,0.8942759824166774,1.4348773966880919,0.8036855480536542,1.296980352711958,0.6795788370729068,1.1010447784298538,0.8851755322254288,1.4219078482278698,0.8970148057880318,1.4385709824812745,0.8902062769739832,1.4291720252017917,ÇANAKKALE,GELİBOLU,44689,0.465
54988432B34660982943926,0.9453663107642238,1.4111260310399671,113.05488843967998,0.9359351214032048,1.4034139541013113,0.8363272639835301,1.2784446758904726,0.5881655262071229,0.9040106440418217,0.936808731896671,1.4041662143456402,0.9359600347562272,1.4034437172966268,0.9388253229946071,1.405910832338451,YALOVA,ALTINOVA,35490,0.556
54988432B34754350739794,0.03264305566004693,0.04152850519270078,2.2510166644882474,0.031938183952868786,0.04098025660020791,0.028421869099427535,0.03763901599995524,0.025221596978088127,0.0342053043468722,0.03172174386748995,0.04079930722781736,0.03203698187157215,0.04106120791961838,0.03192688720351702,0.040970983684535965,ADIYAMAN,BESNİ,75398,-0.444
54988432B34790562397224,0.5970516432099534,0.9259394795742985,75.0467521691388,0.5925259482683799,0.9207263987329369,0.5159523463612712,0.8111413594872224,0.393162063804784,0.625946585670423,0.5883445458523155,0.9152845663576589,0.5939562748086997,0.9225123884896258,0.5911829415654257,0.9190068437203618,AYDIN,ÇİNE,47906,-0.07
54988432B34891185513050,0.7083253456310815,0.6355399617849358,23.46965001566446,0.7021904352382545,0.6307414342727969,0.5868501971630271,0.5395371002430739,0.43731223250750656,0.4186769284863665,0.694979259653784,0.6250487742468341,0.704732208155769,0.6327270554941858,0.6998398430442999,0.6288739777945482,BURDUR,YEŞİLOVA,13915,-0.336
54988432B34962882153864,0.17775370506206947,0.2928534551788108,24.459598705141943,0.17672733049006892,0.29116243655074153,0.15571204770170005,0.25653825385084994,0.12599495073993747,0.20757685430589834,0.17566611297300558,0.2894140470625751,0.17707724831032037,0.291738948448752,0.1764348866423824,0.2906806388058791,MERSİN,BOZYAZI,26832,-0.211
54988432B34987359358505,0.09219807301916266,0.14185192645477326,10.521790823665315,0.09202691165330844,0.1416097255422483,0.08837491763477205,0.13640050821239924,0.08302482025724282,0.1286908443827214,0.09186866022150444,0.14138548021793781,0.09208127649936695,0.14168670194909752,0.09199095383048325,0.14155879391498058,SİİRT,MERKEZ,180837,0.074
54988432B35038871298949,0.15613337339854902,0.18945533492974137,10.635420664080291,0.15550532322170071,0.18882603345624377,0.14703443248270134,0.1791617847583221,0.1350767538040845,0.1652922179813292,0.155018393022187,0.1882958599247367,0.1556751685692148,0.18900654609446219,0.15536440123273113,0.18867414511114033,VAN,EDREMİT,132309,-0.377
54988432B35042353333735,0.3478703750947679,0.47350991546070464,29.94386702053941,0.3437409320234081,0.47022558789908825,0.3162787321989023,0.4426432468355798,0.2835782696360495,0.40462869516661837,0.343831548119381,0.4702957854651481,0.3438902911642647,0.470354518639477,0.344771095077444,0.47108334641677,KIRKLARELİ,BABAESKİ,46355,0.252
54988432B35345810127315,1.5276628243481472,1.5474342746314464,74.14582460604937,1.499177468312082,1.5234069802477708,1.0588277334037108,1.1210737425328108,0.2473521671562308,0.3828666471400201,1.507781291410234,1.5309040596264831,1.496315270721126,1.520892527359691,1.5133016828781776,1.5356500955305428,ANKARA,GÖLBAŞI,172810,1.79
54988432B35509610678021,0.2752706525642785,0.374634832682007,24.303411643724075,0.26949516070015733,0.36869254584013605,0.19358053913558218,0.27722235508057536,0.08556627267432335,0.14018212198238544,0.26590534636945085,0.36463148219682173,0.27084214575035337,0.37017795706745577,0.2687139925790001,0.36781966437615093,İZMİR,BAYRAKLI,296481,1.322
54988432B3557290765638,0.6864746964599195,0.6018747396999479,20.25860620557436,0.6825722232109113,0.5987762829891846,0.6059158516869007,0.537509858877284,0.5038528802141208,0.4552716081771433,0.6783029958523366,0.595381319078546,0.6838917070524252,0.5998246117489066,0.6813030958391507,0.597767166595591,ORDU,KABADÜZ,6794,-0.744
54988432B35702566688880,0.20017932926606227,0.26841601919088337,17.854093332098824,0.19824245003405525,0.26667220319668605,0.17961153631490914,0.24588187503000622,0.1567322334894638,0.21856024109231506,0.1968666501929053,0.2652774906409851,0.19876651042366006,0.26718154217493306,0.19778930630531966,0.2662198797808662,ZONGULDAK,ÇAYCUMA,91796,0.08
54988432B35722603775069,0.5351464515509889,0.7199580919970227,50.982300666377284,0.528647868703152,0.7135796866558183,0.4531019352428919,0.6290750251514629,0.35251440525337224,0.5076794932578296,0.522909641438501,0.7075656669222152,0.5306225260484593,0.7155998633371732,0.5265822202746261,0.7114346764838578,EDİRNE,MERKEZ,200753,2.113
54988432B35777167420059,1.6350112371601184,1.5211428480277143,52.1820444225175,1.61400974959321,1.5047026123666496,1.4337974117001082,1.3583028289091388,1.216651490527493,1.1791849496581976,1.6049952296077326,1.4975286989508871,1.6183084722124628,1.5081077994550154,1.6128479457693023,1.5037843318307615,NEVŞEHİR,ÜRGÜP,39979,0.527
54988432B35906022990026,0.6301610869528843,0.7782064310612343,44.394715686816625,0.6171166260965947,0.7674999550485379,0.5214422905711724,0.6742859756895431,0.4118076755397671,0.5557854661656224,0.6084975965937813,0.7598208636714464,0.6210062623446698,0.7708477083291954,0.6140189011016787,0.7647735874725453,ANTALYA,KAŞ,63957,0.203
54988432B35969765693903,0.33009269427012333,0.5133489707772493,35.57551760993482,0.3283949189216355,0.5109852685388766,0.2988799092686741,0.4701176525596773,0.25422900591721764,0.4060918094394634,0.3266423705466094,0.508588155854374,0.3289836336295662,0.5117930912647454,0.3278344888555731,0.5102180973836544,AYDIN,İNCİRLİOVA,58230,-0.091
54988432B36041856094312,0.1549342547560417,0.25529374135214383,19.65694356293901,0.15403131589865737,0.25380596532446575,0.1365621803075641,0.22502191507176442,0.11362013262631965,0.1872200040618514,0.1532806388087264,0.25256907081920993,0.15427645379839608,0.25420988017216667,0.1538874236448526,0.2535688733713135,KAHRAMANMARAŞ,GÖKSUN,49145,-0.502
54988432B36117430101282,0.3279974993685552,0.42533641830099134,28.10063316918155,0.32411172399935634,0.42171782968566257,0.2873434515535211,0.3795254359551004,0.24185707636589082,0.32528888790033317,0.3219549783940283,0.41945357197581273,0.32509392884786614,0.42271102948611056,0.323605144201515,0.42119484824205866,ERZURUM,PALANDÖKEN,181922,0.378
54988432B36177439275968,0.0188026674463538,0.03098338650043911,2.2821480046794513,0.018702036564854328,0.03081756505493019,0.016698469778646557,0.02751605029413193,0.013986442184200573,0.023047120585178812,0.018586054280949546,0.03062644728189727,0.018738616190517445,0.030877841645110565,0.01866567495995399,0.030757647723433597,MANİSA,SELENDİ,18568,-0.528
54988432B36260416662231,0.4531150234826639,0.5054637663961976,26.208435612504005,0.4470014941972416,0.4999797777454144,0.36152782517361937,0.41395936288540397,0.18417031822799537,0.24079345951473174,0.44765416162398414,0.5006525583364304,0.44703585976778437,0.4999882062419917,0.44918510562824454,0.5020669159799601,KOCAELİ,GEBZE,414960,2.334
54988432B36267085321319,0.0003910819931172142,0.0006444322105192815,0.05213293055501075,0.0003894789960850652,0.0006417907620786372,0.00035822612067792166,0.0005902916904308337,0.0003153435780289788,0.0005196290359535077,0.00038810185356296143,0.0006395214809167878,0.0003900326930012928,0.0006427031541957943,0.00038918451558040144,0.000641305511604529,ERZURUM,TEKMAN,20826,-1.277
54988432B36427542576396,0.020612562911057713,0.033965766041443426,2.336742033406861,0.0204795682750668,0.033746614996989305,0.018807884673295604,0.03099198354440958,0.01668424877883724,0.02749261666511244,0.020410123459515626,0.03363218253325443,0.020507662988044534,0.033792909989616905,0.020471864526051202,0.03373392061551742,OSMANİYE,SUMBAS,13049,-0.987
54988432B36565352267385,0.5404806119436728,0.7400039658008701,44.41010794354315,0.5382679838677423,0.7374700548933683,0.4919565429256093,0.6830564941246587,0.423423359921826,0.6001296891314517,0.5347823687399773,0.7334651708940279,0.5391446835578471,0.7384742917061794,0.5368771228358249,0.7358751194702173,ÇORUM,KARGI,15119,-0.583
54988432B36689852261015,0.2058722833519461,0.2708688148565738,16.805329271895236,0.20392352465509192,0.2689309393614237,0.1821019033398575,0.2433869336356547,0.14920587737211488,0.20422274701709558,0.20389793258915928,0.26891205549351915,0.20403914850201338,0.2690506116750936,0.20443355155561588,0.26947749255546344,TEKİRDAĞ,ÇERKEZKÖY,223975,1.034
54988432B36753420123285,0.0032948167372699763,0.0054292605403042215,0.450199793117005,0.0032786840783204122,0.00540267684365904,0.0029626994234747354,0.0048819914293568275,0.0025430508614207683,0.004190486693150214,0.0032670535376161935,0.005383511821521833,0.0032827789296047943,0.005409424416064275,0.003277267515530036,0.005400342605043079,KİLİS,MUSABEYLİ,11692,-1.243
54988432B36991847269691,0.04177838900157998,0.0567276224626095,3.6037328308247045,0.04166696520599947,0.05659043446563163,0.03935183993099067,0.053719865539867,0.036112018807921864,0.049676124899879805,0.041549042613304235,0.05644500481242676,0.041704856587007996,0.05663712100512265,0.041633959952250284,0.0565497490302252,ŞIRNAK,SİLOPİ,152610,-0.621
54988432B37281508268494,3.5712625324827543,5.289902351968701,431.0839274570447,3.5531064546283373,5.269487759325273,3.2156336873295497,4.838061330460569,2.6604215622595566,4.07307365825257,3.551396135123879,5.267475024428381,3.5549365516615725,5.27163458999735,3.5581273880503836,5.275358355298754,ESKİŞEHİR,SİVRİHİSAR,20189,-0.163
54988432B37425525232192,0.20440307845470201,0.15774645204946053,3.7132665817817796,0.19285029455677796,0.14934633432408198,0.14587994421903336,0.11449481518801471,0.11006578606290367,0.08738990254205374,0.1846583592554001,0.14334198524283973,0.19586632166403073,0.15154733749132007,0.18884244239934606,0.14641336823299142,KASTAMONU,KÜRE,5108,-0.564
54988432B37474601695355,0.19036299545792507,0.2632873627434729,16.29034728454299,0.18912955257851363,0.26218279831813196,0.1778180109421852,0.24949283299669173,0.16412345011474963,0.23310147796223588,0.1881359842279678,0.26117473695517646,0.18949018546940785,0.26253127008528504,0.1887479666565447,0.2618034512580621,BARTIN,MERKEZ,163766,0.475
54988432B37568422397165,0.4093881818244536,0.5674196593121169,35.460547980942245,0.39967283078770616,0.5570436254826696,0.27874235321352053,0.4102761648711408,0.13825328093743144,0.22781633778609928,0.3932630967166452,0.549683694851233,0.402061321486732,0.5597355535120323,0.398280594018196,0.5554592501747094,İZMİR,ALİAĞA,110892,1.154
54988432B3765894828003,0.714491484437299,0.7170538939302731,31.14095166415974,0.7132099343219709,0.7155420790426483,0.677019041737587,0.6778913911014378,0.6045758633619092,0.6089806072596347,0.7122795376560425,0.7144801194827076,0.7135935139671471,0.7159851889533875,0.7131074894798775,0.7154287579864639,NEVŞEHİR,ACIGÖL,19430,-0.746
54988432B37815210260305,0.020899521396517858,0.03443862159185716,2.709902146449761,0.020789565170349685,0.03425743366928085,0.018641774653334334,0.03071826435192055,0.015798790404168893,0.026033541822105516,0.02070911863083667,0.0341248723593781,0.02081780686086149,0.034303970854233444,0.02077914523202028,0.034240263500341164,HATAY,HASSA,57457,-0.627
54988432B37822408254427,0.002736291505562098,0.004508912234744614,0.38192420047028774,0.002730023062819107,0.004498582977748707,0.002598199457703108,0.004281361579835705,0.0024116630004426334,0.003973983322563774,0.002726055561515428,0.004492045255019546,0.0027317757784924763,0.0045014711353618935,0.002729859020503222,0.004498312665757603,TUNCELİ,HOZAT,5332,-0.304
54988432B38029735650586,0.692804051703755,0.9445337323743644,70.01453701144918,0.6844913518691293,0.936471209580094,0.5940684733063738,0.8272662933291008,0.47318982360008244,0.6696283500190775,0.6788953633572559,0.9299596972198776,0.6866178307016885,0.938764738371838,0.6829569738230643,0.9345585968288285,ISPARTA,KEÇİBORLU,14033,-0.147
54988432B38192653794481,0.04137963729670887,0.06815659979140315,4.949177792140484,0.041111768171796126,0.06771747673878598,0.03593866927459296,0.05920225455637076,0.02910547584995983,0.04794922092141467,0.040803314139750836,0.06721056503874095,0.041212482566169155,0.06788292557994662,0.04101389060279324,0.0675567890460909,AYDIN,KARACASU,17225,-0.422
54988432B38234648965516,0.7159757537646999,0.8553864031098166,50.56901123790253,0.7082763548270165,0.8485015226316207,0.6357345703520008,0.7696573056504318,0.5304199751280948,0.6483660579943458,0.7086123879233761,0.8488269233440121,0.7085024493421054,0.8487173351293151,0.7104730317095828,0.8505874547095682,SAKARYA,ERENLER,92549,0.69
54988432B38360360890356,0.45804498992904064,0.6342318135811084,38.577366024964455,0.45304733873810005,0.6282995909052091,0.3612793555055931,0.5134684967025365,0.1870528915321313,0.3050126397480067,0.4541857221278375,0.6297100153589572,0.4528502400899776,0.628054346600143,0.4554111561134245,0.6312120268696146,İSTANBUL,SULTANGAZİ,529306,0.816
54988432B38529977657987,0.4632861502316984,0.7634115688044446,67.08796232864704,0.4624324009446686,0.7620047447881186,0.4455571071345547,0.7341973205532867,0.4107030099973912,0.6767640884969487,0.46122796763809815,0.7600200570964418,0.46276053345504903,0.7625454476655948,0.4619759415653234,0.7612525824998501,DENİZLİ,ÇARDAK,8497,-0.236
54988432B38557557981800,0.00011395922806043668,0.00018778414383821342,0.011902131764854213,0.00010990318970853036,0.00018110052810782482,8.96248568331897e-05,0.00014768551255996015,7.14832934837837e-05,0.00011779150573456971,0.00010849659934369281,0.00017878272224087013,0.00011049608134727188,0.00018207750602058202,0.0001097193335295152,0.00018079756646309148,KONYA,AKÖREN,5744,-0.672
54988432B38576388688416,0.4944467977712951,0.5993668502840944,36.28070943755409,0.48667546558865094,0.5929155461828075,0.39415814912369895,0.5025219225034576,0.23396388218074066,0.32966105066817974,0.486585515949417,0.5928390304902467,0.4870654880181502,0.5932501978034752,0.4886396538283708,0.5945936855730817,BURSA,GEMLİK,124400,0.743
54988432B38658846076,0.08691495371778717,0.06286895871908678,0.9560644908956587,0.08625802479442678,0.06239377653699389,0.07365391684003632,0.05327673615694108,0.057250477675010014,0.04141149208092611,0.0856727065092462,0.06197039310831456,0.0864926631666814,0.06256349957668035,0.08612791305939954,0.062299661670122346,ERZURUM,HINIS,23011,-0.909
54988432B38688250747899,0.2520747904494511,0.3022475001243737,19.042885209910622,0.24572258991879006,0.2968380822984287,0.19606006926146555,0.24527086633590325,0.14198841795555436,0.18529614033616618,0.24151956265864766,0.2928543704681031,0.24730025914388815,0.2982760608862192,0.24428601042810139,0.2954973497426574,UŞAK,BANAZ,34624,-0.264
54988432B38711157277910,1.7504492936704736,2.737202827682606,237.97060506304223,1.7436396455789913,2.7291351845176246,1.556039592673916,2.4555060171703174,1.1539833322732713,1.8404665258879556,1.7376007788915486,2.7213843234329924,1.745615822505269,2.7316099224819586,1.7420098291077737,2.7271313576957734,BALIKESİR,SUSURLUK,37676,0.225
54988432B38730133189438,0.3713729226913277,0.5445978688768361,21.968672543302393,0.36026846326270956,0.5351266262197195,0.29140498003859355,0.45695966447276104,0.225354676377939,0.3713436435452701,0.35527117064509883,0.5302585462805816,0.3623455672035587,0.537063817804599,0.35912360729981163,0.5340355051300961,İZMİR,KARABURUN,13725,0.676
54988432B38814369243914,0.8485385861815862,1.3803787751573338,117.36125443333697,0.84295167021808,1.3727702902663554,0.7086380325954276,1.1578367285041993,0.39633123303147805,0.6480049714647128,0.843832977864104,1.3747357144777177,0.8426792713853806,1.3720997244736068,0.8452392888632257,1.3766079412281524,KONYA,KULU,51732,-0.125
54988432B38852323422695,0.09810485703468552,0.16165901523006654,13.087850644139655,0.09777730061014976,0.16111926163760154,0.09145999895284568,0.1507094940103986,0.08230104836549891,0.13561720421716397,0.09724227197925937,0.16023763146959621,0.09791475862620225,0.16134576752306112,0.09755111532312614,0.16074654929832521,KASTAMONU,DADAY,7736,-0.451
54988432B39031228995551,0.0038592335948719712,0.006359317177020257,0.4982722588166077,0.0038482812653765656,0.006341269723976455,0.003566006295155035,0.005876131757423224,0.0030578869039971615,0.005038843137096905,0.003829743953924886,0.0063107235960387495,0.0038528507531154924,0.006348799411193874,0.003840837031983704,0.006329002977193394,DENİZLİ,BEYAĞAÇ,6011,-0.57
54988432B39086486871912,0.0,0.0,0.0,0.0,0.0,0.0,0.0,0.0,0.0,0.0,0.0,0.0,0.0,0.0,0.0,BİTLİS,HİZAN,29948,-1.103
54988432B39242508990660,0.3611587637396729,0.47930637579812074,29.904405489672797,0.3556210935170976,0.47476081952867977,0.3188677389208435,0.4365137698281952,0.278359182373881,0.3893718211980854,0.35248205884000255,0.4718781495630337,0.3568059739253958,0.4758027136569334,0.35459971949200814,0.4738350926503688,ORDU,ÜNYE,135914,0.266
54988432B39563572942554,0.02456429045039277,0.04047749646719161,3.3421677112059904,0.024552129801785366,0.04045745792335339,0.023833030983919135,0.03927251346430119,0.021815480984879336,0.035947956904304544,0.02453924633176299,0.040436228300891115,0.024556457087483934,0.040464588505526325,0.02454959301373088,0.04045327775663044,ISPARTA,GELENDOST,13985,-0.641
54988432B39641834885080,0.5104030508548565,0.623252383442862,34.100282288397544,0.5034637414852245,0.6162684535374202,0.39216433356365166,0.4947445301563225,0.16057709290678182,0.25686987304764397,0.5049293406045885,0.61781726821265,0.5032119109485891,0.616000896930656,0.5065373801175166,0.6194945962916147,İSTANBUL,FATİH,351786,4.226
54988432B39702519018087,0.32136793831738564,0.35174841863510437,17.483963373371456,0.318958625472265,0.34952258102042566,0.30025415249456905,0.32994649354953187,0.2770570159256215,0.3050615318900086,0.31742600273742305,0.34801430261953786,0.319499692486338,0.35004267210612244,0.3184357692501263,0.34901409959599694,KARAMAN,MERKEZ,207973,0.761
54988432B39717738295698,0.00026536541301509916,0.000437274082454182,0.03090260056282677,0.00026407695906532225,0.0004351509439778006,0.00024403320476421378,0.00040212247138459367,0.00021735429235127685,0.0003581604613634208,0.00026331299205071174,0.00043389206486637666,0.000264377314177827,0.0004356458747403994,0.0002639935476675145,0.0004350134971190402,ADANA,ALADAĞ,15839,-0.764
54988432B39718054130595,0.08248511143099732,0.12624094922248869,9.517452890044645,0.08146200725028852,0.1251542399447273,0.07293226963003277,0.11349550260550867,0.06313046737722744,0.09914145251830275,0.08100355128255164,0.12459978473140126,0.08164288559317386,0.12536543819726984,0.08139212591217602,0.1250713565571341,HATAY,DEFNE,139605,0.338
54988432B39847004244827,0.14561961519251668,0.23995472091538475,20.01556748143388,0.145108522201144,0.239112532341102,0.1332286370456446,0.21953663576133445,0.10706213731572005,0.1764189889269756,0.14462773245314473,0.2383202780170703,0.14526312791845702,0.23936729452887948,0.14496584989480765,0.23887743425075192,BALIKESİR,BALYA,12296,-0.6
54988432B39970193514521,0.22623454726916944,0.2757714868670393,16.951496493826355,0.21930072371036208,0.27010951904992087,0.1775604072993986,0.22759418316435268,0.13631253173474225,0.18144514871391662,0.21517771307843517,0.2663667775896525,0.22083237930411884,0.2714429224342272,0.217820143395274,0.26878884059531977,SAMSUN,ALAÇAM,24560,-0.417
54988432B39980691668600,0.14303720750854237,0.20048512513871777,13.421356390925837,0.1406536783789813,0.19849497181992118,0.12627685628141905,0.1825544578684117,0.11157067300468158,0.16413374593002955,0.139413376521225,0.19731619320766533,0.14115068133045225,0.19894493450734296,0.14027198096910196,0.19814007466297623,VAN,GEVAŞ,26253,-0.794
54988432B40127483323381,0.08644617518509022,0.12884594106580605,8.790062508056431,0.08475641976414107,0.12725709490849016,0.07179793356796503,0.11068611689967887,0.057132122252444816,0.09010621230379347,0.08364768133319066,0.1260139227547222,0.0851856759563962,0.12770652807041832,0.08437347179977621,0.12683468415767754,AYDIN,KUYUCAK,26196,-0.224
54988432B40132817708640,0.3822188164697287,0.515556706486925,33.785426081898926,0.3794092220945184,0.5127248227014507,0.34390399708988684,0.4705529482363329,0.29212627829425036,0.4074333495591732,0.37635129234638315,0.509302158167826,0.3802776270364664,0.5136597216788642,0.37814030550419453,0.5113230519864151,ÇORUM,MERKEZ,299565,1.026
54988432B402287673455,0.4014930250332217,0.4018906784174646,19.16746549640652,0.3963020191729791,0.3972405180488811,0.30395762229969675,0.31443339222756356,0.1871275566579216,0.20666667760255275,0.3899305175071073,0.3916929508394294,0.39821019710348327,0.3989113295187238,0.39407188981006075,0.39532244072974204,AFYONKARAHİSAR,SULTANDAĞI,13641,-0.368
54988432B40385589534090,0.19096344936158985,0.27009361114535113,17.35329658479348,0.1886069919090442,0.26751530188591593,0.15580883130485876,0.2250497928254901,0.10340542807923736,0.15427760503463,0.1889050772674633,0.26789918622958175,0.18860239719760116,0.2674970287365539,0.18949070187695718,0.26857433878470094,KOCAELİ,DARICA,235632,0.603
54988432B40899353462768,0.03818721678288932,0.06292417159493506,4.2949810348644455,0.037978724597373975,0.06258063152516005,0.03422859212847505,0.05640140813107646,0.029062452071475297,0.047888939322104154,0.03774979791312153,0.062203422509343666,0.03806371150088696,0.06272066694265821,0.03790363478868568,0.06245690404083865,ANTALYA,GÜNDOĞMUŞ,6953,-0.815
54988432B4104847116325,0.10353239821501696,0.17060261892975695,14.394587587998672,0.10301833912138089,0.16975554275678129,0.09404754925735609,0.154973307716763,0.08195076446179353,0.13503999986015722,0.10256872703753263,0.16901466356988482,0.10316543432578287,0.16999792898114816,0.1029044535795818,0.16956788003454037,MALATYA,AKÇADAĞ,31479,-0.514
54988432B41050600008895,0.2069127615050808,0.3409547118713886,20.239750990028877,0.20658725130026787,0.3404183300779898,0.1996548333562705,0.3289949623481573,0.18971875425636706,0.31262210568143256,0.20615484589231578,0.3397058043729171,0.20671428163926098,0.34062765304248593,0.20643615973888024,0.34016935858196223,GÜMÜŞHANE,KÖSE,6107,-0.629
54988432B4112577845530,0.008404011234551374,0.01384828663151362,1.0092509920162027,0.008378625698201983,0.013806455870719802,0.007854402892739983,0.012942631743621107,0.007124179943356344,0.01173935673294536,0.00833232047749957,0.013730153263437921,0.008389961103538842,0.013825134563287923,0.008358747298407302,0.013773699872369776,KASTAMONU,HANÖNÜ,4286,-0.427
54988432B41170442786608,0.43024178435403415,0.5675947500435045,42.175886352598816,0.42381438111073994,0.5627245614577727,0.3557230871773855,0.4956878377912219,0.2449576217082375,0.3603070964619232,0.42143206275375017,0.5608978197534802,0.4249228706805867,0.5635689643352462,0.42378707370998575,0.5627417990876626,BİLECİK,OSMANELİ,22025,-0.154
54988432B41213332539670,0.14326097052250797,0.10852724995609345,0.8699218721037398,0.14316843185704822,0.10845763145423172,0.14110140730061524,0.10690223993830161,0.1379952116049329,0.10456437176846639,0.14310858623347625,0.10841260673675356,0.14319131972507204,0.10847485079024516,0.14316561685615947,0.10845551361900273,ADIYAMAN,GERGER,14497,-1.289
54988432B41389891217354,0.02185354934680256,0.03601068666189192,3.103451002316519,0.021725119499459194,0.035799057561404724,0.018861513198514757,0.031080353629614477,0.014391144338173465,0.023713996351070955,0.021622379253467095,0.035629760265698904,0.0217613792254039,0.035858807014855956,0.021707989687778137,0.03577083073786981,KONYA,YALIHÜYÜK,1704,-0.682
54988432B41479825758135,0.009363970269847876,0.015430125054175714,1.321742385533146,0.009315384228652026,0.015350064068297394,0.008381760471367742,0.01381162140847465,0.007133492144484049,0.011754701551840484,0.009281793692257142,0.015294712955225323,0.009328137792102164,0.015371079628284344,0.009311684139322977,0.01534396699201313,ADANA,YUMURTALIK,17806,-0.448
54988432B41555288308569,0.15926335031310127,0.2624371224021486,18.292631213281293,0.15884754860383438,0.2617519565817928,0.15223948768248413,0.25086307041025413,0.14004529994319664,0.2307692601642762,0.1587280846645214,0.261555101671969,0.15891329917943428,0.2618603016079575,0.15887285182372085,0.261793651699982,KIRKLARELİ,PEHLİVANKÖY,3276,-0.387
54988432B41651789151995,0.4139825473181936,0.4696185329423805,24.757102850127755,0.39577397994946173,0.45578094024050925,0.3108158027876158,0.3809713477495571,0.23464273072776792,0.30467845151212636,0.3842675329133268,0.4465412064688199,0.3999640538867898,0.4590564593224017,0.3907952848922888,0.4518256232348843,DENİZLİ,BABADAĞ,6199,-0.43
54988432B41717304515053,0.12277806514391756,0.20220121292718696,14.704260407691297,0.12228054245853898,0.20138139853283651,0.11218928089244962,0.18475693348971484,0.09832287475429738,0.16192076213051854,0.12149355839299819,0.20008467420323744,0.12247855920374667,0.20170768544960357,0.12196592169315142,0.20086298717949852,ÇORUM,İSKİLİP,28132,-0.492
54988432B41731057290221,0.07601543837844059,0.12525602004897335,11.305914281388963,0.07546518480738755,0.12434939626694194,0.06486607429469154,0.10688461937767141,0.05102315583483743,0.08407465820423808,0.07506779709910417,0.1236946119715622,0.07560503734794048,0.12457983223668127,0.0754156834686233,0.12426783299589925,GAZİANTEP,İSLAHİYE,66107,-0.37
54988432B41923494384983,0.11984374155472766,0.1602123575890881,12.344651409341019,0.11698043028239155,0.15778024313878722,0.09927815390174201,0.13775451489421406,0.0812853039737726,0.11496387080495463,0.11557031570137132,0.15640901840220037,0.11752797158549506,0.1582883095710225,0.1165927888660234,0.15741098756110186,MALATYA,DARENDE,24806,-0.43
54988432B42317071313317,0.06604364053814299,0.0935868363807304,6.128450452540094,0.0652108926460408,0.0929010676008794,0.060326071321383644,0.0875975627961083,0.05536385611498885,0.08148007816213952,0.06495673986340078,0.09266732273734465,0.06534606881740163,0.09302156076881939,0.06520917048118854,0.09289951434149765,HAKKARİ,YÜKSEKOVA,121314,-0.477
54988432B42480062552941,0.5034493425779331,0.7891962982080526,61.96254542995103,0.4975643594170138,0.7831284013875632,0.4372895226761174,0.6983715539908681,0.34569714695605963,0.5583965686247766,0.4935830925084957,0.7782567251294383,0.49901416758581857,0.7848041016736479,0.49631510903278614,0.7816361063153476,BALIKESİR,HAVRAN,28152,-0.471
54988432B42537798985554,0.45952355008564677,0.6500004530736018,45.032391623958155,0.45681735542660296,0.6469551236849915,0.427629853318678,0.6074666596047643,0.38278146189092277,0.5473541694649304,0.45396088231770243,0.6432981351687503,0.4576725474386379,0.6479922782767893,0.4555341988342298,0.6453449264854272,KASTAMONU,TOSYA,39091,-0.066
54988432B42778469156443,0.2539988429442087,0.3442369435705142,21.45649695327899,0.251895482138168,0.34165998179449,0.21388642918944933,0.2933716648809492,0.14010770294968708,0.2059870203981613,0.25186536488630307,0.3416210684893454,0.25202384074645273,0.341825605943208,0.2525263271210032,0.34246970646402297,BURSA,GÜRSU,105799,0.176
54988432B42781548815333,0.05934740182233729,0.09779375685415934,7.123197902989811,0.05923629195606858,0.09761066794188468,0.05686882641254271,0.09370951401408074,0.053476050350607075,0.0881188342695015,0.05915931845831245,0.09748382957503736,0.05926808954760904,0.09766306460694789,0.059229298975212376,0.09759914477745725,BİNGÖL,SOLHAN,33233,-0.73
54988432B42922593275037,0.25877229920973477,0.3177806758628683,18.519075054098423,0.2547097950563288,0.3136931142373312,0.18926848653129108,0.24491393997426622,0.1067664604266095,0.15439343740777028,0.2512902380177468,0.3101955619542096,0.25588348187538673,0.31488756002636287,0.25388881206754377,0.31285619174262647,MANİSA,AHMETLİ,17612,-0.292
54988432B43283240341511,0.08516975521040407,0.14034431292052982,11.96512157555199,0.08485947950655501,0.139833034822277,0.0784555541290117,0.12928052701143075,0.06812088804697755,0.1122508712731574,0.08469409667266649,0.13956051390057667,0.08493201214396372,0.13995255545652444,0.08486328021763281,0.13983929770495768,NİĞDE,ÇİFTLİK,25157,-0.977
54988432B43554953634888,0.04876266939038542,0.0803413755765711,5.772319735271491,0.048621092987559476,0.08010878242554571,0.045979892713721555,0.07575935965420527,0.04207682926876613,0.06932991609900227,0.048526745375183304,0.07995353514539612,0.04865708489067306,0.08016798756696494,0.04860981764134406,0.08009022927331208,ADANA,KARAİSALI,22872,-0.546
54988432B43586111700831,0.25019650250155445,0.37539744352328397,22.6677729959816,0.24593173972561477,0.3708258228169546,0.2266091619498491,0.348809458477062,0.20619473303987398,0.32253798642396514,0.24353451814310093,0.36823570621993557,0.2468683111031131,0.37183277478262794,0.24495722824318283,0.36977541655246576,SİVAS,SUŞEHRİ,25056,-0.28
54988432B43626736255275,0.2709457726879372,0.3324889345249519,20.136642739077285,0.2681719922179519,0.3297560956013663,0.23729428459840474,0.2949670193329455,0.19231636272171537,0.24465263357045414,0.26666763027159773,0.32812955166046254,0.26871120337972054,0.33032576668132635,0.2678698709584767,0.32943322707843303,KAHRAMANMARAŞ,ONİKİŞUBAT,447591,0.686
54988432B436343701670,0.46120879704112383,0.34353710457394626,6.49951755211497,0.42657534507515243,0.31838975978901995,0.2865131407302408,0.2152818603897483,0.1804312479638661,0.1362450488495881,0.424628945486856,0.3168587620867589,0.4286465928474837,0.3199242742014079,0.43237852713523955,0.3225439291379549,ESKİŞEHİR,HAN,2126,-0.687
54988432B43742920895959,0.3041017906462852,0.41658954450068836,27.218345391250743,0.2980950428989985,0.41037821648236017,0.21412153863746758,0.3098384427351238,0.09590937021114325,0.15738767349398436,0.29423726887271084,0.406033990310041,0.29952515310464933,0.411953755014359,0.29726078577051657,0.40944856475149277,İZMİR,KONAK,317399,3.465
54988432B43754311054552,0.2605785308512559,0.350052102961494,18.87546091684652,0.25960734935191226,0.34846701908538047,0.24210506322610206,0.32409275627130224,0.21138330854282764,0.28683424043187244,0.2581962511721006,0.3462409792520601,0.26000462505150784,0.34911053275858916,0.2589886898787774,0.34748000196861245,ÇANAKKALE,ÇAN,46612,0.258
54988432B44345748787978,0.08595688020779911,0.1163448806700515,7.4845213761022205,0.08415085645993854,0.11487147073154202,0.07401231535330617,0.10417535225052181,0.0640017700291886,0.09218755789467153,0.08268401471818318,0.11351307840439351,0.08465325618393064,0.11530819473480132,0.0834514729230035,0.11423762731086926,KASTAMONU,TAŞKÖPRÜ,36544,-0.319
54988432B44443308147205,0.002678606795832751,0.0034736853693931873,0.18660671918829608,0.002648134288891227,0.0034446287722181322,0.0022952736020530563,0.0030764441213331174,0.0018603861955269556,0.002603505472601693,0.0026425807369415354,0.003439978493014314,0.0026518598968422787,0.003448003035226376,0.002652801162994743,0.003449873505624334,ESKİŞEHİR,MİHALGAZİ,2861,-0.452
54988432B44474126810300,0.014302019826283534,0.023567135316250903,2.0832463142043762,0.014234857328781008,0.023456463698811904,0.012897722184665892,0.021253107441427648,0.011084919103195647,0.018265936675224925,0.014170176236799998,0.02334988098772393,0.01425556144164806,0.02349058032258025,0.014218628716377813,0.023429721888274194,MALATYA,YAZIHAN,13937,-0.696
54988432B44685519111257,0.22710403865448614,0.2813858223897221,15.90607872676596,0.22199483105878667,0.27652018687990865,0.16429813031592308,0.21488716390475063,0.09564910381721813,0.13960909720085113,0.2186496577562526,0.2730983789599925,0.2232119657133805,0.277741830502229,0.22116951531770918,0.27568325785627723,MANİSA,SALİHLİ,165007,0.616
54988432B44714852164400,0.1090826143378483,0.1463954031626886,9.893909834971378,0.10729262853265495,0.14497908285156225,0.09788243515193897,0.13561827345694907,0.08871510964383175,0.12513085983560993,0.10630388646352518,0.14412048292485508,0.10768741478000105,0.14530855182527191,0.10693461706590429,0.14467373151836263,MUŞ,HASKÖY,27684,-1.032
54988432B44792581222483,0.5367859117674456,0.6115108580414336,31.754229841557727,0.531309100594725,0.605996276275525,0.436054440562673,0.5032317870149272,0.1360767923172813,0.22304329978149037,0.5324532941233318,0.6071879206267629,0.5311191023165875,0.6058017167940973,0.5337398688716823,0.6085348228409001,İSTANBUL,PENDİK,752033,2.485
54988432B44858754124976,0.31814197735489347,0.39431011952608114,24.49891964527558,0.3151166362114531,0.3912339987919921,0.25789403265046223,0.33095893854620917,0.1828157495513137,0.24890153187306668,0.3126589503670464,0.3885218864097057,0.3159953847891326,0.39220528609414823,0.3146611663273617,0.3906423675820519,KONYA,AHIRLI,4536,-0.907
54988432B44904988646230,0.028018134135339032,0.04616880458121895,3.8614007527787044,0.027998494210254864,0.04613644154594969,0.026710396715121692,0.04401389044218607,0.023276701881493674,0.03835578398157914,0.02797929435444262,0.046104803665043666,0.028004426360796232,0.046146216654376536,0.027995732401671497,0.046131890586197696,ÇANKIRI,BAYRAMÖREN,2209,-0.836
54988432B45006727271001,0.40554335816447185,0.5365574741148806,37.20918188237623,0.39270883304468057,0.5250906275869324,0.26323949994397244,0.37809151556165016,0.11131887436276326,0.18343331971465313,0.38542765509276095,0.5178048307346428,0.3955164549070621,0.5277992016969931,0.3910693715254572,0.5234579855739098,İZMİR,DİKİLİ,49138,0.609
54988432B45078999476524,0.4523404352503889,0.5683095727745253,31.90205387003423,0.44694393623342604,0.5624667637733404,0.35195683246512527,0.4537206372220558,0.15628267126778447,0.2457836639295133,0.4480882867490065,0.5637787810255523,0.446746929871825,0.5622396308094829,0.4493398929892011,0.5651933834704844,İSTANBUL,GÜNGÖREN,251242,1.92
54988432B4509527375863,0.9063729415548347,0.9174622261777892,39.869348971547204,0.8947779286084258,0.9079217380195302,0.7612249438769632,0.7890171243614662,0.5759721453195518,0.6222662042616605,0.8851946167705192,0.8996502729570343,0.8987220217960783,0.9112664316885211,0.8914532952898564,0.9050701151306366,ANTALYA,SERİK,147062,0.852
54988432B4527245450623,0.16079119287994867,0.1854792933364707,9.467928174587586,0.15824310199621533,0.18347635526386544,0.14515183068758944,0.1706877286157126,0.1324190056826337,0.15629390281621772,0.15746671100219178,0.18280685113360814,0.15862706765975051,0.18379600513790192,0.1582125196493237,0.18344418728126638,NİĞDE,ÇAMARDI,11631,-0.733
54988432B45288450631555,0.5420773013634387,0.8929173534481222,78.7335793259212,0.5403225944037335,0.8900259438794904,0.5008379415994266,0.8249721401464443,0.435241055799803,0.7169124060559949,0.5393584977394493,0.888437343265619,0.5407435535650525,0.8907195932805295,0.540354530072721,0.8900785733361143,AKSARAY,GÜLAĞAÇ,19099,-0.688
54988432B45351721911110,0.48339393667494424,0.674407289334427,46.69935841326525,0.4784318779272708,0.6694985615010974,0.4252855587457063,0.6048984479877436,0.34658433877125294,0.5036763183225634,0.4786619041356807,0.6697483998424533,0.4785832232083756,0.6696601724184518,0.47990717173149494,0.6710655350222484,SAKARYA,ADAPAZARI,284006,1.392
54988432B45520240817550,0.3334380713665923,0.549445479934578,42.4972550069018,0.33266260245030926,0.5481676477748155,0.3163737253045838,0.5213265318691013,0.2933462920135492,0.48338149732520924,0.3314652999847035,0.5461947104160266,0.33301497983117717,0.54874830180258,0.33219545319446897,0.5473978705084572,ARTVİN,MURGUL,6457,-0.165
54988432B45526631886391,0.08629550544186493,0.14219934517187535,9.280545201809375,0.08613331653898132,0.14193208726932183,0.08272077923879301,0.13630884458736903,0.07788315105971633,0.12833731054596825,0.08602963836988002,0.14176124444640378,0.08617316923593106,0.14199775728748282,0.08612842350045274,0.14192402442907184,ADIYAMAN,GÖLBAŞI,47917,-0.133
54988432B4572982362376,0.44497122515128407,0.5831678721175487,37.58883735328925,0.4380316186316889,0.5764254137819395,0.34211855067665936,0.468193371363875,0.20434257860742863,0.3036058233765046,0.43324437362121115,0.5713971075446324,0.4397394173786414,0.5781799762961972,0.43686757217272243,0.5752176140242266,MANİSA,YUNUSEMRE,270355,1.581
54988432B45752355908824,0.3928784229702534,0.528186960803823,31.801885984411413,0.38798128541236704,0.5226676796741709,0.3070919631783864,0.4232549010346383,0.14957294217931147,0.2413757450787583,0.38903775363206167,0.5239271388797292,0.3877995358639021,0.5224496387487086,0.3901924142560909,0.5252828539904456,İSTANBUL,ESENLER,419878,1.354
54988432B45816327347427,0.05755450253880887,0.09483938393784778,7.153328357970309,0.05708313817168389,0.09406266093241053,0.0502390772063191,0.08278488948176531,0.0415260369746627,0.06842737909865015,0.05678589371878193,0.09357285597278718,0.057188795110761456,0.09423676440944294,0.05703694800039184,0.09398654790569529,KONYA,GÜNEYSINIR,9237,-0.621
54988432B4585133817151,4.127526177367372e-05,6.801414704000023e-05,0.004953031412840847,4.114253777159909e-05,6.779544195116663e-05,3.840792370572062e-05,6.328929383285377e-05,3.461361226123587e-05,5.703695658746426e-05,4.1013208102770315e-05,6.758233010803435e-05,4.118374161072965e-05,6.78633384066417e-05,4.1110164631864325e-05,6.774209688704226e-05,DİYARBAKIR,ÇÜNGÜŞ,10057,-1.092
54988432B45859142187926,0.0013841951695190609,0.002280902645947,0.1162587500725885,0.0013516724010137011,0.0022273110207405838,0.001216751455146745,0.0020049857669047853,0.001110653173718937,0.0018301550377069656,0.001333450147974686,0.002197284051938022,0.0013588215282078545,0.002239091486019206,0.0013442519921844779,0.002215083532518338,GİRESUN,ÇAMOLUK,5709,-0.92
54988432B4589751730887,1.4833549853359622,2.0774095295229533,154.05799629996244,1.4526395676141521,2.0469660288647624,1.1199441602962539,1.5963705341661114,0.5864997147340908,0.7944318565405849,1.4454149867272585,2.0397440827966133,1.4562438924839087,2.0505698772679772,1.4542886797708547,2.0488519547923203,DÜZCE,KAYNAŞLI,20379,-0.099
54988432B45931517008549,0.0467388780472044,0.07701719595185644,5.609030536936612,0.046652748438488274,0.07687526997440686,0.04481604787233724,0.07384872048673465,0.042181409652081114,0.06950731443358159,0.04654739221916216,0.07670166202899596,0.04668468864365973,0.07692790164087407,0.04661850315825871,0.07681883996221867,MUŞ,BULANIK,68983,-1.036
54988432B46025215892894,0.21928554772340736,0.3318810823223265,28.288269559530363,0.21651207382088627,0.3284791747633981,0.18267503869513782,0.27739497457516576,0.14162876324383447,0.21326297904416577,0.21441083596500488,0.32553225438170996,0.21726739412369375,0.3294993741667909,0.21591155636001896,0.32765011395649124,MERSİN,MUT,62758,-0.179
54988432B4616590264443,0.5946060122421991,0.5774216666096565,23.551381773385113,0.5853912381148213,0.5700145831008379,0.48531597700952844,0.4830186659212742,0.3280103415802844,0.3483279688047257,0.5789108997944644,0.5645191142044155,0.5877322095621336,0.5719650117568764,0.5833634981882567,0.5683076325530286,BALIKESİR,ERDEK,32080,0.352
54988432B46438308523987,0.030315840755892415,0.04995500845321417,4.400128935475639,0.030299672308472237,0.04992836578365887,0.0290715631872196,0.04790466464247509,0.02564455203047095,0.04225757166942725,0.030295475717325035,0.049921450562408,0.030301868788821303,0.04993198518499062,0.03030417555414743,0.0499357863159668,KIRŞEHİR,AKPINAR,6435,-0.596
54988432B46507991557572,0.3605080401289757,0.44154736652220217,23.799292461980546,0.35717980960353357,0.4383251052475077,0.3236845180605909,0.40012276700370564,0.2799916769368025,0.3481577865173709,0.3569428993538307,0.43807808369835405,0.35743775004190154,0.43859228223364677,0.35790128891606926,0.43906753357744677,ESKİŞEHİR,ODUNPAZARI,431652,1.95
54988432B46518682235057,0.09176827713158249,0.1512174805494737,11.0386698164318,0.09146830987042112,0.15072318889556038,0.0860551015517941,0.14180320315300887,0.078498761576054,0.12935172504943396,0.09109969019426302,0.15011577051034142,0.09157541972565728,0.15089968651496766,0.09133443373378941,0.150502585297891,TOKAT,PAZAR,12875,-0.633
54988432B46569875882636,0.11473846133442119,0.18906817897688455,14.415473095965694,0.11451515951629337,0.18870021807149467,0.10978241310247655,0.18090151016123537,0.1030332887805734,0.16978017708433785,0.1142877059934796,0.1883254159096029,0.11460459035938947,0.18884758388459605,0.11445509052250342,0.18860123526192277,ARDAHAN,HANAK,7668,-0.926
54988432B46575800975320,0.29735648492497485,0.3390117530080988,21.030458361165437,0.2928484331602113,0.3353920760826579,0.25894119356010514,0.3030448345013867,0.21957826106362338,0.2626290871282652,0.2895694395479316,0.33252162069467833,0.29397437567667273,0.3363433764721123,0.29155837492896264,0.3342781108311937,GİRESUN,TİREBOLU,32124,0.014
54988432B4660350003677,0.24354007135515704,0.34762301282150326,24.947858024667706,0.24140670320974097,0.3453453905268192,0.21750428883813125,0.31391943898251473,0.18640961111105436,0.27207006952991797,0.2401140240061502,0.3437717982210701,0.2419787096374439,0.34601567175114784,0.24110702024287672,0.344986626164733,ERZURUM,YAKUTİYE,189149,1.688
54988432B46629415876767,0.35002026222897475,0.5767699236593367,50.27226585679947,0.3480328516734347,0.5734950314371008,0.30339009494969266,0.49993186334070383,0.2292729105289334,0.377800182940324,0.34541052671261485,0.5691739154027594,0.3487926498411273,0.5747470410447327,0.34711418851251424,0.57198124112731,AFYONKARAHİSAR,BAŞMAKÇI,9089,-0.427
54988432B46815557775592,2.12127233442949,3.15088435094906,258.92922181292454,2.116909340934669,3.144939971109746,1.9708564393821095,2.942736381217349,1.6279811061582445,2.4663188016339594,2.114004148790104,3.140924643499469,2.118069860826681,3.1465281451647775,2.1167731622345993,3.1447359355632845,NİĞDE,ULUKIŞLA,18780,-0.314
54988432B46858449148239,0.1598890460111307,0.26196533807857114,22.579116414895577,0.15958621982129834,0.2615693482062324,0.15193601688895828,0.24937525208064956,0.13479815638733522,0.22144420388177932,0.15910702643101401,0.2608533806998739,0.15971319351499322,0.2617487729575546,0.15938145758750438,0.26126834033908486,ÇANAKKALE,BAYRAMİÇ,28480,-0.229
54988432B47187297633278,0.8095414244529706,0.8526607578207833,39.39181876710989,0.7983138346068769,0.8424926999839014,0.6098607372380754,0.6628495838515498,0.20573375214782733,0.29372488381457706,0.8006026626494345,0.8446608629505051,0.7979221714024887,0.8421197745535839,0.8031397313794294,0.8470345086612869,İSTANBUL,KAĞITHANE,446420,2.174
54988432B47223063942173,0.00799194711504854,0.013169279681359046,0.7230839834486726,0.007980924547986532,0.013151116489541521,0.007743863193201642,0.012760482362730845,0.0074007280388482515,0.012195057848387238,0.007965973607055936,0.013126480049912967,0.007985204629352519,0.013158169287533831,0.007975626073066266,0.013142385563635088,GİRESUN,ALUCRA,8473,-0.54
54988432B47270758673920,0.09518664752204298,0.11445030134090535,6.094699358189213,0.09430362500528913,0.11374637582711164,0.0881111055689087,0.10786879968668661,0.08129089765250123,0.10091786346829083,0.09381458667879142,0.1133233668653848,0.09450500153225548,0.11391531245019934,0.09415546933409531,0.1136199460444305,IĞDIR,MERKEZ,152455,0.033
54988432B47330192202647,0.30147467771090297,0.4277351063210137,33.04316005147317,0.29835151980365304,0.42430654804930895,0.2544569068795,0.3679305108676127,0.1961267761984912,0.2896342671814445,0.2958283005486145,0.42126820301239204,0.29924010764667475,0.4253484537107826,0.2976369129652875,0.4234557089238514,MERSİN,ANAMUR,66952,0.316
54988432B47711735094491,0.4188413406932489,0.4221919190955608,17.462072399948553,0.4112955781764412,0.4165459473527731,0.36788874459429954,0.3811377328094598,0.32490687777318383,0.3442628560769283,0.40643519046904736,0.4127698886441413,0.41323841362557645,0.41802947392742745,0.4093516243241992,0.4150457940579323,BARTIN,AMASRA,13705,-0.102
54988432B47787159486686,0.0010840913940838978,0.0017863860412643089,0.16261370911258466,0.0010786975388913263,0.0017774979459642326,0.0009712109975241463,0.001600379616116805,0.0008265785107207574,0.0013620515037926118,0.001073482275656096,0.001768904137826121,0.0010803660026662166,0.001780247271725957,0.0010773892576522385,0.0017753421357103107,MALATYA,HEKİMHAN,17116,-0.606
54988432B47827945301604,0.44468559400086444,0.5370393625604704,28.086341628566007,0.4404253694130041,0.5331460227982,0.4028622085053864,0.48982344757144414,0.3412417952583406,0.4228345774752932,0.4391378594425847,0.5317928099687835,0.44112538537457147,0.5338578914635577,0.44052257454065247,0.5332459879409334,KAYSERİ,BÜNYAN,30362,-0.379
54988432B47932358770374,0.01725225380913375,0.02495484299276301,2.0526798111780002,0.01699896172490521,0.024706733057442268,0.01487410335557054,0.021882429723323736,0.012458599896589298,0.018409926493050562,0.01682339813426724,0.024520950505663594,0.017072673012949853,0.024783388565101115,0.01693487570471575,0.02464712503209147,ERZURUM,OLUR,5985,-0.637
54988432B48034047733274,0.0,0.0,0.0,0.0,0.0,0.0,0.0,0.0,0.0,0.0,0.0,0.0,0.0,0.0,0.0,VAN,SARAY,17036,-1.237
54988432B48182517932620,0.11514437600675238,0.18973705275316755,14.002909106031865,0.11484079240181319,0.18923680202045295,0.10841252479388366,0.17864418262785944,0.09916640472336627,0.16340825333263267,0.11473208111114054,0.18905766552583156,0.11488364715886498,0.18930741888930447,0.11488538066943108,0.1893102754003833,KIRŞEHİR,AKÇAKENT,3301,-0.816
54988432B48183111476065,5.948907232264178e-06,9.802720414982462e-06,0.0007554837268126558,5.939479689469066e-06,9.787185533934133e-06,5.735223179652281e-06,9.4506078431921e-06,5.430748713177053e-06,8.948889132204296e-06,5.930737507782108e-06,9.772780003716846e-06,5.942478110784315e-06,9.792126388563756e-06,5.937495003019771e-06,9.783915130545032e-06,SİİRT,PERVARİ,26437,-1.345
54988432B48404533288068,0.6468707202116432,0.6758785036872819,33.8279498091543,0.6430041334827127,0.672192689330784,0.6128659003437265,0.6340858521237811,0.5763816787973072,0.5855389949695553,0.6436230728802066,0.6728810706517158,0.6428619168577084,0.6720235775465034,0.644412393224605,0.673681834091934,KIRIKKALE,YAHŞİHAN,39137,1.778
54988432B4842956932504,0.011601816105130761,0.019117689206485027,1.4285737447770588,0.011580327172589482,0.019082279342203395,0.011122957923058901,0.018328617752854274,0.010468140512519394,0.01724959739705382,0.01155841746047708,0.019046176109487677,0.01158893677404709,0.019096466404243218,0.011574542531265984,0.019072747302220028,ARDAHAN,ÇILDIR,8048,-0.773
54988432B4854228242513,0.22004733854935127,0.36259811317301305,27.176016058866487,0.2194666352787024,0.36164121948077943,0.20562417267297836,0.3388313511333928,0.18202510283804793,0.29994436321890444,0.21853212564990734,0.3601013170653404,0.219697667076313,0.36202191799069483,0.2190966205473186,0.3610315022975112,ÇORUM,ALACA,28989,-0.339
54988432B48804901701005,0.0027223051179066106,0.004485865204012867,0.3646481559818464,0.0027162246234079344,0.0044758456516433,0.0025688971682192884,0.004233076720093585,0.002314002233647413,0.0038130560875223258,0.002711568291580107,0.004468172861114645,0.0027179709480626793,0.004478723278016665,0.0027155825646194513,0.004474787655183154,DİYARBAKIR,ÇERMİK,49299,-0.887
54988432B48966185203589,0.03474726946454661,0.057006982319179424,4.975037333825892,0.03450899360104894,0.05661439251956003,0.02990312297919854,0.049026703467011566,0.02385713709090255,0.03907843941627588,0.0343108154242327,0.05628786851884715,0.03457370420500272,0.05672101152845452,0.03447098391249015,0.056551766679446475,KAHRAMANMARAŞ,EKİNÖZÜ,9896,-0.92
54988432B49000461137157,0.13118651968073358,0.19189588292610815,13.667603470695967,0.1297946813931182,0.19069574684132523,0.12062953708307245,0.17996669505167903,0.11075686807119572,0.16697840981361958,0.12935072712116105,0.19025893894507365,0.13002780798973,0.19091703134140345,0.1297916970969441,0.19069287527600542,HAKKARİ,MERKEZ,76165,-0.077
54988432B490212621980,0.26581053098026863,0.39999133472720994,27.8893844583211,0.26445968740531467,0.3984854317092574,0.24720097912779573,0.37547191938318647,0.22418529349267147,0.3434802379428907,0.26329303790339353,0.39703356985707816,0.2648747355756645,0.3989837020913376,0.2640692762834226,0.3980061516112901,KARABÜK,MERKEZ,135819,0.962
54988432B49228485155322,0.14317388696540811,0.10358191335927835,1.5769920038992957,0.1425130411798172,0.10310386420382418,0.12926257397321209,0.09351858112796856,0.11133328492855375,0.08054862627505915,0.14181949217182077,0.1026021575541506,0.1427369505236429,0.10326583800101474,0.142318470649017,0.10296311378751899,ŞIRNAK,BEYTÜŞŞEBAP,13971,-0.723
54988432B49266888844596,0.07704231049386669,0.12695175776143394,10.758545658529034,0.07674624100181163,0.12646388892423294,0.07073313145107729,0.1165553747300933,0.06249599112038276,0.10298206108975899,0.07649539030656954,0.1260505324647431,0.07683517745389373,0.1266104400705902,0.07669746507987153,0.12638351504931877,YOZGAT,YENİFAKILI,5008,-0.352
54988432B49369799231556,0.759792982539888,0.8498258189116465,46.70160254852221,0.7434332386177932,0.834584028018924,0.5364585571393162,0.6169089461554221,0.20777600256299011,0.27610058084527983,0.746619622909483,0.8377629704816025,0.7428923851205491,0.8340399338670471,0.7502112847938167,0.8412769003648183,İSTANBUL,SARIYER,344883,3.249
54988432B49466488520604,0.006406312720627875,0.010556441719357434,0.7990336795140708,0.006390683788115973,0.010530688072541778,0.006053206252754048,0.009974586288411049,0.005552089009023319,0.009148835937358874,0.006394157182998983,0.01053641159748503,0.006389946363988688,0.010529472931295695,0.006398695190712978,0.010543889411329579,KIRIKKALE,SULAKYURT,5564,-0.809
54988432B49471063177420,0.6828900992696759,0.8106292117618258,44.15418003541003,0.6714377439323543,0.7999060639762403,0.5141688131122617,0.6342596311627586,0.21311837461515698,0.32436651375435827,0.6737222971034597,0.8021657239464123,0.6710488298192987,0.799519046796598,0.6762771340364137,0.8046542245345782,İSTANBUL,ÜMRANİYE,728913,3.364
54988432B49528694857663,0.14901409499693527,0.1124062929451398,2.2245656139858547,0.14784487182139217,0.11152840547571799,0.12579491082109778,0.09499828640368235,0.09714670386667065,0.07347035861319424,0.14663286673081866,0.11064030364953079,0.14825345442867469,0.11182910967678111,0.14750027875384905,0.11128307236017951,KÜTAHYA,DOMANİÇ,13900,-0.483
54988432B49585252089849,0.9842538451001113,0.9505367640882795,35.21382914792122,0.9421056030959317,0.9187872628476272,0.7322523798138693,0.7476119844743173,0.5363423104989918,0.5794816471315423,0.9457489134253669,0.9215809092509399,0.9421686376897149,0.9188395511743508,0.9541603309264876,0.9280168910914708,YALOVA,TERMAL,7497,0.158
54988432B4974900305842,0.0003785170367571173,0.0006237274408169633,0.04612857586470975,0.0003778497065894786,0.0006226278017063774,0.00036359405669545363,0.000599137075630319,0.0003428760307537676,0.0005649975256378064,0.00037734330605869904,0.0006217933454562768,0.00037805050186312007,0.0006229586759075219,0.0003777796043861606,0.0006225122859868056,TUNCELİ,OVACIK,6700,-0.375
54988432B49773192126459,0.42961776724030254,0.5535617345778301,23.38764196856538,0.4171264842441038,0.544059548297333,0.35825231057303525,0.4913703179355827,0.3062733936618678,0.4389620373334749,0.41394161658466927,0.5415037803595389,0.41894207545069095,0.5454936586042601,0.4173733443439976,0.5442543106840237,KAYSERİ,ÖZVATAN,3877,-0.325
54988432B49774996339871,0.7448145345266365,1.0657304352450006,82.12619129832562,0.7392766336619496,1.060260501319421,0.6652575939634185,0.9755793848199301,0.5280687277682565,0.8002636663013484,0.7342066469183987,1.0549152289604444,0.7409237430225958,1.0619539810370937,0.7374261415229737,1.0583287140033408,AFYONKARAHİSAR,MERKEZ,331982,1.178
54988432B50131654423390,0.2311195954402135,0.35945657195076863,24.721746879254038,0.22969818891654528,0.3572359900414002,0.19498581790918668,0.3066495388005595,0.13337228957868807,0.21613952852680168,0.2298719726760309,0.35750235311956663,0.22972133037768386,0.35727138880135484,0.2303269652454873,0.35820459554392525,KOCAELİ,GÖLCÜK,181227,0.892
54988432B50302580927111,0.18984333761757705,0.2849112115614937,19.974982857720242,0.18820517198464698,0.2830028432962275,0.16680171676461455,0.25377877967465445,0.13792832014940257,0.21296790741140056,0.18695984443904717,0.28140270822604596,0.18865042306118052,0.28355901328137467,0.187850378720877,0.28255236533306416,MERSİN,AKDENİZ,254292,1.183
54988432B50394805884304,0.001205387537559055,0.0019862600913173665,0.14473274237476516,0.0012022525203187703,0.001981094151371961,0.0011367394208142618,0.0018731404427515638,0.0010446133318206536,0.0017213333531348014,0.0011989303852624877,0.001975619875195502,0.001203319025113849,0.001982851557887009,0.001201323207192736,0.001979562811850801,VAN,ÖZALP,51357,-1.159
54988432B50445752113083,0.005027948653020438,0.008285147672018408,0.3089237287884242,0.005022062439363883,0.00827544825924809,0.0048916968125052775,0.008060629345130906,0.004696791248376813,0.007739460317294416,0.005014902005703873,0.008263649162963915,0.005024544315804861,0.008279537941588987,0.00501976912942538,0.00827166930031087,ISPARTA,SÜTÇÜLER,9228,-0.811
54988432B505648184983,0.44367690968733825,0.5432573988465853,29.348484627823396,0.4414281886565594,0.5406555013814515,0.39496376639730757,0.49011906518362425,0.3270273515798772,0.41744863780999175,0.437984493448016,0.5368116364545668,0.44229392083309105,0.5416352994813208,0.4400569370895614,0.5391182125754674,ÇORUM,SUNGURLU,49079,-0.243
54988432B50626886861490,0.4772286467119842,0.7072066838867213,54.85502074475796,0.4694455012736749,0.7003393662306227,0.40997845637761093,0.6261800589314719,0.3311804849814667,0.5142090069423858,0.4644027118635355,0.6950697364572318,0.4717153197968889,0.7025368546480477,0.4676131557285353,0.6984626393276127,ANTALYA,KORKUTELİ,58381,0.081
54988432B50709390359139,0.4918469998739356,0.6232930497980466,37.63146309264978,0.48334103221561536,0.6157287142249828,0.3899223887547075,0.5170917734020182,0.24616001983014693,0.3544204599238953,0.48323834047921166,0.6156311862526038,0.4837812162752777,0.6161458158018277,0.48555002500661526,0.6178046192606268,BURSA,OSMANGAZİ,886111,2.374
54988432B50747108890679,0.018539445799297907,0.030549644955560788,2.225878264968481,0.01850513895707575,0.030493113500371705,0.017773592804392082,0.029287658090591404,0.016724571236594463,0.02755906076390343,0.018463416462188287,0.0304243623942561,0.01851782496308226,0.030514017737941622,0.018491653395526168,0.030470891740248664,MUŞ,MALAZGİRT,40595,-1.027
54988432B50828281350950,0.6359952420198289,0.9823012802881271,68.28033975747967,0.6317835966176383,0.9763266492929823,0.5511533176323044,0.8606646181192117,0.4460496160826916,0.7085385380008621,0.6271964906945058,0.9694443876027652,0.633444749143788,0.9788228523950109,0.630416233685018,0.9741538365310457,ANTALYA,AKSEKİ,10609,-0.182
54988432B50977665989913,0.49630549145138825,0.65444422786941,40.22667739827313,0.49076816891815517,0.6481117226403417,0.39076163654174834,0.5263614704391295,0.19337266262720934,0.29573091073315627,0.4919825606186584,0.6495651561404809,0.4905606781152632,0.647863285821951,0.4933101259641272,0.6511408936782028,İSTANBUL,SANCAKTEPE,507500,1.275
54988432B51005953593095,0.006605000910627537,0.010883843828733456,0.9856828248150579,0.006563948946906062,0.010816197636393278,0.005763852082150592,0.009497783083286056,0.004705256322032933,0.007753409223724342,0.006538498400507304,0.010774259750826246,0.006574213108298396,0.010833111113187403,0.006562948131948599,0.010814548474819208,ŞANLIURFA,HARRAN,101710,-1.447
54988432B51165292836212,0.141501446172504,0.2195881463467664,17.256800778926475,0.13994448848701335,0.21797957523969969,0.12461864530662023,0.19664714305229186,0.10420223215485161,0.16601450101809637,0.13879738455550764,0.21657535060699323,0.14033577372290365,0.21843126689284503,0.13954716382104082,0.2175045020829078,SAMSUN,ÇARŞAMBA,143206,-0.015
54988432B51178823005905,0.14399033043478793,0.19911686613328217,13.498626848954427,0.14319032702752893,0.19827661479604108,0.1339994780620115,0.18707283526753352,0.12231757388197385,0.17233387938313297,0.14277359299439693,0.1978008911579765,0.14340042609812723,0.1985109492477113,0.14313058532667852,0.19820918744136215,KARS,MERKEZ,121154,0.398
54988432B512462683964,0.017559629271422336,0.028935084985848934,1.995590048660692,0.017505843931144956,0.02884645649786305,0.01640406623777172,0.0270309266423922,0.014877744883851676,0.024515825816017217,0.01746508698388294,0.028779296439153303,0.01752004609535969,0.02886985908923808,0.017500037479887282,0.02883688851906293,HATAY,REYHANLI,117645,-0.54
54988432B51380550593874,0.45520887591013437,0.5114763417249027,26.10926313612841,0.4498913349256081,0.5064243018706674,0.354036851495826,0.41011600636693657,0.11348591838967342,0.1852973620236147,0.4509436675917192,0.5074516611889318,0.4497223688491193,0.5062656157655184,0.45216647458164444,0.5086677057812399,İSTANBUL,TUZLA,313865,2.73
54988432B51585452929549,0.5626121007615784,0.659474087800447,36.383688300929556,0.5571588725614676,0.6546845986452771,0.5009099661946301,0.5973394467298493,0.42552924747044246,0.5184875433326832,0.5522719908948608,0.6499900409462959,0.5587387953254637,0.6561512557778719,0.5552197377598176,0.6528443762548991,TRABZON,ORTAHİSAR,335116,1.807
54988432B51640107069118,0.10692641886983065,0.17619534953771954,15.448663679588183,0.1063882049329874,0.17530847056308926,0.09570786667640932,0.15770920976123126,0.08138775565113054,0.1341122634294782,0.10590485900570351,0.17451200411910317,0.10658113222360226,0.1756263797548918,0.10628099535139225,0.17513180861272554,ERZURUM,OLTU,29765,0.025
54988432B51915781882505,0.26212080376589053,0.3095108031600297,17.42429832942546,0.2596672102345234,0.3072674311189816,0.22671660008602662,0.27398786638020756,0.18181589873245926,0.2280044661946455,0.25757751924261607,0.3052414004979653,0.26047425441062955,0.30803512695654534,0.2589859114347622,0.3066207970479857,BURDUR,MERKEZ,120832,0.917
54988432B51986121551962,0.8293844387337613,1.3204245294086343,99.48487144379986,0.8236909724898479,1.3140754354650441,0.7611427021709931,1.2231380519007204,0.6792113929415795,1.09722822885937,0.8206595521410773,1.310036652606129,0.8248870281221665,1.3155995453500344,0.8231941292401534,1.3133720071876178,ADANA,POZANTI,19983,-0.185
54988432B52020069669764,0.256900671950336,0.32619813818884263,19.14305454399315,0.25455112765420845,0.3241043915416418,0.23104859487372148,0.29900958329913224,0.1998834383023668,0.2645175176650381,0.25343578386568216,0.32300607197260006,0.2550208864354566,0.3245548440225921,0.25438677013528543,0.32394482921162115,DİYARBAKIR,KAYAPINAR,454311,0.857
54988432B52055893511885,0.17675277884448684,0.29125652929778084,23.601479877687563,0.17607216680218968,0.29013500406613413,0.16260764529992208,0.26794791412591784,0.1422410174698615,0.23438740450302725,0.17550896010802455,0.2892069415593255,0.17628670153590467,0.2904885184061301,0.1759534571034653,0.2899393920080354,ISPARTA,ATABEY,6204,-0.299
54988432B52081033175293,0.012693716835368924,0.020916943617679817,1.6579397157019373,0.012642592150836707,0.02083269940791043,0.011512928053721236,0.018971217815659774,0.009712668692660586,0.016004716826163622,0.012611463065704015,0.020781404320188268,0.012655809762575413,0.020854479635331963,0.012641917690368407,0.020831588019357278,NİĞDE,ALTUNHİSAR,12004,-0.975
54988432B52253881676489,0.42913424238492,0.48321024200573187,20.961467020726435,0.42496635782331227,0.4797439639214342,0.4011591113366689,0.4541205429731308,0.37574639764064843,0.42273334727500567,0.42396986106750856,0.4788517430739155,0.4254595368815337,0.48017895224714074,0.42514741245336246,0.4799167398483727,DÜZCE,CUMAYERİ,16162,-0.237
54988432B52278117237199,0.14093756312820158,0.19867947297242217,13.05574322112539,0.13685165488289167,0.19410930602876852,0.103702089300705,0.15271547867753,0.06799368600745538,0.10637878741730197,0.13455734315942805,0.19137545578597492,0.13772633510630575,0.19513067272015067,0.1362535361554647,0.1933943745951423,MANİSA,SOMA,110188,0.416
54988432B52458051755801,0.4578063019401167,0.66998367615649,51.77510473094396,0.44976445224901673,0.662763954790856,0.38948840131985973,0.5875671074480774,0.3153836558802672,0.48355129037008526,0.4435642445231426,0.6561624943958407,0.45182221637261044,0.6648030225969606,0.44717672512784384,0.6600809718309473,DENİZLİ,ACIPAYAM,54769,0.052
54988432B52534848164203,0.25328805073573685,0.3212587110740244,21.326345906983562,0.2510705329924063,0.31878670224657063,0.20956163989911852,0.2719092693197417,0.1560789449712256,0.2105918815240555,0.24840340659416424,0.31574558315499107,0.2518866574633926,0.31970238809295687,0.25018164498183704,0.3177560587266498,UŞAK,SİVASLI,19193,-0.434
54988432B52559980919488,0.0016845942638647946,0.0027759058826447064,0.2288417603847535,0.001676155055087226,0.0027619995968446035,0.001509040988674224,0.002486625917864913,0.0012852272008207254,0.002117821379201599,0.0016686921718280744,0.0027497021184636414,0.001678567229528644,0.0027659744229291557,0.0016745486757145718,0.002759352574920119,KARAMAN,SARIVELİLER,11594,-0.631
54988432B52670947871077,0.17688207230783978,0.24642714280336722,16.18109848245773,0.1748119894828285,0.2444370764835429,0.15568775378608166,0.22135266814083635,0.1290035788033614,0.18738669621535523,0.17478051030718,0.24440886074550994,0.17492930958153544,0.24455806719108436,0.17531698761957842,0.2449654725547096,TEKİRDAĞ,KAPAKLI,152509,0.149
54988432B52977689381309,0.5604967571543967,0.9235970220025915,78.08218207301144,0.5537005424368332,0.9123980924924554,0.30452864118228007,0.5018079810816318,0.040288898928359546,0.06638879992618056,0.5508642025824434,0.9077243187204149,0.5550193689124099,0.9145712793839634,0.5547086967231906,0.9140593479497147,BOLU,YENİÇAĞA,6443,-0.091
54988432B53167672259322,0.0906299621387849,0.14934174384978902,10.919438501855032,0.09049396481599949,0.14911764492196897,0.08756251370292766,0.14428714504196072,0.08331372797529603,0.13728591658688383,0.09034930727680217,0.14887927552784225,0.09054253375002562,0.1491976777183336,0.09045375031818309,0.14905137872158422,IĞDIR,TUZLUCA,21525,-0.953
54988432B53179569886424,0.053013142084646886,0.08735604538545551,7.949978384820934,0.05280003744991367,0.08700488758926449,0.04848047367240257,0.07988702974203245,0.04257735683271248,0.07015976359092921,0.05257589674447452,0.08663554434969935,0.052872296803324656,0.08712395790103762,0.052737234850256234,0.08690140029290237,VAN,BAŞKALE,37568,-1.13
54988432B53180025567005,0.45604078889724814,0.5235193028428561,28.298999113044047,0.4449945179673813,0.5136531705036236,0.3005344938587969,0.3702691134625748,0.10129281621564705,0.15991276573748373,0.43823273866459606,0.5072249304367575,0.44753637105668775,0.5160295398246286,0.44352222138104647,0.5122647412483169,İZMİR,BALÇOVA,75743,2.902
54988432B53191699702586,0.2921688791713755,0.48144133445928994,39.087186454060884,0.29168268516166007,0.4806401748918941,0.2795579539215578,0.46066081636216116,0.25790908012837677,0.4249873978992171,0.2915134937353753,0.4803613781005292,0.2917284803992087,0.48071563713941257,0.29175656453840654,0.48076191470836827,KIRIKKALE,DELİCE,10577,-0.567
54988432B53264158604699,0.0670408634101146,0.08230986456927411,3.3206885146323293,0.0655311002126615,0.08113337483733103,0.0588241483117192,0.07532683928326461,0.0532263546447491,0.07003666912224434,0.06505266229856106,0.08074767513320141,0.06577328986459871,0.08132640823981559,0.06548239162793372,0.08109436915090276,BİNGÖL,GENÇ,31654,-0.646
54988432B53366813523086,0.012882054860308205,0.021227290531811653,1.4056451591879653,0.012782910833157206,0.021063919152660607,0.010891731996642605,0.01794759935386816,0.00843830549320137,0.013904797351257533,0.012792106082546197,0.02107907125629696,0.012779819646342772,0.02105882543730932,0.012825254865920436,0.02113369444049323,ÇANKIRI,ŞABANÖZÜ,12493,-0.13
54988432B53536511485227,0.020335330014005972,0.03350893649720467,2.558431131911185,0.02028058796276517,0.0334187315230296,0.019146471957838578,0.03154991399396203,0.017426158568338537,0.028715149469150065,0.020236811278568276,0.033346595485414215,0.020296792982165242,0.03344543445657625,0.020272586229971745,0.033405546118324705,MARDİN,SAVUR,23404,-1.187
54988432B53827515712980,0.045052202212878346,0.0742378600185387,6.2844847238635175,0.044684104209368976,0.07363130125525098,0.03758362585879844,0.06193100044945286,0.028099688154345007,0.04630319081650899,0.04442239888705483,0.07320005833859482,0.044776734257081764,0.0737839387774551,0.04465314951881628,0.07358029353817402,KONYA,TUZLUKÇU,6052,-0.686
54988432B53845687770419,0.023106622148712883,0.0380649471413047,2.7453034088919397,0.023071136577650437,0.038006508212293025,0.022311610697323306,0.036755664241232534,0.021217913294151597,0.03495444241337999,0.02303345358725057,0.03794445015548486,0.023083800641998446,0.03802736390262432,0.023060655955635202,0.03798924827508408,IĞDIR,KARAKOYUNLU,12614,-1.008
54988432B53887880755760,0.16669040702103752,0.2746755651230665,18.42612472829921,0.16619852622041287,0.27386503475542695,0.1560670679986622,0.2571702287236143,0.14200073108290537,0.23399145610798722,0.1658337172118446,0.27326389565941495,0.16633928641559295,0.27409698203331084,0.16615088773401426,0.273786535168036,YOZGAT,ÇANDIR,4360,-0.246
54988432B53975105954432,0.21956674253821928,0.30133297077409865,16.48333346219617,0.21826315106782887,0.2999172536664984,0.20114658700723254,0.27929516986501857,0.17905025021621696,0.25205348319508947,0.21688263832684346,0.29831724062473935,0.21868288314972065,0.3003926470740495,0.21772782038207467,0.2993022102679958,TRABZON,VAKFIKEBİR,27278,0.268
54988432B54046828010394,0.629500503501874,0.8249366512324647,59.030283784140515,0.620125484417439,0.8164141280339114,0.5092504086269956,0.7038824974047242,0.3487269164982031,0.5167267278504523,0.6168037340024233,0.8133650498897287,0.6217121767819662,0.8178650643941059,0.6205328303187536,0.8168421709569705,BİLECİK,PAZARYERİ,9671,-0.301
54988432B54174343653702,0.03217009066114162,0.05301047606953258,4.069913975336927,0.03205974534906457,0.05282864700393064,0.029762937047081852,0.04904392339804952,0.026262107289264973,0.043275190755824706,0.03189093888137116,0.05255048455452066,0.032102564610306576,0.052899205382124025,0.03199263273078172,0.05271805757840116,ÇORUM,MECİTÖZÜ,12911,-0.719
54988432B54271266334519,0.9728887423904024,1.1165429743417685,47.927748139481494,0.9638390534697476,1.1079818721358239,0.8152597174827522,0.9572719422116591,0.3239641535065773,0.5210116841598808,0.9657567382270531,1.1098860702973194,0.9635091675768517,1.107652761806791,0.967856403884307,1.111946036022221,İSTANBUL,ARNAVUTKÖY,358469,0.771
54988432B54371486123603,0.04150573031609119,0.06839391740749126,3.0976224074138,0.04144727620971574,0.06829759563955404,0.04029765859497272,0.06640323426838578,0.038646746877740716,0.06368283111500116,0.04140204142399827,0.06822305691502745,0.041464179404873874,0.0683254490401511,0.0414393130673553,0.06828447382488516,MARDİN,MAZIDAĞI,37381,-1.019
54988432B54408958625108,0.34059429218185705,0.3640110550020174,15.191172957853723,0.337198739633365,0.36141268973238827,0.31308495553834376,0.3409142849147102,0.28651931311584,0.3172757717839198,0.3348842365010072,0.35954962252381134,0.3380538316887187,0.3620865586743167,0.3363194765471559,0.3607108233807577,SİNOP,MERKEZ,70311,0.917
54988432B54459736325466,0.9921546547392617,0.9171224158804607,37.43083928887632,0.9781189672598294,0.906081232803462,0.7569843180348816,0.7284197377843957,0.4704967979602941,0.4900918604897006,0.9624121115320237,0.8936211657131872,0.9829241168496163,0.9098836864611621,0.9725039859181838,0.9016342850118342,AFYONKARAHİSAR,İHSANİYE,27636,-0.592
54988432B54492076476235,0.5879792894996462,0.6301906213619877,31.03343508554838,0.576305096463347,0.6206181840320038,0.45910709047886034,0.5147047969386193,0.31588277746036075,0.378356649418683,0.5566762153306204,0.6035966885777341,0.5816542445172175,0.625112525053827,0.5658417014830048,0.6116167959170765,MUĞLA,ORTACA,58704,0.884
54988432B54526822258807,2.477188337329437,2.7354965678567913,136.78923524221642,2.47259012900091,2.727919554315559,2.389214599472958,2.5905333337705208,2.2681160176089947,2.395783625214379,2.47033923535173,2.7242104897318833,2.4736976941143842,2.729744620789935,2.472747788574354,2.7281793487044914,KAYSERİ,PINARBAŞI,20598,-0.512
54988432B54547584341772,0.004331056710602051,0.00713679611697467,0.17324226842408202,0.004329012181659791,0.007133427104008286,0.00428288136316001,0.007057411879932326,0.0042128246126324695,0.006941971058317383,0.004325682124615058,0.007127939773831334,0.004329834264471984,0.0071347817474161,0.0043276923114922115,0.007131252197301607,YOZGAT,AYDINCIK,9317,-0.928
54988432B54701256478195,0.9404534625180156,1.0216885265154236,58.4665261150686,0.926326608044181,1.0101813841710965,0.7272561512411099,0.8217648363253832,0.31883981364389335,0.4199393890994436,0.9275902706715737,1.0112757507979184,0.9264817134198048,1.0103063550415963,0.9310562144384873,1.0141945142383428,KOCAELİ,DİLOVASI,55355,0.665
54988432B54705083603952,0.029919508577654175,0.049301924889621304,3.637666360559809,0.029851185389962964,0.049189340665217046,0.028574200171352235,0.04708510057819491,0.026781596405187902,0.04413121462091373,0.029803689403948837,0.04911107589262063,0.029873397704610425,0.04922594253204022,0.029844619621292718,0.049178521469006566,KARS,SELİM,20476,-0.977
54988432B54940394851011,0.5047011500458012,0.3911519068297964,8.608937295492279,0.5044569591492303,0.3909006639168984,0.48776984501039305,0.3773190391884683,0.43034589456107414,0.3335454812445661,0.5042399137443424,0.39068909643700184,0.504531432535158,0.39097528974266116,0.5044284851309679,0.3908724458331207,DİYARBAKIR,EĞİL,21674,-1.166
54988432B54960387029794,0.008155755966884934,0.013439206966044616,1.0239773796757417,0.008110572292725006,0.013364752464096897,0.007228725549928911,0.011911628935525255,0.006062532364432776,0.009989954029371882,0.008077849060430563,0.013310830510915786,0.00812207387572411,0.013383704987319722,0.008106499507715918,0.01335804125291211,GAZİANTEP,KARKAMIŞ,9087,-0.837
54988432B55011186911160,0.8775665709104983,0.9171762671056464,41.236399349613095,0.8647090162179856,0.9067358410926727,0.7323919110176627,0.7895531901735813,0.5551152781949652,0.6285184185545283,0.8548534631318611,0.898322539113189,0.8688751495855763,0.9102247815195587,0.861258378615596,0.9038104093635466,ANTALYA,AKSU,87070,0.476
54988432B55013104325920,0.23346232829180735,0.2686168692104176,16.343394718589803,0.23070237184606135,0.2660784168707473,0.18292963662104084,0.22239776252486573,0.1177631860276905,0.1572197649936598,0.22905962174204098,0.26460985102760254,0.23139061107607525,0.2666961337947944,0.23062355274886984,0.26601061259167313,BİLECİK,SÖĞÜT,18284,0.102
54988432B55023919833047,0.12509748021011058,0.14688466336672149,9.72067587830114,0.12354455275353396,0.1451963424231848,0.09538272174192008,0.11430403872050598,0.06035645532612787,0.0755847951083144,0.12245151323705837,0.14400525940030984,0.12393333238755365,0.14561957255402708,0.12341443838796345,0.1450544024907334,KONYA,AKŞEHİR,93613,0.372
54988432B55107269659829,0.276420281234965,0.36221687680635556,25.322376293293022,0.2721880278222163,0.3583908090036303,0.20617075028635515,0.2833350744967101,0.06708190652488737,0.11053881812125334,0.2697969702804484,0.3559817267265533,0.27309941328161,0.3592800630031738,0.27166480790428393,0.357871949031921,İZMİR,TORBALI,224133,0.927
54988432B55138126050611,0.22573950579327373,0.3327808556017054,20.05352031619779,0.22447877933438926,0.33140024388953965,0.20829228299333674,0.3103475933278725,0.18580427235193067,0.28043825749389173,0.22321165950450242,0.3298369590488061,0.22486867588441875,0.3318623704782327,0.22398532725431117,0.3307996411657319,TRABZON,DÜZKÖY,13105,-0.616
54988432B55145438477707,9.917199005438443e-05,0.0001634174569453734,0.011319236445370504,9.898596510616297e-05,0.00016311092156224684,9.50720886230781e-05,0.0001566615628137405,8.95272606927591e-05,0.000147524691817449,9.885743172466324e-05,0.00016289912185624356,9.903912879757921e-05,0.00016319852568563194,9.897428521912416e-05,0.00016309167522629808,BİNGÖL,KİĞI,4487,-0.517
54988432B55187358367890,0.8074694327450116,0.5842218361897268,8.89805080159086,0.7930232617482037,0.5737715268248943,0.5463888328798746,0.3953582496312849,0.2502877223904076,0.18115914067053304,0.784096306308069,0.567314172786502,0.7967353768510852,0.5764567425934624,0.792487528762178,0.5733841886984073,BİLECİK,İNHİSAR,2079,-0.43
54988432B55191393233977,0.008331741137686227,0.013729198616476092,0.6512407740974704,0.008316835273821606,0.013704636455678534,0.007996449525507706,0.013176698837382409,0.00751136917388484,0.012377374376585511,0.008293227182249795,0.013665734601577557,0.00832274265804591,0.013714370753705681,0.008307432323610019,0.013689142098748521,ÇORUM,ORTAKÖY,6491,-0.697
54988432B55246961354568,0.3749546125707842,0.4637280264354135,26.998352821300475,0.37188071048151,0.46094159976040167,0.3425742667269207,0.42896582938578975,0.30514740857461603,0.38702345474870914,0.3691910106502779,0.458208678523551,0.3727893888096917,0.4618240165044183,0.37079121660617825,0.4598518788761985,RİZE,MERKEZ,153597,1.079
54988432B55251089321769,0.20968759937881418,0.317000458773458,22.402025650432403,0.20900566358709874,0.3158855035592037,0.19325418962951685,0.2922653152944399,0.16398243245425473,0.2505958293622148,0.2090431810731095,0.31594624183299325,0.20903529742612836,0.3159335806872277,0.2092619729938425,0.3163022303366427,SAKARYA,AKYAZI,99561,0.153
54988432B5550622380583,0.28268364206019775,0.22268470227532838,5.6172020591566,0.2624157158016934,0.20792313682858568,0.1795405238939058,0.14590588264299126,0.11588905195303967,0.09692976088166377,0.26134578438028544,0.20713869134113133,0.26361413299155945,0.20880123646117402,0.265864415548982,0.21044849212446284,ESKİŞEHİR,MİHALIÇÇIK,7605,-0.552
54988432B55561929668739,0.4469988238460428,0.5382441403901788,31.091759174720945,0.43824712041435726,0.5310444123296084,0.37115485901046086,0.4656110440691853,0.2956106145955165,0.38569971282761384,0.4324197120910688,0.5258341919369575,0.44031775936301487,0.5328382446436083,0.4361930981436773,0.5292317668606094,SAMSUN,TEKKEKÖY,59356,0.65
54988432B55663903529384,0.013026335292353275,0.021465038521731546,1.5631890051425874,0.012990641177405325,0.02140622109264183,0.012247304267237278,0.020181336652522416,0.011205435386668832,0.018464525657405226,0.012940931867696251,0.021324309163933807,0.013005178690182147,0.02143017627763909,0.012972519520296554,0.021376359887691446,ERZİNCAN,OTLUKBELİ,2123,-0.508
54988432B55699950689124,1.1334198369928175,1.666479053211547,130.811856890463,1.124693945132313,1.6583351653024685,1.00569304893676,1.514208158742088,0.7831345615238766,1.2103389313219242,1.1182701514712379,1.6515682186572407,1.126943480986347,1.6606075895802688,1.1227155411360685,1.6562884335422785,BALIKESİR,KARESİ,189444,1.108
54988432B55782833722779,0.06689914373576168,0.08716142965400131,6.410557611673408,0.06633856386431466,0.08648095348339281,0.05572690722502772,0.07350255563445933,0.04206508730372119,0.05668745975419981,0.06587463462344396,0.08591681304247657,0.06649041496095008,0.0866654480971258,0.06624947386813806,0.08637267666487872,KAHRAMANMARAŞ,AFŞİN,80124,-0.307
54988432B55907978535703,0.16897048771846773,0.27664636023575667,21.939099605502022,0.16850416705112167,0.2759146302244879,0.15955004812317458,0.26138957206654845,0.14707805999329118,0.2410729663450336,0.16782866169360058,0.27482866697689134,0.16870711637537086,0.27623837429192644,0.168238960317415,0.27548926380582767,ARTVİN,BORÇKA,21628,-0.29
54988432B5616470788648,0.200845258430218,0.3309565670125573,30.11727574516694,0.1997843080275539,0.3292083131290418,0.17874775628616613,0.2945438903762852,0.15055990453327886,0.24809542193591258,0.19883176440430442,0.32763869396081097,0.20016453195980036,0.32983485322411726,0.19957304764672001,0.328860194328862,ERZURUM,PAZARYOLU,3537,-0.612
54988432B56207670393992,0.08167643856696852,0.0753846109879877,2.7713361787320676,0.08160844074333694,0.07528022824278136,0.07779936127125539,0.07140650115185732,0.06796704761412498,0.06276469734395074,0.08147945808694317,0.07510491888810185,0.08163694199239704,0.0753224287968302,0.08156265059035674,0.07521560490128928,AMASYA,GÖYNÜCEK,10823,-0.798
54988432B56214767138280,0.21728741043149405,0.3580502520871872,30.16204666112463,0.21622084746976053,0.3562927497240397,0.1986599383635318,0.3273555558024997,0.17445076647806393,0.28746323033734517,0.21549697897136372,0.35509994569634995,0.21648184742674967,0.3567228303265428,0.2161068231771495,0.3561048583656201,ÇANKIRI,KORGUN,4239,-0.606
54988432B56294268584472,0.09189345160840803,0.1514237453896375,12.448027044128374,0.09142704679173223,0.15065519482403497,0.08220752873460614,0.1354631008231857,0.06988177819583326,0.11515249893968262,0.09116905617798983,0.15023007307352418,0.091540224333793,0.15084169089108734,0.09143624627593716,0.15067035390588013,AKSARAY,SULTANHANI,12811,-0.667
54988432B56298915275499,0.01004120261442163,0.016546081156808175,1.5061803921632442,0.009982570924255568,0.016449466762984956,0.008830175756867833,0.014550528488706407,0.007298500145740863,0.012026604817331478,0.009903656525607376,0.016319430143407292,0.010004967354258383,0.01648637201852846,0.009954089151138764,0.01640253396543304,SİVAS,ALTINYAYLA,8245,-0.664
54988432B56342138183442,0.09104433765829685,0.1482380063449008,10.338766845933629,0.09076652546001425,0.14778035531172184,0.08514821641903608,0.13856711272570885,0.07723791755347711,0.12569394824191538,0.09056189785826273,0.14744342943824904,0.09083859360788327,0.14789905041691848,0.09073885911579863,0.14773479444079457,OSMANİYE,BAHÇE,22989,-0.302
54988432B56417495854630,0.014828123459359363,0.02443405870621037,1.819515070619197,0.014730236787932895,0.02427275922129948,0.012791320156210987,0.021077776192207034,0.010132399187211451,0.01669635657226846,0.014660036312179627,0.024157081566573948,0.014754986526475534,0.024313542302595744,0.014721697245709089,0.024258687604173233,KARAMAN,AYRANCI,7127,-0.683
54988432B56455899662396,0.19305442598580597,0.22699787647382744,14.280199143264799,0.1916684664249356,0.22563462496091466,0.16442811528547174,0.19788603964423468,0.12727424023858575,0.1584081667213009,0.19001174483745173,0.22399535778050209,0.19215822060362298,0.22611732113121627,0.1911250387165791,0.22509797579493024,SAMSUN,SALIPAZARI,19406,-0.73
54988432B56795021168307,0.1973361844474425,0.32516331301915713,27.237752012227585,0.196610407673273,0.3239674373447684,0.18238807532982887,0.30053302723327874,0.16215773677342366,0.26719895816441835,0.1953444877869338,0.3218815616897188,0.19692495300840412,0.32448571862263936,0.1960642436132815,0.32306751446921894,KASTAMONU,DEVREKANİ,12033,-0.416
54988432B56881334411640,0.0,0.0,0.0,0.0,0.0,0.0,0.0,0.0,0.0,0.0,0.0,0.0,0.0,0.0,0.0,TUNCELİ,ÇEMİŞGEZEK,7505,-0.427
54988432B5693993852815,0.012266120690736258,0.020212342706503218,1.3595532497183536,0.01217834458439471,0.020067703599523146,0.011212941579143541,0.01847689450152026,0.010013872359011165,0.01650104585163384,0.012135716409345215,0.019997460096725726,0.012195811170225553,0.020096485365790305,0.012173457109650298,0.020059649927380647,OSMANİYE,KADİRLİ,127644,0.157
54988432B57432661063863,0.12501182751945913,0.17138999058474347,11.205830693234608,0.12363286882771729,0.17008666737438033,0.10953702293574191,0.15364054827158868,0.09183368569514563,0.1317578269708577,0.12306669691818892,0.16948883441991444,0.12388083852790524,0.17034186060004963,0.12360947108242154,0.1700623472219345,ŞANLIURFA,HALİLİYE,395975,0.096
54988432B57597376033780,0.9313033881314671,1.137801667305717,58.87103831184985,0.9220239295551813,1.1295247228384908,0.8458316569670971,1.0508407471139416,0.7530714380622651,0.9518268158745601,0.9181147384063119,1.1257738880397514,0.9238996558420566,1.131286477632329,0.9215163660839283,1.129043277972421,NEVŞEHİR,MERKEZ,163126,1.082
54988432B57660440186005,0.005713254241304848,0.00941440701638043,0.675944676719913,0.005695266606108195,0.009384766655239284,0.00532466138928391,0.008774076459036696,0.004810147007734591,0.007926250054136452,0.005677786138798531,0.009355962014812128,0.005700843130819235,0.00939395575678269,0.005690906933801505,0.009377582705808768,MALATYA,PÜTÜRGE,12372,-1.097
54988432B57830407060109,0.0,0.0,0.0,0.0,0.0,0.0,0.0,0.0,0.0,0.0,0.0,0.0,0.0,0.0,0.0,DİYARBAKIR,HAZRO,16024,-1.285
54988432B57845000399714,0.22314274137479903,0.29056444533616926,21.03742820099597,0.2221269090264761,0.28965968558395233,0.19930991383568963,0.26640151147969304,0.16243017155596023,0.2238462615877194,0.2208559509184822,0.2884629281983479,0.22254777341136153,0.29003389710454724,0.2217018178869044,0.2892500334555118,BURDUR,GÖLHİSAR,23969,0.074
54988432B57864735744186,0.47784671794417327,0.6901887526649226,50.662743054523105,0.47382194978484404,0.6855104674883369,0.39885766089729663,0.5867372087194984,0.2542618132137683,0.39355517773931314,0.4708463732221756,0.6817215294688442,0.47485486305205066,0.6867956501349762,0.47310932449026216,0.6846138402328056,MANİSA,ŞEHZADELER,168582,0.797
54988432B58047018778260,0.2456593283183177,0.23703903297416043,9.958863744927587,0.2405510444643375,0.23308922234212717,0.21078625597233136,0.2080207542498406,0.1813199464904379,0.1820637658360669,0.23690173690860578,0.23015502676613478,0.2420102807604908,0.23423976618200032,0.23897655682806934,0.23183230370218588,ARTVİN,ARHAVİ,22025,0.222
54988432B58079099572479,0.5928721049448468,0.6413974333694077,30.28935880773112,0.5813338629949024,0.6312680949611362,0.4373797086311241,0.49056095833207924,0.1540568933639477,0.2260345756603415,0.5835494986114127,0.6333173221289865,0.5809579080395435,0.6309181052303932,0.5860515020025374,0.6355965863814881,İSTANBUL,KÜÇÜKÇEKMECE,785270,2.161
54988432B58223508141681,0.8122119369697037,0.937287075658254,50.9593864161451,0.7961721352199481,0.9230925398229682,0.5901467874759299,0.7180184794541201,0.23751637373472148,0.3589532195854013,0.8009225979367693,0.9274766831683373,0.7946026705467361,0.9216297586427973,0.8039985893365487,0.9302680351332332,ANKARA,YENİMAHALLE,721531,4.481
54988432B58240098893835,0.35252352351102817,0.41803972861744965,27.77521977681377,0.3488561414065576,0.41402059443489264,0.28102093262153455,0.3390466501179141,0.1953222994809893,0.24363937479769282,0.34425510473996096,0.4089664891495829,0.3502824514515664,0.41558512736636516,0.34725876565471836,0.4122670196927008,EDİRNE,ENEZ,10399,-0.284
54988432B58451955584879,0.03904907317225716,0.06434579189531904,5.034774953589757,0.03893238596186537,0.06415351253125849,0.03622342885837794,0.059689642434638916,0.03183058033909025,0.05245102462153893,0.03874354331623678,0.06384233409373258,0.03897909934233747,0.06423048771183001,0.03885753522383141,0.0640301720875174,ÇORUM,OĞUZLAR,4610,-0.82
54988432B58494916258206,0.06553676941194776,0.1079927123358392,7.863976115581704,0.06539111178018854,0.10775269497051529,0.06233792257359165,0.10272159278690973,0.05789006596713108,0.09539233162065833,0.06537810052827274,0.10773125478666308,0.06540473738627424,0.10777514749863987,0.06543694412457804,0.10782821836337925,KIRKLARELİ,KOFÇAZ,2291,-0.677
54988432B58500670466408,0.3059700660868697,0.5041831879536186,45.12383384187558,0.3051503358338908,0.5028324211368032,0.2865199611685833,0.472132941898013,0.2524236700328664,0.4159484367205699,0.30416488311487044,0.5012085737460842,0.30549387074706313,0.5033985043811928,0.3048340888180583,0.5023113033991682,BURDUR,ÇELTİKÇİ,4914,-0.528
54988432B58587024435654,0.06199974503064979,0.10209661971056565,7.5941906980420075,0.06181949710250812,0.10180313307664032,0.058141391408776076,0.09575696502569479,0.053007993662888254,0.08730947794647738,0.06157119831236718,0.10139600321159867,0.06189228299994042,0.10192223941129945,0.06172867827210541,0.10165431775095322,ERZİNCAN,ÇAYIRLI,7491,-0.543
54988432B58590356155974,0.26100104170573357,0.24598930037125938,11.051548847650233,0.2573739196935624,0.2432349767556745,0.19158509931308584,0.1909698765157167,0.1048229292959096,0.11556826590362625,0.25511643324974703,0.2415341376584598,0.25831126265799437,0.24394197661732378,0.25725126739968746,0.2431537478671787,BİLECİK,GÖLPAZARI,10049,-0.446
54988432B58678972551568,0.2306157023205421,0.25828204617316947,15.832485669563013,0.23028774678315922,0.2577962759364749,0.2199007710274665,0.24511437295348765,0.2012312255489823,0.22436598953450576,0.2297738564444949,0.25708296952174997,0.2304304868452254,0.2580026442510132,0.23010861195174737,0.25754332784908873,BARTIN,ULUS,22876,-0.576
54988432B58741997056063,0.02471693405933321,0.040729025456156455,2.9488129622098116,0.024630367829354845,0.04058638000603839,0.02269611462152829,0.0373990814539159,0.01941100519171025,0.03198581679608526,0.024525545955845628,0.040413652565641826,0.024663337092765636,0.0406407073738869,0.024596702790003096,0.04053090612560288,AYDIN,BOZDOĞAN,31624,-0.514
54988432B5885906722527,0.5231432354985656,0.560173328294765,26.38206919182222,0.5133879794778277,0.5514652333419232,0.376625036928245,0.41955643792627134,0.14180813350353952,0.1971985010171855,0.5153840634266185,0.5533198239292095,0.5130468611989718,0.5511467756632464,0.5175994501386696,0.5553550701111959,İSTANBUL,BEYLİKDÜZÜ,422988,2.503
54988432B58902751390248,0.261806324269658,0.3565801373193615,21.540326608124147,0.2604710207394691,0.3553393047900416,0.2376975580371872,0.33150829962017236,0.20425582763360667,0.2933846114591621,0.259858421316659,0.354746931380653,0.260775816889415,0.35563127025009733,0.26051466620727215,0.35538124287407247,KAYSERİ,DEVELİ,67818,-0.139
54988432B59053260264390,0.08405974258758761,0.1385152133945603,9.912914989346834,0.0810163736087319,0.13350029316558937,0.06860402333254016,0.11304699061778208,0.058736849897190455,0.09678767799171162,0.07932604193132392,0.1307149330657795,0.08168184147721437,0.13459686354485295,0.08032663597422957,0.13236373061271453,SİVAS,KOYULHİSAR,11782,-0.748
54988432B5911690801414,0.0001274502898456692,0.00021001496735225804,0.015071978839283535,0.00012684799180030375,0.00020902248938703007,0.00011623192256218151,0.00019152913227381114,0.00010209629070783937,0.000168236174164512,0.0001264436342093836,0.00020835618139856987,0.00012699903741719056,0.0002092713851748513,0.0001267964177648799,0.00020893750472847114,ADANA,SAİMBEYLİ,13133,-0.946
54988432B59251116366587,0.04067120540695708,0.06701877168001844,4.882010351066436,0.04059323676032877,0.06689029348827813,0.03893401042647904,0.06415618935438082,0.03655938739113869,0.0602432411779207,0.04050907954186229,0.06675161765231029,0.04062093215506743,0.06693593047685537,0.040569304845765604,0.06685085803260563,AĞRI,DİYADİN,35439,-1.147
54988432B59259344726572,0.009332367573387054,0.01537804954086382,1.2546216641321006,0.009318109905709174,0.01535455548984585,0.009016037389463556,0.014856794757295478,0.008532479767046854,0.014059979478116805,0.009298207044103734,0.015321759182867304,0.009323922442359266,0.015364133496269224,0.009310830993062274,0.015342561161674848,ERZİNCAN,KEMAH,6419,-0.604
54988432B59291188352966,0.18029514678105535,0.24785927711952657,16.119560044200835,0.1797580755814697,0.2472033956017717,0.16873549166912352,0.23363047364567793,0.15348091068405664,0.2147011163961726,0.1792414715413423,0.24657135595486582,0.17993412440701906,0.2474185654375439,0.1796310953108643,0.24704814428478383,BİTLİS,MERKEZ,74904,-0.046
54988432B59383828552044,1.3385132950096285e-05,2.2056272001609936e-05,0.0017228841646862512,1.3333003604148968e-05,2.197037229200176e-05,1.2277021414157309e-05,2.0230305122094106e-05,1.0834038533721874e-05,1.7852530988418316e-05,1.3285742768655742e-05,2.18924950048244e-05,1.3351721552545164e-05,2.2001216076869493e-05,1.3322441844022308e-05,2.1952968426456468e-05,ERZURUM,KARAYAZI,22570,-1.274
54988432B59635057977952,0.6680418985181013,0.8196633713875524,55.917834056798945,0.6555732788875144,0.8098645497327501,0.4772239233724857,0.6315292016048031,0.16229058193673912,0.26282817234186456,0.6591044408221256,0.8127394955775402,0.6544079921728672,0.8089026883796616,0.6614117394150681,0.8145822134371151,ANKARA,KAHRAMANKAZAN,63143,1.538
54988432B59840106930143,0.043914966254646436,0.072363901372159,4.808383071654613,0.04378313594523494,0.0721466689267827,0.041093845121739234,0.06771520529354116,0.037391672175464484,0.0616146955859069,0.043683143229901925,0.07198189906339869,0.043817990917296865,0.07220410360055643,0.043768887123786786,0.07212318945274729,HATAY,KUMLU,16242,-0.951
54988432B59996123139029,0.5358946916155736,0.7630650839065469,53.78809232192911,0.533698443353166,0.7605998371786754,0.4893028896111838,0.7090398845215846,0.42310492479288014,0.6274803541154614,0.5325466018251169,0.7593020253832585,0.5342594555144603,0.7612308146715102,0.5337788442700407,0.7606900193087828,KAYSERİ,YEŞİLHİSAR,15409,-0.209
54988432B60002286024348,0.17642683529121247,0.2891059122576009,26.205973401503286,0.17552661677499048,0.28770093142655107,0.1588532450786566,0.26053990241632263,0.1365156449165731,0.22396683592927025,0.17398989987185398,0.28522395111571164,0.17591234780598214,0.2883161337132795,0.17486139677004486,0.2866318345192474,KASTAMONU,AZDAVAY,7266,-0.453
54988432B6005336917049,0.11787538189444564,0.19370117279866736,14.804717042817606,0.11746976294714159,0.19306512409801657,0.10992401189703091,0.18076044572145286,0.09929428037290398,0.16334158896148646,0.1169505799665197,0.1922280228969744,0.11761639105296721,0.19329958078737067,0.1172785504931036,0.1927577562465938,GİRESUN,GÖRELE,31536,-0.045
54988432B60131084551001,0.5506784380096907,0.6363830808675556,35.340701783425345,0.5461970240626651,0.6325341848954503,0.5008664825491844,0.5874921300133604,0.44160644069530725,0.5266732305837442,0.5428340896416258,0.629397550356584,0.5474544054548255,0.6336725103217082,0.5450496875026386,0.6314763964007833,KARABÜK,SAFRANBOLU,69592,0.662
54988432B60280442746441,0.2529937033552796,0.3141428056539282,19.74541267993441,0.24772420304117285,0.3096092882896563,0.1935444498697785,0.25421955001763996,0.12473900852991764,0.17643084951595597,0.2455036012596145,0.30759228462416716,0.24872359552976056,0.3105055256102503,0.24761889680443538,0.3095396293518745,BİLECİK,MERKEZ,82863,0.821
54988432B60297346715567,0.47256226186681694,0.575767057576067,31.440636442176178,0.46437973329048576,0.5679198217691036,0.35022262600698684,0.4456043272244586,0.16211705394154804,0.24424864091923915,0.46601771026094563,0.5695879745078986,0.4641002347610184,0.5676331649029098,0.46784412615007276,0.571417064541366,İSTANBUL,BAĞCILAR,707635,2.346
54988432B60464897415028,0.35900524639347997,0.4210257474123837,24.893207946291277,0.35642408329782693,0.4181006384400976,0.2968951392464,0.3538829301936575,0.2041251919210091,0.25752101831506674,0.3531527426597854,0.4145170472097638,0.3573764612275849,0.41915802588013096,0.3553298061645995,0.41692369326585094,AFYONKARAHİSAR,EMİRDAĞ,43350,-0.183
54988432B60562394154320,0.024689071398511054,0.0406831128434037,3.37289445036152,0.024593188406425513,0.04052511505872336,0.022452468780236448,0.0369975972872939,0.019048566888739123,0.031388584193022054,0.024476682251749572,0.04033313404165205,0.024627141628847306,0.04058106381260263,0.02455522612653485,0.04046256010509,SAMSUN,AYVACIK,18557,-0.784
54988432B60654827640333,0.0,0.0,0.0,0.0,0.0,0.0,0.0,0.0,0.0,0.0,0.0,0.0,0.0,0.0,0.0,DİYARBAKIR,KULP,33973,-1.102
54988432B60755496163753,0.3389269361343578,0.508239422715359,40.2120077404246,0.3377209726457139,0.5062943729920548,0.31060678343658277,0.4650044892550574,0.2708895436398641,0.40672602521264645,0.3354499841624051,0.5027027645276942,0.33826554988469837,0.507167161863082,0.3367526014981523,0.5047551528854618,KASTAMONU,BOZKURT,9250,-0.225
54988432B60759999719935,8.453922468809161e-07,1.393053129526333e-06,0.00010122986560993588,8.436713530430878e-07,1.3902174085279278e-06,8.078069943058996e-07,1.3311194485435225e-06,7.570940843688951e-07,1.2475537686407554e-06,8.418502491134717e-07,1.3872165594691572e-06,8.442565112936688e-07,1.3911816432192766e-06,8.431616579373968e-07,1.3893775234157721e-06,ŞIRNAK,ULUDERE,45988,-0.81
54988432B60831632759044,0.155922927178986,0.19456820966736132,12.244989279036291,0.15077691969457893,0.19036338588414733,0.12342588104278802,0.16239330706196778,0.09778099931102242,0.132959809091792,0.14663122712861365,0.18658865000272987,0.15234766711758152,0.1917148404268989,0.14877631831905305,0.18857742651415701,ÇANAKKALE,YENİCE,29636,-0.404
54988432B60901714548003,0.3583735714129905,0.3469774038729464,14.234766915297,0.3553337376727274,0.34452711527650565,0.31619093758433453,0.31104420381584763,0.2614133188417349,0.2638073985057798,0.3536841520852945,0.3431476072307089,0.3560041050574615,0.3450827078258096,0.3550952774330188,0.34432863928866,DİYARBAKIR,SUR,97961,0.124
54988432B61004264745956,0.17093242525422347,0.2523853079969265,18.304433267528854,0.1693176999862428,0.25080945159897333,0.15268361045914136,0.23021563209320445,0.13001808937744946,0.1996925276244608,0.1685503896873699,0.24996210573659536,0.16961277379001427,0.2511252600044195,0.1692163056713595,0.2506988815455843,GAZİANTEP,ŞEHİTKAMİL,905880,2.375
54988432B61123808131498,0.42255722814015445,0.6021651243872366,45.03263788632004,0.4171857974842303,0.59744472858462,0.36803580190950846,0.5408930218522899,0.2942588950191378,0.4437821345020435,0.40901191762757366,0.5890902706921148,0.4195381710273071,0.5996476260121372,0.412781592551365,0.5930457328296863,MUĞLA,YATAĞAN,45024,0.17
54988432B61168253276741,0.7869912361260079,1.2463065201860373,101.06057048424978,0.779880674198805,1.23893448548016,0.7087394589109731,1.1393163924623286,0.5931983488448773,0.9622791908278173,0.7749154616466934,1.2328850044065138,0.7817655300008177,1.241100526310088,0.7782173697946444,1.2369548645920116,AYDIN,SÖKE,123843,0.821
54988432B6129080988703,0.33209883539449336,0.4480321825254903,28.75297218709278,0.3272120775007983,0.4425568155374281,0.23938644153413177,0.33759269774048284,0.10320903714441548,0.16833671200517467,0.32369989609180977,0.43840507418180646,0.3284695086512422,0.44402771619288756,0.32646569955483834,0.441678598126545,İZMİR,KARABAĞLAR,467572,1.078
54988432B61533400869276,0.3131853884499042,0.4100028492912706,27.058172870612946,0.31068930622744995,0.40751460223200225,0.28059462461746393,0.37210273486419326,0.23896961716745888,0.3195204488820191,0.31063695103535555,0.40746064083159794,0.3108551175357554,0.40768985815544423,0.31136894173124113,0.4082319099000038,TEKİRDAĞ,ERGENE,68648,0.687
54988432B61600421901359,0.8735718186216698,0.7723986474116432,25.942110207507792,0.8674269608859394,0.7674604440511711,0.7494173074459043,0.672010985412674,0.5953207944087798,0.5466258008874085,0.86081834919951,0.7621402292295882,0.8696420494477239,0.7692419219262869,0.8654830477530352,0.765895992646919,KÜTAHYA,ŞAPHANE,5540,-0.516
54988432B61684087584661,0.9513908857634494,1.2304087294630417,86.73200384850783,0.9446802321619368,1.2244215465831927,0.820698918884564,1.1101086284147166,0.6146405612052073,0.8806134970035047,0.9365326899016768,1.2174205880919715,0.9471249772371478,1.2265375549345967,0.9417842470748365,1.2219291684586706,AFYONKARAHİSAR,SİNANPAŞA,38292,-0.627
54988432B61723076415933,0.1979129236808722,0.32304645505721435,28.838509041331793,0.19685392611712427,0.32148425904671446,0.17879014505491367,0.29244978312085596,0.15456600332355616,0.2530813099098869,0.19515949175205033,0.31882096410293975,0.19728840893721855,0.3221526128207483,0.19611594130129725,0.32033130048622294,KASTAMONU,AĞLI,3176,-0.503
54988432B61743790309044,0.1874016643770323,0.22434492433321895,11.124253914445248,0.18186470200431876,0.21991149542745217,0.12247297124866106,0.16404816112380666,0.05545506116525226,0.09137848394636622,0.1785721202822494,0.21713295711006853,0.1831243882763387,0.2209550777801039,0.1811395344796746,0.21930455467085216,İZMİR,TİRE,87571,0.5
54988432B61783843665987,0.24177493580133538,0.31514749203759,18.664987538954126,0.23959983394085002,0.3131276707595172,0.2206782349360965,0.29098943622505596,0.19585637986565996,0.2609014399609051,0.23867344775768876,0.31216006912322936,0.23999436720114595,0.31352692042442176,0.2394926974857629,0.3130169328402756,ADANA,YÜREĞİR,396572,0.596
54988432B62220540436660,0.13768718567015809,0.2268835154345875,17.767884450441013,0.13690541465013972,0.22559529855061727,0.12339396449012882,0.20333087869192232,0.10403799636572626,0.17143575300299566,0.1360486567995744,0.22418351696712194,0.13717872903490694,0.2260456710971473,0.13661518398114328,0.2251170510350744,EDİRNE,SÜLOĞLU,6101,-0.285
54988432B62353974928440,0.0235503609748531,0.038806724545363845,3.1778656380108568,0.02347248289866309,0.038678395597282936,0.021874604128230852,0.03604538112386316,0.01966545688516684,0.03240510704767057,0.023390313852217157,0.038542995908293555,0.023498926449728702,0.03872196977448133,0.02344946952741554,0.03864047373443686,VAN,ERCİŞ,169040,-0.715
54988432B62375906766923,0.36090487244820213,0.4517891843894908,29.55398311110092,0.3556244530124979,0.447052548667628,0.3058380513215497,0.3927585755376229,0.24789308414182115,0.326227643368346,0.35124117440353425,0.44264298979101674,0.3570795009863946,0.4484558551370944,0.35395173450565043,0.44539589431228516,SİVAS,KANGAL,19406,-0.472
54988432B62800627366200,0.19028014056646064,0.313547168525378,26.673943505650538,0.1895898990388859,0.3124097756480898,0.17071033659609733,0.2812996801367465,0.13635258157594288,0.22468432988848805,0.18867848730750755,0.3109079343792967,0.18986247757027697,0.3128589356416868,0.18929177529673077,0.311918521779217,AYDIN,KARPUZLU,10352,-0.693
54988432B6281772994077,0.018440179516710047,0.03038607212161813,2.2129857301759865,0.018404883298229566,0.03032791035375701,0.017653622907470027,0.029089969454372144,0.016578275045620774,0.02731799116878282,0.018366783923794122,0.03026512949317292,0.018417422085351496,0.030348572001300044,0.018394049046580298,0.030310057471592815,AĞRI,PATNOS,105968,-1.05
54988432B62899385202427,0.28764337220078784,0.2790588436485658,12.550940010370743,0.2868572928849453,0.2782594130377855,0.2694952168584123,0.2609583404131758,0.23861592818582628,0.23197193671072838,0.2868856787816165,0.27828780183958485,0.2869024363635095,0.2783066789451798,0.28714925307041717,0.27856117706131667,KIRKLARELİ,VİZE,28769,-0.032
54988432B62918956167575,0.29357860870483127,0.4782198134587221,41.946863317388754,0.2925921086549321,0.47699548077304965,0.26433339303519154,0.4321150097132962,0.20201342872749525,0.3307351833584606,0.29167907097776236,0.47551907845620667,0.29284389312482373,0.4773849172681355,0.2923709095510084,0.47656659547946306,AFYONKARAHİSAR,BAYAT,7580,-0.62
54988432B63047019861929,0.11187962969312477,0.18435734281841445,14.14644143462114,0.11154716591064465,0.1838095027898989,0.10496479544913925,0.17296294983778335,0.09586013846613903,0.15796012605955811,0.111069828841615,0.18302293785474114,0.11168274331250713,0.18403290976418138,0.11136461983313414,0.1835086999548871,RİZE,HEMŞİN,2299,-0.27
54988432B63110195465705,0.08430353737292809,0.1389169429939667,10.42900320847413,0.08402537519165185,0.13845858215783127,0.07830869333788618,0.12903852705763771,0.0703917712320043,0.11599287498724621,0.0836225701935679,0.13779483256083655,0.0841336454636455,0.13863699193363876,0.08387386432273763,0.13820891971903215,AMASYA,TAŞOVA,30034,-0.49
54988432B6320038983636,0.07760062052729731,0.12780067602226924,11.250891813709309,0.07707833029217472,0.126940910541513,0.06650068191084474,0.109526779122594,0.0513882862335641,0.08464411885859549,0.07634182705769123,0.12572828789793897,0.07728010348927607,0.1272730788387774,0.07680311287103453,0.12648772313616186,DENİZLİ,ÇİVRİL,59689,-0.127
54988432B63314623815647,1.531014883532023,2.149092636363652,142.22198128160093,1.5246774612599465,2.1431318545095928,1.3905193003899075,1.9957995985501316,1.1707628216118826,1.725574010756652,1.5200114843903278,2.1385890519238573,1.5263211280572664,2.1447099709620816,1.5239520668239632,2.142431406913377,ÇANKIRI,ATKARACALAR,5063,-0.518
54988432B63323632068596,1.9597138715879954,2.0884279314939462,100.35079690337096,1.940032717715601,2.0730622359862547,1.7058070609404266,1.8739751642816178,1.4064641566278242,1.6029372411717395,1.920352049813692,2.0571274308581797,1.9461552776406343,2.077945650810158,1.9323244967768305,2.066857137956376,TRABZON,ÇAYKARA,12921,-0.023
54988432B63547038185922,0.2714512103472584,0.44721402946748734,30.900445507187783,0.2709189192631915,0.4463412840099482,0.2586170821344245,0.42613520150778594,0.23543836529848244,0.38795973443060777,0.2706945872766336,0.44597302871811184,0.2710175630788491,0.4465031367940174,0.2709588540032105,0.4464065613089237,DÜZCE,GÖLYAKA,20840,-0.472
54988432B6366714807225,0.0004999932897648632,0.0008238982787208153,0.059213333786169,0.0004986113466684445,0.0008216210870829737,0.0004720704212663389,0.0007778864546347341,0.000432893455209459,0.000713329918456125,0.0004977722102090795,0.0008202383423569237,0.0004989512889237034,0.0008221812502785716,0.0004985584021896368,0.0008215338441822181,ELAZIĞ,KEBAN,7112,-0.416
54988432B63684136000380,0.018086363596582812,0.029803047642001732,1.366898782839606,0.018057942280961383,0.02975621446743956,0.017507771812992897,0.02884963329756938,0.016731584530119036,0.027570617399925026,0.018036927142139402,0.029721585329295218,0.01806587223994961,0.029769281601928092,0.018054694843574064,0.029750863279476757,MARDİN,DERİK,61553,-1.085
54988432B6368425336150,0.2677689310022775,0.3766376252563056,26.045936158044977,0.2653624364043845,0.3738608976186381,0.23436936442738798,0.3335544636086987,0.18833681897940097,0.27424041494773477,0.2643113338765629,0.37255443669714094,0.2658406183563882,0.37444663949377927,0.26533957553254695,0.37383533855879714,NİĞDE,MERKEZ,244326,0.575
54988432B63915674608769,0.5250033114164635,0.6925411197158807,47.557401303096235,0.5167320630006149,0.6851143144167847,0.4392823629482897,0.6009024451139015,0.3187275410460528,0.45618767550592726,0.5118333731962394,0.680351979073138,0.5185726128225084,0.6868499447988445,0.5151790810975619,0.6836248108057953,BALIKESİR,İVRİNDİ,31295,-0.483
54988432B64009730200703,0.25145046971561646,0.3778504737514948,31.019481381774067,0.24754813596060818,0.3740485290213611,0.20845205549419926,0.321867385346223,0.15344083826242647,0.24145829975176233,0.24577337322708528,0.37201574521459674,0.2482407421362305,0.37481122400480454,0.2473089073243498,0.37377138615956834,KONYA,SEYDİŞEHİR,66079,0.228
54988432B64031240079143,0.8626257629972907,1.012803022647086,51.38990758978357,0.8554078291559627,1.006255179347831,0.7709800613191516,0.9214693581117467,0.6450003891643213,0.7956196022881179,0.8528499408968482,1.0037759323343707,0.8567423318641071,1.007531457496117,0.8555957179211281,1.0064357178914156,KAYSERİ,MELİKGAZİ,593262,1.983
54988432B64045217411376,0.16687390703894217,0.17697253229947732,9.843640546015626,0.1659740286451849,0.17593254764264424,0.14869119066115638,0.15591151932293126,0.12352453938992358,0.1278545358723488,0.16522920390441692,0.1750699446231175,0.16621781415531098,0.17621460151636859,0.16583085538354675,0.17576676540298014,KAHRAMANMARAŞ,ELBİSTAN,132036,0.13
54988432B64064239831257,0.550397303562233,0.6807900915965898,30.339234330889955,0.5321323389319508,0.6669275480431005,0.44712685705801486,0.5917931526203893,0.37360186328735456,0.5193417136506051,0.5274256765142091,0.663116277547464,0.5347912489258041,0.6690268626042907,0.5324530903077278,0.6671454646433425,KAYSERİ,FELAHİYE,5529,-0.552
54988432B64089683735003,0.4929739925436199,0.5791135458964554,30.17628185928553,0.48694622796720044,0.5729353606374216,0.38248990139718747,0.45996249058777267,0.16980443323777603,0.24471751548512305,0.48822367892073654,0.574313546697089,0.4867263000806074,0.5726969119039693,0.4896207367084407,0.5758017032491911,İSTANBUL,BAHÇELİEVLER,539035,2.423
54988432B64260003407372,0.13415957441740198,0.2210706517449393,13.538154985914014,0.13307501384928694,0.21928349258994614,0.11255042874682669,0.1854626980242262,0.08610954657973474,0.14189291868664394,0.13348683067432524,0.21996209204366457,0.13293348213775077,0.2190502739930047,0.13373607078942146,0.22037279455911737,ANKARA,KALECİK,12564,-0.359
54988432B64303277963843,0.3014939517052133,0.40690802265913906,31.49235022307221,0.2973660565811474,0.40363424767826245,0.2646802767101103,0.3699086601947472,0.21960041917896742,0.3147903354137384,0.2962904981163483,0.402740257693448,0.29788738271857845,0.4040638494440602,0.2975644629732294,0.4038174249456082,DÜZCE,AKÇAKOCA,41134,0.257
54988432B64452586859960,0.21108435050053734,0.34782873410977416,31.266142800924047,0.2091614618428442,0.34466016227556007,0.172178686178832,0.2837192539961166,0.12312025439541673,0.20287985408715634,0.20780129863654895,0.34241885994733673,0.20964475985073405,0.34545654975707385,0.20900364765779408,0.3444001131147369,KONYA,ALTINEKİN,14374,-0.641
54988432B64593282211695,0.41902481094100147,0.505406949966626,29.869259249026005,0.40260283383130613,0.490692406478611,0.2526124673379224,0.3323650158668517,0.09072425149836726,0.14204693899985996,0.3934993098749431,0.481851867026464,0.4061611706793436,0.49406764801859937,0.4005791055528981,0.4887497945526504,İZMİR,GÜZELBAHÇE,39474,1.882
54988432B64635925513807,0.17993643808744675,0.13813348027629416,3.120434881119051,0.1780717372229171,0.13673023794051173,0.14346997960697785,0.11064849030107679,0.09968429100481867,0.07759610991570709,0.17653560156973988,0.13557380921073847,0.1785756638964319,0.13710953189616654,0.17777633600009407,0.13650787839636178,KAHRAMANMARAŞ,NURHAK,11675,-0.661
54988432B64680094373147,0.10571955480531901,0.12813392141261257,6.865648994034139,0.1051228456262286,0.12739602822462812,0.09430957047664779,0.1154349783976099,0.07907333177324631,0.0990914230878616,0.10474637296569486,0.12695669956683645,0.1052681195883957,0.1275680051643544,0.1050821861871124,0.1273481933664098,ADANA,KOZAN,132572,0.016
54988432B64689999411335,0.5446798844117962,0.7233115442436187,42.206555259783784,0.5373267632764852,0.7166320500331761,0.46834875412572763,0.6422322929620096,0.3820678964497805,0.542846638371013,0.5308344989066188,0.7101574298173488,0.5393646723665105,0.7185899502918204,0.5346709844209843,0.7140190466924529,DENİZLİ,MERKEZEFENDİ,351085,2.375
54988432B647422472855,0.15758954484535515,0.25967789120011164,22.560450441239507,0.15668334531942402,0.2581846485270482,0.13887578432900852,0.22884120244838116,0.11520071579576892,0.1898292203850212,0.15611975223074528,0.2572559553712528,0.15691045263381326,0.2585588777496088,0.15666119419241695,0.25814814772507927,ŞANLIURFA,BOZOVA,50534,-0.947
54988432B6478152958828,0.2463277040177872,0.2698180842827885,13.91178639006063,0.24516248250234707,0.2687744951589958,0.2365279518418092,0.2591337473176673,0.2242814530633999,0.24528785533965836,0.2444332293481217,0.26804193564375295,0.24543832148765632,0.2690393334537946,0.24490425450673153,0.26851990565830625,MUŞ,MERKEZ,203810,-0.303
54988432B64920064899617,1.137366645849633e-06,1.8741739958763587e-06,0.00017060499687744497,1.1255921100721675e-06,1.854771695968789e-06,9.069664279850167e-07,1.4945162148592779e-06,6.301957023796044e-07,1.0384482453594302e-06,1.1172616620643353e-06,1.8410446281958312e-06,1.1285481358882162e-06,1.8596426905032202e-06,1.1246051857020324e-06,1.8531454235638842e-06,ISPARTA,AKSU,4073,-0.679
54988432B6508967515470,0.27320721668446546,0.29038156934693865,13.423051456156447,0.2721139584213402,0.2891746886719611,0.24710098830163588,0.26340752963411407,0.2007822374934843,0.2191601855533568,0.2708263095042222,0.2877762933471779,0.27249322242444074,0.28958890036674023,0.2716930168256046,0.28871635505763404,SAMSUN,19 MAYIS,28658,-0.137
54988432B65104046804588,0.35955638102009013,0.40749500662156257,21.966346417254343,0.35127823480734904,0.3998333852479979,0.25495052917549293,0.2973189265025984,0.07029870406202893,0.11409593561023561,0.34654227270883625,0.3950223367363693,0.35309983207132806,0.40163668558813587,0.35023488944380704,0.3987866731645835,İZMİR,ÇİĞLİ,216430,2.046
54988432B65208484098159,0.08817017743224059,0.09229629251721445,4.8126259540974825,0.0835987892009251,0.08884748752980332,0.06273161244916056,0.07079884367577549,0.04479811389509172,0.05350061298319867,0.08071300979417781,0.08654016312515095,0.08465063731431167,0.08966548619311239,0.08234619682701469,0.08785399625197797,DENİZLİ,ÇAMELİ,17447,-0.542
54988432B6527400252078,0.04756302486431314,0.07837524046551074,5.792152560448493,0.04733797875207321,0.07800440527971356,0.04306580233060273,0.0709646332025793,0.037216396489776635,0.06132587303829285,0.04707640222623149,0.07757337459628955,0.04741570173759436,0.0781324786664945,0.04725203194755689,0.07786278053043773,SAMSUN,ASARCIK,15673,-0.745
54988432B65496848768167,4.774586074893146,7.867652085008605,715.2448392001914,4.774276469432643,7.867141911349851,4.442308122549979,7.320118270862499,2.321514651813815,3.8254351904483674,4.774401167907354,7.867347391824844,4.774229463203016,7.867064453606974,4.774470363629648,7.867461413828059,ANKARA,EVREN,2927,-0.478
54988432B65548594921961,0.3227567747850664,0.4872849171605887,35.78520386336229,0.32012388291213967,0.4846140811948254,0.27493295499173054,0.42627252616509936,0.1964335400741759,0.3143870649574047,0.31974521146037477,0.48401096808104854,0.3203659184108847,0.48492348004160996,0.32070859019088865,0.4851295257902315,BURSA,MUSTAFAKEMALPAŞA,103652,0.285
54988432B65637439254468,0.23234455346131558,0.38286169351784544,30.23808507410032,0.2318973029545785,0.3821247057818081,0.22132072015844229,0.3646964151649823,0.20359732940972233,0.3354914809590974,0.23160186748899697,0.38163788170526863,0.23201590389274618,0.38232013862223085,0.2318795167359409,0.38209539731863384,ELAZIĞ,KOVANCILAR,37874,-0.428
54988432B65670234538071,0.16408092310506212,0.2703756088021869,13.007602698139298,0.16354918269282798,0.2694993970222807,0.15916857867344392,0.2622809559247506,0.1539270942454228,0.2536439400155582,0.16316208218638759,0.2688615255798496,0.16368818991891732,0.2697284557249658,0.16340379100045913,0.26925981787684994,SİNOP,SARAYDÜZÜ,5656,-0.751
54988432B6573283101831,0.4324157300496945,0.4811141757833254,20.753938417684193,0.42363229826362225,0.47411202696485716,0.3517618342994131,0.40936408771164,0.27229579116122926,0.33424931508898337,0.424530324620028,0.4748556307696549,0.42364924072106663,0.4741279888183977,0.426521357769733,0.4764974656704521,YALOVA,ARMUTLU,11984,0.029
54988432B6573458732183,0.14744128927638545,0.21185796811428242,14.071032469760219,0.14521355935536379,0.2099641189482449,0.13123647989871415,0.19407352850910617,0.1164407256618621,0.17507228368738054,0.1439866116701121,0.20876950720950593,0.14568249646996934,0.210397916039877,0.1448150469314696,0.20958478961704868,ORDU,PERŞEMBE,30053,-0.418
54988432B65769294434717,0.7402309858928114,1.1216773167693779,87.62038293129038,0.7335986481970045,1.115530393400295,0.6382189154007258,0.9948104750631466,0.4435241107158215,0.7111803732198971,0.733571961452125,1.1155385279530292,0.7339294737798034,1.1158451902457878,0.7354015356462518,1.117327426529042,BURSA,ORHANGAZİ,81997,0.486
54988432B6587538084917,0.45735240260025006,0.5718366340732749,32.1814937177366,0.4506269926690391,0.5651420079382115,0.3507337278990089,0.4543397257485167,0.14595948541137183,0.23913420587737946,0.4520258491469037,0.566610100660253,0.4503874414707143,0.5648889803317579,0.4535710578408761,0.568207529232612,İSTANBUL,BEYOĞLU,215991,3.394
54988432B66052692688505,0.11178064296148188,0.12912633288530645,4.808187214059229,0.10912379495306353,0.1270419169440292,0.09773931214852143,0.11745670487032679,0.08855242978865413,0.10919915202732068,0.10766192351082528,0.12586573163396986,0.10971799751809659,0.12751429335615513,0.10854657219586589,0.12657990231799196,SİNOP,DURAĞAN,16788,-0.687
54988432B66082429692342,0.2034017234287077,0.22376001278661112,6.3883435151589,0.20322174714945668,0.22354940014834174,0.1938282397389932,0.21505817896319365,0.17508473265177768,0.19908369253266137,0.20294021652508054,0.22325605789028774,0.20329400893751756,0.22362909204781464,0.20314482051836114,0.22346713364830872,ORDU,GÖLKÖY,24780,-0.61
54988432B66082608132209,0.9223607124442742,0.9326444903988247,40.023176160921956,0.9061659188310468,0.9189267000360066,0.6843083186022377,0.7158385878525475,0.24728753361282943,0.3239648208830772,0.9093189139485925,0.9217075823148057,0.9056301506551611,0.9184517067103269,0.9128672240059011,0.924799922204517,İSTANBUL,BEŞİKTAŞ,165895,5.94
54988432B6640602467318,0.18213873423554172,0.17331315178123177,4.364198059171714,0.1810276886914124,0.1724655361575947,0.15964162076498584,0.15604178172978345,0.13169956162864552,0.1344343154771408,0.17983087349994784,0.1715510984519356,0.1814287161710646,0.17277167327194515,0.1806757388984533,0.1721967401246064,KÜTAHYA,EMET,17352,-0.299
54988432B66454172152747,0.2447724817196735,0.40323847826650616,29.457420487772204,0.24413127881646954,0.4021821779368678,0.23076576716528263,0.38016048502915833,0.21198046536626614,0.3492095780527894,0.24345288575741356,0.4010644576918878,0.24434916417603775,0.40254115461054074,0.24394148952688374,0.40186948497811137,VAN,GÜRPINAR,28505,-1.116
54988432B66516402107678,0.021458049074677587,0.03535897392872581,2.3817153559685895,0.02141570684713644,0.03528920161557185,0.020525374456440718,0.03382209527794766,0.01926431828183059,0.03174410336705591,0.021388641554767225,0.03524460292144425,0.021426110711158432,0.03530634529696764,0.02141442887492593,0.03528709574910114,ADIYAMAN,TUT,9199,-0.979
54988432B66531887129041,0.025968453708318413,0.020581042778074696,0.4130058526972309,0.025053608883362426,0.019909403174459085,0.021226144585747737,0.016945871162163565,0.01823268519863394,0.014520769233006254,0.024790904579392238,0.019713083416811664,0.025180597731264756,0.02000374576598424,0.025041967514493186,0.019900653169516665,ŞANLIURFA,HALFETİ,41624,-0.798
54988432B66575483981903,0.13370550930927286,0.2150612909456496,14.28132428745754,0.13315861203229182,0.21434350881810393,0.12492200873647955,0.20174610169243287,0.11393092375930639,0.1845385608142019,0.13265033606322413,0.21360447407412456,0.13333578425440912,0.21459352503368254,0.1329974836149587,0.21411186871789453,ZONGULDAK,KİLİMLİ,32441,-0.197
54988432B66595965845834,0.8112836987940357,1.0034932480674459,55.58031658706928,0.7973497887296562,0.990839491333109,0.6789429288525758,0.8689770210955944,0.5182721240832162,0.6962825363085544,0.7770773815860627,0.9710794764901788,0.8033190873099839,0.9964167294240704,0.7863617340746153,0.9802482430473447,MUĞLA,FETHİYE,187332,1.522
54988432B66719827251090,0.01819035983180283,0.029974414580209063,2.3106696186555626,0.018154554274663774,0.029915413514596,0.017395062497479616,0.028663908782964678,0.01631128849970601,0.026878045753266872,0.01811807573318797,0.029855303492826925,0.018168895344706996,0.029939044997588864,0.01814492105889188,0.02989953972177622,ARDAHAN,DAMAL,4526,-0.814
54988432B6679854543098,0.313241968270686,0.3864759825724036,22.587515705533363,0.3092701893127329,0.3826091769786579,0.26443548424285634,0.3338159007704468,0.2062701707384074,0.269500032867705,0.30650449048560313,0.3797183162613909,0.3102849170186921,0.38364775797778494,0.30847357496290606,0.3817838537209866,MERSİN,MEZİTLİ,233140,1.147
54988432B66867123396579,0.0387780171183259,0.06389914066850791,5.030063689077273,0.0386795354277693,0.0637368606999642,0.03652996223975166,0.06019475386404039,0.03325214190933517,0.0547935003203053,0.038542747842328876,0.06351145956258547,0.038717084420533156,0.06379873463135315,0.038629996294909534,0.063655229191846,GİRESUN,DERELİ,20100,-0.824
54988432B66869796973700,0.4489134377459912,0.5832053497610535,34.418116603603075,0.4434014695960807,0.5771435991849194,0.3483685378626263,0.465084870361471,0.15630275187655526,0.252740979223232,0.4446091840425558,0.5785385813404271,0.4431933432805506,0.5769018839708585,0.445923698593347,0.5800369462878218,İSTANBUL,GAZİOSMANPAŞA,478395,1.46
54988432B66916600910791,0.5818775692832395,0.7510436259427126,47.770652535508525,0.5752205460756494,0.7449282767697029,0.5180022133243508,0.6775270794079594,0.4357098453621642,0.5730794071367167,0.5755062941283786,0.7452195552367947,0.5754077937403883,0.7451136186649382,0.5770749962835744,0.7467624493974226,SAKARYA,ARİFİYE,55589,1.148
54988432B66992053729181,0.0141771537467507,0.023361378658904367,1.5556537496684917,0.014165229914984284,0.023341730346278552,0.013832843378127247,0.022794017604543013,0.01318732293156651,0.02173031695957916,0.014157316655002559,0.02332869072872473,0.014168593767028476,0.023347273364486623,0.01416484319938503,0.02334109310909337,ELAZIĞ,KARAKOÇAN,28320,-0.483
54988432B67026781349893,1.1373954463091387,1.0805279575295756,40.254136760962275,1.1161909041298834,1.0632126084590428,0.80263084602094,0.7955224840686074,0.19692133755144126,0.28878765840104825,1.1203472521710913,1.0667180751958154,1.1154825216933508,1.0626129574067318,1.125000509081685,1.070607831619713,İSTANBUL,BAŞAKŞEHİR,536797,3.468
54988432B67060937110843,0.20502405549569036,0.2636673615874812,16.519789060019047,0.20178662898378633,0.26097052556396805,0.17785482302626054,0.2362951670240132,0.15039414695652573,0.20529595502603418,0.19934032545994945,0.2587012847556807,0.20263548811532536,0.26172291491323924,0.20079013331494228,0.2600617381024688,TRABZON,ARAKLI,49230,-0.24
54988432B67214587682111,0.06047072254920927,0.09964478572247974,8.364379722378311,0.0602111842938733,0.09921711373925357,0.05499136020660228,0.09061579014398988,0.04790164355826071,0.07893322267206652,0.05995979767851966,0.09880287418059724,0.0602915190088084,0.09934949078252886,0.06014815932092289,0.0991132600120272,ADIYAMAN,ÇELİKHAN,14530,-0.631
54988432B67228037605884,0.1781654247361774,0.26887053307088477,20.866782510623654,0.17206346644467907,0.2614816234331572,0.12779509716680346,0.19919942264228682,0.07797134390875249,0.1250969452286479,0.16895526132113295,0.2574363308968884,0.1732854375266089,0.263034548134199,0.17126765703509547,0.2604575861685392,MANİSA,KIRKAĞAÇ,37363,-0.219
54988432B67289676642995,0.3307798233172187,0.319858467916085,9.655964637153154,0.32693510058539677,0.3168320741416075,0.2576672334663725,0.2616532426360222,0.17191909305052197,0.192561244614061,0.3242348083860809,0.3147011189148424,0.3278964075097265,0.3175898204166155,0.3266145543977384,0.3165792929594066,KONYA,YUNAK,20259,-0.559
54988432B67392778171164,0.23063847412259852,0.31679945078848026,22.724778039112984,0.22754810441304532,0.31423651364152394,0.2091363073476218,0.2940149377077027,0.19033804145372438,0.2706270994585453,0.22654679739053674,0.31330482166327794,0.2280670218747588,0.3147034751011202,0.22750264156808625,0.3141950540690975,TUNCELİ,MERKEZ,41045,1.084
54988432B67500599414022,0.9234198890042634,1.46701284025502,104.80295352374009,0.917774836429435,1.4618166909435166,0.8584283263599425,1.380447898437943,0.7551995119256909,1.2226631517068285,0.9152621310901246,1.459085382724504,0.9187709148564991,1.4628433765471087,0.9173691307431907,1.4613944111346795,ÇANKIRI,ÇERKEŞ,16927,-0.232
54988432B67540218019421,0.27866099414399914,0.35577525145488564,21.336376062441367,0.2754791652302413,0.3526585914661204,0.23794755989513894,0.31093785116982936,0.18951896267895066,0.2553809229274224,0.27318177514976677,0.3502329351245346,0.2763146356331046,0.3535209204616819,0.2748197343656544,0.3519690491879265,MERSİN,TOROSLAR,322971,0.396
54988432B6759828088489,0.14883628236177837,0.1495834164765139,6.993137825490278,0.14832351590231807,0.14912898023844812,0.13797533556124153,0.13998348271672154,0.12363922541300144,0.12715367001842656,0.14771254202426734,0.1485938924564759,0.14851085269296718,0.14929358077723043,0.14812504629271256,0.14895579989031058,MUŞ,KORKUT,19251,-1.22
54988432B67777118952628,1.1837881737429847,1.5341668697244197,92.91385355895909,1.1629118674730692,1.5162686961236227,0.963544374845397,1.3066555977728898,0.7008208549687518,1.0020207053266357,1.1492755781031552,1.5035108712648881,1.1679408248198884,1.5208318990571976,1.1586703775476153,1.5123960463666302,BALIKESİR,AYVALIK,75815,0.907
54988432B67849230922765,0.10233626722535925,0.16863161195090912,15.256584392639825,0.1018922782921118,0.16789999869656788,0.09294773751845853,0.15316101739778534,0.08079224456844508,0.13313096914808004,0.10151683358705374,0.167281333901291,0.10202552368317087,0.16811956293990538,0.10181928322651466,0.1677797160645172,YOZGAT,SARIKAYA,30785,-0.411
54988432B67949060177809,0.3318455103920379,0.42321347340895443,26.01544252831122,0.3231486821954515,0.4151357894731662,0.22097420820494884,0.3036692831649434,0.09103600658696735,0.14849858352978731,0.31796779614783577,0.4098980064739818,0.32511462599742985,0.41707666663627135,0.32201429316025865,0.41400171083636694,İZMİR,BORNOVA,452479,3.028
54988432B67969855832244,0.6399910826353353,0.9250684606320883,66.93356282999308,0.6329019334061996,0.9185813521541669,0.5614983191322057,0.833673020134693,0.4523243702160436,0.6906893452103688,0.6217765389268903,0.9066009339361253,0.6360178264605669,0.921642996727586,0.6269687197858426,0.9123372922303906,MUĞLA,MİLAS,152275,0.681
54988432B67997917440066,0.08054659488006369,0.1162584355098301,7.366942518481437,0.0781599045039105,0.11424726572956638,0.05872563350255764,0.09041149266075754,0.03282002908269949,0.053576004970704104,0.07704777211211425,0.11316486232939721,0.07861164662485193,0.11466403818048734,0.07790523579470832,0.11400562118554725,İZMİR,ÖDEMİŞ,132548,0.336
54988432B68103092763105,0.05561564408632258,0.07923436473947909,5.7150468529296194,0.05456837027301097,0.07827685544373245,0.04771433725863619,0.07005548405839217,0.04053635119737003,0.06053208874508606,0.05414772339627278,0.07784140343986132,0.054739781244767624,0.07844795123600343,0.054503075475798794,0.07821063265994391,HATAY,ALTINÖZÜ,69834,-1.038
54988432B68104406742537,0.4287058704451748,0.46875540419898176,23.799557874705847,0.4242398601232519,0.4650019778453582,0.37392742102547405,0.4180726458236473,0.3085623019209817,0.3553203850195805,0.4200203289061025,0.4612221055797386,0.42557276671838906,0.46616845147923214,0.422579950985322,0.4635271307566151,TRABZON,AKÇAABAT,131162,0.405
54988432B68279142747121,0.32771786060653735,0.4652035676089767,26.67997988512411,0.32249181589972303,0.46086100270058405,0.29174692168292676,0.4273251242496206,0.26068371106767035,0.3890561050315796,0.31968697711296673,0.4582240535925414,0.32357486630484955,0.4618320458786438,0.3215765848971986,0.4600185142170269,ORDU,GÜRGENTEPE,12499,-0.859
54988432B68378780511422,0.2814015672359656,0.24297137103532673,7.738873815295131,0.2733590838549654,0.23696475622662633,0.21279862932249236,0.18937806947391284,0.1484920257603828,0.13768155598243365,0.2728359693132481,0.23656540294158923,0.27393310589870307,0.2374012720412277,0.27497799869021,0.23819230877922787,ESKİŞEHİR,SEYİTGAZİ,12565,-0.31
54988432B68476887974785,8.924757321232012e-05,0.00014706381756487294,0.004459465267096843,8.89876533576482e-05,0.00014663551677513578,8.742451855686061e-05,0.00014405975406363392,8.576326917246368e-05,0.00014132231630927062,8.889674225836158e-05,0.00014648571176824443,8.903218228577236e-05,0.0001467088923743404,8.897857482933204e-05,0.0001466205570066627,DİYARBAKIR,LİCE,24060,-1.022
54988432B68647212812297,1.8783481376453282,2.1284139611451742,100.31456621588086,1.8422800261744232,2.098517846934443,1.5164226722055882,1.7965270230493273,1.1129099334557266,1.4077189379937125,1.7862413442866196,2.0485868477724267,1.8582389886698765,2.1121734889431623,1.8121059727993956,2.0718912924590276,MUĞLA,BODRUM,207196,2.483
54988432B6867596275120,0.045365904293774774,0.07442112713971978,5.910783161623595,0.04518251855946838,0.07414052615203978,0.04185578918902907,0.06874502117684049,0.03735227982234108,0.061388810701575404,0.044949303611933264,0.0737687980074627,0.045248614599154365,0.0742445202485111,0.04509668213924236,0.07400444940681312,GİRESUN,ÇANAKÇI,5783,-0.637
54988432B68766699896789,0.011135969011014546,0.018082062117193255,1.215721618940492,0.011107584003278732,0.01804456378083568,0.010670866264287126,0.017366925575227676,0.01007032772932364,0.016412593378421835,0.01108426352690243,0.018011007064472846,0.011115776259872413,0.018056073569873266,0.011101128776237897,0.018035710100718926,BİTLİS,MUTKİ,26748,-1.257
54988432B69064282981007,0.29407127593485866,0.28016104024831734,9.951108735230443,0.2937265381404586,0.279717436861974,0.28263362525553515,0.2689053755827058,0.25763287929938716,0.2470357824143487,0.2934322226667341,0.27936459992222995,0.29382283727711084,0.279837919944731,0.29366074962646965,0.2796367675666368,BATMAN,BEŞİRİ,31864,-0.792
54988432B69245819346506,0.560543361078035,0.5211004870862542,20.959231773840727,0.5552009446229561,0.5166493109130098,0.4563310184493506,0.4339893523830633,0.3284917175519381,0.325011940593991,0.5555488231078253,0.5169374662101569,0.5554405459692483,0.5168477195760229,0.5573757614359077,0.5184512557073739,SAKARYA,FERİZLİ,36015,-0.139
54988432B69251305297416,0.03933833561729972,0.0648224439533521,5.898670272654195,0.0391297391405008,0.0644787147839813,0.03499534174254684,0.05766597755439965,0.029459094711502248,0.04854324632415463,0.038942455803075364,0.06417010580362785,0.039204503788088305,0.06460191336627723,0.03908819534646772,0.06441025814447023,ERZURUM,ŞENKAYA,14918,-1.119
54988432B69475506510516,0.0014007176577640337,0.0023081287105840265,0.16398980908981448,0.0013859566523901146,0.0022838052503122304,0.0011497093711577478,0.001894512569101735,0.0008451155147243287,0.0013925971251115814,0.0013738559975352762,0.0022638655652996885,0.001390119805205542,0.002290665371255644,0.0013830458167694037,0.0022790087210254654,MANİSA,KÖPRÜBAŞI,12217,-0.412
54988432B69574392637180,0.00015459313299854476,0.0002547414511091902,0.023085961089709797,0.00015375838457243763,0.00025336593706627584,0.0001372416619865525,0.00022614937318994946,0.00011515762887203832,0.00018975889107204248,0.00015285283081159403,0.00025187374867070947,0.00015406059066474576,0.00025386391790795614,0.00015349259792720078,0.00025292796886950135,BURSA,HARMANCIK,6089,-0.372
54988432B69584017445691,0.05148837711397241,0.08484350919645325,6.570876335295103,0.0513760907525327,0.08465848163346837,0.04900805665134061,0.08075639082572593,0.0456478437739661,0.07521936930468445,0.05125514220766526,0.08445918036289145,0.05141594611096012,0.08472415603726202,0.051341673948257456,0.08460176898075496,AĞRI,HAMUR,14336,-1.275
54988432B6966801542176,1.3961149889291307,1.4849360613780025,77.33202073925618,1.3834095290299147,1.4747595077925888,1.2817614337655463,1.371399276073887,1.1271627149334464,1.1775996730057248,1.3747075698987075,1.4673420482284036,1.3865616367171065,1.4773620191568364,1.3800998343187043,1.471977993223153,AFYONKARAHİSAR,SANDIKLI,54376,0.052
54988432B69685064161896,0.3510449100244404,0.48205779622559247,31.302236023920333,0.34788132894341406,0.47887471941532056,0.3104086993583695,0.4344694308170311,0.2588906442762387,0.37121578079176226,0.3452780177804083,0.4759716009427856,0.3487358504312432,0.47979669990645596,0.3469933435177254,0.4778971336584904,SAMSUN,CANİK,100247,0.553
54988432B69692013830482,1.697853826957009,2.6201256788946576,218.37546215247673,1.6913054538053003,2.6124884521906147,1.498507845816419,2.3516327024578283,1.0204580273927493,1.6391363237097836,1.6910942739557713,2.612191030368112,1.6918071083312336,2.6131002871174367,1.6935358900089708,2.615121395314067,BURSA,KARACABEY,86543,0.56
54988432B6973395963202,0.5264474402749763,0.6723513038424217,38.37640553602556,0.5190882973671173,0.6657722166602985,0.45139089549635025,0.5943627147989377,0.3597736963519564,0.48979849156144856,0.5198190606220854,0.6664558471353563,0.5191124698099118,0.6657990349081088,0.5214956036109685,0.6680265331300783,YALOVA,MERKEZ,157901,1.137
54988432B69784551217741,0.0008195455802670967,0.0013504625096725925,0.09372109773368313,0.0008176442584698107,0.001347329476113652,0.0007775880442756854,0.0012813240984372188,0.0007207582821191486,0.0011876789552335899,0.0008159278618370136,0.001344501165693669,0.0008182467436623523,0.0013483222624634912,0.0008172707847870647,0.001346714059205744,MARDİN,DARGEÇİT,26675,-0.866
54988432B69862067996452,0.002913372753324581,0.004800710021258621,0.43700591299868713,0.002883375779580406,0.004751280447821183,0.002326162831399991,0.0038330945475610126,0.0016204842743636123,0.00267026424488658,0.0028621135360622934,0.0047162441259446354,0.002890925619557101,0.004763721215104964,0.0028808374363784852,0.004747097718497258,ISPARTA,YENİŞARBADEMLİ,2353,-0.421
54988432B6991575510752,0.3989952131311491,0.46216599113481055,25.017785641981305,0.39556998288029116,0.459436005748366,0.3683689571552659,0.42892503747193383,0.31778924389203356,0.3670645266741963,0.3943335218785962,0.45833947001658565,0.39608041003901956,0.45987197421860043,0.39541055717675355,0.4592978160158708,KONYA,SARAYÖNÜ,28401,-0.386
54988432B69940512809265,0.09410473709053745,0.1550675428960872,10.06188172212523,0.0938415984404492,0.15463393811516188,0.08836044247175509,0.14560198696611512,0.08063086099533957,0.13286503828297191,0.09365177711794274,0.15432114699560276,0.09391618618477511,0.15475684519296026,0.09381970906843463,0.15459786839923914,YOZGAT,ÇAYIRALAN,11777,-0.398
54988432B69998185816997,0.042317342498546316,0.0486849962204727,3.182777243428012,0.04195120676891911,0.04829429371742297,0.03502841501836925,0.04084531041302185,0.02611493849613112,0.031179987216914926,0.041515631600319985,0.04782846765557749,0.04208041684965996,0.048432297533792995,0.04180803511706099,0.048141250259080594,SAMSUN,VEZİRKÖPRÜ,87575,-0.537
54988432B70012419752472,0.49203883793827796,0.6291386222811938,38.61511769118095,0.4822744452164563,0.6203920592261621,0.3666442816675816,0.4988205548087986,0.20419823164710546,0.3111141087197538,0.48316094526113273,0.6212311324690334,0.4823930280544096,0.6205053396064223,0.4856411583421972,0.6235546170036931,KOCAELİ,BAŞİSKELE,131387,1.562
54988432B70042500930466,0.32680026811052937,0.4051754095805554,24.196551803560723,0.32142467374598904,0.40064326642372144,0.2790555388388127,0.3569368795189877,0.23193541050351626,0.3049826054196759,0.31812202839882314,0.39755166564237443,0.32273645529415107,0.4018257864073978,0.3203845472119125,0.39968497650125523,KÜTAHYA,GEDİZ,48539,-0.083
54988432B70258579646367,0.16430274708308265,0.24969447821665763,16.658763326233675,0.16285959106813655,0.24830707234025898,0.1511536603455316,0.23320429824399344,0.1375959908337544,0.21416857506591933,0.16168944297027388,0.24697855227583235,0.16326819944607351,0.24874037988024705,0.1623797886185472,0.24777533121109216,RİZE,PAZAR,32144,0.199
54988432B70315199389199,0.22741476263476015,0.17819664590163597,3.715624295802529,0.22130714565902046,0.17369521089859682,0.17018441861785064,0.13504715325391514,0.10038044958610644,0.08182416874359875,0.22124510400145694,0.17364895946517808,0.2215743273352584,0.17389431114095022,0.22267242148433977,0.17471107737704572,BURSA,ORHANELİ,18963,-0.354
54988432B70364934790471,0.6198515502178821,0.8884229506511064,60.02584126984244,0.6152014295245557,0.8842753777107162,0.5673097021296944,0.8292865052915444,0.4936602266163116,0.735099673315575,0.6138344468125443,0.8829335794640519,0.6158422884252972,0.884891204812119,0.6154181306270121,0.8844846958101675,DÜZCE,MERKEZ,267249,1.032
54988432B70424898114793,0.034032890036365775,0.05608003166211097,4.541299986341821,0.033891289346346214,0.0558466994011367,0.031061418345610964,0.05118358512693476,0.027240541905806496,0.044887473586237334,0.03375549420042252,0.0556229336241244,0.03393487242730006,0.05591851641571325,0.03385767484846955,0.05579130880388753,ADIYAMAN,SİNCİK,15801,-1.202
54988432B7043343413230,1.040461909239799,1.0535449377683102,31.58693250376145,0.9806958185747972,1.0076967556033833,0.4092428828719932,0.5451912469465895,0.2013119458048092,0.3317255831823689,0.9659265557375312,0.9961582300222158,0.9882969994208571,1.0136194270264962,0.9865559302189862,1.0123531531694179,BOLU,MUDURNU,18101,-0.461
54988432B70515567552987,0.5082117736445769,0.7344001064469493,57.33944918018246,0.5044944623880602,0.7303015753840696,0.4361305028824876,0.6418996487737004,0.28029252752258615,0.4297503991317862,0.5018990146710278,0.7271128663129948,0.5054088299549077,0.7313969279261836,0.5038765378356058,0.7295555702205186,MANİSA,TURGUTLU,179326,0.489
54988432B70702003005022,0.4000128179107486,0.5658883920847873,34.82542469992371,0.39679836933997586,0.5631377193627347,0.3736407879152872,0.537886814064864,0.34337438857273567,0.5016089804828351,0.39535956083617396,0.5617653773277514,0.39740161766215937,0.5636923636808839,0.39649200240770766,0.5628492222091991,YOZGAT,MERKEZ,109042,0.812
54988432B70812604960370,0.04847419289664571,0.042454405737244155,1.4200059376319336,0.04480507366576993,0.039756322241996336,0.029385416832121973,0.027739362528455346,0.017283118750362942,0.017840848824836004,0.043597059420965055,0.038841088137993994,0.04532351398500728,0.040146055896299944,0.04463995378790875,0.0396268714089336,KONYA,BOZKIR,24704,-0.574
54988432B70813006049679,0.43078492665445306,0.5239793545504206,31.611332987932098,0.42037668342517975,0.5154701531981449,0.3281569251445649,0.423621214700731,0.2011194229571133,0.28111465063172647,0.42026161370657467,0.51537030360424,0.42087140934975675,0.5158984528333208,0.4228869110304378,0.5176255182008688,BURSA,MUDANYA,112225,1.037
54988432B70826700680977,0.04546630505860659,0.0749163434062481,6.223500182586048,0.045354323027983506,0.07473199605213436,0.0430174881496928,0.0708820308139153,0.039720016958543214,0.0654489323955517,0.0452745492435304,0.07460059977995305,0.045382498563999604,0.07477839973130922,0.045345653824509106,0.0747177176438466,KİLİS,POLATELİ,4968,-1.155
54988432B70965233026524,0.4305919635839236,0.5326292318231841,30.398826221242782,0.42341796806431353,0.5267954973353466,0.38158015415066904,0.48362869720123564,0.33992055132011384,0.43565599451816867,0.4184637843968923,0.5222823546128488,0.425276225652616,0.528401715886844,0.4213326370395737,0.5249330242895162,RİZE,DEREPAZARI,6772,-0.37
54988432B70975944471904,0.005536369214147955,0.009122932565844136,0.6555724241092373,0.005512724933004808,0.009083971077891786,0.0050534699216676195,0.00832720209502691,0.004430196196717352,0.007300160013322311,0.005476430159532913,0.009024163872470849,0.005521940218912249,0.009099156198077357,0.005498183044471066,0.009060008682440569,ÇORUM,UĞURLUDAĞ,5992,-0.923
54988432B71029132182367,0.09857976575940143,0.13891109134787266,8.826662874092301,0.09816977930057037,0.1384169004308871,0.08990012207150057,0.1282635175498141,0.07847036818324502,0.11394236979626654,0.09786244107404551,0.13804531030284492,0.09828635639708594,0.13855761682287251,0.09812690952592727,0.13836512284823865,DİYARBAKIR,ÇINAR,79114,-1.256
54988432B71099254802304,0.3220690797820431,0.47712462049401494,34.67152052467864,0.31851461371686607,0.4733904505429467,0.27629740050309864,0.4195694388040717,0.21791590647743406,0.3396153773367455,0.31667194959492095,0.4712351641438041,0.3192116228385395,0.4741861739212909,0.3182884496018571,0.4731295460170239,KONYA,KARAPINAR,51756,-0.161
54988432B71168384186260,0.3088731189494182,0.508966892666164,38.60738125237118,0.3065256864369882,0.5050987495410553,0.26207879831578756,0.4318583373851733,0.20415168514215576,0.33640495868589976,0.3048600401254874,0.502354066448111,0.30711590142899864,0.5060713168253511,0.3063285286222722,0.5047738692126467,KONYA,DERBENT,3954,-0.936
54988432B71225398808763,0.00259434329016505,0.004275007314964352,0.31540288862879284,0.00258923633568827,0.004266591980020751,0.0024807625791152437,0.004087846898523905,0.002325795653779115,0.003832489505421415,0.0025837262007368097,0.004257512276762809,0.002591050309908802,0.004269581080611768,0.002587669118233244,0.004264009489835363,AĞRI,TUTAK,25920,-1.254
54988432B71285314938898,0.0008104368948245929,0.0013354530477235778,0.09439755899631086,0.0007955575000611988,0.0013109345032052448,0.0006979504778475943,0.0011500958294888984,0.0005964591094123365,0.0009828564575402208,0.0007906981105285444,0.001302927110399091,0.0007979569117749804,0.0013148882986288926,0.0007955269177930879,0.001310884109172821,ADANA,TUFANBEYLİ,16027,-0.521
54988432B71286228514784,0.01741391523772102,0.027540758491699145,2.159050042437942,0.017243911401784908,0.027332070920147087,0.015550087943499536,0.024826748693030844,0.013504644450176417,0.021670572483144683,0.017160506969937477,0.027218602967730834,0.017276010768510174,0.027374607860890857,0.017231372338409653,0.027315256585584924,HATAY,YAYLADAĞI,42019,-0.863
54988432B71345383711908,0.7719572213359206,0.7310763490077965,31.14786616499263,0.7645898176463455,0.7234931358252447,0.6110874896054479,0.5694443156519589,0.20835664920902885,0.21343459030119744,0.7662573243903836,0.725274300052634,0.7643012390182249,0.723184534074727,0.7680529716293577,0.727180181087695,İSTANBUL,ÇATALCA,81143,0.761
54988432B71616500059418,0.5913925831188607,0.6402797579514623,30.165879470507875,0.5853327750897426,0.634180345750913,0.48852061385162504,0.528886753641517,0.13851215404334305,0.21740814159209595,0.5865910317890782,0.6355181312973354,0.5851169213107532,0.6339494923771837,0.5879773940033113,0.6369709058415004,İSTANBUL,BAKIRKÖY,218204,4.465
54988432B71738622898176,0.10086341948949996,0.07298289887604219,1.1127775324561964,0.09467779221308974,0.06850847714156287,0.06993325769530014,0.05060745269168882,0.05137334488419631,0.0371791929797261,0.0921007472134658,0.06664424175690499,0.09574437836234356,0.06928002523688943,0.09394852584269978,0.06798091324497921,MALATYA,ARAPGİR,9917,-0.393
54988432B72028378604273,0.04534874601080355,0.06824802503630442,4.6651427500917375,0.04506418447268785,0.06790523199516306,0.04096964274140241,0.062215640458615676,0.03503201185646568,0.05393147770684149,0.04490700738081238,0.06769437113038186,0.04512211243188859,0.0679813466225054,0.04504414348551586,0.0678786529748009,GAZİANTEP,OĞUZELİ,36644,-0.389
54988432B72030220276956,1.2275207709485403,1.3025310236825918,63.45840254206854,1.204939001531615,1.283122025878752,0.8693617646252736,0.9735082325162836,0.2630794654983598,0.4108942143638514,1.2118262015653207,1.2892252309610277,1.20264379974795,1.2810743078972626,1.2162260749851028,1.2930780569429685,ANKARA,ÇANKAYA,952198,6.901
54988432B72106000461584,0.14720773918973398,0.2425716612913786,20.246270665485298,0.14666541163099417,0.24167800381377785,0.13547196311727036,0.22323323034942963,0.11977904821786645,0.1973741521609773,0.14621663310653255,0.2409384981816029,0.14682689647866368,0.24194410156100352,0.1465831430790296,0.24154244015773685,YOZGAT,BOĞAZLIYAN,35316,-0.197
54988432B72271864351662,0.5986810585883366,0.7648265372792448,43.915800784241675,0.5912920754178469,0.7582052505085364,0.5167834742029386,0.681090138222838,0.4189273571729727,0.5739451281882002,0.5845433093543921,0.7516543020106321,0.5933806967222073,0.760169951901708,0.5885459077888899,0.7555694884177407,DENİZLİ,PAMUKKALE,343071,1.227
54988432B72298129420798,0.820571503221554,1.027051696389949,70.72656464758441,0.8183967291746582,1.0244064438006766,0.7584331012175449,0.9538664720766178,0.6453185157034248,0.8234094662636978,0.8153088504809006,1.0206778824443254,0.8192388819873392,1.0254283984611188,0.81730652648835,1.0230881638699143,SİVAS,GÜRÜN,17062,-0.475
54988432B7232586942515,4.367916696321871e-05,7.197534689691347e-05,0.004638512519595094,4.361389544686295e-05,7.186779127351639e-05,4.222934237112027e-05,6.95862988630113e-05,4.0226363495968335e-05,6.628575287302829e-05,4.354510885301771e-05,7.175444343979881e-05,4.3636035074045956e-05,7.19042733645784e-05,4.3594844048868995e-05,7.183639802417533e-05,SİİRT,ERUH,18339,-1.098
54988432B72387127190617,0.31456862663991675,0.41667015711521954,25.02020169828625,0.312795835595716,0.41486448772291595,0.29246651418325015,0.38998667003676984,0.264036437861568,0.35461124745932604,0.312017129005594,0.41397901736570075,0.31313373976735887,0.41523913169140375,0.3127446973955913,0.4148071947184203,ELAZIĞ,MERKEZ,463686,1.135
54988432B72818442943555,0.11825812543758933,0.19486794720505296,17.350524869422948,0.11761842034477564,0.19381382920857748,0.10489697770365862,0.1728511984904913,0.08770741718962458,0.14452591971296955,0.11675575485572125,0.19239231290807265,0.11786292328550246,0.19421672571965212,0.11730727620605215,0.19330112008712327,SİVAS,ŞARKIŞLA,37282,-0.178
54988432B72902905976460,0.4507809521927439,0.6454532605288801,41.556480226669755,0.4489948477621951,0.6434546406107898,0.4216884900111492,0.6089153470096255,0.3853503535346624,0.5617769609061294,0.4470528592508099,0.6411112952985586,0.44959816476997255,0.6441667176369534,0.4482902704950917,0.6426153652583059,GÜMÜŞHANE,MERKEZ,54697,0.655
54988432B73072447730570,0.3823876452534341,0.5449667872596965,36.33684063494427,0.3765644363163081,0.5394090768639429,0.3196715923168766,0.47045829851244797,0.24732366923898852,0.3752128759123923,0.3670624921898917,0.528868518940563,0.37919771823758663,0.5420972792070111,0.37148178759797607,0.5338832097855493,MUĞLA,DALAMAN,53327,0.548
54988432B73173192257924,0.15842215252795055,0.18457602359052447,9.760610361051029,0.1575752083928229,0.18380971112714312,0.14918702596953043,0.17465359401387498,0.13744487428469784,0.16155598522734674,0.15703692513936449,0.1832653485063918,0.15777493848207602,0.18400448784486972,0.15741528397074114,0.1836504949351916,VAN,İPEKYOLU,362816,0.404
54988432B73242449830307,0.02497997808523275,0.041162474313576815,3.01238894660292,0.02490971837289194,0.04104669904769629,0.023455731378829142,0.038650792130117136,0.02114723806011313,0.03484681373548091,0.024819171679293983,0.04089749451530284,0.024935476612514995,0.04108914395590354,0.024877085760312372,0.04099292641937339,SİVAS,ULAŞ,7603,-0.595
54988432B73294820193521,1.19152355597021,1.855440185530261,153.12332467643867,1.1868198366667029,1.8505060724121336,1.0823355190940773,1.7022940609558996,0.8054927120744474,1.2723811117204702,1.1872882772170965,1.8509822897551576,1.1868755485398321,1.850593013811035,1.1885441354359294,1.852403393016135,YALOVA,ÇİFTLİKKÖY,58589,0.828
54988432B73322112171643,0.44285123029826046,0.6470324390916558,44.02527610968503,0.43758724918009817,0.6407597542081332,0.3509705803930523,0.5258732520422058,0.19864739109016713,0.3195661777786174,0.43931589481666344,0.6429088072024275,0.43700379353821805,0.6400275769299262,0.44039275633977515,0.6442255615905113,ANKARA,ALTINDAĞ,418072,2.528
54988432B73440266741351,0.28447798810624936,0.3879448519560468,27.502894659033593,0.28137465120971333,0.3851109621160937,0.2534972600303497,0.35277753754950386,0.2204043547304919,0.31167413740489314,0.2797741009190077,0.383452939603609,0.2820185065846586,0.3857538087927559,0.2810434031162253,0.3847740533051732,YOZGAT,SORGUN,80068,-0.038
54988432B73618387821891,0.19020223730229716,0.31341879807208406,23.95711374211796,0.1890312789412202,0.31148927102063356,0.16625161985271222,0.273952523434091,0.13617536385489754,0.22439230721875023,0.18760584944283357,0.30914042167765343,0.18954965392243026,0.3123434589937396,0.1885568054425953,0.3107074247302573,ANTALYA,İBRADI,3256,-0.264
54988432B73640437939057,0.20417416759808404,0.2867580121195917,18.434246849612993,0.20265978614063923,0.28527055364147297,0.1864879580912253,0.2655220575480517,0.16475739674726902,0.23792874862707672,0.20190949908241318,0.28443776403405446,0.20297254530647646,0.2856068768326969,0.20254981805805208,0.28515053962278425,DİYARBAKIR,BAĞLAR,402275,0.017
54988432B73654359915704,0.18972726286486502,0.2592041608069112,15.630338020702913,0.18416095848956726,0.2544132621687429,0.15519150883229663,0.22420230868824,0.12639778203246918,0.18989955296815314,0.18097983168572385,0.2514907245844011,0.18546098308590445,0.25557177848562446,0.18295257335816847,0.25332849964074167,EDİRNE,HAVSA,17302,-0.198
54988432B7371544527763,0.15528061183945982,0.25587429157981595,18.91858129454697,0.1549726254719685,0.2553667858927598,0.14843463580903815,0.24459336444921204,0.13909939649320993,0.22921058279753256,0.15464070252429127,0.25481983706193084,0.1550820264615847,0.25554705888617846,0.15487833130824488,0.2552114062091208,AĞRI,ELEŞKİRT,28661,-1.013
54988432B7377784075511,0.21544104455776433,0.2529736864819541,13.847157833432837,0.2143887195486915,0.2519192820095206,0.19355720987248992,0.23079143815126138,0.1656427030720066,0.20215189824185834,0.2124927124939966,0.25001507208507073,0.21485706492652015,0.252388758436406,0.213572046288784,0.25110031729319965,KASTAMONU,ARAÇ,18121,-0.565
54988432B73997329760660,0.5899651103213356,0.8434971422605749,46.897185280787674,0.5832599868809935,0.8381127713575137,0.5462725534957653,0.7998220147965549,0.5097316293185129,0.7566025677460749,0.581152506170335,0.8362485558918453,0.5843621600608893,0.8390597887840743,0.5831637666337763,0.8380291374822701,TUNCELİ,MAZGİRT,7257,-0.58
54988432B74105915560914,0.8237045705250878,1.0670643124770918,69.66418427440333,0.8150363565428967,1.0591038200761904,0.7165961717616388,0.9474123398498995,0.5460010247378904,0.7484438532255987,0.8009957302060497,1.0441762227471423,0.8188969495666611,1.0628863974245155,0.8075888575187612,1.0513374370523951,MUĞLA,ULA,27649,0.355
54988432B74200485211602,0.2018181455346525,0.2233734716999137,12.827794885939943,0.201318722015087,0.2226610099987907,0.18435599757211177,0.20336645352428856,0.15467164034334907,0.17238723027273967,0.20079002384890834,0.2219629295657135,0.20151239497384357,0.22292698354058968,0.20120631851768994,0.2225097234372842,ERZURUM,PASİNLER,25401,-0.765
54988432B74224800333323,0.3714781875976593,0.4796025066435688,31.3966128638618,0.35950529377315704,0.469801072457789,0.29128291939026935,0.39947399443977855,0.2220879172120569,0.31853059402902456,0.35223379293752544,0.46319515808769246,0.36240171315104425,0.47231743892886213,0.35673640582809957,0.46733046624906854,EDİRNE,LALAPAŞA,5932,-0.351
54988432B7423640406971,0.31634474462553397,0.3840110215083379,22.152183699672584,0.31014915245952585,0.37911501991278235,0.27420472711284444,0.3446317993417866,0.23854091903826957,0.30699947272163003,0.3058756328200353,0.3754156140634871,0.3117545889386354,0.3804478399459761,0.3083486894781732,0.37758061664200926,RİZE,ARDEŞEN,43519,0.078
54988432B74473203693004,0.6282071524225111,0.9427683558412692,78.34739744229249,0.6220111643666569,0.9364644111702717,0.555338142394304,0.8549831111564316,0.42472580486784767,0.6721442378938352,0.6195245417557992,0.9337374128203813,0.6231302733407553,0.9376672567658957,0.6218488858793967,0.9362850860130808,BİLECİK,BOZÜYÜK,81332,0.608
54988432B74566589804455,0.12764838671049136,0.21034139506496544,15.32080578993987,0.12742053301932305,0.20996593349818718,0.12255200705876504,0.20194348551553978,0.11555646300340718,0.19041609740072032,0.12720924743151799,0.20961777316148944,0.12749301965411966,0.21008537832847132,0.1273725557618424,0.20988687567748193,SİİRT,BAYKAN,23219,-1.061
54988432B7457666939336,0.3279452438179929,0.43072196255635953,20.222124081482566,0.3222472784161001,0.4256877836353853,0.2793776706828739,0.38140409056848035,0.23193740730359172,0.3293239742679013,0.32281033332972736,0.4262128957749793,0.32225658874107266,0.4256966135847687,0.324062716382867,0.42736560657843403,YALOVA,ÇINARCIK,40174,0.141
54988432B74694372837116,0.09654822860858264,0.15909397384425675,11.514707511314475,0.09623013981866156,0.15856982119688898,0.09063683189790518,0.1493530639671392,0.08295111519715087,0.13668839648037104,0.0962957072961792,0.1586778645106148,0.09621641985659374,0.15854721318721535,0.09638116051973342,0.15881867592796514,KIRIKKALE,KARAKEÇİLİ,3062,-0.423
54988432B74865173574888,0.0009900902803300115,0.0016252764669251122,0.12434184395921388,0.000987811430330893,0.0016218240735674384,0.000945235245762597,0.001552877194541432,0.0008855264001234943,0.0014553960584814448,0.0009856245350242608,0.0016184056020111862,0.000988679463424633,0.0016231742968685007,0.0009871977167448924,0.0016208950452651731,ARTVİN,ŞAVŞAT,16151,-0.405
54988432B75065207924044,0.3524767856384602,0.4436799396936026,24.60685134678874,0.3479887210522741,0.43954761912953016,0.3048079023788002,0.39338046347266675,0.24679149056738584,0.3297738764869358,0.34765658922659143,0.43920379100760554,0.3483319074645158,0.4398891422728248,0.3489167291014244,0.44044311228537364,ESKİŞEHİR,TEPEBAŞI,398129,1.477
54988432B75072745188363,0.9370797169813402,1.2301157606511344,88.55539494120984,0.9345288697834458,1.227799125742502,0.8773888924520873,1.170631061898238,0.7853671804550286,1.0680471753927865,0.9350977991249266,1.2283129080671802,0.9344090961631496,1.2276909626010106,0.9358359603037977,1.2289864721651647,KIRIKKALE,BALIŞEYH,5888,-0.527
54988432B75199317168320,0.6120248074736665,0.557203897955371,18.663158615950508,0.5826940546453878,0.5356078985896756,0.4447297645433332,0.42808967075640014,0.32647839281538604,0.33169399102978425,0.5751890591296942,0.5299793750076877,0.5869720156944791,0.5387994810231643,0.5832791495283466,0.5360451510925193,KAYSERİ,TOMARZA,20156,-0.674
54988432B75263721717029,0.441569123060158,0.4371989107661749,19.828767869471942,0.4228816784690056,0.4231990608021692,0.3390574000948525,0.35411753071608487,0.2688156001292203,0.29152525561966963,0.4147911510268668,0.41692982048600685,0.4261796227644158,0.4257212482854427,0.4206095886338942,0.42144991241113605,MALATYA,BATTALGAZİ,274563,0.813
54988432B75303442304473,0.275383149331733,0.3599103592798981,23.04687779773836,0.27339486895886717,0.3580603287207346,0.2514481398194686,0.33331885392964883,0.22165514752995966,0.29852922645817503,0.2716913173530697,0.3562885927727897,0.27394205203726746,0.3586083730665322,0.27275440329353773,0.35741013619779793,GİRESUN,BULANCAK,70397,0.063
54988432B75596931390993,8.22670699980612e-05,0.000135561214028858,0.012219722156605125,8.220470059417882e-05,0.0001354584405605827,7.973097880512236e-05,0.00013138219560738287,7.363020585873874e-05,0.00012132922803304641,8.216037709640239e-05,0.00013538540347334086,8.222166258061655e-05,0.00013548639083854803,8.22020039761382e-05,0.00013545399702302426,ELAZIĞ,ARICAK,12340,-1.07
54988432B75676722749160,0.03875035512112206,0.06358974958508978,4.110334111069663,0.03864014746006895,0.06341087585897878,0.036518268779118075,0.05994445283789544,0.033214684809323894,0.0545466032496223,0.03859321746550397,0.06333415032503595,0.03866080222018501,0.06344459915275971,0.038647613531462656,0.06342294985167345,DÜZCE,YIĞILCA,13492,-0.88
54988432B75798552461852,0.24510790435514318,0.2916102259635878,14.862188057556299,0.24376344575655107,0.2903569476669889,0.23143552131045408,0.2755505478239962,0.21665935321532262,0.2565304828688175,0.24307631708808478,0.28962301552362735,0.24404936436967095,0.29065020001071296,0.24362743709720594,0.2902137425082306,MARDİN,MİDYAT,125791,-0.36
54988432B75808003725453,0.1962378585130226,0.25673940163811976,14.003599831885616,0.19182971080763225,0.2531502219617466,0.16708389073452126,0.22821108744246119,0.14280097535785172,0.20099066310199945,0.1888969788320592,0.2505152384015239,0.1929064371703397,0.25407551515913546,0.19060943612311582,0.2520727108727008,TRABZON,ÇARŞIBAŞI,15004,-0.34
54988432B75995786409497,0.25528537053330536,0.3849673355936104,31.04773355160001,0.2529623767878241,0.38163884890033617,0.2133036526931776,0.32779681894981777,0.13664947845475586,0.2173007839268271,0.25125702411551515,0.3793217360961769,0.25355628500084465,0.382458094112626,0.2525508997951921,0.3810759075941022,MANİSA,AKHİSAR,181472,0.543
54988432B76021463807070,0.42209587654340486,0.5595459063140698,39.462173300211674,0.4104089292101074,0.5493882062859626,0.29181742720531795,0.4187271829527631,0.11764630813398413,0.19385141918200713,0.41256011920641983,0.5513666184566495,0.41005295308038114,0.5490620857331243,0.4150584368282727,0.5536407213322958,İSTANBUL,SİLİVRİ,240029,1.312
54988432B76024124703750,0.11390121351130664,0.18768854638091262,15.866958141910763,0.11368526398963558,0.18733270072690583,0.10832902639048284,0.17850659239965813,0.09884369808906045,0.16287649131506368,0.11354141586929364,0.18709566510828254,0.11374224822613781,0.1874266004158207,0.11367631059555108,0.18731794715695618,ELAZIĞ,PALU,17872,-0.737
54988432B76125229912177,0.35537104420532667,0.4910353060991565,36.088517074139446,0.34729690498826155,0.4831979899612878,0.23603992749356492,0.34696727342517764,0.08880961196831247,0.1463421368494097,0.34202730577920865,0.47753143209693255,0.34924632000498995,0.48522659645008503,0.34615070474913784,0.4819814091286401,İZMİR,BERGAMA,107549,0.379
54988432B76166578755153,0.4233121663054766,0.5529487291357688,31.86735637348011,0.42079258904351546,0.5506841978400732,0.3974709487649342,0.5248416815847675,0.3669782350406808,0.4888588692918998,0.4208591544399671,0.5507482811083911,0.42089382190394875,0.5507835142536865,0.42148974430965047,0.551355874864428,KIRKLARELİ,LÜLEBURGAZ,157136,1.12
54988432B76227245488219,0.7241373463147535,0.7801470950919489,35.66844037204562,0.7187882328447035,0.7755044583476239,0.653608722798427,0.7159985192482596,0.5649994701106444,0.632125516470981,0.7160949605239632,0.7731427971804358,0.7200175672920769,0.7765814064540577,0.7184628018364799,0.7752308239099548,NEVŞEHİR,AVANOS,32093,-0.044
54988432B76333131904133,0.15309319360394033,0.19935409513735344,12.98895962116599,0.14945098726327827,0.1959953395943753,0.11096246756908273,0.15277652397010752,0.0636026498418438,0.0953169809566287,0.14718687282761433,0.19369656787370912,0.15028776209444134,0.19682023704099022,0.14888834156165587,0.19543208208487317,MANİSA,ALAŞEHİR,104565,0.038
54988432B76430100737170,0.20778811046913906,0.2913036201481175,16.190511258922832,0.20478468290225882,0.28867349212756227,0.18459723625627406,0.26608244645639767,0.16301998676814566,0.23956415690619284,0.2026142878871802,0.28652242271225126,0.20555213469304287,0.289394576366322,0.2038956296953823,0.28781073133753776,TRABZON,BEŞİKDÜZÜ,23246,0.17
54988432B76534692680801,0.12985350319388705,0.19463269069073924,12.897714314057637,0.12772035799582726,0.19254208322344485,0.1110393481001256,0.1707525197305772,0.0925993510543732,0.14464003534811345,0.1262825792757129,0.19088997377242076,0.12822871242203351,0.19309377052912993,0.12721462330844951,0.19197424431124646,SAMSUN,BAFRA,143387,0.256
54988432B76630597783829,7.579024765964689e-07,1.2488858524476056e-06,0.00011368537148947038,7.538011507768531e-07,1.24212761118232e-06,6.726517526043775e-07,1.1084081176567669e-06,5.641535597948501e-07,9.296227696731415e-07,7.507299213175055e-07,1.2370667819333855e-06,7.549673331463163e-07,1.2440492682656122e-06,7.533723826728167e-07,1.2414210790945556e-06,DİYARBAKIR,KOCAKÖY,15088,-1.131
54988432B76667969574644,0.1513627405941377,0.24941835018750505,18.24606668815715,0.15095822706499615,0.2487517852411319,0.1424815162692211,0.2347837029151919,0.13037270853391972,0.21483058343399286,0.15050953641599543,0.24801242441178242,0.15109575281437734,0.24897840273883523,0.15082532981791744,0.24853279467594583,ORDU,ULUBEY,18027,-0.73
54988432B76694666867888,0.2048405667530788,0.3042324189390351,20.226371157316645,0.20255119481433906,0.30208026312272923,0.1873243041899713,0.2834748330521461,0.170953594912427,0.26136654205454407,0.20081763149598988,0.3002147995963308,0.2032251112769256,0.3027617896968568,0.20181080913107438,0.3013006059110553,ARTVİN,HOPA,27844,0.502
54988432B7673990663622,0.4138671851761704,0.31789120614691646,7.3220326920890715,0.37725368782659785,0.291262204170208,0.2221238492089108,0.176277705120278,0.1004247852471762,0.08464987802366812,0.36646159957014296,0.2834627148568938,0.38261387304338945,0.2951468510573525,0.37659700579579863,0.2908450882064995,BİLECİK,YENİPAZAR,2692,-0.501
54988432B7686376545923,0.11568368500234225,0.16918006792492002,12.469048829192243,0.11402793455152185,0.1676808202027435,0.10215721772624381,0.15303654651575516,0.08916124194626893,0.1353089213256826,0.11285358923591896,0.16642638971984552,0.11444337068057427,0.1680962032226383,0.11356941110690513,0.16720322500166127,TOKAT,REŞADİYE,43108,-0.657
54988432B76895088825803,0.3557787313364432,0.3567694142810388,17.290367856034486,0.3553868317397672,0.3561241130135273,0.34592571743987094,0.34294220866801745,0.3188483027127969,0.31431795032312715,0.355125041385677,0.35569468265050913,0.35548179433886934,0.3562803109480825,0.3553517633000086,0.35606648556211296,OSMANİYE,TOPRAKKALE,22358,-0.084
54988432B7698417663735,1.0669593749226252,0.9143982579399598,27.05628212218717,0.9954459166371539,0.8601506021044476,0.2787086084596943,0.29825077434376973,0.04894328783549741,0.08064966356161989,0.9763483636183975,0.8456414464960291,1.005226830488506,0.8675821112643376,1.0030726693406284,0.8661352649261307,BOLU,SEBEN,4438,-0.425
54988432B77006112817305,0.5286724748212108,0.6717552811172385,40.43051662931595,0.5163363202711391,0.6603770327548226,0.39214008001969286,0.518914537371668,0.18033189472865163,0.2770969641661096,0.5185425328597277,0.66258818925767,0.5159666475616025,0.6600027818385337,0.5210954317740858,0.6650846522921907,İSTANBUL,ÇEKMEKÖY,315959,1.45
54988432B7739562354117,0.16026013922772805,0.20311289206457306,14.097879620812021,0.15959924565806838,0.20203024847807544,0.13990912308902215,0.17500014577362064,0.09885359235018175,0.1265140910833666,0.15911055535595714,0.20124159053131782,0.15976823162145978,0.2023054954445371,0.15954232659209316,0.20193782209362177,KONYA,HALKAPINAR,3947,-0.765
54988432B77407650026764,0.3289782525459077,0.4158313226287363,24.640503512173403,0.3266569520076213,0.4130365107515199,0.26472378754668596,0.3427190082395324,0.1263479014458149,0.19469066710288205,0.32703949422519474,0.4135391239946903,0.32663721293330233,0.41299810454041963,0.32769053437307055,0.41432652034300227,KOCAELİ,ÇAYIROVA,162262,0.962
54988432B77479397394986,4.260024623978417e-05,7.019748118329164e-05,0.006168964315813055,4.246168830381379e-05,6.996916282925372e-05,3.9613808725785146e-05,6.527637368513259e-05,3.566284153939297e-05,5.8765896183160956e-05,4.232648680477334e-05,6.974637527466018e-05,4.2506816995105306e-05,7.004352672940425e-05,4.2427737857958556e-05,6.99132186506527e-05,BATMAN,SASON,28150,-1.063
54988432B77607425257095,0.15235917975104407,0.23230086529208482,16.527382787735913,0.14978635607902832,0.22975504907714472,0.12661960670289457,0.19835536957262354,0.0977078360548405,0.15579520607409678,0.14811926746195056,0.2277948794976066,0.15040340635637486,0.23043927177085483,0.14925986904634284,0.2291513105335795,BALIKESİR,BİGADİÇ,49275,-0.138
54988432B7766374171238,0.08773046559813677,0.14444000475609794,13.140673665948109,0.08731465409639652,0.14376084399196262,0.07908996307115901,0.13023212931937692,0.06798674854871475,0.1119541086880259,0.08656836914734074,0.14253534413899313,0.08749891947146471,0.1440629125389288,0.08699297880616999,0.14323285963692,KASTAMONU,CİDE,22496,-0.533
54988432B77763600838598,0.2913839872635904,0.4235679606983134,32.24312019007404,0.2886635238045645,0.42104441098079465,0.26026537886318524,0.386918851372504,0.22018806525963466,0.33359963882097987,0.28810127091165283,0.4204607175680279,0.28901968923456944,0.421407173120683,0.2889951694757158,0.4213812271269706,KIRŞEHİR,MERKEZ,163368,0.686
54988432B77928955362752,0.8525618789163972,1.2999815001615764,105.27323352305028,0.842511347052646,1.288259330159067,0.7481524611461877,1.15951788447575,0.611113440928553,0.9590427044728467,0.8414478978173979,1.2867719063827001,0.8433183456795311,1.289291109371242,0.8443325565939891,1.2903541864793275,TEKİRDAĞ,MALKARA,50123,0.068
54988432B77963946080728,0.3870946492422352,0.5675600424653274,42.64553779135383,0.3813128774937822,0.56270759496111,0.3428436743370746,0.5180167794639007,0.29524770492870217,0.45361184418294065,0.37749712189747076,0.559008810016501,0.3826973259694084,0.5639679538243573,0.3798078251247338,0.5612847663099821,SİVAS,YILDIZELİ,26567,-0.762
54988432B78096221215444,0.2623175945468563,0.28475760065492417,15.324840199134595,0.2601291715472495,0.28264155387854784,0.21878823985417561,0.24226083484893748,0.16563418343709618,0.18987045849472134,0.2575267197774772,0.2801186806239428,0.260901316791887,0.28338892718155206,0.2592738995832759,0.2818130326534797,SAMSUN,YAKAKENT,8916,-0.538
54988432B78199019874123,0.15480290417903753,0.13637171585624283,3.1082391912300715,0.14655350101122422,0.13037810609291384,0.11299457186166618,0.10553072259263112,0.08734525398678539,0.08614010237412811,0.14273265603062008,0.12758504783719257,0.14825339920188257,0.13161736779623928,0.14528874611313716,0.12945471191159155,KÜTAHYA,ASLANAPA,7813,-0.782
54988432B78675491052886,0.2386447963973066,0.2656144610947782,15.229482914855895,0.22773761668913697,0.25742456173679334,0.17718939391044203,0.2132628765020245,0.13104200421370657,0.16656981116843708,0.22712893876724405,0.25693530756096494,0.2284013202417968,0.257942517200715,0.22961890216340425,0.2588670723055754,ESKİŞEHİR,ÇİFTELER,14487,-0.202
54988432B78684581776772,0.09499104738519948,0.14686479033742658,11.983969740909776,0.09458149390433701,0.1463094333949023,0.08878160668766291,0.13727496791174149,0.07977369985926874,0.12289224106521025,0.09410643492960227,0.14560083845424518,0.09471680428862952,0.14650512055160073,0.09439348170332827,0.14603186367365698,DENİZLİ,ÇAL,17277,-0.232
54988432B78726151143019,0.17690800533938658,0.2548555845138569,17.480166277622775,0.17475605073854752,0.25290434209351853,0.15802935426691456,0.23251746450435234,0.13807455182057948,0.20612036636541078,0.1738413876428343,0.25194261848579363,0.17512174823765153,0.25327331453728136,0.17461562474569317,0.25276004338847763,HATAY,ARSUZ,115077,-0.064
54988432B78779774927417,0.19954339266041987,0.2933426063120097,23.665809862734562,0.1954357978540312,0.2893118237471773,0.1611175192409529,0.24371267887524642,0.1221841598870521,0.18777092893215142,0.19200792601425187,0.28530061585368527,0.19654168374831663,0.2905208490778545,0.19403057007867106,0.28771101721517495,DENİZLİ,BULDAN,26231,-0.011
54988432B78813645008161,0.0697559041542779,0.11494508134369474,9.884170677351964,0.06946191059131913,0.11446063326122015,0.06353426480864877,0.10469294785987099,0.05547076657643882,0.09140576491165497,0.06892813883580101,0.11358107419592156,0.06959312521862347,0.11467685117412434,0.06923214916838608,0.11408202809841887,KASTAMONU,İNEBOLU,19678,-0.236
54988432B78882156403317,0.15277355991739106,0.2517431246111001,19.83285665523057,0.1521554703674239,0.2507246251097313,0.13966334954340345,0.2301398751637408,0.12263003084163479,0.2020720545618082,0.15159806289663513,0.249806118671485,0.1523774471023804,0.25109040251832965,0.15203197385202877,0.25052112524574327,ERZURUM,HORASAN,34896,-0.778
54988432B78938998312930,0.5624146912396732,0.6123366567956368,31.6801782270915,0.5594220597375811,0.609613015068226,0.5044293343550291,0.5580284072748494,0.43074428665992254,0.48759926855396934,0.556067336745259,0.6065178551985475,0.5604341798024844,0.6105424167604805,0.55833052624342,0.608609311537931,ORDU,GÜLYALI,8881,-0.145
54988432B78941092059801,0.09931560124644212,0.16365410214914605,14.823173513477053,0.09888414505370784,0.16294314057863302,0.09019260854200936,0.1486210644267808,0.07838164927642355,0.12915874521538875,0.09851914378112173,0.16234168466638269,0.09901365001744418,0.16315654127598714,0.09881311074966387,0.16282608892608091,YOZGAT,SARAYKENT,12605,-0.587
54988432B78961906506617,0.26377708025390717,0.200007991537731,3.906223108545451,0.2632429553502405,0.19930888943174715,0.24589209125290665,0.18543497241704965,0.2107838635645959,0.15898924870370815,0.2626634509535013,0.1987132222971754,0.26340729816866815,0.19949674973586745,0.26306399087120313,0.19910770257720464,ORDU,MESUDİYE,11829,-0.842
54988432B79088719689200,0.17287559082236023,0.28474548702670516,21.680948681367248,0.17181022355533926,0.2829969085782612,0.1504123156500011,0.24776485089784578,0.12034075161748106,0.19823322707041602,0.17104965776199252,0.28174586754617065,0.17207866137771793,0.2834382805508738,0.17172028914542276,0.28284900923130424,KONYA,DOĞANHİSAR,14097,-0.616
54988432B79162079631621,0.7546937667093497,0.8403168295012685,41.873301450857014,0.7426297966692634,0.8293735929336494,0.5638915022064573,0.652890547997746,0.19805338305952078,0.30441292726854574,0.7450592414942827,0.8316823964669747,0.7422149498707303,0.8289771204325478,0.7477635746675672,0.834218540154558,İSTANBUL,ÜSKÜDAR,514294,3.045
54988432B79254890835341,0.4135610045585475,0.554464103712761,36.72773474802246,0.4074359625877157,0.548916915189,0.35431993204487183,0.4901541281487216,0.2890350473169216,0.41175183670227733,0.4073209926969148,0.5488064637269218,0.40779407625351133,0.549265998262082,0.40892021400505085,0.5503561553522641,TEKİRDAĞ,ÇORLU,306939,1.577
54988432B79409783151776,0.2790312245089872,0.2769689288211882,11.660534093172746,0.2686723846627788,0.26904451310965816,0.1816820507872548,0.19551436846645082,0.08601913950234871,0.1089706480942504,0.26287134258527645,0.26443718476781314,0.27088987478989945,0.27078268260377025,0.26720709535354226,0.26788831413036884,MANİSA,GÖLMARMARA,15140,-0.543
54988432B79438437943955,0.053928806853955034,0.0725403164001592,3.9821551453905446,0.053792300321043075,0.0723845796957561,0.05098886203898382,0.06916050622280641,0.04710392515416793,0.06465868065114401,0.05364626263875133,0.07221764722860757,0.053840609204611124,0.07243974397998722,0.053750679310200215,0.07233703113313622,AĞRI,DOĞUBAYAZIT,113699,-0.647
54988432B79616482779548,0.0765433868720347,0.12612962210150572,11.480903728047439,0.07632134987326356,0.12576374538906837,0.07171424938299813,0.11817207917769067,0.06527929684404764,0.1075684442309402,0.07616835051851124,0.12551163019551234,0.07638471424964183,0.12586815839160054,0.07630743592379671,0.12574081772333648,BİNGÖL,KARLIOVA,25265,-1.017
54988432B79652739540199,1.3459651413795535,1.362041914770459,56.907591730092065,1.3078896779608182,1.3301431264090362,0.8101671375620525,0.8912528768318639,0.222011131517503,0.35930317828262115,1.316036690539028,1.3371296626082918,1.3064926502245144,1.3289420847220361,1.324989534103398,1.3447599526469942,İSTANBUL,ŞİLE,50090,0.698
54988432B7974453528026,0.46877829240840413,0.6079256641444123,38.95939083792276,0.4579319925429076,0.597446775984449,0.3337019022354006,0.45164474082423517,0.15710776335011536,0.23382897554611878,0.45997815270929937,0.5995998381885288,0.4575856809519726,0.5970784196855086,0.46230135855004895,0.6019842756695035,İSTANBUL,BEYKOZ,246833,1.732
54988432B79784154417408,0.14932539208263335,0.23197879254158768,16.273141263620367,0.14721516480461633,0.2297162145974993,0.1283639180182451,0.20351155402019605,0.10562896417571757,0.16969255447272927,0.14437049540723598,0.22624856379173508,0.14810358875511687,0.23072491180141919,0.14573005735266548,0.22797551805923874,MUĞLA,SEYDİKEMER,65648,-0.505
54988432B79821561664997,2.1567857433023416,3.5539918191943496,323.0198400853527,2.156589789391974,3.553668922682005,2.0058925778733823,3.3053472437319056,1.0484034948552872,1.727578854552979,2.1566670633057194,3.553796256079929,2.156561350773154,3.5536220609949094,2.1567112945186637,3.5538691410985015,AKSARAY,SARIYAHŞİ,4717,-0.491
54988432B79971827749664,0.5241916869593545,0.8593627701391852,71.88653089971959,0.5225182327611684,0.8566962792908395,0.48635236772541623,0.7977560736815579,0.4273492003758759,0.7012309093725739,0.5215672883676558,0.8551661044068167,0.5229335150244475,0.8573626728438654,0.5225158235840827,0.8566971271674859,NEVŞEHİR,DERİNKUYU,21107,-0.615
54988432B80108419437417,0.37677892465716023,0.6208633472447238,54.70357752577888,0.3746059534236044,0.6172826846724754,0.3321806339456848,0.5473734510736067,0.2755323572312958,0.4540273629702351,0.3706436747473552,0.6107535678863097,0.3756602854603316,0.6190200326890221,0.37288111629773607,0.6144404658504087,ÇANAKKALE,LAPSEKİ,30654,-0.056
54988432B8015815916555,0.49831517059329483,0.7056498672737905,47.44605773679158,0.49393204586267003,0.7009471815155662,0.4288184232520127,0.6206591116090792,0.3415501962161283,0.5079230718666786,0.48960354531970685,0.695915973330189,0.49560820242155856,0.7028416951013632,0.4924614084159709,0.6992547060730496,ANTALYA,GAZİPAŞA,55850,0.152
54988432B80335300627236,0.1648660343938729,0.2416541074321159,18.162268776875617,0.1622468427804189,0.23913527360323972,0.13937763587699759,0.20988426064965057,0.11141872307218553,0.17094654015451444,0.16002231700698624,0.23662041214150387,0.16295667796125374,0.2398880625951663,0.16133135568385132,0.23812379696695107,DENİZLİ,SARAYKÖY,30883,0.078
54988432B80355579984190,0.18611285125181523,0.3057041647636161,23.589393790757857,0.1854625817740305,0.3046385029598589,0.17404960670756725,0.2859469593182046,0.15801202068168244,0.25967239038839135,0.1856022508920798,0.30486733533193644,0.1854314208241159,0.30458743262954485,0.18577436442469525,0.3051492600774333,KIRIKKALE,BAHŞILI,7353,-0.005
54988432B80433190891515,0.2060405997895651,0.3395175475116079,25.13554742837378,0.2054186253959032,0.3384926464922612,0.19252536637090895,0.31724689352867647,0.17449096573437398,0.287529471422491,0.20501026254814084,0.3378197385667907,0.20558176454744048,0.3387614702322895,0.20539230746432563,0.3384492793132009,ELAZIĞ,MADEN,9139,-0.592
54988432B80507521007844,0.14750089016349896,0.24305472093964686,22.119902398497448,0.14685618158931305,0.24199235811314146,0.13387027675113455,0.2205939416487143,0.11622146589452287,0.19151190158159684,0.14597059916630079,0.2405330788609573,0.14710127450908353,0.2423962268027004,0.1465337576789867,0.24146106197342482,GİRESUN,DOĞANKENT,7327,-0.593
54988432B80615389544588,0.6078139529398597,0.7833779974754299,56.44620060280967,0.6053532534483792,0.7805506836686754,0.5488760244275042,0.7155517330497133,0.45191719015150617,0.6032949055937261,0.6024560598385945,0.7771903077738832,0.60636401950391,0.7817214398854033,0.6044243572825586,0.7794734276995334,BURDUR,BUCAK,68312,0.439
54988432B8063224387677,0.002691424779336667,0.004434980005521387,0.24920635237869096,0.002679261927085345,0.004414937830477575,0.0024392915282426455,0.004019510126550934,0.0021185636466049492,0.00349100873457557,0.0026659487352887015,0.004393000104451906,0.002683488469980278,0.004421902406777614,0.002675308069644168,0.004408422590359802,BURSA,BÜYÜKORHAN,9148,-0.752
54988432B80643331900802,0.8196248042975874,0.867331640323851,40.18949249081523,0.8050190256517709,0.8546798451912245,0.5981515267328781,0.660886182432707,0.19241456109417931,0.2893186561436917,0.8079247039412646,0.8573027979104753,0.8045237901311766,0.8542305125061781,0.8111722909166748,0.8601996961080147,İSTANBUL,ŞİŞLİ,261959,6.959
54988432B8068662711190,1.0711675595816572,1.4375467699167408,94.62110625370099,1.06230669751666,1.4285283981846968,0.9652808628016462,1.3012841669384065,0.79638804361898,1.0801642290095712,1.0472340281528916,1.410253021125054,1.0663721849874623,1.4330259087747388,1.0543068668750413,1.4190286206844205,MUĞLA,MENTEŞE,126288,1.555
54988432B80772091068357,0.7719122184808158,1.0390943448584389,71.23128940351566,0.7615279941330685,1.0295428486370857,0.6413223985384822,0.8974298234390619,0.4757403037133657,0.6973125741813562,0.7536587282454444,1.0215985610332647,0.7642988931111138,1.0322578843145944,0.7590784978739069,1.027096023923107,BALIKESİR,EDREMİT,176251,1.072
54988432B80891618089015,0.0966393361373927,0.15924410253138455,14.485669261211353,0.09612892957410876,0.15840304506612296,0.08600998466065153,0.14172885869736415,0.07245635824113837,0.11939494001074859,0.0956674475699686,0.1576426064029351,0.09631218446972029,0.15870501590483657,0.09602523793217857,0.1582321800424259,ERZURUM,AŞKALE,19983,-0.578
54988432B80955885520909,1.9412737984757888,1.8951851961569375,86.11725243019961,1.9186431014629393,1.8772794587920052,1.6442012894291669,1.6437854230248135,1.195222808777337,1.2150001866920954,1.9197839381094663,1.8782333911166722,1.91937053093962,1.8778515822986437,1.9257735152752102,1.883045312285721,SAKARYA,SAPANCA,47505,0.695
54988432B81043238073761,0.13680803029260755,0.22543482678792062,17.50290525341595,0.13640804080119917,0.2247757166353969,0.12752422630325838,0.21013680122761091,0.11365932656679507,0.1872899605572472,0.1359320334675109,0.22399134286296346,0.13654866917912203,0.22500744670234316,0.13625716621531647,0.22452710267565762,ORDU,İKİZCE,12537,-0.979
54988432B81083365712780,0.3557390518478585,0.45301977018198736,28.11264962911284,0.34895681151124625,0.4466260771531536,0.2601155424387369,0.3484526911431641,0.10996046109005482,0.1784642980631035,0.35094407636649416,0.4486164246576317,0.34830258806051306,0.4459609477532428,0.3522381958258109,0.4498804016754769,ANKARA,SİNCAN,605366,1.05
54988432B81091968456381,0.23866464665912876,0.3571435549508717,25.76145604523517,0.23720343578178582,0.3556156008184131,0.21991764297515726,0.3329179808805617,0.19687449157288622,0.3009173851064907,0.23583759770661028,0.3539749139411118,0.2376292848472961,0.3561030501287201,0.236685884167584,0.3550050213231913,GİRESUN,MERKEZ,143915,1.145
54988432B81190990661925,0.1915631386108542,0.3156613166589962,24.16498929074386,0.19123360761125532,0.3151183093248731,0.178336312605649,0.29386590579707617,0.14948791064850991,0.24632897039638152,0.19097141993357994,0.3146862715740462,0.19132101268209475,0.3152623370326249,0.19120375801337716,0.31506912260013953,KONYA,KADINHANI,31478,-0.526
54988432B81237191806076,0.7763697883499204,0.8312564565272003,34.97656752361076,0.7667283178587702,0.8233436670172828,0.6616420439955226,0.731438395081333,0.4855388018530142,0.5759071472430897,0.7600881688381098,0.8176139170815877,0.7692304699147747,0.8254554262925501,0.7644790429743584,0.8213910037049543,AYDIN,DİDİM,103141,0.842
54988432B81292966390728,0.7002058639811092,1.1533310046424892,90.05038871355306,0.6968349546285327,1.1477835918885086,0.6201213778044958,1.0215020707906535,0.4918486251427775,0.8102888960199851,0.6924616489491816,1.1405863536881782,0.6980998742629662,1.149865219230686,0.695305720447934,1.1452669470476777,AFYONKARAHİSAR,KIZILÖREN,1977,-0.64
54988432B81439827862263,0.0006483982699253436,0.0010684427760386053,0.09242256031035828,0.0006456903931124648,0.0010639806860650214,0.0005919929792398806,0.0009754970848507194,0.0005188373786228444,0.0008549499201967524,0.0006434037731760224,0.0010602127510381143,0.0006466110250851902,0.0010654977206196665,0.0006452339162321442,0.001063228494938319,ERZURUM,ÇAT,14015,-1.131
54988432B81567150601582,0.09116522927648173,0.13173848291871,9.465040723494148,0.0906339182665519,0.1312054143615339,0.08485263173318729,0.12389393089999103,0.07756542329725326,0.11419185171248943,0.09025861023104471,0.13077380251537943,0.09077360262299441,0.13135923932361052,0.09052167473269529,0.13107864935358632,AĞRI,MERKEZ,150035,-0.231
54988432B81711897085768,0.10404883851680696,0.09010915190676992,3.1597307533219876,0.09680257985217049,0.08480243649130705,0.06669594412676105,0.06172737964900634,0.04302791954083927,0.042628181549879664,0.09319248648699176,0.08211474254507135,0.09832233170875282,0.08592559346440484,0.0955054753389871,0.08383965295617762,UŞAK,ULUBEY,11365,-0.261
54988432B81810188934288,2.142557682064904e-05,3.5305465542217496e-05,0.002571069218477885,2.136676725634705e-05,3.520855804407183e-05,2.0142046532100203e-05,3.319044036674216e-05,1.8425480759144453e-05,3.0361851234447177e-05,2.1284537157826857e-05,3.507305775233453e-05,2.1390762145480654e-05,3.5248097270417393e-05,2.133670163155329e-05,3.5159015346153046e-05,BİNGÖL,YEDİSU,2842,-0.968
54988432B81913319762602,0.21660572673299322,0.2965887862014401,19.19066398522897,0.21460678006903677,0.2947496306990596,0.1992966236479325,0.2761484173806615,0.17989467329913844,0.25119313986474706,0.2138064637030589,0.29390767397529904,0.21495362552901007,0.2951012455993784,0.21451402609730677,0.2946538299844515,ADANA,SARIÇAM,263080,0.862
54988432B81969335457168,0.38205782272710237,0.5867620671763346,50.52335330578797,0.3754062491843104,0.5795602336068421,0.309606712432497,0.486169542390487,0.23300824498456457,0.3712254180239245,0.3696410095307304,0.5718982694417797,0.37729030573597866,0.5818537948487428,0.37323898993773674,0.5766469128669973,AYDIN,BUHARKENT,13137,-0.293
54988432B81976291496552,0.04299358659285592,0.0519170228566175,2.9755900138751836,0.041942412972967975,0.05111095981207577,0.03687682856536425,0.04648342211323607,0.03236888964010035,0.04185639390634599,0.0414804963779799,0.05073226808346599,0.042142404526734616,0.051270702664900886,0.041815521801463834,0.05100811001385804,BİTLİS,GÜROYMAK,49372,-1.002
54988432B82014905265154,0.3723794654697448,0.3278463918023022,12.542149356663394,0.3632633045909422,0.32062172513651854,0.21025602410482552,0.1958736415545529,0.026948653154158692,0.04010774351394953,0.3667254787337851,0.3233692374596594,0.3620728510127228,0.31967596468363485,0.36879197581052187,0.3250069249727498,ANKARA,AYAŞ,13136,0.032
54988432B82471311142852,0.26478511067743443,0.32207356007011145,22.433186715440677,0.24686433629081758,0.3066720146393998,0.13971168074767756,0.18664783372927704,0.038215532525648695,0.061824073119616185,0.2512657138053255,0.31078775559001887,0.24549068399117857,0.3053569215211479,0.2543720763176356,0.3135884938082664,ANKARA,GÜDÜL,8028,-0.493
54988432B82480836109015,0.3669133182755751,0.46223410095078676,26.39081493723868,0.36072784522707146,0.45603289177652323,0.2719657487055872,0.35692948876356373,0.11749218541600374,0.18916052146945023,0.3619417423671172,0.4573417113441531,0.3605210452453781,0.455808064021264,0.3633014719104805,0.4587786728020251,İSTANBUL,AVCILAR,440663,1.64
54988432B82856135372204,0.17701804238056185,0.29169363550551075,25.569428305578633,0.17674320605917423,0.2912407550834001,0.1712901281357527,0.28225507146162526,0.15907497147980149,0.26212670824323836,0.17634760477080322,0.29058887589377763,0.17684862176101282,0.29141446104520574,0.17659021919954423,0.29098866047954,DENİZLİ,BAKLAN,5266,-0.532
54988432B82883997351457,0.1557779847373974,0.20471663330412404,14.016178227894464,0.15450278298374415,0.20345488567081685,0.140444213850478,0.18637839605732645,0.12201249338073014,0.16356621907095922,0.15380531265080374,0.20266893883040954,0.15478667116804357,0.20376404459779107,0.15436774423372326,0.2033052349410796,MARDİN,NUSAYBİN,119559,-0.395
54988432B82979993724988,3.3655613691612465,3.1524284657960138,115.3368315227811,3.324970705586871,3.119148570796867,2.817202552360079,2.6826254161134537,2.0651727585187376,2.045229708460599,3.290543657521596,3.0898587346143342,3.338969343876232,3.1309067931242103,3.3130856010128187,3.1090807437308143,ANTALYA,KEMER,52339,1.501
54988432B83102483310447,0.3722520430809624,0.26942293315481003,4.1150454756940755,0.36818350634448643,0.2664790342459143,0.29318670857264334,0.21221269885180521,0.19871704989706954,0.14385494788153125,0.3677605675571732,0.26617312498756013,0.36863329309052295,0.2668044425907708,0.369408863933349,0.26736574625960513,ESKİŞEHİR,SARICAKAYA,4477,-0.525
54988432B83298049825125,1.6072338287202814,1.5074903075419257,53.07361547459697,1.5950395928160659,1.4979665956795254,1.480738787481822,1.3991491218234358,1.252582722751163,1.2072016935541545,1.5867786029257627,1.4911423034025515,1.598548745234507,1.5007999794544664,1.5921871697053225,1.4956312926449842,BURDUR,KARAMANLI,8097,-0.034
54988432B83441396702588,0.2625497122123459,0.3488336311326843,23.021984532099786,0.2608887429518833,0.3463486767145139,0.23037616667209734,0.30583988633118114,0.18432657289749735,0.24906710809233867,0.25978230922765905,0.34475540487732326,0.2612843308209739,0.3469259975334316,0.2607222730212452,0.3461084578413647,ÇANKIRI,MERKEZ,99287,0.704
54988432B83485436335892,0.42578396709542793,0.4728179195379351,24.880136334864986,0.4205850191579658,0.46853353556343114,0.3776740361084517,0.42702496462822687,0.3185828853756494,0.3685564397609933,0.4166236157148705,0.46494960324764495,0.42194785682456054,0.4697198159302361,0.4189788310081893,0.46710075390077843,TRABZON,ARSİN,31493,-0.083
54988432B83633646725804,0.018291351448613397,0.03013667303803107,2.51792035328639,0.018180852257734362,0.029955014076919702,0.014312706693952024,0.023583006752368484,0.007201991393709012,0.011867355207108295,0.018070250745662864,0.02977293632890225,0.018216287115860826,0.030013329858527133,0.018157320668050817,0.029916279335744672,İZMİR,KİRAZ,43340,-0.599
54988432B83968093361276,0.26278451088124094,0.23649063967128517,9.442299901554957,0.2598194690764527,0.23402181867805405,0.20545779871516615,0.18845043214597637,0.13725962905973105,0.1308972351764908,0.25633565465042096,0.23104936982433338,0.2609032588739552,0.23493021917246404,0.2586767616375332,0.23302644077352408,UŞAK,KARAHALLI,9408,-0.609
54988432B83996271763455,0.27795147654288377,0.3598328464862386,22.29062479419735,0.27280375488661834,0.354445929205772,0.20215892194708726,0.26969086285094335,0.07766818889767386,0.12665692425907615,0.2696122686343566,0.35076168574179306,0.2740039069797516,0.35579527495744895,0.27210846805039013,0.3536534338397666,İZMİR,KARŞIYAKA,339624,2.222
54988432B84046531787884,0.284663099442467,0.4690731704745022,35.12404762375212,0.28359484758804604,0.4673128851224494,0.25874272729788933,0.42636109727095245,0.21584349440594458,0.35567094029956875,0.28238110552536316,0.46531285828863783,0.2839859734218377,0.4679573895744507,0.28321384306868647,0.466685058761354,AYDIN,KÖŞK,28307,-0.306
54988432B84066107129786,0.011435687900238311,0.01884394004852686,1.432367182887222,0.011403637655307112,0.018791127056488874,0.010737350530644145,0.017693206691593938,0.009802763961212891,0.01615317749193784,0.011369730688886432,0.01873525452411193,0.011414532060396602,0.018809079060615054,0.011394148867208595,0.01877549125428603,VAN,ÇATAK,16361,-1.064
54988432B84070698117276,0.6468207966948983,0.776744112253324,41.105574030162565,0.6357236250142223,0.7671173656872075,0.5336297243012516,0.6636021108321193,0.4148189035712699,0.5366221884130549,0.6274224581067999,0.7592775879340028,0.6392845856407082,0.7703702364763036,0.6327981906334303,0.7643879327939938,ANTALYA,ALANYA,371547,1.676
54988432B84158817868170,0.018283692194914603,0.030128209390841217,2.3401979190453583,0.01823663256415899,0.030050663652587375,0.01739220626956647,0.028659202237278063,0.01621995708799247,0.02672754814771038,0.018202774461311032,0.029994871638517943,0.018251720467896502,0.030075525782086523,0.018230999649305097,0.030041381630313658,KARS,DİGOR,17557,-1.164
54988432B84437905813511,0.2604680102262081,0.3414931976418253,20.05183814072357,0.2575583688300628,0.33885657842405464,0.2309245927922083,0.30969702658191434,0.19813638021672486,0.27188639232184525,0.25628672645342604,0.3375807047357286,0.25809515962433915,0.33938056081915247,0.25740915177856005,0.33870604784308533,ADANA,ÇUKUROVA,380653,1.529
54988432B8459545237186,0.1332643309745506,0.1818311347820182,11.044350835038392,0.13092114182286535,0.17976562187980663,0.11068549748921981,0.15768397431248019,0.08683564917556262,0.1293465951152609,0.1293047518063735,0.17816772305601303,0.13154167614854698,0.18035431782719175,0.13037647701942526,0.17923599698731568,AYDIN,NAZİLLİ,162156,0.756
54988432B84703414085242,0.0,0.0,0.0,0.0,0.0,0.0,0.0,0.0,0.0,0.0,0.0,0.0,0.0,0.0,0.0,KASTAMONU,DOĞANYURT,5057,-1.113
54988432B84747582634168,0.6152812332376217,0.8305985370330163,63.041262908434206,0.6109918058371976,0.826909133235031,0.5542708584625388,0.7704019013240171,0.4685254466493944,0.6723566360574889,0.6071360849631289,0.8233485717310735,0.6122196417337707,0.8280112826643056,0.6096691564451869,0.8256854515657677,SAMSUN,HAVZA,38103,-0.124
54988432B84759555585504,0.18214164139227576,0.300126751477327,25.79959900732468,0.18178446638013204,0.2995382793007835,0.17123291504410457,0.2821528835835289,0.1501125760200395,0.2473525053188288,0.18117966065745825,0.298541804688875,0.18192905936856898,0.2997765077570158,0.1815484991385143,0.2991495025338785,ÇORUM,DODURGA,5036,-0.511
54988432B84830435055173,0.0961828039104497,0.15647020251121863,11.712689025455033,0.09595787207095693,0.1561126998064731,0.09089342652648173,0.14802325015916165,0.08285051570641982,0.135107124000424,0.09571234010166903,0.1557230556930255,0.0960393504810684,0.15624201676712737,0.09588688530179534,0.1560003763290536,ZONGULDAK,ALAPLI,43217,-0.17
54988432B84852030517373,0.0406228210757442,0.05836821172487507,4.00325575083438,0.03978390112138606,0.05757717246265027,0.03409456268671559,0.05056756917032543,0.028120514186010505,0.04249746661226636,0.03949606623013637,0.05727023948150696,0.039916052539897565,0.05771363673526216,0.039771651527490424,0.05756436833467416,ŞANLIURFA,VİRANŞEHİR,215727,-0.803
54988432B84880544185271,0.2544354811332862,0.41926353661626403,34.348963378874096,0.253212160330191,0.4172477257551472,0.22882635167948973,0.3770643349300892,0.19598936027315605,0.3229549273602964,0.2515595093456115,0.41452445660455195,0.25368010980088485,0.41801882163048243,0.25261629204503305,0.4162658428688453,SİVAS,DİVRİĞİ,15657,-0.218
54988432B84889548595985,1.0653490436163282e-06,1.7555020462077456e-06,0.0001278418852339594,1.0625818653341324e-06,1.7509422381657478e-06,1.004749136189595e-06,1.6556443872319492e-06,9.234151302446496e-07,1.5216206935719346e-06,1.059649446319761e-06,1.7461101433599057e-06,1.06352324555301e-06,1.7524934620678126e-06,1.0617615749664708e-06,1.7495905483815e-06,VAN,BAHÇESARAY,11438,-1.244
54988432B84935584659514,0.37437711401795665,0.5077467715209155,35.759811302318,0.37356528311029624,0.5065116986811462,0.3495025345916153,0.47498521943448196,0.3059877832338787,0.4202508793847048,0.37225555502016594,0.504641200615055,0.3738870588425923,0.5069886217217839,0.3730805267607422,0.5058098524190138,AMASYA,SULUOVA,46928,0.061
54988432B84973807429467,0.08165484294141212,0.09835381671313694,6.179466481112108,0.0772444520009706,0.09460584364460019,0.04833167914714824,0.06394714775885846,0.017446206407218112,0.028313892561190834,0.07834014947881723,0.09560503640579174,0.076900909675747,0.09428633544974789,0.07910878098618981,0.09628488096784799,ANKARA,ÇUBUK,101437,0.298
54988432B85224967015288,0.27458912865095625,0.26234869897959345,10.572332366406837,0.2720040643553705,0.2601641433173767,0.223762848334655,0.21897581578926104,0.16233944626057675,0.16601810203859108,0.2717356767754687,0.25993699240283014,0.27229011190031344,0.26040618407786104,0.2727849068161645,0.2608247090565511,ESKİŞEHİR,ALPU,9725,-0.401
54988432B85329501367983,0.009829372209090739,0.016197023059618645,1.293873708056455,0.009805107183450073,0.016157038697292788,0.009248996909650779,0.015240669804466894,0.008339883740534447,0.013742616149487605,0.009786622083054943,0.016126578603708946,0.009812057830349526,0.01616849210303578,0.009802541958332975,0.01615281167144709,DİYARBAKIR,DİCLE,35948,-1.122
54988432B85338768534815,0.6068488610733389,0.8816477800707159,67.08456359308208,0.6027028765021485,0.8765948056245517,0.5156479237434236,0.7647473044573248,0.38091184206645873,0.5813411268086525,0.5973038586339032,0.8699543476265336,0.6042809086855445,0.8785236948294495,0.6008048797546558,0.8742677097414028,AFYONKARAHİSAR,DİNAR,46878,-0.132
54988432B85449040916206,0.0002867408098567427,0.0004724968604900364,0.03681210712362401,0.00028602569059012016,0.0004713184736098296,0.0002711486047682561,0.00044680373380846143,0.00025030191252448813,0.00041245216508092864,0.000285268649801247,0.0004700710076625019,0.00028626890745169745,0.00047171925089566785,0.0002858138197930731,0.00047096934895441605,ŞIRNAK,GÜÇLÜKONAK,12562,-0.959
54988432B85482798443397,0.07465799881754559,0.10937047464687044,8.310796295246044,0.07383581737462655,0.10864405830274212,0.06812981128986206,0.1017551532910015,0.0618748435366454,0.09333326940256544,0.0735195139069729,0.10832135424641498,0.07396484911602443,0.10877055614731057,0.07379873184366664,0.10860709214325887,KİLİS,MERKEZ,135430,0.193
54988432B85515105263219,0.3340621048420653,0.426715925271349,22.138545365057915,0.32415226823217896,0.41927002872911756,0.2777373136645718,0.3783214689730039,0.23429196676481243,0.33338256692086976,0.32161458005353505,0.41724679253963987,0.32558591383626995,0.42038365433227276,0.32432633306111996,0.41938688222306436,KAYSERİ,SARIOĞLAN,13510,-0.613
54988432B85612149706662,0.049501194342056125,0.08156899232032588,7.093401652525452,0.04916639960872617,0.08101731130747658,0.04268231412420601,0.07033271417560882,0.034170536811577626,0.056306848588437805,0.04891828155393655,0.08060845774394804,0.049252499897739416,0.0811591889713723,0.04913238789172502,0.0809612661651372,GAZİANTEP,NURDAĞI,38269,-0.45
54988432B85758697491434,0.16944737771953447,0.19347060121510498,11.816252065002269,0.16847683948778994,0.19245350732465186,0.15651561855820253,0.17824494861860143,0.1396855200497636,0.1585610311083052,0.1679746527839185,0.19188488886536173,0.16867995600244523,0.19267912123159023,0.16842020713201028,0.19238957573562687,ADANA,CEYHAN,156081,0.103
54988432B85980099192103,0.3156212162920256,0.2951522591606672,12.170798739361189,0.3115582899700998,0.2918384276543567,0.23888994253947454,0.23216945294215294,0.14719000398294563,0.15446835279126858,0.3064800335614519,0.2877590902932903,0.3130772888943503,0.29306518638171036,0.30976825879000874,0.2904103928904749,AFYONKARAHİSAR,HOCALAR,8220,-0.772
54988432B86025337203985,0.13835097066780122,0.12460037097613344,4.454417078469652,0.13361335826674786,0.1211283661074318,0.11382072686646685,0.10585258374389461,0.0982705170408936,0.09323282155923175,0.1322509309660836,0.12011425981607037,0.13434647731748525,0.12167128616781707,0.13355006381296342,0.12108140052746441,TUNCELİ,PERTEK,10569,-0.465
54988432B86036130950643,0.039391952698483244,0.06491079518086143,4.3052656908323295,0.0387139021885043,0.06379349088999754,0.03598866856940532,0.05930280004703908,0.03374635769402496,0.05560787831828617,0.038338401827914696,0.06317473438449663,0.038861980665817,0.06403749736982632,0.0385605599890976,0.06354081075061835,SİVAS,GÖLOVA,2998,-0.594
54988432B86037969006851,0.34875736356358905,0.46142953564834577,31.374886600738932,0.3454328695030741,0.4580632742877141,0.3130464362404943,0.4202598355353998,0.27146409401014426,0.3698083381565796,0.34425197612782155,0.4567768388833747,0.34599667525511946,0.458667485371485,0.3454773055751112,0.4581111432591879,AKSARAY,MERKEZ,327575,0.96
54988432B86248275111612,0.6661649604716816,0.9600332061426458,75.96753166015621,0.6599460477613844,0.9548680571944529,0.6065204341970409,0.8988000461671357,0.5259120449293213,0.7976995373531733,0.6556812235314425,0.950940212132679,0.6614383234296917,0.9561864814781776,0.6584381224931614,0.9534922733379814,SAMSUN,LADİK,15942,-0.26
54988432B86259306109163,0.6531327367378362,1.0529951950896728,89.11971122684804,0.6492335840971992,1.0483593918581087,0.5929307028215604,0.962745874937059,0.49888698159351164,0.8131555289386646,0.6450819232391595,1.0425910496205033,0.650437632329348,1.0499423846140892,0.6475844590951706,1.046111093163946,DENİZLİ,TAVAS,40104,-0.165
54988432B86310086710434,0.13639167122356122,0.1791351993983348,10.046676532104557,0.1355722967284871,0.17838110191024348,0.12683745144007746,0.1687853149680853,0.11542246764159217,0.155671960438311,0.13501361369128548,0.1778127192690523,0.13577537038162033,0.17858117937512055,0.13540769643072562,0.17821594490037881,VAN,TUŞBA,167758,-0.19
54988432B86380728470389,0.24037210973139264,0.39356059299124396,30.0738884610382,0.23980294033285,0.3926425882047832,0.22744352826000558,0.3726565218275499,0.20901822967917236,0.3427878709803424,0.23926934275826034,0.39179150901980275,0.23999978609497238,0.39295908949845576,0.23967988655034073,0.3924504712753362,BAYBURT,AYDINTEPE,5982,-0.598
54988432B86465154282957,0.016829026307060242,0.02773118377939608,2.397092085579181,0.01678542128684315,0.027659330612891893,0.015875319993763546,0.026159648708795717,0.014596759712852953,0.024052813204706393,0.016754359380039358,0.027608146222874438,0.016796395738156486,0.027677414518680332,0.01678206734756929,0.027653803929131845,KİLİS,ELBEYLİ,5273,-0.835
54988432B86482877826828,0.5389969980186509,0.5657552490639809,27.75889941873792,0.5349878801725431,0.5623889067268368,0.47941457398440085,0.5122633642312842,0.40738893497043,0.4455907659593866,0.5308369111458547,0.5588054089078153,0.536244189127469,0.5634656596341824,0.5334573129737336,0.5610887297985361,GİRESUN,PİRAZİZ,15109,-0.168
54988432B86685660972424,0.059915651985604765,0.09873013008352621,8.36738908451473,0.05970411143625649,0.09838154961643704,0.05538259136591924,0.09126046815335831,0.04943238657041193,0.08145560958943578,0.05948114124568259,0.09801413517312262,0.05977590976224542,0.09849986023861586,0.05964164506340923,0.09827861636089075,VAN,ÇALDIRAN,50170,-1.22
54988432B8670840315207,0.05309336952411708,0.08018087329261424,5.9155191430263345,0.05238654184300333,0.07946670795083886,0.04682293020250326,0.07210458353768318,0.040480637330264156,0.06301035594987006,0.05207920034447225,0.07911149912015861,0.052508919063141646,0.07960302444661599,0.05233959945217238,0.07941363150260743,HATAY,DÖRTYOL,132987,0.323
54988432B86746221394106,0.3916388302080846,0.4547358638648771,24.697666318736854,0.385620994576089,0.44987594727310076,0.3388194131121826,0.4053703151212485,0.28497197668611235,0.3509622290470849,0.38303255663389213,0.44761883681372994,0.38665349763968115,0.45075674296262436,0.38522405510469826,0.4495340434678771,HATAY,BELEN,37876,0.064
54988432B86802398359191,0.07532314404097437,0.12411888318017977,10.193649116809963,0.07488222917587034,0.12339233543272407,0.06629551344236218,0.1092429849163814,0.054945081538079324,0.09053953128988505,0.07472970356206397,0.12314100087834433,0.0749525922072134,0.12350828094958564,0.07494871838634365,0.12350189759522472,AKSARAY,AĞAÇÖREN,7480,-0.563
54988432B86910929123877,0.04261256415667154,0.07021777887673808,6.1207074869194456,0.04247087358771804,0.06998429851157827,0.03957348876537707,0.06520993370152017,0.03557177743669383,0.058615839054389565,0.042340161043178066,0.06976890794002809,0.04251564320299497,0.0700580707195673,0.04244080109583802,0.0699347444979465,BATMAN,KOZLUK,58781,-0.885
54988432B86957506981644,0.989454173619278,1.3525326492660192,104.5782869968625,0.9877188395588005,1.3511692064072038,0.9447351723201081,1.3098327209452416,0.8663801314536077,1.2201610762306485,0.9851182467154077,1.3490659261106326,0.9884406719653456,1.3517394878878328,0.9867404148703165,1.35039175569457,RİZE,İKİZDERE,6287,-0.5
54988432B870340746196,0.4222260534588993,0.5307956380482332,31.614728796426288,0.4166487870214805,0.5249110290952761,0.3330365747616086,0.42646622056252137,0.2014718410112393,0.2637930159678302,0.4184553133571989,0.5268931829549192,0.4160415073986183,0.5242388908222839,0.4195876868711685,0.5281168141605939,ANKARA,PURSAKLAR,168881,0.447
54988432B8708369070409,0.36718421051013334,0.2690617688279356,4.496272735257088,0.3643502575944938,0.2669967689066183,0.3100974223890638,0.22745041890163378,0.2396236774342353,0.17606284721433554,0.3613013231498081,0.2647749262416185,0.36537263297207656,0.26774176423572105,0.36345333876259545,0.26634317525362233,KÜTAHYA,ÇAVDARHİSAR,5503,-0.562
54988432B87097212821795,0.221400593711384,0.23391865696922096,10.576868380398878,0.22104673721962562,0.23342871598324869,0.2085853391743584,0.22054684088390633,0.1848570310239844,0.19791625510428626,0.2207700407552799,0.23308791524124847,0.22115516886722777,0.23356863085366206,0.22101714745221623,0.23339230771984543,NEVŞEHİR,GÜLŞEHİR,21173,-0.385
54988432B87156479266793,0.2999003658830698,0.49418142262469994,35.99039614949687,0.2993933874416733,0.49334601408269435,0.28853006515634017,0.47544522878158624,0.27287758690800223,0.44965278286179133,0.2990679985326074,0.4928098321626922,0.2995359871433147,0.49358099253367244,0.299377979896839,0.4933206252426274,TUNCELİ,PÜLÜMÜR,3580,-0.492
54988432B8720609877048,0.23353154997337452,0.3345901787773828,22.713209271689177,0.2301241293452744,0.33169388922113585,0.20884194604149678,0.30754224860644497,0.18646409972949402,0.2789203744333342,0.23020539105381366,0.33177014964662516,0.23024441871369747,0.3318066802425761,0.23097679104295366,0.3324800450429309,KIRKLARELİ,PINARHİSAR,17694,0.002
54988432B8721285077518,0.15721112971743817,0.21485711232756072,15.337889092665264,0.155951510530562,0.2136216008800879,0.14378324105660525,0.199146776466401,0.12765030149474746,0.1791946936712317,0.155361700036848,0.2129789478530468,0.1561823578137875,0.21386639403465213,0.1558648043235479,0.21352873570222994,OSMANİYE,MERKEZ,284895,0.515
54988432B87255554726822,0.11325547368632588,0.18662448424009206,14.89827622828292,0.11252199848886056,0.18541585011430148,0.1008930092505029,0.16625338451151,0.0856102177823623,0.1410701153708947,0.11203104350484588,0.18460684532455862,0.11269936430650347,0.18570811682037794,0.1124435346789625,0.1852865559832797,ÇANKIRI,YAPRAKLI,7002,-0.893
54988432B87330314310527,0.18320567794573495,0.22805307604028832,15.222769210430423,0.1809492733538662,0.2262316101155551,0.16301688129073372,0.20871809139042427,0.14136702730582543,0.18526986777255644,0.17987415487767272,0.2252965432667874,0.1813918112355835,0.2266068627734857,0.18072711350038415,0.22604316767129173,YOZGAT,YERKÖY,33000,0.079
54988432B87370140672235,0.04369646475509716,0.033491879373648205,0.7130213244801034,0.04095781167156161,0.0315043488568138,0.02987623852279682,0.023345018388535935,0.021441778761739125,0.017022377617082352,0.04008970966315263,0.030870289284142222,0.04136247470447898,0.03179914135751753,0.040852434424046444,0.031426697014792754,ADANA,KARATAŞ,24005,-0.564
54988432B87552585727000,0.3075909199710769,0.29397238614466986,7.467662560830162,0.3011766092394976,0.28925551099564367,0.25646737092682437,0.25524538924185514,0.2094618769627793,0.21880800803255265,0.2974535275346426,0.28647697747520656,0.30268805336524474,0.2903769769550208,0.2999929834010045,0.28837440559272454,KÜTAHYA,HİSARCIK,10799,-0.514
54988432B87659764102191,0.12701807625449493,0.18407206162105003,13.705146444425385,0.12663945177810035,0.1836061374081907,0.11845545048100857,0.17320139995458597,0.10603031818854651,0.1567992712007293,0.12633745457878207,0.18324106529835743,0.1267467403536992,0.18373571720159412,0.12658978538035984,0.18355014817109924,KIRŞEHİR,ÇİÇEKDAĞI,13350,-0.697
54988432B87892506897385,0.19049999327490413,0.2565528863128693,18.763730577864433,0.1846011418585983,0.2502404055671347,0.11740236147785636,0.16601608264363682,0.04217982449522725,0.06873735050304111,0.1864432646483633,0.2523551815327732,0.1839904868726479,0.2495288129349901,0.1876212715472057,0.2536718976293803,ANKARA,BEYPAZARI,48359,0.269
54988432B88005070896558,0.5156430755162418,0.6320850913365276,35.19624486176125,0.5082715118588123,0.6248109684959069,0.4023477616588922,0.5074655302687442,0.17181981953148492,0.26765779840901976,0.5097541551322786,0.6263580241589934,0.5080201807798408,0.6245478956921422,0.5114140623590624,0.6280670847446996,İSTANBUL,MALTEPE,525044,2.685
54988432B88117784045273,0.0003888231318136336,0.0006407100166859118,0.04811713171590499,0.00038799779068471996,0.0006393500041629653,0.00037068007294508093,0.0006108135455161472,0.0003462174497553216,0.0005705035782593527,0.0003874278173668497,0.0006384107914872693,0.00038823359930128344,0.0006397385740043436,0.00038794598925830966,0.000639264644805293,BİNGÖL,ADAKLI,7491,-1.097
54988432B88177358385570,0.0330711167778294,0.05400205203308953,3.509541136792475,0.03294453394058613,0.05382192096718528,0.031074703336184915,0.05085459717129329,0.028584924965303564,0.04683725737331313,0.03283090687881184,0.05364790779858096,0.0329812604001115,0.053877017546187414,0.03290931484718794,0.05376832149869144,ORDU,KORGAN,26428,-0.704
54988432B88316498186109,1.2657476074078065,1.9897546533263542,166.33092255735403,1.2611898910565922,1.9835165523020586,1.1111398291653123,1.7609978338021874,0.5761202422083287,0.946792409843871,1.2628171059169746,1.9858060026236193,1.2606305915735245,1.982725549505436,1.263822242830742,1.9872122217830623,ANKARA,BALA,20109,-0.611
54988432B8852789210155,0.5413453454136201,0.6986205918695015,41.085940132597024,0.5348887223874956,0.6927352529428256,0.4681730931180804,0.6211090728721206,0.37701180196822415,0.5184503689534294,0.5299384967487856,0.6877817388924262,0.5369810221805774,0.6947558355884504,0.5331555371295964,0.6910229702312923,ANTALYA,KONYAALTI,199414,2.465
54988432B88681826210305,0.621530379592202,1.0012216363932849,77.6975183324955,0.61909473264767,0.9987982428651542,0.5879475625640245,0.9538427370673945,0.5259622037371264,0.8564851752669385,0.6183859831227674,0.9979810104249732,0.6194259438594384,0.9991674141661078,0.6192087488692073,0.9989274029696088,DÜZCE,ÇİLİMLİ,19022,-0.196
54988432B88727338828677,1.183643542305761,1.853914874064064,147.55347816651394,1.1740478743005334,1.8453587178729263,1.0897263840649103,1.7354352506871704,0.9582051813926642,1.540479451320358,1.1699230251507757,1.8410519612542227,1.1757090392558718,1.847009790123765,1.1733592585558033,1.8446591681610907,ÇANKIRI,KURŞUNLU,9130,-0.173
54988432B8876383914528,0.26279751246225674,0.35426741571482706,20.937229173006333,0.26004960787755727,0.3521292462463242,0.2353174797598801,0.3283666552511593,0.20142881642041613,0.29022483848202696,0.25917619671951647,0.3514106809582367,0.26051885853677936,0.35250908708198764,0.2601150379466167,0.3521824836910172,KAYSERİ,YAHYALI,35207,-0.395
54988432B88783696627318,0.07636636760139147,0.06518518069178746,1.9511456541420846,0.07613091798052513,0.06499922145803343,0.07128166941585078,0.06116060700845064,0.06455092700532875,0.05581726888546273,0.07582167737018793,0.06475511340789072,0.07622211574027701,0.06507118271751168,0.076022846186834,0.06491398014083696,SİNOP,GERZE,30701,-0.106
54988432B88821463332228,0.4066782235982626,0.5781542513302906,41.076808719825074,0.4026141843217098,0.5736636094679751,0.32843524376609146,0.48140409951999985,0.19920322788688158,0.30886275828632037,0.4030450368043572,0.5741632548635427,0.40267057514873456,0.5737285967521578,0.4042039298922782,0.5754927304210938,KOCAELİ,DERİNCE,147892,0.68
54988432B88890114136269,0.1688049937603473,0.23483856480608423,17.866026312402244,0.16489069561932662,0.23127331937650247,0.13944334664353777,0.20087993512172223,0.11304982290801716,0.16604261829619013,0.16223179743682312,0.22848951241610016,0.16584681572762708,0.23221882317368742,0.16384459586018063,0.2302019386583965,SİVAS,ZARA,21340,-0.4
54988432B8890840155709,0.1812515068563632,0.2430883902407534,16.707380905395304,0.1775880934722687,0.23898213101802457,0.14458979565770821,0.19868365725092485,0.10750938749810045,0.1521980808936873,0.1748546214761006,0.23576903411270902,0.17876307841983413,0.24033772468628187,0.17662381550321227,0.23785634816212023,ANTALYA,FİNİKE,52436,0.315
54988432B88923492741350,0.2118491769665814,0.30949781094040335,18.88460330713963,0.20602753695419118,0.30388162987906114,0.16088550875555724,0.24543057543653193,0.11144553499977837,0.17578323290674566,0.20666279583200833,0.3045609754631756,0.20601782918731978,0.3038753076511623,0.2079541984385639,0.3059277807903566,KOCAELİ,KANDIRA,54260,-0.235
54988432B88971047069977,0.9056514826402976,1.186617582567449,79.45444529519611,0.8906826922245049,1.1736599695418684,0.7398931119234975,1.0154953100232629,0.5419906865423125,0.7836252987648434,0.8801897509311469,1.1637051711261326,0.8944754312555562,1.1771466103204478,0.8873981902051782,1.1705857151378165,BALIKESİR,BURHANİYE,68370,0.586
54988432B8910528917269,0.5135335386702699,0.6861922323335315,45.25170729748262,0.5033273842800461,0.6769661282543418,0.39523112183008846,0.5554507687717599,0.22889623319908792,0.35079348045694697,0.5041797871254066,0.6778008921262944,0.5034448769998034,0.6770810721691886,0.5066215910620692,0.6801480871631386,KOCAELİ,İZMİT,381254,2.023
54988432B89158159538815,0.42103394534445676,0.3501147835003761,9.296395684478613,0.4120270956183719,0.3434865851733082,0.3491870875207112,0.29584093537406,0.2826182076190558,0.24454468121344203,0.40877552819937635,0.34106457264738915,0.41351796160482823,0.34459323090374555,0.4118061668204672,0.34332224873199174,ELAZIĞ,SİVRİCE,8070,-0.647
54988432B89273666554884,0.4164480774076175,0.3063076846687295,4.839203539575752,0.41081701451561486,0.3022193899446871,0.37450594620305433,0.2756544424653006,0.3128638411466175,0.23062865880827702,0.4085075562858888,0.30053543341622113,0.41189784900285553,0.30300622283175005,0.410280628870805,0.30182825520642925,ISPARTA,EĞİRDİR,29200,-0.087
54988432B893295612098,0.45034944535473265,0.6691853451590252,51.75332658832002,0.44217672902040106,0.6615557744180945,0.3440441467464236,0.5298241693145439,0.1764249363815155,0.2809559304640529,0.44439305318908845,0.663843504705443,0.4414584819167834,0.6607920567825739,0.44587884760704355,0.6653079937835897,ANKARA,POLATLI,131894,0.581
54988432B89494188716886,0.20456292138230084,0.2933500514442698,17.94755563413526,0.20419551434285427,0.29283814857386364,0.19564164896147623,0.28146041399128896,0.18257410603552388,0.26457390629921673,0.20379512643857098,0.29228739402040516,0.20432209096155987,0.29301349397217963,0.20408434089994862,0.29268469718144313,ŞIRNAK,MERKEZ,105697,-0.333
54988432B89533170865064,0.21654071866142283,0.2880247247762278,17.883621437850845,0.21515592205318032,0.2866540008221513,0.19726504157412625,0.2660531532878138,0.1734620923152153,0.2379552080586174,0.21400436463937697,0.28539563174145927,0.21557061168840022,0.2870935249532645,0.2147864047312041,0.28625490136299536,ZONGULDAK,EREĞLİ,173884,0.612
54988432B89555629027377,0.5599328079163014,0.5593998489122848,26.16101408241244,0.5435620770537087,0.5454102653393698,0.3465967854912,0.36588098820964526,0.07430251438121775,0.11625654961857561,0.548254815878031,0.5495528682391934,0.5420227780946252,0.5440414160311372,0.551336663198312,0.5522407119671541,ANKARA,HAYMANA,25798,-0.578
54988432B89638439219394,0.5360685442689264,0.6585506253158904,36.51650904089407,0.5288025091086398,0.6512616573307389,0.4080258072672207,0.5211156757373289,0.18514173727457908,0.2839295073114119,0.5303753047588102,0.6529020636303178,0.5285318237827981,0.6509781532848219,0.5320922287301337,0.6546740558312083,İSTANBUL,KADIKÖY,458573,4.91
54988432B89653427211969,0.14895491868138697,0.11017415729929808,1.7672629289019461,0.14163490657500202,0.10487797926282755,0.11232831524720158,0.0836495292269926,0.09032378245759581,0.06768767300273625,0.13953711001291316,0.10335970109806719,0.14261206020430578,0.10558512135246532,0.1415233740871542,0.10479726302211503,ADIYAMAN,SAMSAT,6834,-0.84
54988432B8973824492298,7.526193179219403e-05,0.0001240180164936879,0.009031431815063285,7.513008551009616e-05,0.00012380075772822074,7.231009115961636e-05,0.00011915391838272598,6.825423736051812e-05,0.0001124706067619004,7.505107516176247e-05,0.00012367056300095978,7.516602274895072e-05,0.00012385997578142334,7.512959882012278e-05,0.00012379995575139514,HAKKARİ,DERECİK,24869,-1.135
54988432B89770527018948,0.5835868888501036,0.7415239333233293,51.89851720743714,0.5731540766933454,0.733189072462808,0.47767144486039403,0.6416252638004876,0.346224859887528,0.4928364840718281,0.5651780190668648,0.7264307341787909,0.5759277535275109,0.7354762052280227,0.5701656582682879,0.730686023021574,AFYONKARAHİSAR,İSCEHİSAR,25220,-0.392
54988432B89902778138642,0.18774209611728473,0.274161737911884,19.891218113139015,0.18633438529946045,0.27279367474678745,0.17290463982387616,0.2557836869902778,0.15660092252319155,0.23374637966030057,0.18549619143754412,0.27184954192458294,0.18665998501093273,0.2731440808180237,0.18611593680028413,0.2725526775964019,BİTLİS,TATVAN,105045,-0.128
54988432B89911278235882,0.09526912105614317,0.13319043520349322,8.684312646445049,0.0935655990547959,0.1317470673532071,0.08338057269848444,0.12041896799354657,0.07305047740796845,0.10748824012324702,0.09245844361477425,0.13067789379153472,0.09397219704677867,0.13211840938776603,0.09312690399037472,0.13133258557605842,TOKAT,TURHAL,77707,0.037
54988432B9007948244439,1.0448577336954976,0.939319194768939,37.43834742180911,1.0403338061720082,0.9349314084319873,0.9125466581819313,0.8205674607922931,0.676946208129452,0.6196087268586236,1.0406400673977954,0.935225931781648,1.0405456416481,0.9351354879778925,1.0422280636022532,0.9367600053825486,SAKARYA,TARAKLI,7064,-0.437
54988432B90144731477668,0.03883556582719378,0.0639939705055266,4.93651614325838,0.038743443992737846,0.06384217042661645,0.036812217915025834,0.060659860036019114,0.03408723930302102,0.056169589398511896,0.038645754457183004,0.06368119578587576,0.03877479866910288,0.0638938372477835,0.038716121847369375,0.06379714848532074,ŞIRNAK,İDİL,76548,-0.842
54988432B90296339099195,0.7881973172216156,0.7702904393193092,19.228618459683876,0.7624017976616968,0.7513800189071371,0.6253483802189553,0.6476171896706246,0.49876853870622667,0.549373112789372,0.7414932262267524,0.7358381213810767,0.7703037269995499,0.7572093885544439,0.7523046316184104,0.7438938639935416,ÇANAKKALE,ECEABAT,8746,0.058
54988432B9057851226548,0.028146836590754423,0.04638088289037736,1.7369432655104418,0.028129911172492545,0.046352992870134994,0.0277532543289746,0.04573233069047095,0.027188744288457026,0.04480212050520671,0.028118975312707142,0.046334972556186856,0.028134096197362565,0.04635988903225834,0.028129397230711777,0.046352145987272345,ADIYAMAN,KAHTA,136769,-0.512
54988432B9062232449039,0.45289014350289636,0.5287540572957183,28.957697074800958,0.44753896884438454,0.5241274989120759,0.3891266778008222,0.46712826847336014,0.3114104566429846,0.38847999424946383,0.44332032196731963,0.5202129912068123,0.4489454307328644,0.525401718503575,0.44609082126780714,0.5227964615361932,SAMSUN,ATAKUM,261809,1.734
54988432B9070985819609,0.3500398185425537,0.4874724288470459,28.930951648223672,0.3458326591554241,0.4833336617060649,0.3085083539413413,0.4370724577814243,0.2543482221272255,0.369557380414748,0.3430096034383,0.480171574764985,0.3469226785680321,0.48449808871576017,0.34488009760754296,0.48228675058320897,AYDIN,EFELER,310241,1.518
54988432B90803924076576,0.2131927558254127,0.35130300377212836,31.295722048600055,0.21269944079575007,0.35049011005510017,0.20109899362235695,0.33137467659989295,0.17863015116385556,0.2943500984598256,0.21210411834701773,0.34950912660825206,0.21290634819162194,0.35083105592538105,0.21250875473053196,0.35017589399635435,BURDUR,AĞLASUN,7347,-0.476
54988432B90807122868998,0.020286327552767772,0.0334281893266052,2.571990653197371,0.020192787273153816,0.033274051907278536,0.018326547916109822,0.030198827848426278,0.015644519561102882,0.025779331446364927,0.020096309931917834,0.033115074742970464,0.020224667382376785,0.03332658454651973,0.020166168885550943,0.03323018963116949,MERSİN,AYDINCIK,11271,-0.186
54988432B90947496422305,0.1881681956074881,0.20926336937964046,10.67473223219927,0.18647586114581363,0.20777375470967618,0.163438127393069,0.1857630925882114,0.13447917675596313,0.15746733899831222,0.1850450066008985,0.20645139658348172,0.18698745105432213,0.20823954570297018,0.18604447643902763,0.20737760064971025,KÜTAHYA,TAVŞANLI,100882,0.309
54988432B91005720032741,0.6817104207496354,0.8016416872753204,44.19144585421189,0.6723473018115262,0.7934447643035004,0.5755858741557142,0.6968615516503056,0.4425242893841205,0.5603583446279903,0.6653431756310796,0.7867818256965983,0.6753128212041426,0.796181761770418,0.6698977067870884,0.7911387697550064,ANTALYA,DÖŞEMEALTI,97121,1.216
54988432B91142232694102,0.7395066918950697,0.9749665733940427,65.00298451429417,0.7322792577657132,0.9681968691225449,0.6438207965771722,0.8739339544262936,0.5097207239791935,0.7192611111828641,0.726096300714105,0.9620457777012809,0.7344119440593612,0.9702701885087708,0.7300583510870594,0.966008730988955,EDİRNE,KEŞAN,85259,0.623
54988432B91196125429368,0.06062866180809388,0.0810429081887927,5.868098001524605,0.06022397671108558,0.08054405164714028,0.05240153094487327,0.07082409499285597,0.042147143977918036,0.05799432306784625,0.0599731594542944,0.08023433751120986,0.060325195695115845,0.080668946003081,0.060214102312051744,0.0805318615772745,ŞANLIURFA,SURUÇ,98022,-0.91
54988432B9128675861083,0.3492746333287231,0.5316605016889739,38.01254238002315,0.3485168457288529,0.5305810006185778,0.3325995929878853,0.5077927382096878,0.31008777346805927,0.47541292215132225,0.34774658325884744,0.5294824586402507,0.3488200727356774,0.5310131662674537,0.3483133056476281,0.5302908071742851,ARDAHAN,MERKEZ,42136,0.088
54988432B91293750640231,0.21010088623589118,0.3085588463057925,24.640969670916274,0.2093340766163222,0.3078493870326731,0.18639874631735714,0.27991437827021065,0.14146988267853494,0.21795017922907642,0.20875713321496064,0.30728653643985604,0.20953192445646573,0.30803715715039637,0.2092674750358043,0.3077857152996837,KONYA,CİHANBEYLİ,49126,-0.159
54988432B91546860150128,0.13107470149598205,0.14999077662378643,8.20345458768759,0.12681099818331745,0.14675878651915222,0.10699967950402492,0.12928860498599945,0.08975465819527331,0.11225339635218225,0.12515589359702317,0.14543548983132656,0.12754292326949518,0.14733274953471112,0.12645138547765566,0.14647418935272644,YOZGAT,ŞEFAATLİ,14008,-0.362
54988432B91560004091691,0.030075415229413902,0.049558830781471115,3.5556236051853234,0.029989795938488297,0.04941774571520537,0.028308852492457296,0.04664785571835505,0.02582540903401843,0.042555591216824465,0.02989652571757931,0.049264053303655284,0.03002056388206482,0.04946844570712807,0.02996033742968251,0.049369203434347614,KARABÜK,OVACIK,3986,-0.776
54988432B91646102966816,0.48782809761899387,0.7045691801220869,50.43724716514556,0.4773554863714014,0.694731991422142,0.37139527773049036,0.5674072868326793,0.22612459668888282,0.3678632410843817,0.47132784191564414,0.6882897002853221,0.4796743770494944,0.69711876255211,0.4758756610390858,0.6931011001278573,İZMİR,SELÇUK,38578,0.69
54988432B91709779235115,0.34884402966766354,0.41909043397396095,23.44254758466257,0.3475023243904425,0.41761625632747795,0.3153508423738286,0.3859071057016371,0.2625366999742211,0.33312663436174533,0.34680613750558004,0.4168976034526662,0.34783570770372235,0.417965021117413,0.3475479937930015,0.4176621969072086,KAYSERİ,İNCESU,29780,-0.295
54988432B91755987711190,0.03501000644310008,0.05769014232178974,4.2001993449888095,0.03494525740889033,0.057583447654228626,0.03356586997661921,0.05531046728748857,0.03158784159542487,0.0520510351873231,0.03489623373101076,0.057502665522451334,0.034967741664306246,0.0576204976301277,0.03493854272584129,0.05757238307412423,KARS,ARPAÇAY,13770,-0.943
54988432B91769619824833,0.8920039814940319,0.9427474640919642,51.57788323983583,0.8857022049991778,0.9366904092955051,0.7475719799917915,0.8046348271774797,0.5490341611361059,0.6119404105558388,0.8853064489138193,0.9363034332967374,0.8862691589044897,0.9372396965332904,0.8877930499680856,0.938695480504051,ESKİŞEHİR,GÜNYÜZÜ,5008,-0.541
54988432B9177912033932,0.025677365568496986,0.04211126298546499,3.2568491400239923,0.025513294776006664,0.041858517079393434,0.02085320420403305,0.034249984859207265,0.012737863930354948,0.02093021465501196,0.025349479560875292,0.041597180237331666,0.025567085088735064,0.04194335434075963,0.02547164294266805,0.041792955764021616,İZMİR,BEYDAĞ,11904,-0.481
54988432B9192246794602,0.0009438467966141907,0.0015552883749145763,0.11523108022411203,0.0009071395208945156,0.0014948014405875315,0.0007527618876248853,0.001240415093955445,0.0006311141492481936,0.0010399616792586795,0.0008864405395106141,0.0014606932725729355,0.0009152324017616663,0.0015081370407902337,0.0008987169742686107,0.0014809226109920534,SİVAS,DOĞANŞAR,2770,-0.625
54988432B91961372611243,0.02522070272643804,0.041559144872151704,2.992929853743186,0.025056724891481242,0.04128893913392509,0.021955179930042895,0.03617815543459582,0.017887249802004724,0.029474944213454507,0.02494385581595617,0.04110295136378991,0.02509764341460691,0.0413563654403599,0.025045006315733004,0.04126962904599857,KONYA,EMİRGAZİ,7647,-0.733
54988432B91991689904144,0.1704958607836869,0.20907795051923145,13.13335366445919,0.1694276561383065,0.20809049357161893,0.14810559424829908,0.1872274084276704,0.11762230733725083,0.15500101290325005,0.16940091429231663,0.20806922588713722,0.16951963578984194,0.20817387503920323,0.16980157536511364,0.208437105822556,TEKİRDAĞ,SARAY,51468,0.125
54988432B92019352916706,0.06839174467631097,0.11266449616259779,9.39848572375324,0.06824358951731954,0.1124207961664622,0.06479915486457373,0.1067494636747931,0.059107193138990724,0.09737546710431304,0.06803565624811816,0.11207854380645632,0.06830023985645325,0.11251402326068288,0.06816845798239428,0.11229714000308608,GİRESUN,YAĞLIDERE,14688,-0.576
54988432B92026614951064,0.5126275098622857,0.6495685467128055,45.54485045516351,0.5076553922039044,0.6443088053116375,0.4116864138251464,0.538289488831368,0.27865528192570993,0.3827620008137431,0.5012638492663446,0.6374975021384248,0.5095403431684349,0.6463075902232366,0.5053974205051207,0.641908198627029,AFYONKARAHİSAR,EVCİLER,7038,-0.525
54988432B9206806134552,0.657939953591225,0.5444666727907603,15.85875010722299,0.6455577210682295,0.5353512082501308,0.5663537182338544,0.4747207354336151,0.4843424984598045,0.41067730545204,0.6363052973225153,0.5284132116730357,0.6491805981933707,0.5380439897335939,0.6415951153612441,0.5323891814491839,ARTVİN,ARDANUÇ,10889,-0.454
54988432B92152901818020,0.32867644362574167,0.399845752712195,22.509847393658113,0.32715392214384187,0.3982801152859819,0.3006409869544105,0.369729691053232,0.2650582363412028,0.3310239072225023,0.32514840964209935,0.39615634796241644,0.32773838025481117,0.39889208464594683,0.32638097061605986,0.39746496392974223,RİZE,KALKANDERE,13350,-0.453
54988432B92223927432104,0.1884044628880721,0.3104563918243825,24.05629453191417,0.1871455498650236,0.30838193143865067,0.16307273486589335,0.2687142973968511,0.13177488540284418,0.2171411166599733,0.1856197289195642,0.3058676551946808,0.1877019858275848,0.3092988370074997,0.18663704093123248,0.30754400092269985,ANTALYA,ELMALI,41550,-0.15
54988432B92272966578930,0.1930273712148662,0.2619922129445145,18.08526595102989,0.19073745805907558,0.25980591777833256,0.17028595319858697,0.23482805684656372,0.1445699136082933,0.20230085285466018,0.1895273372552928,0.25847007690526885,0.19129589308007347,0.2603948904869082,0.19045164578879667,0.2594967671819726,ERZURUM,AZİZİYE,71827,0.062
54988432B92286094750173,0.16419392323726162,0.27055128827504105,18.828918844806108,0.1638456605028052,0.26997766579442384,0.1565497698347472,0.2579570100210139,0.14624569176424218,0.2409794598451059,0.16338314998419937,0.26921570769602915,0.16398157213622808,0.2702015576464235,0.16368331058935268,0.26971021270821993,GÜMÜŞHANE,KELKİT,38520,-0.429
54988432B92573303470858,0.27482037678488846,0.35108291982355233,23.29452207771473,0.273077536257124,0.3489493027316591,0.24079621923086697,0.3082395925403537,0.18868772156807606,0.24598865598694136,0.27147880191731455,0.34690963975574396,0.27361922575128056,0.34963391617393563,0.2726323432649166,0.34838336867681274,MERSİN,ERDEMLİ,157566,0.331
54988432B92605767261652,0.028174303855239093,0.046426143961662385,3.1762685355619427,0.02798252616139921,0.04611012909689084,0.025662142495904067,0.04228655756681609,0.022740984871986416,0.03747301949043556,0.02788447841101318,0.045948564183062715,0.028022396488763365,0.04617582816677799,0.02797161797125997,0.04609215437750228,ADANA,İMAMOĞLU,27196,-0.434
54988432B92706545600609,0.2282512847583434,0.28227112142447675,15.761832808788744,0.2254014495163671,0.27981625937966287,0.20089591211142244,0.2544141669702825,0.1716452332037412,0.22263328827388892,0.22299738226309448,0.2775121469680509,0.2261700053697955,0.28052217300933213,0.2244131903546744,0.2788835745512319,AMASYA,MERKEZ,151433,0.651
54988432B92712728908494,0.2535806603191312,0.3488705133918663,21.177705228425626,0.25166241822563573,0.34704478492336405,0.23033271345181022,0.3224649953988345,0.20361875142507752,0.2901062585630012,0.2501802825980062,0.3454668276623251,0.2522111106553148,0.3476074830438458,0.2511813713423994,0.346540147217935,ZONGULDAK,MERKEZ,115279,1.189
54988432B92775377874874,0.23230332157730532,0.38279375084949396,28.123213058202836,0.23169036727786077,0.3817837133098214,0.21893359091183834,0.3607628590200868,0.20089067333578783,0.33103140254193986,0.23095394512449433,0.3805702231350717,0.23192739299259765,0.3821742887082956,0.23145252197428884,0.3813917873775617,KARABÜK,EFLANİ,8663,-0.658
54988432B92870291656697,0.1816746225025977,0.26824585398225975,19.907285000807814,0.17882013677695555,0.2659075615748934,0.16017413862127275,0.24464386753751036,0.1357340439639374,0.21146717062752163,0.17875274705250283,0.2658325018791173,0.1789711546777929,0.26604581590360826,0.17941853926575524,0.26642324456353733,TEKİRDAĞ,HAYRABOLU,29706,-0.182
54988432B9289353120970,0.07168905165903557,0.11813055789765471,9.13753671483709,0.07148750437704435,0.1177984445231102,0.06654888356250226,0.1096604929312607,0.05780710839726147,0.09525563258804816,0.0713397339155621,0.11755494559751807,0.0715408544354881,0.11788635574556304,0.07146868981441847,0.11776744153551079,KARABÜK,ESKİPAZAR,12570,-0.383
54988432B93214958535035,0.05787559673616933,0.08193186747589325,5.3734284329251,0.0558575569792962,0.07980860257147074,0.044013406704174314,0.06509998534553084,0.03238061432688909,0.049537548922432256,0.05511316907476601,0.07896809667424586,0.056165369252108126,0.08014901849187954,0.05576118461106227,0.07970101270759448,KONYA,ÇUMRA,68803,-0.233
54988432B93266011015625,0.4716848821653165,0.46643573815495537,19.022710454597252,0.46519642807052797,0.46149047117371794,0.4165666265412654,0.42099377875772853,0.36273534280954667,0.3744909242540579,0.46060669072604477,0.4578345595194575,0.46687097257209087,0.46280015968551497,0.4634527937136305,0.4601111879214902,GÜMÜŞHANE,TORUL,9779,-0.368
54988432B93269367761582,0.2876276264136827,0.43071174169034904,33.802050293410566,0.2862864217190451,0.42906989163384607,0.25651093272649544,0.3898501267411824,0.2047515184240995,0.31674143720295583,0.28551603406432624,0.4281297656070933,0.28661416886889485,0.42946795870984467,0.28626496267109836,0.4290433753452303,NİĞDE,BOR,62594,0.116
54988432B93270610822610,0.06600889279433349,0.1087706860607953,5.341548314204689,0.06591457066096545,0.10861526028825395,0.06396506892930322,0.10540283493383545,0.06106211827384952,0.10061929864004927,0.06585467372901883,0.10851656100540016,0.06593860909035583,0.10865487126104761,0.06591080826017005,0.10860906053397196,ELAZIĞ,BASKİL,13397,-0.714
54988432B93290960432341,0.11336189368312256,0.1867638228157195,14.674680826653706,0.11310191063640972,0.18633745604767005,0.10768108225022445,0.1774130669058769,0.09956807173539955,0.16405041186401897,0.11274127043542197,0.18574433682901056,0.1132074654722295,0.1865109146093444,0.11296991372700256,0.18612042714399046,ERZİNCAN,ÜZÜMLÜ,13960,-0.63
54988432B93447432062077,0.2800656681198647,0.4304298179498885,31.971630014898537,0.2790303631645037,0.428844243173349,0.2591444234150138,0.3989994943047302,0.23107731091885764,0.35723623965272916,0.2792827276823762,0.42923223761661566,0.2789680965798929,0.42874754637428786,0.27956045589649375,0.4296547533146643,KIRIKKALE,MERKEZ,192821,0.726
54988432B93570541264630,0.30184081262842644,0.43418395437607826,29.73624492016671,0.30091489408069716,0.43268485590542793,0.2778347784822755,0.39990915565236385,0.23290682600852017,0.34043807904684087,0.30097107165556125,0.432774561968865,0.30095355316947586,0.4327465693794569,0.3012657381388935,0.4332475986078614,SAKARYA,KARAPÜRÇEK,13734,-0.453
54988432B93591493775599,0.25528532760439343,0.340092839013866,22.87284451278772,0.2541981830013997,0.3388252800051827,0.23225376266065398,0.3128612281494906,0.20203335667798633,0.27649981289638786,0.2529518424663467,0.33736728776812897,0.25460845004309945,0.3393042564612706,0.25381098423064985,0.33837256515381503,ZONGULDAK,GÖKÇEBEY,21070,-0.17
54988432B93613395519692,0.0690900412040986,0.11384785994143413,8.291047895474357,0.06862586290494657,0.11308297827298062,0.05961868830185324,0.09824078778055147,0.04778109517847856,0.07873458080098904,0.06829416961484487,0.11253640787619282,0.06874303543686475,0.11327605735891426,0.06858666792957745,0.11301839206072103,KONYA,TAŞKENT,5669,-0.71
54988432B93760304684016,0.20207486354786322,0.33298273328452993,30.22908791625508,0.2010068517107292,0.3312228434374443,0.17983720953997331,0.2963391117901179,0.1514873394677141,0.24962366653788728,0.200047947913229,0.32964274385532627,0.20138964861395356,0.33185362332213936,0.20079414552248506,0.3308723422088178,ERZURUM,TORTUM,12881,-0.592
54988432B93817562876661,0.16887929299267906,0.27828245229789184,20.351346889282603,0.1682405520435331,0.27722992303535443,0.1552598750039228,0.2558401210350211,0.1374062061940261,0.22642051220738443,0.1673744601980978,0.2758027607208284,0.16848506218848494,0.2776328314176856,0.16792870445143315,0.2767160547502916,SİVAS,HAFİK,8950,-0.742
54988432B93840376788897,0.9824259166337467,0.9812916193055232,40.54493609440097,0.9760748363665911,0.97471822912298,0.8769500140490321,0.8612546450967397,0.17122486080697163,0.2781115966302998,0.9774198153561987,0.9761907218422968,0.9758440135842401,0.9744638780329367,0.9788978717704281,0.9777840549623077,İSTANBUL,EYÜPSULTAN,425216,1.839
54988432B93890673668777,0.1866497562586398,0.24050398079236796,16.272980910315773,0.18579136369157703,0.23952552339956484,0.1685642381446502,0.21962499543724012,0.14501235780719382,0.1919991038843843,0.18480921940768463,0.23840298347124886,0.18611502124702656,0.23989482759216488,0.18548642606975616,0.23917728589524725,ZONGULDAK,DEVREK,56900,-0.038
54988432B94080378973677,0.38993756898421356,0.3116201531817395,7.965349305059083,0.3858692320535366,0.30852825124947847,0.31047904543937077,0.2509707583241544,0.21509311135673412,0.17778693848385368,0.38544730389817006,0.30820739387389606,0.38631899823164373,0.30887024603218677,0.3870971849731352,0.30946188275502157,ESKİŞEHİR,BEYLİKOVA,5611,-0.424
54988432B94200918295696,0.46457793950888904,0.5440253561437328,31.86266421431767,0.4545059263925207,0.5353197121241724,0.3538487017097077,0.43435960065742674,0.23477551102287664,0.30712963554455736,0.4460672512216381,0.5274366882012589,0.45735232186932034,0.5379026612531929,0.4513774697676497,0.5324295952780008,AFYONKARAHİSAR,BOLVADİN,45906,-0.045
54988432B94235279152789,0.44768873086742167,0.6727181450182668,52.188786879387614,0.4449518628858777,0.6701099645880438,0.4099707182152846,0.6259028816155889,0.35341039163373245,0.5467087582944524,0.4421106609809,0.6669861962258735,0.4457676091235752,0.6709547430759546,0.44377080863189716,0.6688392954362951,ÇORUM,OSMANCIK,42673,-0.194
54988432B9428918047476,0.3864923543125678,0.5647709588361015,40.771077241035805,0.3851420524787938,0.5634653647234457,0.35705180612131526,0.5321340259135573,0.3048953660732598,0.4647232478544118,0.38522389196448026,0.5635442499769555,0.3852005399522505,0.5635231957998694,0.38566902475888626,0.5639808209616819,SAKARYA,GEYVE,51708,-0.043
54988432B94361787420306,0.05815322245314436,0.09582596579195396,7.707887292304133,0.057802328512356754,0.09524775620445246,0.05134262811656082,0.08460334127710142,0.042656518909596784,0.07029020833932895,0.0575273048359557,0.09479456705525235,0.05789350998704708,0.09539800674098249,0.05775102156242258,0.09516321165435049,KAHRAMANMARAŞ,TÜRKOĞLU,81055,-0.477
54988432B94555839005307,0.7182448471989172,1.1835372702413187,97.59502812106865,0.7106097195324298,1.1709559643098113,0.6276608909274953,1.0342713357187896,0.5273402848501981,0.8689611678439676,0.703729627015486,1.1596188193956947,0.7128248095595914,1.174606031016603,0.7080138952635326,1.1666785166104392,SİVAS,İMRANLI,6788,-0.587
54988432B94612974297738,0.12118934547680026,0.15323581880700057,8.263144003446975,0.11928046647978965,0.1514956195979792,0.08432297980373928,0.11655076642587071,0.04081159926660367,0.06724617371238867,0.11767133487888817,0.15000738097224414,0.11984697441030892,0.15201518757788826,0.11893982766359933,0.15118179214560953,İZMİR,BAYINDIR,39971,-0.304
54988432B94698647501880,0.4283483315253479,0.5493480070491666,38.847221294153485,0.4247122035724937,0.5461037210327628,0.3868795744927242,0.5046245171146335,0.33292601516995074,0.44164876034526596,0.4214340647901505,0.5428228591107881,0.4257284078965811,0.5470756253650815,0.42338137840497414,0.5447936774072702,AMASYA,MERZİFON,77077,0.547
54988432B94777693463903,0.2944235563441062,0.3609976112267717,22.1208575163276,0.28581340698730434,0.35387825079240315,0.2361113394860427,0.3002526737056015,0.18499506120425038,0.23722812924458928,0.28264415433749035,0.3509263110467046,0.28713072554853397,0.35506811526538007,0.2853890856264672,0.3534801976103066,KONYA,HÜYÜK,14878,-0.506
54988432B94880790490903,0.07046227066822028,0.08247209036603315,4.446686906592791,0.06999583727101066,0.08202521944598354,0.06204453822325215,0.07403291481289892,0.05168774524228207,0.06345100696549615,0.06953817255071357,0.08157448700118793,0.07015267275472287,0.08217841565211183,0.06986018918888173,0.08189207379218773,KÜTAHYA,SİMAV,60886,-0.027
54988432B94897839100366,0.3022955427780412,0.2676257137611931,7.217335176726116,0.29453357699790955,0.26112651167973905,0.236110200747949,0.21445842482656072,0.1655354031862774,0.15874795534494818,0.28959081849569307,0.25706702278622523,0.29677549816067483,0.2629857268089318,0.2927591086488446,0.2596634388853517,ANTALYA,DEMRE,28075,0.18
54988432B95082960881175,0.909021582469742,1.4979027367929356,130.7730496349993,0.9084639226145608,1.4969838144709753,0.8971324280799131,1.4783115661957613,0.873050782609929,1.4386293811392068,0.9077268789691021,1.4957693001899515,0.9086817302419324,1.49734272194625,0.9081933298683889,1.496537926691341,ERZİNCAN,REFAHİYE,10954,-0.391
54988432B95140172364371,0.008715486612735933,0.014361541575536686,1.3051015189462725,0.008648030824029667,0.014250386667375853,0.007356878479875054,0.012122801726354732,0.005679950613687055,0.009359528676948387,0.008549082930020728,0.014087338480078471,0.008674310623900871,0.014293691012298552,0.008609786309756517,0.01418736664265716,DENİZLİ,BEKİLLİ,6243,-0.231
54988432B95156445816279,0.31693471672939855,0.452809642677489,30.393156727713137,0.31436090131618577,0.45020941534922354,0.28513024198269193,0.41455847062164336,0.24740631180852588,0.36590716623360664,0.31188130358125415,0.4474079638819691,0.315141766927,0.451056105932177,0.3133857934856115,0.44912363721558196,TRABZON,YOMRA,51660,0.48
54988432B95277821649488,0.16179697445537566,0.24752600812263736,17.41468681931335,0.161102189185419,0.24664742994963157,0.15020707807961858,0.23082560983354994,0.13420884572331201,0.20756284017659007,0.16068304572263242,0.24605964169586647,0.1612544867188954,0.2468566697918958,0.16104117104622573,0.2465627759853359,HATAY,İSKENDERUN,228149,1.056
54988432B95310559341669,0.252791368807287,0.291345472765466,14.94412786395064,0.2524705514868258,0.2908214043267077,0.2442179241897032,0.27896894692462865,0.22630453100537928,0.2576755624349903,0.25222816775182005,0.2904310766091929,0.2525548467152232,0.29095823744880683,0.2524374069164368,0.2907677608747806,OSMANİYE,DÜZİÇİ,88274,-0.269
54988432B95455201540726,0.4722507147617853,0.6637286148657523,47.096883924808644,0.4664742879851869,0.6583348666476843,0.41170419638262445,0.5934939080516,0.3387773786894219,0.5000555108372615,0.4663600024064453,0.6582170577837628,0.466820821519768,0.6586905771152091,0.46789793927366,0.6597796873255142,TEKİRDAĞ,SÜLEYMANPAŞA,226582,1.314
54988432B95500955332095,0.09553469589738359,0.14040310166514663,8.939375176836652,0.09414902812960207,0.13917334135220738,0.08458858349170988,0.12763382151825176,0.07430157208956419,0.11384352593319878,0.09358027467490367,0.13858956390416813,0.09437924779743578,0.13939997707732626,0.09406107787223057,0.13908515462466312,HATAY,KIRIKHAN,108200,-0.206
54988432B95701093255845,0.15801257838373736,0.20086829183727384,13.303459939037946,0.15467262298525072,0.19809170048229843,0.13412426001905062,0.17706800109473148,0.11298169982557361,0.1532100806446546,0.1533687966116394,0.1969102640053427,0.15520977202340427,0.19856665470131735,0.1544708864618138,0.19791286419633258,HATAY,ERZİN,43103,-0.24
54988432B95842578753435,0.38007466391884687,0.46816350290202763,26.770518457988956,0.37577809337648554,0.463922304380888,0.3174807102953335,0.4006107358476382,0.23249327283087748,0.30814315630980743,0.3734849262292442,0.4615117016887335,0.37663508612433166,0.4648108414870949,0.3754986819447685,0.46363084362896545,KONYA,MERAM,349685,1.053
54988432B95867498741596,0.08069344894998548,0.06033461850484427,1.151772807285017,0.07902391081991011,0.05910940771005952,0.05057045343836819,0.0381515171553332,0.016851436707491802,0.013208199231434731,0.07752721817905787,0.058010378762045955,0.07953157652157843,0.0594820567406044,0.07866583123993691,0.05884651922312056,MANİSA,GÖRDES,25456,-0.362
54988432B95928924596257,0.12268955973696764,0.20005842093595363,12.082205269514544,0.12223388659336511,0.1993750679395206,0.1152419077636305,0.18820970814399926,0.10579865948635324,0.1730336548671626,0.1217066294278653,0.1985480556551525,0.12238892210276009,0.1996147885775646,0.1220324591148202,0.19906069948285,TRABZON,ŞALPAZARI,10575,-0.527
54988432B95992453735660,0.13902413950424436,0.19595477937602687,12.891593437410267,0.13667640669829337,0.19398504430093413,0.12236357595232815,0.1779957060665178,0.10764638923930729,0.1594411596401889,0.1351382411837837,0.19250201743730416,0.13723925685194183,0.1944966577303899,0.13606782991252425,0.19341165825892856,TOKAT,ALMUS,28135,-0.626
54988432B96002875694716,0.05303658819828145,0.08739468032928703,6.3535951593239215,0.05294158616083406,0.0872381341981086,0.05091348558276671,0.08389619219699052,0.04800053386326114,0.0790961759631204,0.05285352139629245,0.08709301943475665,0.052971798050567905,0.0872879179141267,0.05292158330123895,0.0872051731125755,SİİRT,KURTALAN,60674,-0.746
54988432B96055728964295,0.07901289654222722,0.1235369164386764,9.242684827262652,0.07887094653286342,0.12332935693257753,0.07583320749311566,0.11885846296725629,0.07136880588073942,0.11223357643994285,0.07873962457772926,0.12313711650371721,0.07891604556901909,0.12339533468192637,0.07884111276726767,0.12328569872152606,SİİRT,TİLLO,4090,-1.092
54988432B96253439504552,0.06300443742147833,0.10381988839838471,8.975860347826906,0.06274544137361523,0.1033931098747564,0.05751817747382729,0.09477952681751158,0.0504000969911332,0.08305022088973427,0.06230405753330289,0.10266578934119576,0.06285834795369323,0.10357915944559418,0.06256136055940988,0.10308977807196233,KASTAMONU,PINARBAŞI,5782,-0.63
54988432B96395317243392,3.326607951450228e-05,5.481646696634184e-05,0.0026612863611601817,3.228118353842737e-05,5.3193536987043946e-05,2.8341599634127713e-05,4.6701817069852334e-05,2.5386911705902973e-05,4.183302713195864e-05,3.173575894680006e-05,5.22947761608235e-05,3.249627344159499e-05,5.354796614562999e-05,3.205844841278461e-05,5.28265098881122e-05,ERZİNCAN,İLİÇ,8543,-0.301
54988432B96423732732859,0.5280161159179154,0.8700748148964312,76.57050313811268,0.5260165245891812,0.8667798509686875,0.4797239881738075,0.7904981450918273,0.4029470912318337,0.6639837407369887,0.5226720643078133,0.8612687868694769,0.5269614831305673,0.8683369712973955,0.5246426857056283,0.8645160136041274,BURDUR,ÇAVDIR,12539,-0.448
54988432B96595900966368,0.10437416138071415,0.17198969199154673,12.773527750511107,0.1039020398403356,0.17121172130188442,0.09639320812341118,0.15883852819425748,0.08638055057810719,0.1423394841353333,0.10351704695483767,0.17057732283659566,0.10402833219810442,0.17141982820713955,0.10380425486906042,0.17105058940038173,KARAMAN,KAZIMKARABEKİR,4679,0.022
54988432B96614579404360,0.12697122614941647,0.09577852480274028,1.961472135428798,0.1218417405439647,0.09205115188829625,0.10102692200947723,0.07665246222879143,0.08519049018986617,0.06473216191053069,0.11906133262686575,0.09000909447675973,0.12297923288250019,0.09288153804566146,0.12073734210988527,0.09123900340482244,SİNOP,TÜRKELİ,16298,-0.194
54988432B96920408348513,0.6557897660602023,0.7853830540484565,45.614205028574936,0.6488428695089877,0.7796173002601087,0.5926310002525033,0.7240582997403165,0.5281355957531895,0.6564178429450107,0.6430061903007379,0.7742888442059027,0.6510068045846443,0.7815115519312765,0.6463906873652914,0.7774105144073945,ARTVİN,KEMALPAŞA,9263,-0.432
54988432B96933409073399,1.3536736597672214,1.5567297594094893,86.16545831238442,1.328653911163442,1.5358953414103607,1.121075588270965,1.3322805971522518,0.8271608005011435,1.030724853697556,1.3125422709791579,1.5214660187957216,1.3349752581090135,1.541395503378624,1.323229346814101,1.5311248808327373,AYDIN,KUŞADASI,141431,1.495
54988432B96952912352901,0.17254795211549903,0.16686289609439064,6.979040170078257,0.17034434578141378,0.1649885048023251,0.1305167859972565,0.1305897452412263,0.08097449541064398,0.08713070619697807,0.16799175481488793,0.16298359207682198,0.17110140170176852,0.1656326464380071,0.16964250789841304,0.16439195667472986,BALIKESİR,SINDIRGI,31482,-0.477
54988432B97004073269629,0.12527007998704762,0.16362937509403905,9.51639389323991,0.12437059898257267,0.16280166934522253,0.11632390565120058,0.15412886488962937,0.10492224993443024,0.14144008456676688,0.12394444881703044,0.16237509409797066,0.1245514730570697,0.16297815643201272,0.12428636025120182,0.16271842599687764,MARDİN,KIZILTEPE,275217,-0.201
54988432B9710176470958,0.36224179080413954,0.5039724047292146,34.15724806933145,0.3579514934796438,0.499525299954965,0.3010247768601531,0.4319880186140842,0.22844753864838355,0.341713398554039,0.35431274092341986,0.4954358021800328,0.35919315967698956,0.5008879524484245,0.3568402123415501,0.4982892454553112,BALIKESİR,BANDIRMA,169476,1.072
54988432B97142079698078,0.43175951709850285,0.5684780286247938,39.146738671315774,0.42690404523260095,0.564063289606059,0.3822185639377269,0.5143311120913412,0.32848118309548574,0.45050980864201423,0.4217848683528113,0.5588304712795001,0.4284523660670058,0.5655668085593935,0.42456673599024086,0.5617160334521076,KASTAMONU,MERKEZ,158953,0.892
54988432B97259494958593,0.7619717840379213,0.8350323518778878,42.34973180341908,0.7542202677227772,0.8280868026073199,0.6932910111183245,0.7595696770267676,0.6212537159558463,0.6717787725445501,0.7479211809521139,0.8217047251890662,0.7562706540278048,0.8300624516592643,0.7516078695413138,0.8254879472833657,DENİZLİ,HONAZ,34468,0.636
54988432B97290216608091,1.050910588079497,1.731709217796934,142.2596605267302,1.0488004914045121,1.7282322024641477,0.9922170256475332,1.6349931110102902,0.873009329652032,1.4385606314905692,1.04560348334858,1.722964139264621,1.0496194071184664,1.7295816175109575,1.0475857079968736,1.7262304710695209,DENİZLİ,SERİNHİSAR,14661,-0.064
54988432B9750170463020,0.7432202704423359,1.0164091800941901,63.96711759272766,0.7365749534749831,1.0102155981770358,0.6646218236630058,0.9291245750769612,0.5711283723997411,0.8180512372614444,0.7287430532427002,1.0019768232042796,0.7390354368974721,1.0126726216604522,0.7330084258601699,1.0065202522093237,ÇANAKKALE,MERKEZ,208613,1.846
54988432B97522403673638,0.23460062964450176,0.2887776489711313,14.49924205107144,0.2323640558674283,0.28678453327994735,0.20919609461660793,0.26267419455404145,0.17784708343712696,0.229980334523498,0.22986426495312015,0.2842964485701079,0.23316602112143506,0.2875456092150478,0.23121985232835057,0.28566105083261295,ÇANAKKALE,BİGA,94526,0.426
54988432B97580121786260,0.2587642533330852,0.32110119683166705,19.71811345099403,0.2551872721443396,0.3181023298116776,0.22822351956758063,0.2904789931820773,0.19733389797566622,0.25654328661477743,0.2526063811345536,0.31569814817829195,0.2560927500339611,0.31891070365786317,0.25418305083283643,0.3171819697003136,TOKAT,MERKEZ,201969,1.015
54988432B97639118870532,0.03983139348975852,0.06563491392193826,4.801790277683891,0.03975465994253617,0.06550847095006085,0.038122356986000895,0.06281873166001405,0.03578711506838993,0.058970676424670396,0.03967185567701648,0.06537202453522097,0.03978192072035078,0.06555339176875546,0.03973111635084426,0.06546967538006633,AĞRI,TAŞLIÇAY,17431,-1.124
54988432B97717565208806,1.0277026344832025,1.5808325968673602,129.20019701213735,1.021765280756404,1.571116697006155,0.8392852202265784,1.286181677877403,0.4364542044968513,0.6625255992431931,1.0241011377186726,1.5749243513477857,1.0209407625818954,1.5697765830554509,1.0254524392886237,1.57713537542127,ANKARA,ŞEREFLİKOÇHİSAR,32831,0.115
54988432B97750786537608,0.20455238094414657,0.28813542073809895,19.847553499417433,0.20133102381631407,0.2854110930032792,0.1813196057200796,0.26277144336992303,0.16058745572365607,0.23636027356455017,0.19983088093545995,0.2839690350805617,0.2019573273316225,0.28598797804386494,0.200955893171665,0.2850608331079164,BATMAN,GERCÜŞ,18894,-0.962
54988432B97753800028148,0.16809448935749136,0.27698923821402077,14.297899101196366,0.16790880229858884,0.2766832596112229,0.1638493251638644,0.2699939773902977,0.15788146194881014,0.2601600209529287,0.16765959322406554,0.2762726082450056,0.16798154801766876,0.2768031313654267,0.16782161732731551,0.27653959458764593,GÜMÜŞHANE,ŞİRAN,18377,-0.515
54988432B97910607288533,0.2144988593151611,0.314039532012088,22.23917443915447,0.21351973535557983,0.31286900947008156,0.19392527790657166,0.2886633655971045,0.16310278917127846,0.2480275202538885,0.21356266401995913,0.31291222651986206,0.2135672605605973,0.31292699155646375,0.21389288593618444,0.31330451535890214,SAKARYA,HENDEK,93990,0.328
54988432B97960602645981,0.5167747848203073,0.6392519903439053,35.6759420568661,0.5097884890231781,0.6320752247034374,0.3962452856752045,0.5057997262037717,0.1705771177099276,0.26806878903437426,0.5112796899307114,0.6336854768223978,0.5095321767124712,0.6317968955752423,0.5129132602256999,0.6354257983770323,İSTANBUL,BAYRAMPAŞA,272978,2.266
54988432B97969826728737,0.1936977389625202,0.25572162391649866,14.729031858375274,0.1922731935182128,0.2543651694252792,0.17699105164072737,0.23718539051492307,0.15703661467232913,0.2141463090078243,0.19126456178529094,0.2533004916182494,0.19262388243580225,0.25472356031708454,0.1919590064650796,0.25403795204869395,ORDU,FATSA,129844,0.363
54988432B98025236452990,4.1730564909316525,3.3422270872405595,66.53429813993849,4.171695727671158,3.3400649296216756,4.1458511376970515,3.2977982656531806,4.106099615081592,3.2325353695449826,4.17049932504988,3.3381240684922417,4.172133441226241,3.3407713448542964,4.171404884918251,3.3395929186302946,ISPARTA,GÖNEN,7065,-0.034
54988432B98169837554418,0.0011345579966510492,0.0018695458512839943,0.1382322188189979,0.0011296763611523045,0.0018615018011595421,0.0010422433970905815,0.0017174281304353028,0.0009190108254462249,0.0015143631978881617,0.0011265857852825138,0.0018564090925342444,0.001130879172447137,0.0018634838160699915,0.0011293525500379806,0.0018609682191591767,ADANA,FEKE,15586,-0.954
54988432B98216013465603,0.047125473652143014,0.07765013890115158,5.000741684206901,0.04698088543250274,0.07741212009858298,0.04447321962650798,0.07328088702246234,0.04105111989677309,0.06764259628704673,0.04683935234736176,0.07717900908405444,0.047025705434997775,0.07748593029643774,0.04693844211465609,0.07734221804929922,ORDU,ÇATALPINAR,12888,-0.854
54988432B98307515925592,0.021617444104041185,0.03562162803432608,2.4567241421154704,0.021571592022264285,0.03554607211782664,0.020614224893357215,0.03396850468690897,0.019267076489247623,0.0317486483927388,0.021542191062301545,0.035497624667026974,0.021582867746792793,0.035564652467244384,0.02157012435237057,0.035543653663971525,KAHRAMANMARAŞ,ÇAĞLAYANCERİT,22440,-0.84
54988432B98311610120765,0.10719124306414389,0.1766317317898913,13.971516942141772,0.10674359950914364,0.17589409638158682,0.09721201727126556,0.16018777719684982,0.08279912245600711,0.13643794000351459,0.10675428929436687,0.17591171120927673,0.10676933893060991,0.17593651028088395,0.10691653943975066,0.1761790700283656,SAKARYA,KOCAALİ,24966,-0.253
54988432B98497297447828,0.13760702846188141,0.22675143089009842,14.181212402965823,0.13736253932827616,0.2263485571306565,0.1322036006784363,0.2178475616960413,0.12487305615625084,0.2057681535568737,0.13705731373700833,0.2258456007022105,0.13745577756646565,0.22650219684048434,0.13726114494429525,0.22618147757150267,BAYBURT,DEMİRÖZÜ,8139,-0.724
54988432B98585505562385,0.453941582671326,0.5316189336235257,28.768127728524654,0.44763750330987556,0.5258851856672052,0.3739503185850897,0.45086566405787737,0.2682201155091736,0.3421160114733144,0.44454566632482834,0.522879410737578,0.44881710336273645,0.5270138482737723,0.44725630635238534,0.5255179320621677,KONYA,SELÇUKLU,703449,2.562
54988432B98751035289582,0.30011466984233426,0.4065712880385088,26.637781655594893,0.2978836535369472,0.4044393823945695,0.27216087704815883,0.3749426060621528,0.23952656952301968,0.3356563690404861,0.29617408952080154,0.4026114740605289,0.2984641708116349,0.40503796432977085,0.2973487884017355,0.40387178551955927,ORDU,ALTINORDU,239714,1.121
54988432B98936853989480,0.5842846884774182,0.6241102778325148,31.38654962660418,0.5671148638560081,0.6087032428949914,0.34188836072617246,0.39437929216047746,0.08612656559523396,0.1380033341616714,0.5557156707352585,0.5980820564797719,0.5713315145727703,0.6125978729284494,0.56464947851523,0.606415459441371,İZMİR,URLA,82021,1.768
54988432B98947703445317,1.0051948724923627,1.3271767050252936,83.53200207911664,0.9882306613627985,1.3129697732236378,0.8328165492092641,1.1512173003771904,0.6284186504689355,0.909155061489397,0.97715683764411,1.3028251833594258,0.9923244975531279,1.3165962697716962,0.984735077185689,1.3098164847735316,BALIKESİR,GÖMEÇ,19020,0.062
54988432B99023740963316,4.516926427923009e-05,7.443075707724938e-05,0.0036135411423384076,4.5125565023992504e-05,7.435874862851887e-05,4.416423373409356e-05,7.27746489791002e-05,4.274210295156327e-05,7.043123532170168e-05,4.509738496451677e-05,7.431231300033828e-05,4.5136355961657614e-05,7.437653013709119e-05,4.5124238403977736e-05,7.435656259928796e-05,GAZİANTEP,ARABAN,32540,-0.736
54988432B99037585062650,0.3719697736582541,0.4548911992828694,29.395544958055503,0.363101791019739,0.4479784858511823,0.3185647424975851,0.40539330948417956,0.2778525314548058,0.36141228846580226,0.3571785982612303,0.44292711454567296,0.3655510872434534,0.4499762893846908,0.36051484632799596,0.44580793499596516,ARTVİN,YUSUFELİ,17564,-0.29
54988432B9927108056692,0.6844422180370172,0.5560062098932551,12.124389923293913,0.6793008470811958,0.5519673952071558,0.5831901224964394,0.4784393288376734,0.45855002536259554,0.3832380498108435,0.6738395764378186,0.547737416338647,0.681133920552344,0.5533886833063145,0.6776806801741949,0.550700659463447,KÜTAHYA,DUMLUPINAR,2812,-0.226
54988432B9941685819623,0.005194154865118072,0.008559025371705825,0.6733207864087769,0.005186322777946827,0.008546119512224764,0.005015571674213885,0.008264752655238721,0.004756975192175579,0.007838632543637198,0.005179059949525827,0.00853415168794152,0.005188813494390127,0.008550223761286547,0.005184674095908411,0.008543402783177764,SİİRT,ŞİRVAN,18773,-1.277
54988432B99449067758267,0.2291243061764034,0.26791789233394553,14.089174775282622,0.22792820088849003,0.2662665189751002,0.19656759958727527,0.22906649301425738,0.14642113422619804,0.17387048516562248,0.22804584645556988,0.2664336758524576,0.22796394178342483,0.26631149665161247,0.22844349481322085,0.266977396983557,SAKARYA,KAYNARCA,25440,-0.351
54988432B99760089985669,1.1775833405074618,1.0652454737441248,38.12385185413725,1.1571206155014384,1.0493827380385397,0.9291452607608954,0.8633280134641522,0.6613261129730839,0.641137779130692,1.1555336671259502,1.048123446661322,1.1588421758420857,1.0507465395377389,1.1619121860306423,1.0531717270064245,ESKİŞEHİR,MAHMUDİYE,7407,-0.351
54988432B99817490386194,0.1535678841608845,0.2530520269311057,21.600394808163234,0.15275067114393442,0.2517054080628204,0.1366110239549577,0.22511019606625002,0.11503618517294145,0.1895587738770808,0.15229898657270208,0.25096111379251507,0.15294884844507467,0.2520319683199945,0.15276681316305002,0.25173200718332195,AKSARAY,ORTAKÖY,31089,-0.212
