shapeID,ENERJIK_NOM,ENERJIK_K1,ENERJIK_K1g,ENERJIK_NOM3,ENERJIK_K13,ENERJIK_NOM3p5,ENERJIK_K13p5,ENERJIK_NOM3p8,ENERJIK_K13p8,ENERJIK_NOM3Y25,ENERJIK_K13Y25,ENERJIK_NOM3KIS,ENERJIK_K13KIS,ENERJIK_NOM3Y26,ENERJIK_K13Y26,il_ad,ilce_ad,nufus,sege_skor
54988432B10253984912437,0.11215128529598736,0.13291018464263823,9.019594352098359,0.10526468544816817,0.1271604934963052,0.0662517127287338,0.08526689527762993,0.029989567782898484,0.04230798575848671,0.10206576833758495,0.12414965614514321,0.10656519834300252,0.12833618979337671,0.10443228892794101,0.12639216273158865,MANİSA,DEMİRCİ,35629,-0.192
54988432B10287230279323,0.7021373402844665,0.8873123106572829,48.22830873140425,0.6988980342425545,0.8836940852074713,0.6390335611941039,0.8178084941676897,0.5415968235393905,0.7142105198441173,0.6975111416815181,0.8820903458639154,0.6995847305352176,0.8844880337830209,0.698996394872283,0.8838078745388955,KAYSERİ,HACILAR,13701,0.963
54988432B10558365680808,0.09433678899754379,0.15544992236131225,8.361777523588227,0.09240140188769452,0.15226075534426456,0.0843017504095541,0.13891399840235297,0.07720106375425496,0.12721335434813358,0.09132564399163577,0.1504881013966487,0.09282450617304601,0.15295795448584593,0.09196269756573858,0.1515378501710834,SİVAS,AKINCILAR,4641,-0.511
54988432B10626729870430,0.317020999501801,0.3584523160988309,19.221274126581875,0.30229926402401264,0.34551512595076544,0.18656874324994183,0.22699079193591803,0.0743679709016153,0.1016835509102081,0.29468889335503173,0.3382854978758002,0.30533689831521654,0.34833435623545844,0.30058982156652864,0.3439097619605316,İZMİR,SEFERİHİSAR,63712,0.924
54988432B10630286252901,0.2950300212803246,0.3932266591441191,24.804813629390086,0.2911286284604185,0.3898926777770792,0.2563504766574196,0.35442540156680696,0.21417120224317915,0.3074803028888231,0.29106448511594896,0.38984342608715566,0.2913564129569728,0.3900961923424232,0.2920947110904948,0.390771138710776,TEKİRDAĞ,MURATLI,30410,0.193
54988432B10710239542127,1.7709385398632024e-05,1.7383394859903197e-05,0.0007692779168411889,1.6963121413610035e-05,1.6829899593410646e-05,1.3729735774445584e-05,1.4206716212504162e-05,1.1100279617458032e-05,1.1902486646640361e-05,1.65378645827905e-05,1.650363227997685e-05,1.7129007829467087e-05,1.6955159145028345e-05,1.679044324844142e-05,1.66982831866135e-05,TOKAT,YEŞİLYURT,8045,-0.729
54988432B10923405291908,0.1932616079514061,0.18831764184205732,7.853908824088345,0.19139802683493032,0.18687731580271794,0.17473320778617382,0.17285994907717359,0.1550519926753499,0.15581515344446742,0.19054311053278888,0.18618822884846478,0.19184555569695588,0.1872331645718423,0.19127268295166716,0.1867765696851456,KARS,SARIKAMIŞ,35518,-0.804
54988432B10954011235531,0.53184618064928,0.6538403665411134,36.22087271549762,0.5255682095493727,0.6471648099672332,0.4121494203706867,0.520723640075421,0.17318500152178196,0.2723550607408535,0.526923594459139,0.6486770128839983,0.5253343619192503,0.6469027270003147,0.5283982134908861,0.6503031045684645,İSTANBUL,ZEYTİNBURNU,275471,2.382
54988432B10964336547790,0.4144430882858823,0.3912421670276168,15.944455167843179,0.40620404515845343,0.3843667745360992,0.25391001818455394,0.2568701403896021,0.05411034533417988,0.08443367207743589,0.40932418833175865,0.3869583952241375,0.40512610647131364,0.3834719476247185,0.411177585363514,0.38849997900687244,ANKARA,AKYURT,46956,0.705
54988432B11094776022203,0.21258770370448418,0.3479819786362281,21.252058014332352,0.21207364883814014,0.34730490335686687,0.20346782694763008,0.3338040450694818,0.18908120539001927,0.31060748322408177,0.2115816780951123,0.34657867239143414,0.2122568606415685,0.34756574042388555,0.21191214851896129,0.3470695751740909,BURDUR,KEMER,2727,-0.549
54988432B11123047057176,0.13681446579600232,0.22544543133057782,15.482226592641979,0.13627599700478896,0.22455813240215775,0.1253758945908916,0.2065967401184453,0.10828568614142767,0.17843517552801838,0.13567871952889682,0.22357392742505164,0.13647168331723794,0.22488058796165503,0.13608691841963605,0.22424656517907837,AYDIN,YENİPAZAR,11596,-0.296
54988432B11153156770264,0.3226316238491347,0.36077300096344944,21.4208637858491,0.3202369892610859,0.3587277379627744,0.2912972971340329,0.33071080646332324,0.25083421223403357,0.29011358239531826,0.31803702774029763,0.3566986278701605,0.3209222456353689,0.3593430602260913,0.31940366310382745,0.3579665322037144,GİRESUN,ESPİYE,39182,-0.178
54988432B11210263033857,0.4715899456912882,0.49972302062080964,18.26695844604181,0.46609391316343346,0.4953757805192656,0.420526392955182,0.4555736068553076,0.35702317321024685,0.40008028811666585,0.4620904337928773,0.49199016488130953,0.4674766998196676,0.49651431977816357,0.4644728734296802,0.49401785196493914,TRABZON,TONYA,13332,-0.469
54988432B11239792936467,0.5277513455340397,0.8416621448992495,71.63817601023972,0.5263081873113044,0.8395666262875312,0.5032173806729169,0.8026512911519489,0.46094574284206896,0.7339707919826616,0.5245279428315944,0.8368025154945502,0.5268088466900158,0.8403282916342765,0.5256160498264382,0.838500193039353,DENİZLİ,BOZKURT,11176,-0.311
54988432B11310133229622,0.08021314782222554,0.13217672271679795,11.16135544495288,0.07960228798614306,0.13117013647296114,0.06514512557362637,0.1073473543063017,0.04216810894061531,0.0694853972728781,0.07900067438449206,0.13017878634686567,0.07979557029850083,0.1314886306762206,0.07945220419591405,0.13092282560106577,MANİSA,SARIGÖL,34786,-0.3
54988432B11333989170250,1.3106101042984715,1.1378168364799943,38.80501506829927,1.3093913468187424,1.13580855559029,1.2779577610086226,1.0910248027772302,1.1245663166832691,0.9508624328364,1.3075932198541746,1.1328463165063203,1.3098668376052822,1.1365920687080477,1.308698105025744,1.1346662978520015,DENİZLİ,GÜNEY,9043,-0.457
54988432B11359051677875,0.0873603753358988,0.1439540576664545,11.61356701441944,0.08697922881834681,0.14332599731808618,0.0815912533215499,0.13444759069049214,0.07388611221989029,0.12175091531322099,0.0868125585974352,0.14305135501601113,0.0870553514973919,0.14345143368997504,0.08698446045876065,0.143334618112845,AKSARAY,GÜZELYURT,10419,-0.755
54988432B11506112394599,0.04652294151332317,0.07666137169937227,5.582310865168559,0.04644144934900707,0.07652708738939516,0.044698458593831994,0.07365495467799339,0.04219160806700286,0.06952411957211387,0.046392614293550155,0.07644661607316786,0.046463661597562,0.07656368914730982,0.04644114853352874,0.07652659170003315,HAKKARİ,ŞEMDİNLİ,43034,-0.633
54988432B11733036150032,0.239391841265633,0.3944742779349317,34.158690254896406,0.2388821542369611,0.3936344110318641,0.22549203030865625,0.37156993440167163,0.19923366774829407,0.32830092897893,0.23871586433711878,0.3933603961577018,0.23897949600047938,0.3937948121164356,0.23896960898786923,0.39377852014450276,KIRŞEHİR,BOZTEPE,5049,-0.584
54988432B11866351639272,0.1977702050118108,0.28347334759078163,18.106836125594118,0.1969181618107181,0.2824028055708215,0.18001948595591555,0.26093008234130793,0.15732191365256365,0.23179527420127188,0.19569456503625063,0.2808593765260541,0.19725830515587978,0.2828313951562218,0.19645617484023445,0.2818202081571717,TRABZON,OF,43591,-0.06
54988432B11894887373653,0.03767187445569415,0.062076418135190416,4.477165473267162,0.03754670802991646,0.06187016656169355,0.03505978928030946,0.05777217541048565,0.031619364518754814,0.05210297924898041,0.03745510555220786,0.061719222288529024,0.03757901032187777,0.06192339488153392,0.037534405503090874,0.06184989422827824,OSMANİYE,HASANBEYLİ,4914,-0.58
54988432B11965473551698,0.06825373585111129,0.11118924353432733,9.423710890640944,0.0676954741485812,0.1102745630248383,0.057051580198545476,0.09289390657663069,0.04321037052005408,0.07039282917332688,0.06769410314375443,0.11027200452725075,0.06773195187459984,0.11033440842167785,0.06790035776159013,0.11061004124829363,BOLU,GÖYNÜK,14257,-0.441
54988432B12089273300588,0.327159817925399,0.4327783376445195,20.697854262630806,0.31888638813400616,0.42546281302270056,0.23954999467652793,0.3438672630169734,0.15115517594791977,0.2476539159063445,0.32128347697421333,0.42770595281840124,0.3181053694012897,0.4247220703684542,0.3228625656491178,0.4291504150504889,ANKARA,NALLIHAN,26083,-0.102
54988432B12282198097688,2.9389112930900585,3.150671137042044,155.92430202878816,2.8635182278687,3.0896809746025853,1.9038538294305682,2.2011579578726255,0.5238954696970869,0.8336337614639838,2.8194360075222584,3.0520415491676007,2.8802556665310206,3.1037106669372596,2.8538780754516107,3.081527788013523,İZMİR,ÇEŞME,51902,1.998
54988432B12649673902080,0.03662000876946663,0.060343134217048414,5.154516986645681,0.03657212396392134,0.060264228740368506,0.03522170902239961,0.05803898978485801,0.03252589183355753,0.05359677188493879,0.03650266849880207,0.060149778728076496,0.036590613085379434,0.06029469545993499,0.03654730636533613,0.06022333383802702,GİRESUN,GÜCE,8194,-0.805
54988432B12652451571712,0.15373957056532564,0.2533349292063851,20.791284061508296,0.15239048704126237,0.2511118843611745,0.11606379555810493,0.1912520866719123,0.055974111525669744,0.09223518611742597,0.15114575128518323,0.24906078568610693,0.15280670873279192,0.25179774218438467,0.15212965503645628,0.2506820805443578,İZMİR,KINIK,28604,-0.297
54988432B12770771460380,0.6709633392318982,0.8114139344148588,50.82287548283653,0.6670758667418406,0.8082814308163563,0.5870615166642497,0.736722959925373,0.46193253659712324,0.6063542903471694,0.6673187374021945,0.8084672213728207,0.6672549120909141,0.8084287420445374,0.6686674837299766,0.8095640372898829,SAKARYA,PAMUKOVA,31536,-0.024
54988432B12859589940172,0.07112016471328757,0.11719313536622646,8.581495979869787,0.07093319763668876,0.11688504752636829,0.06702965368653035,0.11045271491854664,0.061544934726695144,0.10141489260616965,0.07073511408169238,0.11655864174584035,0.07099679613329782,0.11698984631658822,0.07087778365914275,0.11679373533948136,VAN,MURADİYE,41402,-1.112
54988432B12971115509737,0.25694886169572256,0.2979583761644774,13.614484117432514,0.2554736087861565,0.29649997846313375,0.22706647333500024,0.2683032528300301,0.18975283755690683,0.23098882204552743,0.25384761196047845,0.2948668869400044,0.25600879704672513,0.29703102456051916,0.254981367611859,0.29599664216092697,KÜTAHYA,ALTINTAŞ,14739,-0.516
54988432B13012659541885,0.14094245450630838,0.23224760820499063,16.93888739640888,0.14070421630095536,0.23185503484183972,0.13559922420233048,0.2234429335416034,0.12824352183504115,0.21132206983552781,0.14055287228167376,0.23160564734098057,0.14077096409075318,0.23196502309617953,0.14069796532740628,0.23184473437090772,TUNCELİ,NAZIMİYE,3095,-0.744
54988432B13089930907673,0.20067529265897108,0.3016020574262902,19.873786643405218,0.19840946167264462,0.2995347399146199,0.1816189297048786,0.2785324322065399,0.16286441908856789,0.2526274827150244,0.19677924044828674,0.2977712429168053,0.1989825330692914,0.3001141229743137,0.19777453547072327,0.29886534533354503,TOKAT,NİKSAR,63594,-0.169
54988432B13153830049799,1.5448829268622732,1.4242659500756205,52.3162733436509,1.5403850078328083,1.420432479285221,1.509706027291319,1.384192492132332,1.466725666503011,1.3258367351042903,1.539273656848996,1.4193899372732302,1.5409292448576204,1.4209319892128338,1.5405812868240831,1.420623821493869,DÜZCE,GÜMÜŞOVA,17344,-0.134
54988432B13184104417142,0.10898416932865437,0.1795861491659689,15.532311544116032,0.10883331094571917,0.17933756190574907,0.10354048308641042,0.1706159413317993,0.08960015129862457,0.14764480231880336,0.10862268599458932,0.17899049017850022,0.10889377147973785,0.1794371899026207,0.10876283751115841,0.17922143446440392,EDİRNE,MERİÇ,12329,-0.806
54988432B13336850419353,0.076840327162989,0.12661892585739243,10.428695831867289,0.07644201800343452,0.1259625845870726,0.06854747954800419,0.11295381671384143,0.057961443079697424,0.09550994815949454,0.07619389459790354,0.12555372220649255,0.07654193050973622,0.12612722228051718,0.07643227051549044,0.1259465224944338,ŞANLIURFA,HİLVAN,41969,-0.84
54988432B13359639505311,0.13528435642202485,0.18063038814445764,10.282636467097946,0.13344888196900626,0.17912817530355526,0.1227103609268697,0.1682307593471081,0.11188367459085395,0.15603061294947274,0.1328084077476395,0.178556781901709,0.13376306320119896,0.17940111922100105,0.13338486124072002,0.17907192842792752,BİNGÖL,MERKEZ,175438,0.214
54988432B13394167497593,0.04104410162924178,0.06763323703779618,5.0192565688984825,0.04090830293336772,0.0674094654111094,0.03836918965139287,0.06322546713489247,0.03484759790551803,0.057422522501079064,0.040802957555132184,0.06723587532984998,0.040947693883139645,0.06747437455364919,0.040888725404192146,0.06737720519298337,MARDİN,ÖMERLİ,14112,-0.858
54988432B13587691087198,0.16088049353156406,0.20237148782280318,10.921287339756354,0.15288703197673606,0.19570341532718574,0.10048533026024926,0.1416266205145297,0.04925187805818942,0.08115816429255086,0.14917751923744746,0.192302311019752,0.15441628419567957,0.1970634646323409,0.15204044590563415,0.19493895386901988,İZMİR,FOÇA,37711,0.844
54988432B13628237636764,0.6307844908289911,0.7071558042901808,40.165922572631644,0.629094667041928,0.7055928897086868,0.5866621901400106,0.6654998427576261,0.5108081101050957,0.5918509922619067,0.6265031290477461,0.703186625685221,0.6297592565073233,0.7062079069882401,0.6281088038776824,0.7046780426562907,AMASYA,GÜMÜŞHACIKÖY,22319,-0.269
54988432B13760722847594,0.0015819139822553644,0.0026067073973683086,0.20473224345644833,0.0015766953407609437,0.002598108022471625,0.0014695962562981735,0.0024216281513458576,0.001321491533912903,0.002177578424396455,0.0015695908685969709,0.002586401140585531,0.0015787023625477574,0.002601415230446934,0.0015741391705766303,0.0025938959175132487,YOZGAT,KADIŞEHRİ,9854,-0.847
54988432B13849312279861,0.25188515744971635,0.36289638449038314,25.42718764119448,0.24877514153318422,0.35983824690031285,0.21210221469140297,0.3147353489462674,0.16243253767426222,0.2487055747925539,0.24721099013630315,0.3581185157074414,0.24936915753145988,0.3604736198169917,0.24858276292515027,0.3596300484198743,KONYA,ILGIN,53167,-0.121
54988432B13977847971239,0.15881484169530533,0.21039080135568883,14.75830647611123,0.1579823623708775,0.20938282739463793,0.141617528687794,0.18943995955643317,0.11976354401109489,0.1626180885532103,0.15718199697441418,0.20841306306292887,0.15823891498628373,0.2096934464976593,0.15778141584259792,0.20913945982311377,MALATYA,DOĞANŞEHİR,36037,-0.59
54988432B14215635599319,0.07187347695880376,0.06300003464822578,2.3209016299620817,0.0712744115085567,0.0625495880303971,0.059798551142201464,0.053677850358918644,0.04465413745533364,0.04150807482213751,0.07109743367798346,0.06242224089358411,0.07138233255593918,0.06262820644599766,0.07138267503507653,0.06263495955122624,KIRŞEHİR,KAMAN,33354,-0.126
54988432B14217813536294,0.055280796925648676,0.09109272937398048,3.3412923344254626,0.05523812482181709,0.09102241348451567,0.05429314563305752,0.08946525913268,0.052884951198508424,0.0871448100497036,0.05520939733270058,0.09097507579155147,0.05524944408391439,0.09104106557595226,0.05523608596193529,0.09101905381313298,MALATYA,KALE,7462,-0.717
54988432B14260044534811,0.19143790803556174,0.3092194730059444,22.87022128004109,0.19080458459464136,0.30825435937734863,0.17980800687001475,0.29056463861854126,0.1645895334507803,0.2661195064210259,0.18998333794815356,0.3069491010745563,0.1910450985527469,0.30863172168198566,0.19048750839686482,0.3077524397724403,RİZE,GÜNEYSU,15013,-0.195
54988432B14282860472632,6.493362438862838e-05,0.00010699883870452389,0.007792034926635405,6.481398154759257e-05,0.00010680168899710076,6.226202622422426e-05,0.00010259652936528978,5.8601572482300155e-05,9.656476534156313e-05,6.466760258702296e-05,0.00010656048301269455,6.485835621287516e-05,0.00010687481039911464,6.476640293676978e-05,0.00010672328807380183,ERZURUM,KARAÇOBAN,19922,-1.172
54988432B14340726912856,0.5174065699271811,0.46789890871504203,16.89120140689292,0.513813874389124,0.46496121126657036,0.4445865156055861,0.40796570019017436,0.3541063263438953,0.33299528127756817,0.5099425345247163,0.46179038067623207,0.5151108351472853,0.46602246448873796,0.5126755193094902,0.4640292666442902,KÜTAHYA,PAZARLAR,4713,-0.592
54988432B14406336237626,0.11278848542339723,0.15456175511943043,10.660241006475733,0.11198110809661295,0.15362027176490875,0.09768034984292084,0.13712765975810323,0.07715633672569328,0.11211008788811758,0.11109773040579944,0.1526503072805248,0.11226396565934746,0.1539353816067013,0.11168767217121471,0.1533055709153558,EDİRNE,UZUNKÖPRÜ,59085,0.1
54988432B1446118549854,0.14726193215028865,0.2426609614636685,18.732953232105906,0.14615518698236088,0.2408372461108743,0.12891459585193937,0.21242787813082856,0.10674059676094817,0.1758891483970432,0.14549506394951908,0.23974948305157784,0.14639548987462636,0.24123322170367126,0.1460855211467512,0.24072244944616014,ÇANKIRI,ELDİVAN,6198,-0.573
54988432B14467270081386,0.05693205441037957,0.08022343515829651,6.233771133217368,0.05551708087498743,0.07891493253582126,0.0455841357853513,0.06663970890753024,0.03504790648145502,0.05234726509704351,0.05486870780384495,0.07822268198387311,0.05576320953622478,0.07916681381783981,0.05538302452504481,0.0787751275017974,KAHRAMANMARAŞ,PAZARCIK,66777,-0.388
54988432B14556173736384,0.3427587762135823,0.3675912496882678,17.933891754796715,0.3314492107280035,0.3589773680943906,0.272521552325036,0.30768422067614487,0.21806561233855037,0.25626513216006513,0.32413088608363483,0.35306970836103646,0.3341730269322612,0.36111781048333347,0.3283864322384669,0.356530685705642,TRABZON,MAÇKA,24931,-0.15
54988432B14645765693693,0.4384433756647192,0.5963427675077588,42.00799073368548,0.4364257030654036,0.594478184904367,0.3701460094876837,0.5263906818800094,0.22697947956558825,0.3525919126189764,0.43669008788447305,0.5947244201586139,0.436455115081905,0.5945040085052622,0.4373369471852098,0.5953198285719036,KOCAELİ,KARAMÜRSEL,59488,0.328
54988432B1484249621136,0.3357417456826986,0.4226341586564513,24.87753684505316,0.33125246215261106,0.41830257901781587,0.2786938788914503,0.36064421627094295,0.20509283459223185,0.27851059587800714,0.32904682826804466,0.4160049272579964,0.33209316826886753,0.4191630501733855,0.3309814890782366,0.41802359423102803,KONYA,KARATAY,395499,1.481
54988432B14970064024432,0.0,0.0,0.0,0.0,0.0,0.0,0.0,0.0,0.0,0.0,0.0,0.0,0.0,0.0,0.0,ARDAHAN,POSOF,5976,-0.492
54988432B150490693817,0.010195007907829654,0.016799524391129608,1.4955351642386063,0.010133373691440661,0.016697962378533243,0.008933907796516153,0.01472146008051766,0.0073421752260355065,0.012098573430139608,0.010095256986742542,0.01663515296081874,0.010148750796472764,0.01672330105932557,0.010131874540707778,0.01669549204996354,ŞANLIURFA,AKÇAKALE,131351,-1.258
54988432B15058920594435,0.15441370413633723,0.19333195929024566,11.71713418299935,0.15054814523705823,0.1900649447972659,0.12298117401671099,0.16099147621391177,0.09385038963705152,0.12780853537213038,0.1507064766930476,0.19021031213720796,0.15065701990319583,0.19016508362929194,0.1516069331113323,0.19102407501359708,SAKARYA,KARASU,75887,0.159
54988432B15496700745430,0.7000853603846305,1.080468711990651,86.11278131407093,0.6978370275928044,1.077672950849683,0.6446688486727876,1.006592621308947,0.5408107088396235,0.8560277595415805,0.6950254352794331,1.0741751930010046,0.6986912697194927,1.0787276661062954,0.6968723009904995,1.0764778770746242,EDİRNE,İPSALA,25278,-0.408
54988432B15523271257274,0.027671560846383465,0.04559771464448122,3.0964795164784666,0.027587602088313092,0.045459365835259696,0.026370087242123554,0.043453122138340614,0.0246667760763955,0.04064637419532469,0.02752782886227199,0.04536087039730691,0.027609414059195488,0.0454953080081516,0.027573669506197187,0.04543640746630073,DİYARBAKIR,SİLVAN,86752,-0.824
54988432B15558909248688,0.6206494171528103,0.8485543050302411,63.35554683480015,0.617281407163279,0.8441523564656451,0.49650062309179926,0.7034341088160218,0.24140755112611023,0.3975514309122637,0.6141397119756592,0.8401263403159624,0.6183172787678557,0.8454933380176051,0.616623128404094,0.8432975477101917,İZMİR,KEMALPAŞA,122840,0.983
54988432B15641118678695,0.13308016040200074,0.20459516889783225,14.685079435588559,0.13258500201846646,0.20389478234388647,0.12246034386186481,0.18941945023372697,0.10790843263727558,0.1683048699809056,0.13187869902599605,0.20289475682457175,0.1327804685095497,0.20417117175790922,0.13231915799679161,0.2035186283534036,TRABZON,SÜRMENE,25281,0.056
54988432B15644410313065,0.36692201317401096,0.4986713731167209,32.113975748718005,0.3636536154614376,0.49541650617453126,0.3242939410416313,0.449538804997242,0.2698758390895948,0.3837493831274687,0.3609412085207953,0.49243578629204093,0.364541224988742,0.4963616402088974,0.3627295775282617,0.49441346550334675,SAMSUN,İLKADIM,330290,1.343
54988432B15919915720396,0.16603413405281917,0.27355423435216153,17.572175315873995,0.16550486396303715,0.2726846752585565,0.1560231604648296,0.25707087536373646,0.14304779821569266,0.23569757730289864,0.16482666703966276,0.2715686330602438,0.1656975291179662,0.27300156394689723,0.16525079164163037,0.27226665203534206,GİRESUN,EYNESİL,12548,-0.35
54988432B16159073535028,0.2065733749591826,0.17004723011084671,5.330923954208366,0.20403293027534772,0.1681945881296466,0.15763631988970586,0.1336834301177416,0.09834815075324574,0.08770251442918409,0.19709917582275752,0.1631170195101012,0.2055505015057109,0.16930183290192824,0.20049124064215876,0.1656047095620079,MUĞLA,KAVAKLIDERE,10854,-0.34
54988432B1626041363194,0.049265901809600436,0.047760547892006434,1.7573957534381996,0.04714564314316771,0.046195097780401095,0.038150724492073566,0.0390865097076855,0.030991319775868293,0.033074164061199875,0.04614054633277277,0.04543504114909704,0.0475542418388434,0.046500949471754593,0.04680986988358131,0.04594237711032883,ORDU,KUMRU,27638,-0.606
54988432B16266988631438,0.27707655389670294,0.40764776512658646,31.19050277175721,0.27459141145363214,0.40495322309508325,0.24327532402676966,0.36394380994632114,0.198453005785126,0.30301521318826746,0.27251258605381384,0.4024005152861254,0.27530728030896573,0.4057992119276366,0.27390432150047866,0.4041216742196371,UŞAK,MERKEZ,265371,1.204
54988432B16312548829707,0.12590533207176705,0.12199614157591097,3.703767824193078,0.12444423221032533,0.12084438796267657,0.09811753188515693,0.09984071046593217,0.0655239858128942,0.0735366692640664,0.12341774275240902,0.12003291490144555,0.12480961820135231,0.12113286600298911,0.12432223433054002,0.12074788842552771,KONYA,ÇELTİK,9482,-0.544
54988432B16358110737710,0.3987335725987617,0.5598824513599906,36.23614090757512,0.390506098715249,0.5534318804302354,0.34524795998954005,0.5072819310143055,0.2946004739955392,0.4451445003816771,0.38601382681330315,0.5495598715865005,0.3925909059733902,0.5551505832652552,0.3888981473746449,0.5520696951089625,BURDUR,TEFENNİ,9514,-0.325
54988432B16406650788150,1.4392156263515603,1.2360154643157026,40.929303519133335,1.436267979197932,1.2330317869897598,1.3673043362306592,1.1665468908532464,1.192309668806066,1.0132556232746235,1.43645762696896,1.233221181382482,1.4363982218559468,1.2331615771583766,1.4374519066795972,1.2342143932708662,SAKARYA,SÖĞÜTLÜ,15288,-0.077
54988432B17114220369178,0.6295014751361869,0.9946446266669767,83.06182656323345,0.6193217035678827,0.9811405305496214,0.32385766896566887,0.5255473948040316,0.028900602137067445,0.04762295183185937,0.6155581186542776,0.9758020467401917,0.6211077157890826,0.9836408325267736,0.620684381404241,0.9830504859733546,BOLU,DÖRTDİVAN,6214,-0.784
54988432B17229261486281,9.795714373439032e-06,1.6141561049574577e-05,0.0012758132993939862,9.783468995731768e-06,1.6121382887543547e-05,9.424675461457044e-06,1.5530156202393185e-05,8.685242087727247e-06,1.4311704082503328e-05,9.77383284617611e-06,1.6105504260380094e-05,9.787026981186697e-06,1.6127245802410686e-05,9.782146594920267e-06,1.611920381079456e-05,DİYARBAKIR,HANİ,32285,-1.267
54988432B17351022548299,0.2871123536182278,0.36311794946567,23.074397858741214,0.27732751972163283,0.3553536975741754,0.22692699991910772,0.30574125818442355,0.1771121859806711,0.24873555162580654,0.2771878265693351,0.35525068655759134,0.27780391565708457,0.35574785950229243,0.27938422074074676,0.3570804324573945,TEKİRDAĞ,MARMARAEREĞLİSİ,33623,0.287
54988432B17518540104638,0.6515241866762179,0.6554548820034766,31.562962631372006,0.6406649511151685,0.646241470497578,0.4887899774115991,0.5106708903409262,0.30233170772157875,0.33813803619185195,0.6292444743394189,0.6363396611605263,0.6442426663648603,0.6493177533187242,0.6365428664422534,0.6426801258614501,AFYONKARAHİSAR,ÇAY,29140,-0.328
54988432B17530851783527,0.0007682780343907028,0.0012659828903127692,0.09517019460938274,0.0007665339748125877,0.00126310899637497,0.0007340661653744987,0.001209607933745795,0.0006885332335204114,0.0011345779184483158,0.0007652230109786916,0.001260948765691234,0.0007671030604897706,0.0012640467463797672,0.0007663028432103124,0.0012627281334050646,KARS,KAĞIZMAN,42717,-0.784
54988432B17532401262571,0.42987043677021813,0.4489437732694036,23.670061468498723,0.42578075479863536,0.44570500872840774,0.3803370101983483,0.40632107800357825,0.3053723879209246,0.3388305380461863,0.42280864173582894,0.44321454029756213,0.4267912483162568,0.44653542958624215,0.42475465736396084,0.44485165822761563,SAMSUN,KAVAK,25370,-0.331
54988432B1769560269502,0.05871505973038102,0.09675177174797822,8.148904511341831,0.05865774844396587,0.09665733314011025,0.056347748913983385,0.09285087278242526,0.05082591668599792,0.08375189453381346,0.058555130311636484,0.09648823706557798,0.05868128944855513,0.09669612444702871,0.05861910864938661,0.09659366176512252,AMASYA,HAMAMÖZÜ,3628,-0.665
54988432B17723605206621,0.6946832741557268,0.8627003570238868,48.72381230175356,0.6852405893073589,0.8544416474956767,0.5943999010185521,0.7611510099716436,0.4731509146956752,0.6306191557368106,0.6782422484614987,0.8477512824744233,0.6882408734121946,0.8572121157190364,0.6827771964650211,0.8521161551165634,ANTALYA,MURATPAŞA,510887,3.173
54988432B17733923685340,0.3369518808676642,0.5552356008400944,45.137918955781394,0.33588030037378086,0.5534698304937833,0.31468775945543465,0.5185483658626139,0.2853738195300138,0.4702443083052862,0.33491699632514427,0.5518824800956817,0.3362117851769743,0.5540160573419509,0.335657886791168,0.5531033332394603,BATMAN,HASANKEYF,7152,-0.697
54988432B17876819529278,0.15610602750438604,0.25723442692459564,18.643493235764186,0.15568435856520924,0.25653959297324175,0.14788461635341446,0.24368703212030338,0.13637222479659594,0.22471669835425723,0.15536747444326876,0.25601742540026595,0.1558034807994542,0.25673588481507403,0.1556253365204608,0.2564423353458491,MARDİN,YEŞİLLİ,21166,-0.936
54988432B18155993888482,0.0007902203468306775,0.0013021398424569695,0.09812746042728103,0.0007858285690487877,0.0012949029890249465,0.000713831744813292,0.001176265277729089,0.0006194179134764039,0.0010206884035624747,0.000783303469608417,0.0012907420830185906,0.0007868521531109034,0.0012965896699548044,0.0007856602021061087,0.0012946255508330623,ŞANLIURFA,CEYLANPINAR,93105,-0.835
54988432B18249389019037,0.00017777527740955501,0.00029294142152533516,0.02255370808676794,0.0001761507279487981,0.00029026445859040484,0.00015160436133332942,0.0002498164973530739,0.00011241792172282768,0.00018524435047591705,0.00017612853516200982,0.0002902278889019525,0.0001762454430242842,0.00029042053186030526,0.0001766186135381409,0.0002910354492008568,BURSA,KELES,10939,-0.392
54988432B18439797691554,0.0,0.0,0.0,0.0,0.0,0.0,0.0,0.0,0.0,0.0,0.0,0.0,0.0,0.0,0.0,ELAZIĞ,AĞIN,2532,-0.622
54988432B18592908532301,0.036282533578162676,0.03965248943144267,2.2024374027216034,0.03600381812153855,0.039372540469809085,0.030688628714792974,0.03399793263821997,0.0238032327547632,0.026994041708173287,0.03582599195129608,0.03919009026371212,0.03607364064929612,0.039442872899279675,0.03599347924261549,0.03935986033013919,ŞANLIURFA,BİRECİK,91837,-0.66
54988432B18647546937138,0.1633004026012045,0.24879140109843378,20.137679678525295,0.15862540152721233,0.24359961284802165,0.11274159010920694,0.17803847489618033,0.059841454366606206,0.0984039409031956,0.15996152515187556,0.24524369067694948,0.15819265212953526,0.24305510502508584,0.16085537732858188,0.24630453628017834,ANKARA,ELMADAĞ,45644,0.462
54988432B18669123151161,0.008023395240462557,0.013221100489613868,0.9670540279684219,0.00799556961723438,0.013175248908100025,0.007421525971913439,0.012229329070829877,0.0066199933241318475,0.010908548607643353,0.007955322491277672,0.013108928942456516,0.008006654740419375,0.013193515181065053,0.007980444483836951,0.01315032543087211,TRABZON,KÖPRÜBAŞI,4271,-0.482
54988432B18726314643148,0.1016402175371804,0.14978565982005088,10.586202570191228,0.10027944115796839,0.14854822902326092,0.09052471173261825,0.13650039606931072,0.07979485526509314,0.12185535841920403,0.0993153906010246,0.14751623345939638,0.10062052697862495,0.14889019782630578,0.09990290061755262,0.14815503876337494,TOKAT,ZİLE,52729,-0.186
54988432B18782972179490,0.0028465739900676917,0.00469063777190121,0.3472625286858808,0.0027810080784745387,0.0045825970385350405,0.001681922014254871,0.002771502499841382,0.00039708837540869743,0.0006543296394100163,0.0027610307896685595,0.004549678089025747,0.0027910801580688133,0.004599193999355782,0.0027919534902615404,0.004600633092449771,BOLU,KIBRISCIK,3783,-0.655
54988432B18897698290342,0.08701715087600416,0.14338848599277246,11.436363768746064,0.08665462063969774,0.14279110190024277,0.07935002150519782,0.1307544470553542,0.06941740116570087,0.11438728979860896,0.08632791788728203,0.14225275500463702,0.08678477606365159,0.14300557443808865,0.08658222568748127,0.14267180814622607,ERZURUM,KÖPRÜKÖY,12903,-1.189
54988432B19023122389933,0.24553327879063314,0.3325174095610866,20.328883404166934,0.2430737117101478,0.330216554632384,0.21912577901121333,0.30300972946538196,0.1891437024485706,0.2670961354689741,0.24195130695071082,0.329043957776172,0.24354135112894293,0.3306906929373698,0.24293684911702826,0.33007022207285125,ADANA,SEYHAN,782204,2.043
54988432B19168401993834,0.4862330760962616,0.7151688691061932,52.24238435420862,0.48044121893506053,0.7097267289411906,0.4257211990856557,0.6447942024850405,0.3486455647619415,0.5421576348688056,0.47644788341841465,0.70555787494021,0.4819681133431827,0.7112573733965628,0.47911271580575193,0.7083713777570996,AYDIN,GERMENCİK,44697,-0.282
54988432B19253807136892,0.6969667863663375,0.8486695634427506,50.29078912313805,0.6823934562876166,0.8359641843457236,0.5213282233360185,0.6728716550687677,0.28786932072568305,0.42011369118782027,0.6836227182346216,0.8370943631262945,0.6825709991372896,0.8361340787632431,0.6871620947802513,0.8403377273177798,KOCAELİ,KARTEPE,154377,0.837
54988432B19331703481644,0.42787861408195266,0.6007342640566411,45.304745794860644,0.4240950771841709,0.5960671292891208,0.37420080606521194,0.5208489670887596,0.2980000483823404,0.40624176737828566,0.42206333058230927,0.5932228396791457,0.42485609634099264,0.5971036320727305,0.4238470832113382,0.5957252711722011,KONYA,BEYŞEHİR,80353,0.369
54988432B1936830285057,0.4611543187453728,0.6032470297994843,36.819716442190646,0.4564320386461587,0.5978232377202697,0.3684916033571421,0.49063696022561487,0.1580352096301498,0.25930402188511753,0.4574979886382466,0.599080685431487,0.4562524304994341,0.5976130981273143,0.4586688569812681,0.60046333153763,İSTANBUL,SULTANBEYLİ,378908,0.684
54988432B19409093219384,0.9172516322269013,0.8930757881065674,32.51495762229089,0.9004996645136246,0.8800924340350853,0.7369993813866405,0.7449000322314595,0.5342323113711566,0.5735861047432903,0.8877759522794758,0.8698804155168034,0.9059138742483834,0.8843781077832218,0.8960311066307343,0.8765241437259143,ANTALYA,MANAVGAT,266480,1.538
54988432B19462176511596,0.3729031865796236,0.49435142365692747,31.609736375917084,0.368863651681069,0.49063229082760457,0.331472951954472,0.4501613017831985,0.2852724949815126,0.3969399582538552,0.3662028928281543,0.4879665815865434,0.36989247140910514,0.49163283144202236,0.368035318694639,0.4898126410727775,KÜTAHYA,MERKEZ,277000,1.23
54988432B19525680012961,0.0009148917915611525,0.0015075757769419725,0.10978368002855932,0.0009111195528127046,0.0015013598114972534,0.0008348112021262201,0.0013756174864108794,0.0007307134199114671,0.0012040832171695394,0.000905152710257104,0.0014915275369215893,0.0009126211118130513,0.0015038341084550482,0.0009087354960650243,0.0014974313182734528,ÇANKIRI,KIZILIRMAK,6830,-0.715
54988432B19751816948051,0.0017309804645575836,0.0028523419302667868,0.22921217799649027,0.001724967992027842,0.0028424344657677326,0.001602049357398502,0.0026398868444957504,0.0014326713342699248,0.002360782575367666,0.0017198629967522345,0.0028340223592324054,0.001726775895927143,0.00284541356357008,0.0017239744545204693,0.0028407972961118078,YOZGAT,ÇEKEREK,18426,-0.619
54988432B19771634656837,0.004334714088854473,0.007142822813149369,0.5326935769455755,0.004319063610525894,0.007117033662734696,0.0040002157391247056,0.006591630186730493,0.0035151752035769224,0.005792371335605559,0.004307943433676625,0.007098709627687162,0.004322974095852702,0.007123477433472569,0.004317679418718394,0.007114752765628742,GAZİANTEP,YAVUZELİ,23436,-1.049
54988432B19879435718056,0.012789174742267123,0.021074240939051282,1.7570055700159306,0.012736350598924551,0.020987196329321986,0.011681934767886162,0.0192497102349445,0.010274116717470156,0.016929881364770423,0.012678281751927893,0.02089150939898269,0.012755635067852943,0.0210189736373007,0.012719113003304746,0.020958791897400273,KARABÜK,YENİCE,18984,-0.448
54988432B199390104970,0.5545755008914899,0.7314716967952325,47.98195248195961,0.54911699597341,0.726161890428015,0.484810822199749,0.6525967477809131,0.38718739255533513,0.5350881925645243,0.5493832933056985,0.7264452242147386,0.5492879942377967,0.7263368563405582,0.5507930489514404,0.7278922770693316,SAKARYA,SERDİVAN,168855,1.527
54988432B19989775131060,0.15387116644580995,0.20117789319056856,14.393047227241182,0.152759680550651,0.20013363217981212,0.13199289293621327,0.17990171231373644,0.09915940006243797,0.1428894661891228,0.15138471626492972,0.19886652686509187,0.1531696138743233,0.20051195875967454,0.1522721104823643,0.19968449855993867,AFYONKARAHİSAR,ŞUHUT,35303,-0.488
54988432B20130561704636,0.5929032969765945,0.5738077505443152,23.497169893429763,0.5830614315494532,0.5648276538241995,0.4207455380757854,0.41699536908038415,0.07205596148208238,0.11873515875499056,0.5762595152994271,0.5585636070404569,0.5855444191776998,0.5671089688888973,0.5815989372016306,0.5634813618957544,İZMİR,MENDERES,112853,0.903
54988432B20226026057781,0.023694491866383754,0.03904422611963187,3.5022881801712096,0.02359276071991116,0.03887659163695613,0.021542781989677486,0.03549859840819082,0.01875611604007271,0.030906678223963927,0.023452921792644552,0.03864616244154173,0.02363145817207175,0.03894035802118299,0.023541828891907392,0.03879266521977535,GÜMÜŞHANE,KÜRTÜN,11327,-0.705
54988432B20261833520035,0.20091255608929473,0.33106696396642005,25.740318234812676,0.20059514697866435,0.33054396701112115,0.19130787337132318,0.31524036696486996,0.17278205846867384,0.2847132903668498,0.20020551712935597,0.3299019363449939,0.2007085775325674,0.33073087497700965,0.20047692408766934,0.33034915644076035,SİVAS,GEMEREK,21342,-0.478
54988432B20396107752960,0.5231374919608762,0.5717252829834149,29.36498652513048,0.5069135996062797,0.5578507923302468,0.32348477047906554,0.383237241936363,0.09711744781013991,0.15246483518063,0.4973463250127388,0.549188012233564,0.5105684273874231,0.5611068129820286,0.5048122738834735,0.5559631955053768,İZMİR,NARLIDERE,61320,1.632
54988432B20434166663535,0.9670918154357007,1.0817232341580865,51.831287653709246,0.958634656614581,1.0742558857300597,0.8583022458105031,0.9773645087135184,0.7067652993517821,0.8326467513591715,0.9556669802038734,1.0714625550937023,0.960183625652732,1.0756955290571106,0.9588526710354034,1.0744594239618948,KAYSERİ,TALAS,173657,0.631
54988432B20444305553089,0.13839793640910375,0.20310140518485403,14.614142394894005,0.1370892869463543,0.20171256697881795,0.12193949348575141,0.1818350917364746,0.10262271058577783,0.1552764152106777,0.13651157949480178,0.20102140791363657,0.13733821033423152,0.20200269563841694,0.13706564875365665,0.20168473262463665,ŞANLIURFA,KARAKÖPRÜ,312031,0.446
54988432B20591788095048,1.393222615306631,1.3360087815525201,51.52649986693362,1.374145727249369,1.3208001294831206,1.162730547462452,1.1460433977610627,0.9045105989475815,0.9244689205954423,1.3510510497523514,1.30234604721347,1.3813437607602068,1.3265376876912776,1.3637095604761782,1.312525279063592,ÇANAKKALE,AYVACIK,35411,0.133
54988432B20612067222805,0.09747650513632514,0.16062360523939737,11.693438611933399,0.09719862783793053,0.1601657138385936,0.09142649788615904,0.15065429032718233,0.0833557941634762,0.13735523403722458,0.0968899161427577,0.15965701294304058,0.0972932324449806,0.16032160507654256,0.09710705547386134,0.16001481918724642,ORDU,AKKUŞ,20465,-1.012
54988432B20693988968005,0.04907148238248101,0.08086090492978075,6.909924573502072,0.04886704204079091,0.08052402431744538,0.044741849691653096,0.07372645533917913,0.039126256303821313,0.06447297570066952,0.048495778068508556,0.07991224861169872,0.04895829381657826,0.08067439069743573,0.04870724165006645,0.08026070224982577,KASTAMONU,ÇATALZEYTİN,7185,-0.448
54988432B20916998387085,0.7940492878235126,0.942543181600261,48.58630191170408,0.7875659153131167,0.9365740725392264,0.7121313112840107,0.8591445289886359,0.5989181762172472,0.7438675656489637,0.7852712347790838,0.9343064064463626,0.788763630583835,0.937740581171298,0.7877337861998909,0.9367379137282527,KAYSERİ,KOCASİNAN,421472,1.558
54988432B20934882721919,0.20297057355424836,0.27342081191764217,17.711078675634056,0.19993887801817123,0.2707311830882364,0.17092284673621572,0.23849877139936068,0.12916153418253026,0.1886754789713029,0.19802585993993432,0.2687965461269643,0.20064559299389773,0.2714158066889138,0.19933449234382156,0.2701297907186186,BALIKESİR,GÖNEN,75730,0.326
54988432B21001477531,0.01648147849074554,0.02715848799827964,2.130306221822438,0.016392962251892653,0.027012629287127676,0.014644829644249223,0.024132023735220193,0.012310291842581162,0.02028512875527448,0.016286443801716677,0.02683710619602126,0.016424349070360573,0.027064349072652,0.016358067212916123,0.02695512859034397,SİNOP,DİKMEN,4810,-1.014
54988432B21059504662364,0.48722118616452137,0.689164643857284,45.844515099209104,0.4811288673100532,0.6822073523953069,0.38186814200746233,0.5563187880777144,0.20230394763436343,0.32691530638910904,0.483097007012544,0.6845607465324459,0.4804659727813863,0.6814069716880873,0.4843289876346427,0.6860083128373461,ANKARA,KEÇİÖREN,931722,1.365
54988432B21435707194985,0.30579592655427157,0.5038962375802798,36.18748239905877,0.30471771807569853,0.5021195455170399,0.28270091801386965,0.46583985127871946,0.2524000181436111,0.41590946269582824,0.3031607790532432,0.4995539923247609,0.30514707324902574,0.5028270449885437,0.3041322668992243,0.5011548281369343,TRABZON,DERNEKPAZARI,3717,-0.374
54988432B21454530006409,0.3707567278284205,0.4872067303950515,30.71384961040421,0.36413592158653313,0.48066372217666586,0.28859445836338143,0.39496422716350155,0.18137471963902924,0.26934021845950806,0.36405558609033684,0.48057868223348593,0.36447935089388434,0.4810260529212225,0.3658562559956746,0.4824641861517401,BURSA,İNEGÖL,306004,1.018
54988432B21829167543516,0.30069565978082147,0.26958616891175563,9.428792777324214,0.2957610015382923,0.26584285250003453,0.21513485326299733,0.20249820704680097,0.09883390195820299,0.10736636439259686,0.2956902675987974,0.26578784918446735,0.29605889279962666,0.2660715956044155,0.29721936169376395,0.2669607504939683,BURSA,İZNİK,45510,0.099
54988432B2183648295887,0.11303352879543559,0.1655157635093448,12.786669492784156,0.11136343328210194,0.1641853655323457,0.1011503887733458,0.1530425864686331,0.08789680733680133,0.1354679372887778,0.11065397338232136,0.16355905055929187,0.11169313940611113,0.16446508330272888,0.11119913252579977,0.1640431606229752,ISPARTA,YALVAÇ,44596,-0.1
54988432B21974085302576,0.138580540011093,0.15673298134739322,8.719151733680672,0.13737128051163836,0.1557066632814592,0.12587884893740658,0.1442604209617347,0.11146945917136487,0.12947419862056866,0.13689233282284158,0.1552634458627096,0.13757459424034318,0.1558910011468393,0.13734714838892514,0.15568452139668248,ADIYAMAN,MERKEZ,296876,0.542
54988432B22127329253106,0.24282268905860468,0.4001277610022104,36.42264277149363,0.24153469390582044,0.3980053785400803,0.21600655598662497,0.35593963621689045,0.1818226616089337,0.29961077678159886,0.24037831427842302,0.3960998745982003,0.241996326472241,0.3987660653026052,0.24127818856131103,0.3975827042439446,ERZURUM,İSPİR,13984,-0.381
54988432B22219772223336,0.43170790344967397,0.5929245154735827,45.194363921115475,0.4219167122185325,0.5845134340289,0.34881788185166807,0.5031772208183044,0.26093217629953663,0.392704403954626,0.41503725860581175,0.5777792981527191,0.4243916270534628,0.5868115268922052,0.4192965593622927,0.5819957939726389,AFYONKARAHİSAR,DAZKIRI,11723,-0.088
54988432B22317545762154,0.17927526072588762,0.2954131220415912,19.2635802004903,0.17855268645955222,0.29422245067365804,0.16611266107646536,0.273723544567961,0.1484336338118091,0.24459171333946872,0.1775619291219644,0.2925898622334162,0.17881255918005737,0.29465067379483506,0.17815195669370082,0.29356212068308474,ÇORUM,BOĞAZKALE,3587,-0.604
54988432B22429834730887,0.16797352428707552,0.26160989934826495,19.598683359382598,0.16641130224285522,0.25989078643106817,0.14840374074300902,0.23446582302875724,0.12384659689164564,0.19771983596740159,0.16534746542980072,0.2585480688951712,0.16680533810788253,0.26036739591127905,0.166114304177251,0.2595271240167503,MERSİN,TARSUS,358510,0.613
54988432B22474177192054,0.3701149847072393,0.4348577957810986,27.79018229232508,0.3590024518894799,0.42636629196537956,0.30560963054713897,0.3776643450256095,0.2539351747331955,0.3219740176347902,0.3554039472682942,0.42360862100183566,0.3608960223049439,0.42782383482530906,0.3586032875495059,0.4261410200855573,NEVŞEHİR,HACIBEKTAŞ,10564,-0.211
54988432B22642598779433,0.3365360866079525,0.554550447295256,47.99905397476167,0.3352155369351939,0.5523744208872557,0.3093753888069831,0.5097945423158136,0.2738756158504118,0.45129735358823353,0.3355063161024536,0.5528535722284783,0.33515439138222586,0.5522736641033685,0.33588019878803826,0.553469663098901,KIRIKKALE,KESKİN,15841,-0.48
54988432B22653723739411,0.5222912656422283,0.5600469413839021,27.0765483986258,0.5153206768390133,0.553779839694766,0.43039242398078964,0.4681875238755484,0.24614664327903257,0.2957481926887815,0.5152379643898705,0.553700091259097,0.5156754899857401,0.5541211212969892,0.5171061086620989,0.5554822009576895,BURSA,KESTEL,77374,0.777
54988432B22713208717881,0.26879222514813045,0.38569977760660273,28.953245954129404,0.26454889979819773,0.3819455449542199,0.23542479632885302,0.34690629581529325,0.20413122185228988,0.305054153752067,0.26154186926430145,0.378818158303708,0.2656696822253853,0.38303512051058014,0.2633502290438622,0.380729843731332,ERZİNCAN,TERCAN,16145,-0.527
54988432B22762038949408,0.00018679066925232486,0.0003077971525387351,0.028018600387848727,0.00018586129943464272,0.00030626571960001804,0.0001673411976174342,0.00027574795001933394,0.00014242079039617525,0.00023468363768771696,0.00018496270129489918,0.0003047849928067753,0.00018614877839336864,0.00030673943279599744,0.00018563588049897635,0.0003058942700688174,MALATYA,ARGUVAN,6859,-0.877
54988432B22791175863711,0.11999150031201523,0.19772423468860906,15.535943011044926,0.11947184776410312,0.19686794151723663,0.10854796833495617,0.17886736902383277,0.09282159317863893,0.15295315439927068,0.1191762572389964,0.19638086193071633,0.1195987371959969,0.19707703229238352,0.11947846552807549,0.19687884639227687,AKSARAY,ESKİL,27946,-0.542
54988432B2283015809064,0.7751505679355885,0.9339760932137071,55.81406952382964,0.7700214469929957,0.9293520864381593,0.6890500630648253,0.8495244714009647,0.5702804120157874,0.7252116623812399,0.7625367057670438,0.9223106074605478,0.7721531330228772,0.9313201578766847,0.7667143381725737,0.9262594210266218,ÇANAKKALE,EZİNE,31894,0.043
54988432B23049550027928,0.03696843419536162,0.0609172761396179,4.47765620608464,0.03687553445471436,0.060764194212360706,0.03527753248352006,0.058130976726424796,0.03306266076701689,0.0544812697560121,0.03680813545968815,0.06065313288988629,0.03690578444355002,0.060814040708790186,0.036863123660762304,0.06074374347435285,KARS,SUSUZ,8417,-1.064
54988432B23191513902101,0.025792933574331472,0.04250207754797236,3.7680132434895515,0.02572619318092842,0.042392101481549975,0.02402077325945074,0.03958187869143525,0.020861337052397264,0.034375700716639354,0.025683713455998448,0.04232210259763136,0.025743009971419338,0.04241981250292306,0.025724209774918468,0.04238883318809273,ŞANLIURFA,SİVEREK,277399,-0.797
54988432B23223928850559,0.9484168366217041,0.9072524798994016,42.95165878900259,0.9234510047666596,0.8883917662115237,0.7853731220352839,0.7721503743754188,0.6530714561445691,0.6539477989234067,0.906562206558426,0.8749920491767386,0.9298558001666433,0.8933583486564063,0.9163096807581855,0.8827745259917157,RİZE,ÇAMLIHEMŞİN,7051,-0.287
54988432B23323224712482,0.19656803368549322,0.2364683482142977,11.9365257086856,0.19447615203315474,0.23464792732440135,0.17876145344342176,0.2191235439644672,0.1604006556988886,0.20024885952793986,0.19342026018274625,0.2336722687067519,0.19490354648080757,0.23503510321263835,0.19421410483579166,0.23440871227856883,BATMAN,MERKEZ,517785,0.367
54988432B23399506189072,0.21324862306325867,0.31867132218411387,23.397564139944244,0.2120413208330205,0.31743138924871156,0.19822833573411072,0.2997294249202591,0.17995947660590908,0.2749101200757132,0.21091464135579,0.3161051323983172,0.21241709997139008,0.31785261546126353,0.2116101375566139,0.3169324631915111,ERZİNCAN,MERKEZ,169506,0.724
54988432B23414498187301,0.3102394566538733,0.3352610288690085,16.062911262882018,0.307067087634817,0.33260985966956574,0.2831947784321541,0.309452737264534,0.2522259846231192,0.27900893971112306,0.30467965799278474,0.33043537628469494,0.3079260051843951,0.33336363106606215,0.30607837305809615,0.33172127389371303,RİZE,ÇAYELİ,42032,0.054
54988432B23567974096892,0.5242875473635121,0.7220370657265889,51.321468646653855,0.5191647017266529,0.71703565633404,0.46467224775089727,0.6521562596702853,0.3921536226052787,0.5611393403781361,0.5162079684095628,0.7138054654851808,0.520406800111487,0.7183482648242244,0.5185033348441664,0.7163190194267288,ISPARTA,MERKEZ,273638,1.551
54988432B23570910336885,2.564121397238134,2.2922676035190386,89.01580133960785,2.5611703538260375,2.2884909522065526,2.5028390289658318,2.211827097226343,2.273346352139224,1.9758971779177397,2.557547502017213,2.283898825519508,2.5622454756554456,2.2898525755928496,2.5598895717492427,2.286869248122478,AFYONKARAHİSAR,ÇOBANLAR,14457,-0.801
54988432B23630404748183,0.022281734120851025,0.03671625752761074,2.6738922921062764,0.022189853439288032,0.03656485482494039,0.020331076598502865,0.03350192763971911,0.01779540494950605,0.029323600550585336,0.022044559217453855,0.03632543629327658,0.022226420876681086,0.03662511133106176,0.022131813120762303,0.036469214904348166,ÇORUM,BAYAT,13312,-0.868
54988432B23635827316109,0.3340319286365146,0.511911479254427,39.06131179354008,0.3314812355414902,0.5086615186053963,0.28014584712436996,0.43480070985204494,0.18078238658619739,0.2855902516225323,0.33175305480039735,0.5090279347098577,0.3315174246791232,0.5087103707571601,0.332485055616562,0.5100045562237071,KOCAELİ,KÖRFEZ,183077,0.55
54988432B23701812134716,0.15917196934855385,0.23874506656887604,14.882413712911418,0.1582838587917845,0.23761599825568427,0.1416153183851563,0.21613253716153796,0.1182315090318173,0.18495178693467712,0.15729329698119807,0.23636192563876726,0.15861054594120502,0.23802926621924822,0.1579690614338776,0.23721773094726903,AYDIN,SULTANHİSAR,19791,-0.265
54988432B23708733321039,0.4576302742666931,0.6485224781450563,43.14957171394242,0.4504806832728981,0.6409525097276467,0.35426878158949415,0.5203230649457212,0.18771624033412743,0.30613892636308143,0.45259375344616265,0.643356373707916,0.44978401135029117,0.640146360259044,0.4539659858778401,0.6448725721721877,ANKARA,MAMAK,690329,0.779
54988432B24237027631041,0.24088073860107642,0.300131155889198,17.28583985122694,0.23975805406969944,0.29896150192028553,0.22101654609208782,0.2780893560926111,0.19190413549135787,0.24627453854861037,0.23907452968918547,0.29820285749264375,0.24002659029216253,0.2992560599446908,0.23966106107887064,0.2988544730288668,DİYARBAKIR,YENİŞEHİR,232622,0.466
54988432B24385589746851,0.0,0.0,0.0,0.0,0.0,0.0,0.0,0.0,0.0,0.0,0.0,0.0,0.0,0.0,0.0,BİNGÖL,YAYLADERE,1889,-0.451
54988432B24416647543453,1.112517742739863,1.3721756707769222,73.54125906318335,1.0935288461234836,1.3562964918045655,0.9107171710790857,1.1740695496069586,0.6784387738759703,0.9255335379871096,1.0632070175737771,1.3280691233030382,1.1019806573035535,1.3637046248673068,1.0773127823223108,1.3414223870165936,MUĞLA,DATÇA,26067,0.923
54988432B24437456666423,0.15248703245778225,0.11029978776623837,1.6773573570356044,0.14374744929721714,0.10397810813067586,0.1087891166549568,0.07869138958842589,0.08257036717326151,0.05972635068173835,0.1389075667401516,0.10047723326772218,0.14566142644412408,0.1053625620720411,0.14177098675374858,0.10254845607726037,TOKAT,SULUSARAY,6536,-0.911
54988432B24535022405738,0.15931253885714172,0.26251817620346424,21.510470818493424,0.1587557769387653,0.2616007335185366,0.1474450733451945,0.24296274494423636,0.13186904589387766,0.21729627607525767,0.1588809816828111,0.26180704823359113,0.1587293925553414,0.261557256838883,0.1590410718299393,0.26207084776722317,KIRIKKALE,ÇELEBİ,2587,-0.608
54988432B24536505693490,0.16816364414228208,0.1552972962276482,6.164330350896307,0.16050341601775592,0.14965576562299687,0.12803137274444862,0.12407227172224271,0.10214404274999278,0.10235805498148519,0.15617333994061364,0.14638665995285452,0.16219900709244303,0.15092091666188198,0.15874237030442276,0.1483326702378784,TOKAT,ARTOVA,7589,-0.583
54988432B24577207429015,0.03904054698719546,0.06433174228837392,5.346107284457123,0.03889262088046374,0.06408798688763355,0.03599856972412675,0.05931911535466287,0.0319646598410399,0.052671963328376384,0.03863959547347542,0.06367104689752219,0.038955961379798704,0.06419236054512792,0.03878490690312284,0.06391049378454194,KASTAMONU,İHSANGAZİ,4976,-0.49
54988432B24627803634340,0.05201860050281003,0.08571722119688086,6.762067721434161,0.051889263331064625,0.08550409699030245,0.04918412053716081,0.08104651218423531,0.045375801170531034,0.07477109242318011,0.05176416210195691,0.08529795284909575,0.0519317749455316,0.0855741484223956,0.05185849654964334,0.08545339891340087,BİTLİS,ADİLCEVAZ,28769,-0.832
54988432B24762133254880,0.10810709936943431,0.17814089691056567,15.195415626580939,0.10794572936821016,0.17787498840945698,0.10247508329195135,0.1688603556574053,0.0905360772854276,0.14918703863541427,0.10766490421126798,0.17741223947229626,0.1080113446703466,0.17798311052948262,0.10783731804923975,0.1776963462138076,ÇORUM,LAÇİN,4094,-0.789
54988432B24776068854278,0.054941698262292976,0.09053395626487198,5.767385995562494,0.054871501991294765,0.09041828553882036,0.05336362020208087,0.08793356977147068,0.05118384200007857,0.08434169054951664,0.05477823983871892,0.09026460642242028,0.05489882789352479,0.0904633136707427,0.05483898462497777,0.09036470281544082,SİNOP,ERFELEK,12565,-0.585
54988432B24795897015329,0.06666525159083739,0.10985224634116854,9.939196416393267,0.06602190180267986,0.10879212254765193,0.05387732031012192,0.08878005440127994,0.03802973762393782,0.06266611174582304,0.06556603114463157,0.10804093036532894,0.066183527796303,0.10905845287781547,0.06596792376128754,0.10870317652317073,KONYA,DEREBUCAK,5353,-0.621
54988432B2483198976675,0.09999926914795325,0.1500774251771718,10.695878319166031,0.09913645924525101,0.14914397561381537,0.08910112645218271,0.13561153030374287,0.07602879053941751,0.1171513139041702,0.09875776649597212,0.1486796178291427,0.09929972616824913,0.14933878718523969,0.09912095989594841,0.14912528290321464,ŞANLIURFA,EYYÜBİYE,414516,-0.568
54988432B25026961514665,0.016330319114040967,0.026909404754906552,2.1564356617542177,0.01622395484762903,0.02673413573068543,0.01480702894410907,0.02439929877010535,0.012984661771674826,0.021396368116231988,0.016162507098890073,0.026632880982964513,0.016246655870368262,0.026771542899827343,0.0162149214305735,0.02671925029738988,HATAY,SAMANDAĞ,122952,-0.029
54988432B25326258827765,1.150394286716775,1.895641185748605,169.88165111732525,1.1452958141539784,1.8872398274612388,0.9007494685389863,1.4842717930013958,0.403761786287782,0.6653262104621201,1.1474207638036564,1.8907413591709172,1.1445141661284624,1.8859518132499065,1.1485845023893049,1.8926589893416093,ANKARA,ÇAMLIDERE,10203,-0.526
54988432B25362626597569,0.3687556914850177,0.5270439699333781,34.86398719675907,0.3649471371923716,0.5233911193442068,0.3266962356439234,0.47920246763388963,0.27638532353337547,0.4158829400329154,0.36387200250592117,0.5216729837496528,0.36540272267168333,0.5239934120802148,0.3652727294785909,0.523323719091259,TEKİRDAĞ,ŞARKÖY,34458,0.097
54988432B25487476963014,0.08739013509985412,0.14400309636117267,10.483814173379765,0.08713387759478554,0.14358083045949505,0.08185436105767449,0.13488114453081096,0.07452476242243901,0.12280329504182101,0.08678467737282361,0.14300541181349954,0.08723246675257126,0.14374328751454557,0.08700827025903334,0.14337385234630953,TOKAT,BAŞÇİFTLİK,8445,-0.936
54988432B26148640442068,0.00013707180458424184,0.00022586947899085413,0.0205488536286642,0.00013638701620265054,0.0002247410719093383,0.00012274620443148942,0.0002022634875723573,0.00010439763318472532,0.0001720283692684605,0.00013571593589791717,0.00022363525325282528,0.0001366005565281529,0.00022509294764491388,0.00013621517492820985,0.00022445790864870433,MALATYA,KULUNCAK,7414,-0.873
54988432B26216305629532,0.5049055649437489,0.5421759233608743,26.711818244156397,0.49759579001359105,0.5351835197473633,0.3804880718163691,0.41624002813929883,0.10778695956107524,0.16331874603206623,0.49910648146911596,0.5367050909471461,0.49733676891880624,0.5349212787476625,0.5007729478505408,0.5383617884911971,İSTANBUL,BÜYÜKÇEKMECE,283239,1.891
54988432B26373171559037,0.08021816063021288,0.11835094640519735,8.168851289458575,0.07905475596039564,0.11729021659770987,0.07091592523832117,0.10730429988794418,0.06187729933199568,0.09497933374218186,0.07857686258558917,0.11679000028036464,0.07924811522205562,0.11748470223400458,0.07898091302108148,0.11721465484389564,HATAY,PAYAS,44530,-0.028
54988432B26387222249237,0.1528965566143087,0.21618019957170864,14.606085629631231,0.15121202052138769,0.214590741452276,0.13502307172638148,0.1953344245506765,0.11359572277761493,0.16822685541128204,0.1504507187995857,0.21377700932518232,0.15150832342807471,0.21489763989593924,0.15111185428765847,0.2144856237101389,GAZİANTEP,ŞAHİNBEY,957792,0.854
54988432B2651757206264,0.18207253808623522,0.30002252790657574,27.310880712935273,0.1811066000324456,0.29843083714560087,0.16196185667439159,0.2668837715706401,0.13632601871178557,0.2246405591049493,0.1802393578530505,0.29700177928929683,0.18145280885228998,0.2990013265033318,0.1809142254422614,0.2981138387038879,ERZURUM,UZUNDERE,8263,-0.561
54988432B26639415415250,3.644115491423352e-05,6.0048415494846264e-05,0.002381598374170192,3.639520418800231e-05,5.997269703017314e-05,3.544172135814249e-05,5.840153021975296e-05,3.4105746574393235e-05,5.620008602584574e-05,3.6334165346036845e-05,5.987211608666868e-05,3.641260719191185e-05,6.0001374024963186e-05,3.637370461811094e-05,5.993726963746741e-05,ORDU,AYBASTI,19784,-0.464
54988432B26755452490814,0.24651997009900675,0.2921338418955273,19.5489093859368,0.24232707292920122,0.2884996630086374,0.20428191857585817,0.24886810526168254,0.16006931245044514,0.20006340839999098,0.24005857757714108,0.2863341387285544,0.24330173024068494,0.28940287187158587,0.24182142308261936,0.28802388095571463,ISPARTA,ŞARKİKARAAĞAÇ,24310,-0.249
54988432B26897526032895,0.0002090833611242134,0.0003445314664531079,0.007317917639347469,0.0002090312717731849,0.00034444563264787373,0.00020783648278281409,0.00034247683704050866,0.0002059899730206276,0.0003394341237764525,0.00020897218049968104,0.00034434826094404525,0.00020904915925312284,0.00034447510797130953,0.00020901388805371314,0.00034441698743034035,ORDU,KABATAŞ,9949,-0.805
54988432B26930911195610,0.19480425148721758,0.2821082165523158,16.853242913666488,0.19157317251781755,0.27957590510037783,0.17354819391249515,0.26104169201060035,0.15305246527141325,0.23564421007383202,0.1906858682289368,0.27879212172163326,0.19205734352825982,0.27998127765756986,0.1916184172908015,0.27959704195255364,KAYSERİ,AKKIŞLA,5440,-0.812
54988432B26980759759875,0.002546743521332468,0.004196571527101847,0.37258428788767456,0.0025396328672121207,0.00418485445847261,0.0023926510619198707,0.0039426550952761305,0.0021870461947870704,0.0036038555561723152,0.0025344469371041635,0.004176308986009325,0.002541705457659789,0.004188269711711569,0.0025389952639734894,0.004183803803950701,MUŞ,VARTO,28804,-0.844
54988432B27026287555316,0.3177486999678538,0.4832307534580133,35.55486212653438,0.3166418129360943,0.48176833326858104,0.29792484044339224,0.4544761888473595,0.27252145593348115,0.41684978678203644,0.31580659280634826,0.4805905254185995,0.31697956045718245,0.4822369359340287,0.31647129726147744,0.48152918527428645,BAYBURT,MERKEZ,68715,0.161
54988432B27102438634757,0.27796230264911076,0.40398701401041903,27.271004607171573,0.2734552028492654,0.39851550404470554,0.20245182367996967,0.30497334233443796,0.10486694355156737,0.1727849265880447,0.27019989946450595,0.3943193550391761,0.2746289355231147,0.4000073065950161,0.2727501649720112,0.39760895582689704,İZMİR,MENEMEN,220510,0.838
54988432B27162920946888,0.0839742045880517,0.060745589227714406,0.9241656938869495,0.0804768283605186,0.058215795529561895,0.06648721417223726,0.048096440666377735,0.05599490978740807,0.04050677004650521,0.07859712048613757,0.05685612222568343,0.08124956468675541,0.058774747942444375,0.07973095610719008,0.05767627451629542,SİNOP,AYANCIK,23818,0.146
54988432B271913105949,0.29293048886842615,0.4084107867468198,25.96779281965011,0.2910321204546894,0.4066560889578992,0.2733532428963583,0.3857416959373504,0.24920045863202456,0.3560236002018746,0.2910676290565803,0.40668401073205274,0.291109886344583,0.4067389316102525,0.29153665397009654,0.4071633012346306,KIRKLARELİ,MERKEZ,114710,0.85
54988432B2727016024210,0.6656057445366572,0.9964524239511972,69.29971006967746,0.6494434424552559,0.9770229628744934,0.5534216898068405,0.8476088542461886,0.4581393908369916,0.7122101491218481,0.6449464108125333,0.9713627519291855,0.6519449940937319,0.9801325467555569,0.6497828444156408,0.9774444178800729,KAYSERİ,SARIZ,9213,-0.67
54988432B27415936221667,0.0022959464026345187,0.003783303352041828,0.28240516944717575,0.0022922274808806465,0.003777175243336303,0.0022127262712629096,0.003646171665686129,0.002098396225477857,0.0034577764814774075,0.0022882793294577907,0.0037706694057020613,0.002293554536188547,0.003779361989851361,0.002291129313247362,0.0037753656622052526,IĞDIR,ARALIK,18477,-0.852
54988432B2751478310709,0.03452932105800917,0.05689805996890675,4.31914239236407,0.034442646195661876,0.05675523551234279,0.03250290402464762,0.05355889214419,0.029444135151031284,0.04851859568108651,0.034340663280811895,0.0565871861610338,0.034472948677504715,0.05680516850772962,0.034410754931321674,0.05670268449149113,ORDU,ÇAYBAŞI,11656,-0.932
54988432B2777192469074,0.5355123645670624,0.586620527134452,28.243710728122515,0.5278742615739834,0.5793379600178925,0.39164043644627056,0.44559313261728095,0.1311259149262095,0.20111711555753686,0.5295163129501498,0.5809649104045032,0.527591091545011,0.5790564296456712,0.5313048830150544,0.5827209711036064,İSTANBUL,ESENYURT,1003905,2.479
54988432B2790906472505,0.2905780168268314,0.4336329784029842,33.76181564798011,0.2888750492727529,0.43143494517863495,0.2543002677255918,0.3855103958526041,0.19634912115977327,0.3037409874672706,0.28452081707702725,0.4259216862053922,0.2898225357695323,0.43263275036504834,0.2866799765370066,0.42866669806425883,MUĞLA,KÖYCEĞİZ,41810,0.205
54988432B28277823667542,0.24630002531468026,0.17943606437536963,2.4115724966877163,0.23439071894577815,0.1708156308385278,0.1866499687855687,0.1361633067828683,0.15076654787782037,0.11004576740106536,0.2259924900211268,0.1647300474492494,0.23749203406721742,0.17306159541116226,0.23027745061067928,0.16783568501039164,KASTAMONU,ŞENPAZAR,4083,-0.859
54988432B28290030678848,0.24532979457620008,0.29397870286653793,9.384278276664721,0.23279838488118965,0.2819965202142983,0.18215909010816386,0.2332213776691453,0.14376655439090735,0.19595936513790976,0.22725201685185503,0.276681839065705,0.23520996391694046,0.28430533105939404,0.2310738010909638,0.280345326250935,MERSİN,ÇAMLIYAYLA,8383,-0.505
54988432B28558182878988,0.499092156037436,0.8224133737388429,59.891058724492325,0.4974872841236838,0.8197688358332849,0.4644208813579451,0.7652813999419089,0.4185408312230901,0.6896793966600075,0.49592345580421004,0.8171919303287426,0.497985512651499,0.8205898261043136,0.49709583463520984,0.8191237980570552,MALATYA,DOĞANYOL,4002,-0.973
54988432B28682407811483,0.05137761342328764,0.08466099071876955,7.705855026014646,0.051111118515940225,0.08422185543446474,0.04524490694253753,0.07455540247024287,0.03600170360585235,0.05932427942348596,0.050372492579441076,0.08300473382471997,0.051270884917526904,0.08448512149414844,0.05073773219629262,0.0836065824851013,BURDUR,ALTINYAYLA,5060,-0.663
54988432B2869647225389,0.24834510344304153,0.35174946753929925,19.304073969994345,0.24177331216234937,0.34610987647499575,0.20053516816502984,0.29891501006446947,0.15875073360226757,0.2456304265437662,0.23811800592010865,0.3424975975285225,0.24320831430597306,0.3474555349313591,0.24058777184852778,0.34496464555824846,BALIKESİR,DURSUNBEY,32168,-0.456
54988432B2872798866020,0.920385550731182,1.0482597041030524,63.47820744388265,0.9182564034735199,1.045144208378662,0.8496726334692377,0.9637218154308793,0.7305222737066048,0.8341971943042901,0.913643019858909,1.0389455859578156,0.9192648506606123,1.0465768854926474,0.9163547466502145,1.0425370520595365,KASTAMONU,ABANA,4474,0.084
54988432B28758296950663,0.20996557384937262,0.34598519305425113,15.753097374783689,0.20962465806055355,0.34542342565187484,0.20294654395920975,0.3344191045423138,0.19359427577119376,0.3190082623970813,0.20917433293883128,0.3446813715078558,0.20975031103666786,0.3456304789721012,0.20946047132834056,0.345152875688849,GİRESUN,ŞEBİNKARAHİSAR,19130,-0.204
54988432B28761186895791,0.49501725615107134,0.6043323528964154,33.642088163500475,0.48747804781172005,0.597081998400663,0.3696620732907041,0.47371961653207945,0.1552575131288028,0.2497073664163461,0.48898918993595974,0.5986056961035375,0.4872246234269239,0.5968280310021002,0.490692924967023,0.6003149170626324,İSTANBUL,KARTAL,475630,2.321
54988432B28793494841069,0.059518911787005795,0.08264458571247124,5.824371251746869,0.05840667064287271,0.08180008160113882,0.05265236870729266,0.07627110588238536,0.046049285113824494,0.0683552242856876,0.05801526057198448,0.0814847631425988,0.05858747200149765,0.08194244025848516,0.05834533952456681,0.08175077114707636,DİYARBAKIR,BİSMİL,119815,-0.727
54988432B28826403720694,0.4666916549163675,0.438543845294763,17.459656452974354,0.4564537819682779,0.4302357239242008,0.3597620927942781,0.3443564439698423,0.18131039052297804,0.19255194505221826,0.456338948772255,0.4301378323222157,0.4569455043048249,0.4306527916035055,0.45894462217185195,0.43233550598242987,BURSA,YENİŞEHİR,55609,0.062
54988432B28913521474336,0.15001808873620934,0.22932254184731388,16.90053098827528,0.14847012665077883,0.227796552243259,0.1350251637784287,0.20974077627372836,0.11925014888146131,0.18682072584765702,0.1472392738400327,0.22633583674187602,0.14888289867253415,0.22825229980092904,0.14799225987287307,0.22724086713764113,TOKAT,ERBAA,103409,-0.097
54988432B28918062782607,0.4626050277647305,0.5162633953552382,27.018585972511374,0.44867818982362917,0.5045331730940021,0.32251931279887247,0.37722360603088795,0.08923093719852537,0.14702924689499305,0.44164161337520397,0.49806046106755947,0.4514887293451058,0.5070468325168931,0.44709861330262823,0.5031005858410083,İZMİR,GAZİEMİR,137220,2.031
54988432B29112177447975,0.7451088575389483,0.8432460360220244,43.115142273965645,0.7337669634750883,0.8327165903533909,0.5660044430226417,0.6620177886840498,0.21408009483815735,0.32013586141895295,0.7360613076649404,0.834951363967996,0.733376720257877,0.8323352029435835,0.7386216945159169,0.8374154840991089,İSTANBUL,ATAŞEHİR,412125,3.545
54988432B29207959806558,0.7357362949688592,0.8297118918311831,44.213117209626766,0.7204714577313941,0.8164575789576127,0.524888181647431,0.6261566186871785,0.18605406471329472,0.29088594317575023,0.7248834671265012,0.820463166945448,0.7190205903249843,0.8151263151671977,0.7277660948081212,0.8230333909768073,ANKARA,ETİMESGUT,632458,1.957
54988432B2925959455693,0.6961413705647933,0.9810862534518784,67.34608205665927,0.676499705212946,0.9628572876513797,0.4837925035610769,0.7242206205135806,0.2370547221872245,0.3886232696533459,0.6818978386583712,0.9683288881171666,0.6747545549578958,0.9610449488226469,0.6855214926010479,0.9718672778460515,ANKARA,KIZILCAHAMAM,27841,0.022
54988432B29479303092234,0.29238202899080107,0.3848375393653671,25.7111902863178,0.29119645556207335,0.38351152081319845,0.2674277687555122,0.356222207593027,0.23417532878484726,0.3170736864745485,0.28958917679351903,0.38169825908215105,0.29164268749990885,0.3840129907946488,0.2906107610393617,0.38285183865711275,GİRESUN,KEŞAP,20859,-0.24
54988432B29488154081251,0.21052814300642375,0.2831189961175292,18.999378892490007,0.20869635712103024,0.28124258392760276,0.19037754185578043,0.2585036508302082,0.16703375849551055,0.22844342350893537,0.2075631522750481,0.2799513390448811,0.2091040751156083,0.2816924278983625,0.2083966689958842,0.2809061678116542,MALATYA,YEŞİLYURT,309890,1.023
54988432B29554911606653,1.124333578370712,1.6458932150148993,124.31529427380323,1.1062822647000055,1.6277487078401518,0.672639408488338,1.0639132375223626,0.12125902997630203,0.19943590166826686,1.1005464005253123,1.621638257420698,1.1090975773934797,1.6307129086869363,1.1084171226462984,1.6299961718515754,BOLU,MERKEZ,222589,1.48
54988432B29564092922191,0.06993496048674731,0.05058667071420747,0.7692845653542206,0.06678513916276985,0.04830828272319929,0.05418585386685999,0.03919473075916653,0.04473638989492758,0.03235956678614197,0.0659360104021117,0.04769407494056218,0.06725433308767644,0.04864766889593978,0.06677924488156949,0.04830401916088216,HAKKARİ,ÇUKURCA,14299,-0.386
54988432B29828557517044,0.5527907492653544,0.5840827367375981,28.765462937417116,0.5410953894315529,0.5736784273164468,0.4391832528723865,0.4752905421738837,0.32554598665207757,0.36281356918755836,0.5325198729827313,0.565700381667205,0.5448083982992238,0.5770718281827499,0.5380620407904548,0.570874749401855,ANTALYA,KUMLUCA,75588,0.515
54988432B29874817302279,0.11015259640553295,0.18151150512005332,13.218311568663953,0.10994908079707795,0.1811761483004093,0.10560879090278058,0.17402413757094,0.09938411751520701,0.16376700453614876,0.1097948775003716,0.18092204922882135,0.11001979332999892,0.18129266973249683,0.10992796144663601,0.18114134744041174,KARS,AKYAKA,9382,-0.832
54988432B29894117930942,0.32372347241645916,0.44210272408619716,27.96489204955631,0.31888095446980785,0.43730666225445175,0.26074415309949217,0.36869882902726825,0.17239503691699898,0.26008513540803135,0.31882050017811653,0.4372416930650072,0.319139781388952,0.4375840918164883,0.3201742723308603,0.43867956334758074,BURSA,YILDIRIM,654589,1.085
54988432B29917734585763,0.11408952096368492,0.15896358285148046,10.907703980447522,0.1128248129523188,0.15768101548494773,0.10062257647057071,0.14278703200992657,0.08612507762077817,0.12421722292720787,0.11221268396251675,0.156995566853836,0.11306134565709124,0.15793913119315336,0.11273257652394338,0.15757919001096446,HATAY,ANTAKYA,301855,1.146
54988432B30085289837224,0.7412113941530407,0.9252008984441715,47.436180496737386,0.7226117743406182,0.9108457041756345,0.632061286291783,0.8268093454128649,0.5513595878945717,0.7427083995846652,0.7230254512520847,0.9111820042284504,0.7232245252601635,0.9113436009379156,0.7270109119509939,0.9143864111931537,KIRKLARELİ,DEMİRKÖY,9364,-0.286
54988432B30163162134141,0.2418976851120439,0.33327848920026437,17.885455829043796,0.22605271979074504,0.31841145718059477,0.11888757121943913,0.1867931151554691,0.06528905964844577,0.10758453156231795,0.22262309616330633,0.31473055861703647,0.22786466756317636,0.3203137935930008,0.22742187561619515,0.3198519109538075,BOLU,MENGEN,14152,-0.245
54988432B30290835875558,0.15119305844618952,0.24913874477582068,16.222970998626618,0.15102205513852032,0.2488569623324793,0.14502512440420787,0.23897510789412962,0.13196810148203178,0.21745950172297834,0.1508782703749702,0.24862003111436048,0.15107018736569355,0.2489362755151375,0.1510004088543671,0.24882129318127338,ÇANKIRI,ORTA,17223,-0.699
54988432B30380906676277,0.4396793066038836,0.681527701931587,57.14532405524845,0.4372815208003346,0.6784795948132132,0.37762046716020076,0.5955131667172808,0.2484699687853543,0.40081699133247,0.4350074821677673,0.6755415207253572,0.43802943929798793,0.6794375005852945,0.43673703554650095,0.6777759940509485,MANİSA,KULA,43015,-0.119
54988432B30515055342266,0.11001232147115464,0.1812803574639791,14.988986188077613,0.10960840899785582,0.18061478294864663,0.10138335732125578,0.1670613892182479,0.09009122705767454,0.1484540061239046,0.10926590047951205,0.18005039101682022,0.10972978726932114,0.18081479233073533,0.10954179635800707,0.18050501739691643,YOZGAT,AKDAĞMADENİ,39642,-0.393
54988432B3051798529844,0.004507679071787036,0.007427837741617972,0.5587674647603762,0.004498929648487278,0.007413420278535895,0.004314050128641747,0.007108772353674548,0.0040510734691761715,0.006675434503921943,0.004490030343185082,0.007398755837091613,0.004502430306723219,0.007419188728541171,0.004496581164531688,0.007409550402823117,ARDAHAN,GÖLE,22038,-0.831
54988432B30574350937467,0.24578464785727674,0.3422072492048368,22.040814682806364,0.24253545123230685,0.3394226835042115,0.22044075100760366,0.3153670565725556,0.19581456991261142,0.28553824556659657,0.24110703697363714,0.33806298762492826,0.24315991284312635,0.3399970712496786,0.24224853667734134,0.3391543504794202,MARDİN,ARTUKLU,198718,0.311
54988432B30601194399557,0.3160708839965682,0.38710238879771686,22.56769329869086,0.3120419678752017,0.3833067173515749,0.2662495973699495,0.33450363112265313,0.207931794715042,0.2704910501062495,0.3091877442906819,0.38041486071081926,0.3130866612311833,0.3843418334210682,0.31122036812978915,0.3824821928423031,MERSİN,YENİŞEHİR,281358,1.948
54988432B30610507715485,0.08309372443593288,0.13692339064682763,10.95417792108341,0.08288150522625365,0.13657369187057322,0.07845083397744727,0.12927274905754846,0.07222396426568728,0.11901199687875315,0.08267584011131304,0.13623479305400676,0.08295132057875591,0.13668873491201472,0.0828307343426619,0.13649003066059964,BİTLİS,AHLAT,45637,-0.706
54988432B30800064682822,3.424770597078249,5.607454940675371,504.4493280304282,3.4145336357941005,5.592721447503808,3.2389556308828102,5.311941383734121,2.965700731917749,4.868072347348801,3.406747259078397,5.58139530671158,3.4172884095784433,5.596705010229978,3.4127771242631337,5.590563979318926,ÇANKIRI,ILGAZ,13948,-0.249
54988432B30848484740175,0.06966235798534313,0.1147909342198353,7.65026484072935,0.06944177952671794,0.11442746091708424,0.06496553926335281,0.10705142863100756,0.05881939518934402,0.09692369766540321,0.06912324610706928,0.11390257560054931,0.06952995105966923,0.11457275161541522,0.06932174488260354,0.11422966558923248,TRABZON,HAYRAT,7410,-0.676
54988432B31063140501282,0.2786409264344555,0.39170487371280266,26.03921229485035,0.2747852161603647,0.38713541567386567,0.20701611648167717,0.2999564800159425,0.09291172947999334,0.1530941595909398,0.2719816579688532,0.38362589698014227,0.27579409214987477,0.3883809384967492,0.2741872661556847,0.3863919203253332,İZMİR,BUCA,520941,1.227
54988432B31153885682838,0.21261711888050258,0.203291936446175,9.450196879339805,0.20130144386807367,0.19472465304553951,0.14992264230052052,0.1503772931624051,0.10695302008613618,0.10980783886265577,0.1966139453263146,0.1908484375166368,0.20347891709902374,0.1964440326789144,0.2001319842135289,0.1937088612146942,ISPARTA,ULUBORLU,6287,-0.113
54988432B31165455278537,0.22960455682728934,0.35515157540303705,26.369793325237584,0.22790536081762386,0.3534818656463823,0.2130040657821136,0.33344826207218836,0.19518571422547668,0.30747762114000504,0.2264217995502053,0.35172841878783556,0.22844557568626597,0.35407285140699296,0.22728603037114922,0.35276843624479975,ARTVİN,MERKEZ,35710,0.913
54988432B31167647566127,0.10392649606434597,0.17125202072445392,14.298408765572354,0.10361842733809656,0.17074437932509837,0.09675797738158338,0.15943960178882458,0.08426355251018317,0.13885105519054053,0.10329709783439013,0.17021488656904474,0.10372380706575418,0.17091802600797693,0.10353013338506228,0.17059888690066885,MERSİN,GÜLNAR,32785,-0.278
54988432B31268227976167,0.11859928642937516,0.14162275040379763,8.436438036886276,0.1176026842090054,0.1406407159048377,0.098511900869657,0.12120341034333337,0.07134825105074169,0.09143150919174274,0.11643311725887867,0.13946959759915353,0.11796561911020195,0.14099909045269032,0.11722181258030169,0.14025554582927113,UŞAK,EŞME,34444,-0.172
54988432B31302636835519,0.00030285238288210026,0.0004990458113555959,0.03185049501109356,0.0003019531967400359,0.0004975641156411497,0.0002836687886228893,0.00046743472654028705,0.00025854001393263844,0.00042602706240263963,0.0003012456238740038,0.0004963981638607417,0.00030219401882326786,0.0004979609467665156,0.0003018394151687941,0.0004973766242435346,KAHRAMANMARAŞ,ANDIRIN,31609,-0.718
54988432B31401632471854,0.29349710593772005,0.4836300113254472,39.73562838517432,0.2924049594152038,0.48183035189314694,0.2658662520732645,0.43809937440586505,0.21450404435920598,0.3534637695024178,0.2911893591047916,0.47982726300402984,0.2927854465772696,0.4824573257432338,0.2920467639439155,0.4812401107073527,BALIKESİR,KEPSUT,21386,-0.536
54988432B31459503377293,0.003637214213421342,0.005993469494732643,0.5455821320132012,0.0036245475880919706,0.005972597193004401,0.003365040104995904,0.005544975916849733,0.003006870924868882,0.004954778054121862,0.0036096397537881183,0.005948031785280279,0.0036288974708586015,0.005979765011048018,0.0036198236852340825,0.005964813057670727,KARAMAN,BAŞYAYLA,3353,-0.528
54988432B3164241130289,0.9533784090783712,1.134261009704985,61.142122999952086,0.9355582395534744,1.1199409771624105,0.7928916226521879,0.9828519074215244,0.5938754456879368,0.7763380241549722,0.9113267911455519,1.0985440361341223,0.9429495781665699,1.126093151923682,0.92234067729881,1.1084584754898539,MUĞLA,MARMARİS,97373,1.671
54988432B31644697369800,0.002465729216138969,0.0040630746423095014,0.3692750005333104,0.0024545222575917238,0.004044607606759656,0.002229513976501843,0.003673834759837922,0.001924626196724585,0.00317143498347367,0.002447232917587825,0.004032596096195091,0.0024574463280145325,0.0040494259446004375,0.002454064775868787,0.0040438537598345295,ELAZIĞ,ALACAKAYA,5336,-0.729
54988432B31653952568158,0.17091201504526068,0.2816320096510064,12.856840027556457,0.17063435110184222,0.28117446982051614,0.16484918710267948,0.2716415685624424,0.15670059784701115,0.25821417103695693,0.17038235926311618,0.28075923296348604,0.17073435028480724,0.28133925034138485,0.17057862326643639,0.2810826404527873,ERZURUM,NARMAN,11119,-0.796
54988432B31664517784670,0.4900368075316091,0.7585636493209517,56.44193336774949,0.484635219707493,0.753433883803245,0.4353036882779907,0.6872287522262119,0.3653014803668526,0.5831910222240309,0.4799635908874506,0.7479962066917387,0.48610055497485705,0.7550033743751473,0.48266995046225114,0.7511839933202514,DENİZLİ,KALE,18855,-0.379
54988432B31670824468199,0.5302355146759886,0.6671883756665627,46.108795940791566,0.5272496763839892,0.6642683442743998,0.4673245231005013,0.602925364575663,0.3809048496387645,0.5081588290431476,0.5263285211745402,0.6633625873856378,0.5278042771138476,0.6648125235587656,0.5277687588998705,0.6647770569146151,KIRŞEHİR,MUCUR,17920,-0.281
54988432B31747989283018,0.18346999557262797,0.2748804204653599,20.19965914245172,0.18190949477230858,0.272960071907323,0.16271069498787646,0.24547964265369798,0.1357273854919725,0.20680686178775626,0.18098383121148748,0.27170059617717107,0.1822347297829784,0.2733919866808651,0.18172539416733954,0.27271263152719594,KAHRAMANMARAŞ,DULKADİROĞLU,213930,0.595
54988432B31972473687163,0.4460303300624443,0.322631045737044,4.906333630686887,0.44332680660180246,0.3206754823089709,0.3903668823746125,0.2823675140298165,0.32018427072518774,0.2316017076196543,0.43960768792630167,0.31798529945228265,0.4444233551088425,0.3214686583951761,0.44196093503962963,0.3196874944060303,ERZİNCAN,KEMALİYE,4484,-0.276
54988432B32118226842539,0.2508556375972742,0.33789288472913176,22.98312648108647,0.2500078697081035,0.3367755109750834,0.22894940432984165,0.3103702440584649,0.19256350468681122,0.266610824772239,0.24897474581566562,0.33542494003746376,0.2503071904433479,0.33716964125375326,0.24967794504742824,0.3363441364281876,SAMSUN,TERME,71348,-0.202
54988432B32155349148151,0.16142119517440037,0.2659928594557538,20.949225932911453,0.16070084512092705,0.26480585318730526,0.14339114766813005,0.23628261051889984,0.1139297787771763,0.18773561675938172,0.15997951503683636,0.2636172320061063,0.16093209162461053,0.2651869054938964,0.16051612589197223,0.2645014693927665,BALIKESİR,MANYAS,17650,-0.303
54988432B32272260481073,0.31037082837070196,0.41082507254379574,25.12636358135564,0.3040185384444201,0.405689855757275,0.26895150235390486,0.3692345595720317,0.23504314135650128,0.32935634467633035,0.29974273968381576,0.4018054727044123,0.3056405595321566,0.4070841795476698,0.3022114969095945,0.4040825505369787,RİZE,İYİDERE,8495,-0.187
54988432B32280148114029,0.6627223217440115,0.9406947834643767,67.47764592483658,0.6547198091536071,0.9333532060471248,0.5668811649266324,0.8299602476748482,0.431964638751703,0.6536545244323477,0.6492084824886197,0.9276307832264437,0.6567067281987626,0.9353304218039127,0.652999348559026,0.9315989755143658,BALIKESİR,ALTIEYLÜL,188858,1.245
54988432B32461225341522,0.17012887388483589,0.28034153502409115,23.430949698288572,0.16951154161183565,0.2793242833778482,0.15747201499647828,0.25948532661970597,0.14025282495667202,0.23111122375637608,0.16844118255056587,0.27756052573100437,0.16977794297011436,0.279763264510251,0.16904957340150636,0.2785630435350237,KASTAMONU,SEYDİLER,4639,-0.169
54988432B32556235228389,0.06775260600451385,0.09496567860658472,7.0488496731547094,0.0672613316573408,0.09448105326998715,0.062069347646272054,0.08804904260201638,0.0556381844341868,0.07966489294636127,0.06692306379800804,0.09409967257091059,0.06738405478698908,0.09461376799343264,0.0671617172197101,0.09437072931321734,ŞIRNAK,CİZRE,166290,-0.475
54988432B32684259878344,0.1540430629555007,0.25383503542138564,18.485167554660084,0.15300807320848978,0.2521295599909914,0.13292462301618815,0.21903567576707686,0.10653022554497954,0.17554249477933068,0.1522685176146674,0.25091090647455094,0.15326932995721804,0.252560063739717,0.15292069735310473,0.2519855804250109,KONYA,HADİM,10621,-0.681
54988432B32742798326876,0.06527091369863271,0.10755463032739586,7.099205513492464,0.06507052133238642,0.10722442004458035,0.061497580130937014,0.10133686081907706,0.05660726123383893,0.09327850202868254,0.06487053815852722,0.10689488403662072,0.06513353161104511,0.10732824955827848,0.06501067085288503,0.10712579730693318,ORDU,ÇAMAŞ,8407,-0.776
54988432B32773336843775,0.3801420605703432,0.3347251515130634,11.768293162580882,0.378123630685584,0.3331379397321734,0.33773766006670164,0.30070178030805,0.28256092812664696,0.2550463285916659,0.37666765085929715,0.3319921507478777,0.3787331673207051,0.3336142588227118,0.37794799911928945,0.3330006352961173,NEVŞEHİR,KOZAKLI,12678,-0.13
54988432B32789090404224,0.04078988846096032,0.061158530403647715,4.79142490027696,0.04018172555459328,0.06061049213488833,0.03571686204108105,0.05506962236538701,0.030077113942021068,0.04713865191450651,0.03993700322485115,0.06035469729884522,0.04028030133939631,0.060709386189236686,0.040148846153458664,0.060576927204294286,GAZİANTEP,NİZİP,152660,-0.157
54988432B32797670855633,0.2777857967565189,0.31793010620360124,18.856763421427527,0.2751966264312808,0.31522928515461485,0.23943512943765247,0.2722253133769246,0.1874282676850079,0.2100128397651019,0.2737906689345609,0.3136180000307483,0.2757211400359231,0.3158180141002051,0.275025550741747,0.31503555761331825,KONYA,EREĞLİ,158010,0.453
54988432B33032294423976,0.421545060432321,0.5373861958718824,31.118543750139672,0.41710403909212224,0.5335469694978217,0.37956885758219094,0.4936320774762539,0.33075155210018264,0.4383182520665323,0.41377238360154506,0.5303316432577486,0.4182491713800708,0.5346048560045396,0.4158172396172652,0.5323256396188975,SİVAS,MERKEZ,393912,1.138
54988432B33037798502080,0.2166437768139726,0.2901044126740407,22.440047403878197,0.2157816483297939,0.289016243692722,0.19831956661695802,0.26686761059781644,0.17446589029707005,0.23647719728571442,0.21476988446013248,0.2877376396086849,0.2160773576346879,0.28938967692422707,0.21546079360182768,0.2886109043332864,KARAMAN,ERMENEK,27629,-0.275
54988432B33062852785358,0.00016091453513557326,0.0002651579755834471,0.019332988627376785,0.00016061597891774186,0.0002646660090730797,0.0001542539215602765,0.0002541824921674751,0.00014513081559267734,0.00023914926780794945,0.00016020215554140047,0.0002639841031866579,0.00016074028026231857,0.0002648708351496209,0.00016046653643625664,0.0002644197549617069,BARTIN,KURUCAŞİLE,6316,-0.732
54988432B33089612553406,0.15725314086003278,0.19735678123372663,9.538731451066816,0.1558176181310915,0.19598600336397337,0.145765683981131,0.18567136696488412,0.13474203824381015,0.17398129410119156,0.1548460939469885,0.19502623613443168,0.15617760096136893,0.19633654640145437,0.15544809994551734,0.1956230222266974,SİNOP,BOYABAT,44901,-0.003
54988432B33125693367385,0.9982655466721339,1.5455434799952545,128.62604191187935,0.9750665440422066,1.5128249225927726,0.49450998553597847,0.7926298804665787,0.053250850389941894,0.08774774556939655,0.9676859756122996,1.5020752016386663,0.9786644183249436,1.5180463499788257,0.9778666950595105,1.5169021928128306,BOLU,GEREDE,37196,0.024
54988432B33332852238285,0.389001399016076,0.5965849121111012,47.39778817804598,0.38592022808710336,0.5921783609705759,0.33077792767833264,0.5143585110130473,0.21974319891252497,0.35136051480859837,0.3835838460117417,0.5889325904181136,0.3867323108372006,0.593312376399772,0.3853579144207714,0.5913959640320925,MANİSA,SARUHANLI,58475,-0.192
54988432B33535114810594,0.2945618140927122,0.4017398132734447,31.04594443066186,0.291607848527444,0.39874941323827684,0.2514587765713144,0.351603817342761,0.19659636130724756,0.2828763496041528,0.2892604538267913,0.3961674505346005,0.2924392943703527,0.3996419377961223,0.2909413280168005,0.39802388570485825,MERSİN,SİLİFKE,139610,0.519
54988432B33750113115729,0.16035141956122398,0.26423006322557235,20.32123444284849,0.15913626043586396,0.262227701329422,0.1378209137367612,0.22710387503969906,0.10742920115358606,0.17702384357281398,0.1579827569028085,0.26032693666950085,0.1595145137827078,0.2628509942570763,0.15880507257731982,0.26168196379219216,BALIKESİR,SAVAŞTEPE,16266,-0.426
54988432B33764412560738,0.7991146383497476,1.014374826843245,71.00035589731212,0.7934076297202614,1.0082715653020222,0.6891981780570899,0.8974822220717846,0.5301622510599704,0.7121796702265794,0.7916785151393257,1.0057644516414068,0.7943269599073488,1.0094216970812502,0.7943012768815684,1.0087481949045791,ESKİŞEHİR,İNÖNÜ,6114,0.323
54988432B337940392373,0.6442547174026437,0.7072741292967127,36.1639827908991,0.6292520904115668,0.6950657051508662,0.4860329360919374,0.5613991945675135,0.274031702534461,0.3541680625722714,0.6290837281517487,0.6949213753231069,0.6299754548122165,0.6956846438872784,0.6329139606628843,0.6981775543091041,BURSA,NİLÜFER,578059,4.072
54988432B34008430678481,0.2651885764482676,0.4363717375852061,33.14600043949626,0.2642568603802889,0.4348393239738651,0.2466005930952826,0.40576164350710897,0.21528178527547626,0.35426647554983753,0.26329455414665864,0.4332550269392076,0.2645774602463604,0.43536699196338635,0.2639500839122547,0.4343343154903214,AYDIN,KOÇARLI,22234,-0.531
54988432B34132798290249,0.2650881301114285,0.3390656670989991,18.707757303466803,0.2620425249460507,0.33645607627358376,0.23567257406807648,0.30904927551179484,0.2052392034195,0.27551588193040466,0.25998769601271465,0.33450143705864893,0.26284113144995125,0.3371874831385949,0.26136240209810296,0.33581895385528876,ZONGULDAK,KOZLU,50616,0.622
54988432B34153029371714,0.19351475606737997,0.13997790570324195,2.1288197026771685,0.18025235229531228,0.1303846943383039,0.12720270918840013,0.0920118027089115,0.08741540134976764,0.06323200956263605,0.17518901749522117,0.12672218761367998,0.1827112991981338,0.13216334609250835,0.17905325553962695,0.12951734109489144,ISPARTA,SENİRKENT,10331,-0.387
54988432B34226837880284,0.5905860496041836,0.7864954457163233,47.74182127828358,0.5840742056523965,0.7803410650514998,0.5173629676704283,0.7042169496777343,0.42225881157669287,0.5921597385726198,0.5791979531786674,0.775168836973626,0.5861495125085778,0.7824487745770585,0.5823636806569152,0.7785544985580786,ANTALYA,KEPEZ,649102,1.392
54988432B3445581450876,0.0643248516619635,0.10599569163855577,8.4398169870173,0.06416476892014836,0.10573190430753694,0.06050861779869225,0.09970723022215576,0.054557694534095695,0.08990118775145274,0.06404285979188228,0.10553102016969977,0.06421061857259534,0.10580745622094116,0.06414784918184883,0.10570402364684257,DİYARBAKIR,ERGANİ,141098,-0.572
54988432B34477640243489,0.21286403020047698,0.2393149929311997,13.810043434136915,0.20618184737571862,0.2342187390352406,0.17473785593013294,0.20606382973884624,0.14742582756423675,0.17880287462492847,0.2019666244734494,0.23077956610009714,0.207835278866548,0.2355251427645357,0.20437622069881414,0.23276348428799787,RİZE,FINDIKLI,16388,0.018
54988432B34565722813998,0.903643880140711,1.4475918367548197,120.73873696945621,0.8966284293735477,1.4388638167239227,0.8064157210285244,1.3015667114295684,0.6824879336022583,1.1058920047632528,0.8876135518842955,1.4260350636639687,0.899343392834154,1.4425179491970375,0.8926056802804438,1.4332360637249106,ÇANAKKALE,GELİBOLU,44689,0.465
54988432B34660982943926,0.7445764423209627,1.0786904870026766,82.30100703179669,0.7351136501970296,1.071053059001703,0.6503493242448625,0.9715420246396137,0.4680734361881098,0.7066546373417459,0.7359892235987041,1.0717973827924372,0.7351346949320277,1.0710752922722833,0.7379956253965688,1.0734950869782667,YALOVA,ALTINOVA,35490,0.556
54988432B34754350739794,0.03172510966785934,0.04001589664693869,2.14496471778753,0.031022698097392033,0.039471701913653484,0.02755662289299185,0.036213247145162546,0.024425696987794183,0.03289380548186649,0.030807811333536817,0.03929331213347309,0.031120885923462762,0.0395516479110323,0.03101146910690979,0.03946254065231193,ADIYAMAN,BESNİ,75398,-0.444
54988432B34790562397224,0.602386808997949,0.9347308653776699,75.54786431223246,0.5977883837029329,0.9293979381018882,0.5201416294554652,0.8180445383918908,0.3966475866759904,0.631690095339082,0.5935259071377205,0.9238225102298325,0.5992458694363418,0.9312286812840646,0.596419748094904,0.9276361513009895,AYDIN,ÇİNE,47906,-0.07
54988432B34891185513050,0.7401131022519406,0.6879550433775974,27.24884916491017,0.7339255104007795,0.6830663007836631,0.6172559389946468,0.5896598620895784,0.4652075478989447,0.46465559617221314,0.7266361823279537,0.6772432601890745,0.7364890878983789,0.6850886507153533,0.7315464006310946,0.6811512627162093,BURDUR,YEŞİLOVA,13915,-0.336
54988432B34962882153864,0.1752803668937599,0.2887934687565017,24.235372119403536,0.1742677013365038,0.28712496242573904,0.15349009605169384,0.2528908811898989,0.12402203947986937,0.20433777197739236,0.17322047054832118,0.2853995297421651,0.17461296054990802,0.28769382438131524,0.17397913952491373,0.2866495327492754,MERSİN,BOZYAZI,26832,-0.211
54988432B34987359358505,0.0885478966375615,0.13568642262886513,10.071746898971588,0.08838305990739954,0.13545523949160168,0.0848665076298307,0.13048130004119113,0.0797104030332297,0.12310784862918903,0.08823068003281563,0.13524121572891712,0.08843541149777251,0.1355287098533357,0.08834843496970463,0.13540662866597553,SİİRT,MERKEZ,180837,0.074
54988432B35038871298949,0.15048140316306927,0.18532552408894748,10.499999998867995,0.1498517966945843,0.18469744469890237,0.14173163856623616,0.1753334980003616,0.13027211161600127,0.16188707235143382,0.14937846258786852,0.18417957268395266,0.15001838017538194,0.1848748001560951,0.14971429974938333,0.18454872648457474,VAN,EDREMİT,132309,-0.377
54988432B35042353333735,0.320629328430702,0.4286216101243827,26.392874760981083,0.3164755881981077,0.4252972452468088,0.2893941985963037,0.3983424103787354,0.25807054628246295,0.3625965923458184,0.3165517064571504,0.4253435530064725,0.3166306565090087,0.42543558366419776,0.31749843732644073,0.42614295174115213,KIRKLARELİ,BABAESKİ,46355,0.252
54988432B35345810127315,1.404403024546233,1.4182079188090295,67.70699650655703,1.3787454067605212,1.3967068457241312,0.9795648632168729,1.0346783176356613,0.22803506759467781,0.3529862426896938,1.3865009909183026,1.4034159747900616,1.3761657316343803,1.3944574011539794,1.3914776981555097,1.407665315361927,ANKARA,GÖLBAŞI,172810,1.79
54988432B35509610678021,0.30184444630052254,0.40398732963059053,25.935999389726422,0.29548868083696667,0.3975083394763834,0.21167921948242907,0.29791991729591544,0.08969221741028223,0.1467622354948443,0.2915366550800547,0.39308361775319756,0.2969713416751591,0.39912727381894986,0.29462873070147516,0.39655707300751764,İZMİR,BAYRAKLI,296481,1.322
54988432B3557290765638,0.6242206451898905,0.48431049025209266,10.7958191022496,0.6204232709870684,0.4814795250166914,0.5461431941384332,0.4259698678430537,0.4477570674153919,0.3522227984734198,0.6162733969387963,0.4783842536026777,0.6217066417298404,0.482436478909648,0.6191896215038034,0.48055949808948734,ORDU,KABADÜZ,6794,-0.744
54988432B35702566688880,0.21060121005245158,0.2858737698617222,19.353424107847935,0.20865220983239596,0.2841087589805227,0.1896813952805234,0.26273410946079506,0.16613156427068954,0.23427464246885368,0.20725997160249474,0.2826853262387653,0.2091812210796073,0.2846267545313188,0.20819346407728323,0.283646616391376,ZONGULDAK,ÇAYCUMA,91796,0.08
54988432B35722603775069,0.5311642159667109,0.7137084244523975,50.40634051446591,0.5246584163522294,0.707337561001626,0.4494466435919532,0.6233471270155468,0.34952079049678686,0.5029422378341721,0.518931928428723,0.7013473842858304,0.5266312415762082,0.7093516727741984,0.5225961338245911,0.705200289466793,EDİRNE,MERKEZ,200753,2.113
54988432B35777167420059,1.5985637462092308,1.4859159238019133,50.683977823579994,1.5779143952840782,1.4697551836345448,1.401213248090549,1.3262080944807464,1.1888485340290273,1.1512516902722338,1.5690563134073667,1.4627026837955117,1.58213922660531,1.4731025063915544,1.5767714303860605,1.4688504688206885,NEVŞEHİR,ÜRGÜP,39979,0.527
54988432B35906022990026,0.6288628701540232,0.7760672051798408,44.43464190300485,0.6158422276250439,0.7653999774516206,0.5201826674982152,0.6722103452703135,0.4104704969520828,0.5535820383211137,0.6072322752687949,0.757735843566126,0.6197265948085601,0.7687390482693142,0.6127483207597798,0.7626799014609605,ANTALYA,KAŞ,63957,0.203
54988432B35969765693903,0.3684035555004126,0.5771960531226182,41.3345459443785,0.36668203627271745,0.574798433371893,0.3358175004736462,0.531506145975125,0.2872190089189136,0.4607335424216073,0.3648903595929583,0.572328078686963,0.36728156284804525,0.5756257734639804,0.3661100564436829,0.5740098480796421,AYDIN,İNCİRLİOVA,58230,-0.091
54988432B36041856094312,0.15339751053522516,0.2527712820895376,19.443594019044916,0.15250461425341733,0.25129995092426605,0.13523470654306113,0.2228422745364064,0.11255371319841723,0.18546811020488427,0.1517625124595209,0.25007710173180103,0.15274697545988022,0.25169931824563024,0.1523623940536724,0.2510655978235989,KAHRAMANMARAŞ,GÖKSUN,49145,-0.502
54988432B36117430101282,0.3205581856555079,0.418524957988176,27.86471316201653,0.31676310564217947,0.4149765280665208,0.2809246048936761,0.37353882988937825,0.2366276089309964,0.3202803865757493,0.3146586704829746,0.4127538040788265,0.3177217910027255,0.4159512091711058,0.31626874067152394,0.4144632085146662,ERZURUM,PALANDÖKEN,181922,0.378
54988432B36177439275968,0.015184992318744074,0.02502211387613955,1.8404561680104325,0.01510157310172526,0.024884654132737074,0.01344863347398821,0.02216090935055723,0.011213327675304231,0.01847753071798301,0.015005627556920672,0.02472655327251831,0.015131821613934785,0.024934498195954426,0.015071515552822537,0.024835124742422325,MANİSA,SELENDİ,18568,-0.528
54988432B36260416662231,0.4468128688598687,0.5054142948960143,26.747879843753438,0.44105851212864133,0.5001897983212753,0.35871865206886916,0.41615928980009487,0.1839906090641495,0.24312072080371747,0.4416885073410319,0.5008532005438966,0.4410855314954939,0.5001894987554093,0.44313074722092616,0.5021994579240144,KOCAELİ,GEBZE,414960,2.334
54988432B36267085321319,0.00015844140245921742,0.00026108270138115524,0.02142880124452447,0.00015781540537177015,0.0002600511716918775,0.00014559019047098864,0.00023990623430985235,0.00012878801024141515,0.00021221928799820743,0.0001572896579653671,0.00025918483529888104,0.00015802746445609575,0.0002604006066105845,0.00015770807585572275,0.0002598743121112841,ERZURUM,TEKMAN,20826,-1.277
54988432B36427542576396,0.02484984227925744,0.04094803410260234,2.844483044185035,0.024700827273296186,0.04070248439337966,0.022707202920955842,0.037417352960752714,0.02014526521468396,0.03319574417200274,0.024619848621386223,0.04056904625873364,0.0247331788921978,0.04075579399507335,0.024691739862954695,0.040687509988939344,OSMANİYE,SUMBAS,13049,-0.987
54988432B36565352267385,0.4525120668203988,0.6233640480268192,37.82762405510925,0.4503252612377012,0.6208696295704845,0.4064978846502641,0.5695382223244919,0.34548677452223947,0.4957628833254191,0.44690058420430034,0.6169448950184959,0.45119145075659,0.6218586753061642,0.44895499292812424,0.6193021168107404,ÇORUM,KARGI,15119,-0.583
54988432B36689852261015,0.21175986095018615,0.28700787729852595,18.451675369582752,0.20977672660372143,0.28496131111641787,0.1870136985104486,0.25710757846741017,0.15270255865732849,0.21422624177181537,0.20976367388270353,0.2849619155019941,0.20988988299450828,0.28508045625896133,0.2103107714521589,0.28556175768027786,TEKİRDAĞ,ÇERKEZKÖY,223975,1.034
54988432B36753420123285,0.0011831415290420755,0.001949602703106882,0.1417475422418387,0.0011807231036585265,0.0019456175766031684,0.0011298929228275357,0.001861858655531616,0.0010565193157179083,0.0017409522557085518,0.0011789920628207731,0.0019427651351888219,0.0011813331653805046,0.0019466228476996811,0.0011805302467789087,0.0019452997834359215,KİLİS,MUSABEYLİ,11692,-1.243
54988432B36991847269691,0.0420524617689463,0.05717924468614684,3.645595692822608,0.04194005105667411,0.057040430429416776,0.03960492632310321,0.05413690602240478,0.03633778264235507,0.050048142761708325,0.041821090039068275,0.05689328964025477,0.04197827720578796,0.05708766860604253,0.04190675468659837,0.056999265287091774,ŞIRNAK,SİLOPİ,152610,-0.621
54988432B37281508268494,3.375967769446994,4.9684613747520014,404.16239125460015,3.3584766369125685,4.949138459731436,3.036980975537667,4.5439649852045445,2.5091613890220645,3.824021494396947,3.356826538588081,4.947224540509961,3.3602329392278096,4.951164135607463,3.3632867721242055,4.954662914926091,ESKİŞEHİR,SİVRİHİSAR,20189,-0.163
54988432B37425525232192,0.20020592817933291,0.1489384254681914,2.811657584570083,0.18855918488378054,0.14049585605431955,0.14165728424067464,0.10620663504845938,0.10623713929193264,0.08008811380659357,0.1803315239610564,0.13451181593001027,0.19159456634674454,0.14269949896122827,0.1845308739445855,0.13756796392706563,KASTAMONU,KÜRE,5108,-0.564
54988432B37474601695355,0.19288244819010542,0.2674391341119099,16.608300828242186,0.19163999434585322,0.26631706443368175,0.18009607494947794,0.25323774623124334,0.16607916973390477,0.23631360639608653,0.19063505379951645,0.2652889913177516,0.1920043308539473,0.2666722281749577,0.19125532241254192,0.26593209204657897,BARTIN,MERKEZ,163766,0.475
54988432B37568422397165,0.379902917202888,0.5164053266990929,31.937011167317717,0.37048764477707014,0.5066175236920359,0.2549117195439564,0.3697907888138278,0.12201016763267558,0.2010506323920346,0.36432736339599464,0.49972599061599793,0.372787727369282,0.509142133710682,0.369148083015207,0.5051324622098969,İZMİR,ALİAĞA,110892,1.154
54988432B3765894828003,0.8039522091862088,0.9011513647013963,48.5932206928062,0.8022807553226232,0.8989696645418118,0.7586544345373998,0.8476179405297567,0.6755862176009475,0.7573772343520687,0.8011430930693685,0.897542969313307,0.8027564730365525,0.8995735235182444,0.8021829433660187,0.8988613128952968,NEVŞEHİR,ACIGÖL,19430,-0.746
54988432B37815210260305,0.02874675423797999,0.04736943839110384,3.736208866480675,0.028595834669545326,0.047120750308275595,0.025646472336404977,0.042260735985401164,0.021740819232646993,0.03582492787489611,0.028485355842674528,0.04693870123450353,0.02863461573505312,0.0471846544721372,0.02858149950506711,0.047097128556583025,HATAY,HASSA,57457,-0.627
54988432B37822408254427,6.168874447424589e-05,0.0001016518649933912,0.009253311671136884,6.152751571522132e-05,0.0001013861892338163,5.815924408039214e-05,9.583588834176834e-05,5.342401112558384e-05,8.803308306283478e-05,6.142559940808891e-05,0.000101218249639948,6.157256524330389e-05,0.00010146042268735298,6.152330028598628e-05,0.00010137924297081254,TUNCELİ,HOZAT,5332,-0.304
54988432B38029735650586,0.6610367866015038,0.8916317896470405,64.5717321333603,0.6528074754613628,0.8837447302448412,0.5646773146334993,0.7784700128639817,0.447549816586118,0.6271274491316127,0.6473604808540975,0.8774932610980053,0.6548943422248062,0.8859659300492576,0.6513262519463925,0.8819231471023375,ISPARTA,KEÇİBORLU,14033,-0.147
54988432B38192653794481,0.028819451657243107,0.04748923055596769,3.4144320258074754,0.02864733588539234,0.04720561497337609,0.025285694303137075,0.041666239205755407,0.020753113439684893,0.034197367826866755,0.028448360324273673,0.04687773932850438,0.02871228325719862,0.04731263646533212,0.028584332448121183,0.04710179673304408,AYDIN,KARACASU,17225,-0.422
54988432B38234648965516,0.6489138561880414,0.8006694640935592,49.12436251653853,0.6423579390974916,0.7946284107767555,0.5748004101349606,0.7195848643896148,0.4740767827664959,0.6012915351406607,0.6426560517124605,0.7949279459040475,0.6425549448576794,0.7948214016454198,0.6442784137107223,0.7965108266108841,SAKARYA,ERENLER,92549,0.69
54988432B38360360890356,0.46219465289372647,0.6423435806626302,38.475999501805376,0.4570973226143929,0.636403889222908,0.36693014247959327,0.5240753815509943,0.19583742995112305,0.31928718078930324,0.4582393566768281,0.6377979678435041,0.45689997786114056,0.6361618169088508,0.459474419391112,0.6392875598494453,İSTANBUL,SULTANGAZİ,529306,0.816
54988432B38529977657987,0.43128658930425784,0.7106820948142258,62.52932894647343,0.4303252116724793,0.7090979188017928,0.41173838587438094,0.678470200199532,0.37625809456900317,0.620005113700549,0.4289881879830633,0.7068947462015429,0.43069225626263824,0.7097027417308923,0.4298200249955599,0.7082654627627479,DENİZLİ,ÇARDAK,8497,-0.236
54988432B38557557981800,0.001390945030534648,0.0022920251929615058,0.1411523272782765,0.0013506441510283643,0.002225616651215321,0.0011395055330431284,0.0018776984941309802,0.0009371946653385841,0.0015443268687904156,0.0013365270663575643,0.0022023542555013736,0.0013565729651687358,0.0022353862618583057,0.001348803022608503,0.0022225828054276285,KONYA,AKÖREN,5744,-0.672
54988432B38576388688416,0.5374956611461739,0.670181591069942,42.05081261460974,0.5296285083581688,0.6635768233811172,0.4334649395482904,0.5672199819933699,0.26284461547266375,0.3772301746788359,0.5295361544526691,0.6634964014932939,0.5300255588929048,0.663922817891002,0.5316241821663343,0.6653056539290548,BURSA,GEMLİK,124400,0.743
54988432B38658846076,0.08691495371778712,0.06286895871908674,0.9560644908956585,0.08625802479442674,0.06239377653699385,0.07365391684003629,0.05327673615694106,0.05725047767500999,0.0414114920809261,0.08567270650924619,0.06197039310831454,0.08649266316668137,0.06256349957668032,0.0861279130593995,0.06229966167012232,ERZURUM,HINIS,23011,-0.909
54988432B38688250747899,0.23078509549512058,0.2674787191112016,16.16017302766696,0.22467813282106602,0.26246857900179155,0.17961093125378555,0.2183872413199033,0.1309001290301723,0.16714030930826532,0.22075838170970447,0.25894600671390167,0.22616645900649246,0.2637610937399712,0.22333185466437827,0.26127478794533404,UŞAK,BANAZ,34624,-0.264
54988432B38711157277910,1.5494574818376705,2.4059991709201265,207.43935376770327,1.5432413455824592,2.3989097667759576,1.3826172797233824,2.1697338190495423,1.0379931535294111,1.6493337780220263,1.5378803967603858,2.3922761342550416,1.5450102155014018,2.4010428456565425,1.5417903516645173,2.397200652955657,BALIKESİR,SUSURLUK,37676,0.225
54988432B38730133189438,0.3712638688137384,0.5444181678610966,21.974690353544403,0.3601569355400897,0.5349428487559472,0.2912588274015478,0.4567188314284833,0.22517212553949575,0.37104283286510453,0.3551577461099685,0.5300716432137373,0.36223472690363884,0.5368811730887872,0.359011672474303,0.533851056834582,İZMİR,KARABURUN,13725,0.676
54988432B38814369243914,0.8474205506007196,1.3785335024024608,117.48125669458015,0.8418437945701712,1.3709420234134337,0.7076373696673185,1.1561861854717084,0.39406491402044763,0.6442696492306813,0.8427251859570396,1.3729076704666283,0.841571562369843,1.3702716955438055,0.8441269579187196,1.3747723441092339,KONYA,KULU,51732,-0.125
54988432B38852323422695,0.12280807348858196,0.20236543655984987,16.400511178093446,0.12239559686724612,0.20168574988147273,0.11445359802289043,0.18859877589319257,0.1029353483605433,0.1696187890314743,0.12171306802392444,0.20056106610930746,0.1225694620120723,0.20197224811351733,0.1221049663389104,0.2012068434702444,KASTAMONU,DADAY,7736,-0.451
54988432B39031228995551,0.0030016380407620028,0.004946155209982433,0.4402913823657255,0.002992409613627163,0.004930948435436977,0.0027436092814620136,0.004520970602509592,0.0022802962075036794,0.0037575146682856772,0.0029780113552353915,0.004907222716415555,0.002996064202123738,0.004936970534599904,0.002986954772597987,0.004921959846536621,DENİZLİ,BEYAĞAÇ,6011,-0.57
54988432B39086486871912,0.0,0.0,0.0,0.0,0.0,0.0,0.0,0.0,0.0,0.0,0.0,0.0,0.0,0.0,0.0,BİTLİS,HİZAN,29948,-1.103
54988432B39242508990660,0.3560564470147247,0.47138226148419426,29.310983811470972,0.35053964297453416,0.4668480116253993,0.31394820883192515,0.42876629684494666,0.2736915375203745,0.38195671017019545,0.347412765645763,0.4639742792245344,0.351720021022618,0.46788697109431654,0.3495222941616078,0.465925220705536,ORDU,ÜNYE,135914,0.266
54988432B39563572942554,0.033126269069355334,0.054586084704296024,4.496867204368759,0.033114036225456056,0.05456592719570781,0.032211401697659334,0.05307854916686379,0.029547597208929105,0.0486890823919282,0.033100221452505095,0.054543162954890555,0.03311850751773238,0.05457329507460845,0.0331113693853092,0.05456153272671876,ISPARTA,GELENDOST,13985,-0.641
54988432B39641834885080,0.5436092567139228,0.670074435839222,37.307385764183074,0.5362723013051962,0.6625883824729116,0.4185200454301997,0.531902598714906,0.1729749047201411,0.27637781691474556,0.537820549993051,0.6642513219474099,0.5360063270444708,0.6623010903904879,0.5395200161762732,0.6660517801331383,İSTANBUL,FATİH,351786,4.226
54988432B39702519018087,0.3244196783525411,0.35677713284694984,17.918033568012063,0.3219924889552498,0.3545218379158144,0.3028478190816462,0.33422038578051266,0.278923886079888,0.30813779538830216,0.3204480204964576,0.35299403990981865,0.32253798329088523,0.3550492244246483,0.3214698820066166,0.3540137672489224,KARAMAN,MERKEZ,207973,0.761
54988432B39717738295698,0.00015399361086243808,0.0002537535473390705,0.017851490951557455,0.00015317195303152388,0.00025239960422334176,0.00014133588832843168,0.00023289591580325934,0.00012579135817319704,0.00020728134876688063,0.0001527073205342762,0.00025163397411878544,0.00015335652448082807,0.00025270374450381283,0.00015312093187141383,0.0002523155306030482,ADANA,ALADAĞ,15839,-0.764
54988432B39718054130595,0.08266481738371874,0.12586264551869464,9.443488030053818,0.08161986043930215,0.12476222212714345,0.0730033652675685,0.11308891449921345,0.06313922041523633,0.09875596231185323,0.08115405202426855,0.12420419269984924,0.08180391450230534,0.12497511929319093,0.08154879896240938,0.12467873155813784,HATAY,DEFNE,139605,0.338
54988432B39847004244827,0.11603078039896478,0.19119768646152424,15.843272550251607,0.11558757357081305,0.19046736197456382,0.10582759897983796,0.17438469360587003,0.08497050399780719,0.14001598305199567,0.11517790857951517,0.18979230835266214,0.11572027558780791,0.19068603083597235,0.11546559224093297,0.19026635886155918,BALIKESİR,BALYA,12296,-0.6
54988432B39970193514521,0.21715405560097228,0.24611337773123662,13.62210941094475,0.21020801721041682,0.2405797410874368,0.16844274258172595,0.20078722621254763,0.12735187536409742,0.158403737794654,0.2060751782392864,0.23699670366560913,0.2117432054227613,0.24186666071635238,0.2087239067521019,0.23931111289059478,SAMSUN,ALAÇAM,24560,-0.417
54988432B39980691668600,0.10114644880481324,0.1314567507648486,8.16397703899301,0.09888342851157521,0.1296651741566793,0.08702016069535734,0.1178665418829117,0.07581536180735039,0.10521547651792981,0.09777119840430262,0.12869743456621888,0.09933932338025513,0.13004739817771016,0.0985375579683212,0.12936931317951664,VAN,GEVAŞ,26253,-0.794
54988432B40127483323381,0.08116252975648945,0.1202865308742254,8.136039231761059,0.07953713877682889,0.11879081761807384,0.06759885034718018,0.10384922843002001,0.054139878389615655,0.08521919218120916,0.07849214554482724,0.11764637287392679,0.0799444989387537,0.1192069588837563,0.07917421597311718,0.1183991488459152,AYDIN,KUYUCAK,26196,-0.224
54988432B40132817708640,0.3764651452065485,0.5105640591307249,33.58527552777937,0.3736588923874721,0.5077367654306563,0.33850799430714984,0.4658832780687311,0.28771166541095855,0.4035926506202551,0.37061014878332366,0.5043244708003964,0.37452570766378995,0.50866962033735,0.3723931161968058,0.5063387240424083,ÇORUM,MERKEZ,299565,1.026
54988432B402287673455,0.41346297710336666,0.42241662450273876,20.952319502220202,0.4081836975497969,0.4176089551850594,0.3139410399191529,0.3314597395912562,0.19460995405715387,0.21931019596187715,0.40172921169806375,0.4119093607036909,0.4101184450943847,0.41932809703767493,0.4059367142903807,0.4156576828795109,AFYONKARAHİSAR,SULTANDAĞI,13641,-0.368
54988432B40385589534090,0.2263884132329094,0.3119700295668968,19.768046934018276,0.2233795841451834,0.3088242870187951,0.1828392205003903,0.25861861440578887,0.11819075251667412,0.17444545949667198,0.22375351305747915,0.30928864599198663,0.22337385161619927,0.30879973583964987,0.22449134058128029,0.31009601632774697,KOCAELİ,DARICA,235632,0.603
54988432B40899353462768,0.012800824374383776,0.021093437420374374,1.488204684997657,0.012731164732497136,0.020978650961792692,0.011402609529107852,0.01878943289094062,0.009570620929345918,0.015770647869465946,0.012653515629473054,0.020850699319969974,0.012759582224121827,0.021025477835101652,0.01270653331586606,0.020938062853551594,ANTALYA,GÜNDOĞMUŞ,6953,-0.815
54988432B4104847116325,0.10705932357099746,0.17641435238589126,14.818574401835788,0.10654354941303487,0.17556445009789476,0.09740136814727161,0.16049979310588136,0.08501432404533281,0.14008819054452354,0.10608810944676382,0.17481396761752419,0.10669219643110378,0.17580939342979737,0.10642831109786982,0.1753745582504425,MALATYA,AKÇADAĞ,31479,-0.514
54988432B41050600008895,0.18116260342123727,0.29852312057534364,17.90462483110123,0.18087119562654358,0.2980429333700977,0.17467368416361062,0.2878305582618953,0.1658025751148138,0.27321257913044417,0.18049301621492003,0.29741976227427996,0.1809839250445784,0.29822869101001265,0.1807415333645729,0.2978292734737761,GÜMÜŞHANE,KÖSE,6107,-0.629
54988432B4112577845530,0.006186526802469179,0.010194274379585365,0.7425666038177982,0.006167852273288699,0.010163502141712022,0.005781479169869108,0.009526829327560606,0.00524318723410525,0.008639821824852505,0.006133699358824357,0.010107224331556404,0.006176204812882391,0.010177265612412653,0.0061531835309654725,0.010139330714217885,KASTAMONU,HANÖNÜ,4286,-0.427
54988432B41170442786608,0.46443784615231964,0.639276556006862,49.01755734987219,0.4581017378200876,0.6344229408235765,0.39074692754066687,0.5655304517396658,0.27641543688883197,0.42032575819003376,0.4556787611114069,0.632552947223383,0.4592160370080864,0.6352787465831261,0.458007956651938,0.6344033812463523,BİLECİK,OSMANELİ,22025,-0.154
54988432B41213332539670,0.14213982725568328,0.10667980914709627,0.802653276094254,0.1420479020455422,0.10661120150836308,0.13999465605980974,0.10507851457850605,0.1369092855183043,0.1027749624865697,0.14198845355620593,0.10656683119609382,0.14207063809856388,0.10662817068078144,0.14204510571939521,0.10660911444572245,ADIYAMAN,GERGER,14497,-1.289
54988432B41389891217354,0.0672944768751086,0.11088909551344941,9.726800038440194,0.06695334183675984,0.11032696682760428,0.05864411140674962,0.09663486177555536,0.04461632462210231,0.07351961278577639,0.06669289138751308,0.10989779171421946,0.06704432614142113,0.11047689246367891,0.06691739282326724,0.11026772937193322,KONYA,YALIHÜYÜK,1704,-0.682
54988432B41479825758135,0.012623782784926306,0.020801704983555866,1.7505790783013797,0.012564267500596304,0.020703634586770873,0.01143619365804489,0.018844773445684023,0.009908075054057988,0.016326711077090723,0.01252340814432937,0.020636305776590643,0.01257967636626334,0.02072902560333048,0.012559599242965383,0.02069594214468121,ADANA,YUMURTALIK,17806,-0.448
54988432B41555288308569,0.1320435576040099,0.21758383972968626,15.460031440348015,0.1317069705926657,0.2170292053676598,0.12598973165621483,0.2076082322962157,0.1155811849917768,0.19045683475476335,0.1316177553587362,0.21688219483936896,0.13175795918818886,0.21711322532741903,0.1317379083439945,0.21708018517196728,KIRKLARELİ,PEHLİVANKÖY,3276,-0.387
54988432B41651789151995,0.23917182104950577,0.24478330243294946,11.035806918128271,0.22641520597050846,0.23527200718893365,0.1705479523590756,0.18925007663362084,0.12367748210528295,0.14654392040850767,0.21853257181993385,0.22918134172950994,0.22931766719908847,0.23747544619746402,0.22298919952135504,0.23264351864625335,DENİZLİ,BABADAĞ,6199,-0.43
54988432B41717304515053,0.11820560840136987,0.19478140865217547,14.18139660790381,0.11771832983121598,0.19397846192583812,0.10786377515440683,0.17773994272570745,0.09442011936877602,0.1555872357029687,0.11694764107645746,0.19270850660549044,0.11791228558496179,0.19429806583839124,0.11741037049195158,0.193471000776399,ÇORUM,İSKİLİP,28132,-0.492
54988432B41731057290221,0.06995907641900959,0.1152798723951406,10.385949120335537,0.06945445039014896,0.11444834020243551,0.05972975781476615,0.09842381019781297,0.04702519871599498,0.07748900049605283,0.06908993663972499,0.1138476876383069,0.06958272287012877,0.1146597099900427,0.06940903697461374,0.1143735071283599,GAZİANTEP,İSLAHİYE,66107,-0.37
54988432B41923494384983,0.12335315035846108,0.16599522694336166,12.865903682345577,0.12047466712372153,0.16353811185012235,0.1024576785681057,0.14299379500735188,0.08401558918254699,0.11946288575170327,0.11904896586532265,0.16214120309551736,0.12102706480053392,0.16405418070563307,0.1200828089931606,0.16316190789205584,MALATYA,DARENDE,24806,-0.43
54988432B42317071313317,0.0659144356176074,0.09337393010016495,6.112914669949717,0.0650819157656218,0.09268853708907603,0.060201967274357365,0.0873930618301547,0.055246754409676774,0.0812871157856099,0.06482789961294387,0.09245501736694395,0.06521702978681472,0.09280892784480885,0.06508019444243122,0.09268698521660011,HAKKARİ,YÜKSEKOVA,121314,-0.477
54988432B42480062552941,0.4926813656139178,0.7696043548381807,60.12943936051041,0.48678078393689844,0.7635761400283942,0.4274681624123409,0.6809455295902302,0.33819473751804485,0.5453674425874782,0.4828162295247209,0.7587741070171368,0.4882285558715886,0.7652328323264238,0.4855354157694532,0.7621033757344431,BALIKESİR,HAVRAN,28152,-0.471
54988432B42537798985554,0.4742390375681319,0.6632127911623938,45.59629761727377,0.4715178677664332,0.6601440837902144,0.4417130342956439,0.6200328187972064,0.39525514394284006,0.558532437315116,0.4686407798252116,0.656461098140798,0.4723779827252476,0.6611884935754113,0.4702282309882105,0.6585257822532834,KASTAMONU,TOSYA,39091,-0.066
54988432B42778469156443,0.2741168762610886,0.3754512746925362,23.806853650306607,0.2717571849693192,0.3726104572389955,0.22921704871300655,0.31892413353970306,0.1506925087429057,0.2240918199226655,0.2717229807181439,0.3725671353532365,0.2719029107255513,0.3727947911303034,0.2724724215266688,0.3735106617514546,BURSA,GÜRSU,105799,0.176
54988432B42781548815333,0.05952468439032387,0.09808588637989768,7.1444120914479825,0.059413266156540155,0.09790228933387396,0.05703893847445857,0.09398982784602844,0.05363624747218639,0.08838281007763144,0.059336077265642675,0.09777509603818652,0.05944515306592337,0.09795483317854616,0.05940625632783713,0.09789073840724996,BİNGÖL,SOLHAN,33233,-0.73
54988432B42922593275037,0.30532047162473364,0.3945357784415708,25.666732728925446,0.30126370228886884,0.39044414878256367,0.23310442024789607,0.3171569712906927,0.13745927370596217,0.20497100793949363,0.2978396272606695,0.38693463296601294,0.3024366239578375,0.39163941907780847,0.3004434598077747,0.38960719322146486,MANİSA,AHMETLİ,17612,-0.292
54988432B43283240341511,0.021516979250024562,0.03545608017200344,2.9918797922081457,0.021440300356766095,0.03532972725994821,0.01996490550060433,0.03289854406747599,0.017608746683715856,0.029016021574943728,0.02140119268677991,0.035265284911128784,0.02145760716239906,0.03535824573742189,0.02144135771768251,0.03533146959900924,NİĞDE,ÇİFTLİK,25157,-0.977
54988432B43554953634888,0.0262953449522107,0.04332996039743842,2.936567480298406,0.026201204072782078,0.043174833298522786,0.02457319490255192,0.040492169389722894,0.02228368610219547,0.03671947403891741,0.026140487669217893,0.043074783675036504,0.026224482511690694,0.0432131919448101,0.026193668056677725,0.04316241531047398,ADANA,KARAİSALI,22872,-0.546
54988432B43586111700831,0.2541495469715012,0.38189582253350884,22.96999757620795,0.24987783939828007,0.37731379164739615,0.2306136555760146,0.355397784301811,0.21018441699450538,0.3291050093559856,0.2474833749011864,0.3747287906162766,0.2508145035525275,0.37832067076890147,0.24890396640640797,0.376264671246185,SİVAS,SUŞEHRİ,25056,-0.28
54988432B43626736255275,0.26558565035770415,0.3267891998213186,19.88192242836989,0.2630304086152952,0.32422061003402525,0.23316883438551164,0.2902459552657391,0.1891501776334881,0.2407727310447661,0.2616097149928925,0.32265799244965027,0.2635359455080519,0.3247647115755654,0.2627461750262245,0.32391136124161074,KAHRAMANMARAŞ,ONİKİŞUBAT,447591,0.686
54988432B436343701670,0.5276717459185617,0.4385663782118441,13.498080023620737,0.49161237198331587,0.4121800470109207,0.3416657994754527,0.2972271989112064,0.2239022048277985,0.20227308418012258,0.48940895260448386,0.4102838514468019,0.4938181350731246,0.413870858607774,0.49757895066699337,0.4164152888374365,ESKİŞEHİR,HAN,2126,-0.687
54988432B43742920895959,0.31886025529699374,0.4320301978561627,27.90402508070067,0.3123359997664739,0.4253187723307772,0.22243883228214248,0.3188350536053632,0.0979781963450614,0.1604760694696452,0.30815976800902173,0.4206493765142592,0.31388623687145095,0.42701561857495446,0.3114322082459536,0.4243184610187554,İZMİR,KONAK,317399,3.465
54988432B43754311054552,0.2648650327613264,0.35711548084622813,19.522009418251955,0.263911351406968,0.355559234035783,0.2461247290173267,0.3307164366170533,0.21492655048445283,0.2926728606624946,0.26248723571150806,0.35331174369711504,0.2643081009923477,0.3562018807681632,0.2632887136040528,0.3545656613529197,ÇANAKKALE,ÇAN,46612,0.258
54988432B44345748787978,0.07829524887597074,0.10371865335827386,6.700308501608511,0.0765082450462782,0.10227665893489093,0.06681860758130592,0.09232054881182299,0.05739858195926779,0.08130604626370067,0.07508057137665897,0.10098286072519902,0.07700140261059665,0.10269813423576654,0.0758254750184935,0.10167021715357266,KASTAMONU,TAŞKÖPRÜ,36544,-0.319
54988432B44443308147205,0.001492638853705094,0.0024595981736030494,0.15846456977415865,0.0014858207021850877,0.002448363096220247,0.0013757413627457106,0.002266972305296874,0.0012207473131362256,0.002011570216310284,0.0014852052398810144,0.002447348925943716,0.0014864810630337197,0.0024494512511568423,0.001487637332612509,0.0024513565737585706,ESKİŞEHİR,MİHALGAZİ,2861,-0.452
54988432B44474126810300,0.020530096517617103,0.03382987637852416,2.7800499102503524,0.02044667416529362,0.03369241146870812,0.018802945937401706,0.030983845403187823,0.01652475597319611,0.027229801441936388,0.020367730548389123,0.03356232670274216,0.020472017663122306,0.033734172957642576,0.020426845236022183,0.03365973698881,MALATYA,YAZIHAN,13937,-0.696
54988432B44685519111257,0.22511507602494157,0.2760870353002344,15.565351361237004,0.22000422113924867,0.2712954579582745,0.162391884454343,0.21050748208838535,0.09330799661837455,0.13534769012196946,0.2166686684370944,0.2679325739143519,0.2212187088583461,0.2724964569293857,0.21918117712437687,0.27047308014201316,MANİSA,SALİHLİ,165007,0.616
54988432B44714852164400,0.11593497658032112,0.15748172290011228,10.594236589958667,0.11411290926131062,0.15602165362815384,0.10442490448232455,0.14624009530203003,0.09490684324242694,0.13520294643535702,0.11310345930844604,0.1551335342778418,0.11451551729044723,0.15636209776771037,0.11374807063889951,0.15570675070194753,MUŞ,HASKÖY,27684,-1.032
54988432B44792581222483,0.539833144112522,0.6077052720454168,31.095233431714284,0.5342601285549191,0.6021569096900086,0.4376563538906435,0.4991860054361966,0.13234459362381015,0.21688182386016658,0.5354220830230058,0.6033536287895882,0.5340669529396559,0.6019612387708685,0.536728078438779,0.6047054316719132,İSTANBUL,PENDİK,752033,2.485
54988432B44858754124976,0.2272377063741915,0.3390312711871958,25.10474499335035,0.22567319095695929,0.3369735978230168,0.19394097691459114,0.293956841391254,0.14910949559127767,0.23143747108867993,0.2242448002819315,0.3349844901679053,0.22618447838861216,0.337686163502594,0.22534428737548085,0.33647493613010987,KONYA,AHIRLI,4536,-0.907
54988432B44904988646230,0.03116452527210957,0.051353486645625814,4.379332458372592,0.031142673952414317,0.051317479633025395,0.029681377253231715,0.048909527646863425,0.02576873379658298,0.0424622007023415,0.031121194362022868,0.05128208516291268,0.031149291137687878,0.05132838355447486,0.031139589541358495,0.051312397082895644,ÇANKIRI,BAYRAMÖREN,2209,-0.836
54988432B45006727271001,0.5086989047319067,0.7065459047110708,49.36957722792445,0.4956378247751381,0.6947053330691226,0.3583758640252627,0.534861994989677,0.18976842503304409,0.3127039541146909,0.4880765738334617,0.6869578072227243,0.4985281877874756,0.6975503360758971,0.49391179626190035,0.6929299953431818,İZMİR,DİKİLİ,49138,0.609
54988432B45078999476524,0.47052820171939963,0.5976033871532425,34.16699273105441,0.4648919264878356,0.5914673995958316,0.36641483011035025,0.4775413861800712,0.16698307353151298,0.261280973177143,0.46609673133657786,0.592852349430354,0.4646843863988365,0.5912275486687197,0.467412100427973,0.5943439081267662,İSTANBUL,GÜNGÖREN,251242,1.92
54988432B4509527375863,0.8799656277900673,0.8684445354451708,35.829350572195146,0.8685604049344909,0.859205453459112,0.7382169658519536,0.7458068514754225,0.5568842002121608,0.5861279565294013,0.8591927041050973,0.8512890541477226,0.8724239416305232,0.8624193383764285,0.8653082803761933,0.8564726074604793,ANTALYA,SERİK,147062,0.852
54988432B4527245450623,0.11121794491171397,0.10378288046167441,3.3469353485077553,0.10877117977106435,0.1019471489185229,0.09791743706309441,0.09284652398974536,0.08872037820993889,0.08427971990896731,0.10806858154899002,0.10139930857185088,0.10912750829755768,0.10222122357493382,0.10874888741785792,0.10192864333502141,NİĞDE,ÇAMARDI,11631,-0.733
54988432B45288450631555,0.633227906353286,1.0431753139864866,91.82220543668073,0.6311610429567616,1.0397695219973433,0.5850381989692203,0.9637754497764818,0.5086942144185121,0.8380007473203158,0.6300272666955881,1.0379013102384271,0.6316562615351854,1.0405855401140987,0.6311968710191568,1.0398285644760938,AKSARAY,GÜLAĞAÇ,19099,-0.688
54988432B45351721911110,0.49735332014606437,0.6748029729892616,45.48712060139581,0.49214969082593474,0.6697504457565486,0.4381521567199396,0.6051329341824476,0.35822586064286016,0.5039224479626939,0.49239003135539955,0.6700080330083709,0.49230553802806465,0.6699129551594729,0.4936829565971796,0.671349132852243,SAKARYA,ADAPAZARI,284006,1.392
54988432B45520240817550,0.2855746193843561,0.47057519005459575,36.3109500021627,0.28491369783533715,0.4694861111854327,0.2710262042552648,0.446602039957699,0.251387347569113,0.41424076521464276,0.28389315809424126,0.46780444674459504,0.28521403371731957,0.4699810102596176,0.2845155257139344,0.46882999572913797,ARTVİN,MURGUL,6457,-0.165
54988432B45526631886391,0.08939597743428529,0.1473083608128223,9.6129368012319,0.08922807442747308,0.14703168710312176,0.08569496185971383,0.14120975824389106,0.0806859480714924,0.13295581179563928,0.08912074142369514,0.14685482177538076,0.0892693316444772,0.14709967151565356,0.08922300891981852,0.14702334006502576,ADIYAMAN,GÖLBAŞI,47917,-0.133
54988432B4572982362376,0.4427504561856207,0.5854061996783875,39.1357675122987,0.4361544881697142,0.57899102207991,0.34351353875645274,0.473997586667311,0.20450923724333933,0.3050017823364504,0.4315976621614918,0.5742038463726725,0.4377805770272358,0.5806633906054349,0.43505078037355566,0.5778481640164953,MANİSA,YUNUSEMRE,270355,1.581
54988432B45752355908824,0.40680157852565274,0.5482085045483039,33.237066799192405,0.4018220597851744,0.5425721408053031,0.3185467902335215,0.44010169774264474,0.15479566616535426,0.25024369042593175,0.4028965723316267,0.5438580873191767,0.4016371624789802,0.5423494838986237,0.4040705316963767,0.545242069449262,İSTANBUL,ESENLER,419878,1.354
54988432B45816327347427,0.05738609413857373,0.0945618774314282,6.979993518979455,0.05702972690300501,0.09397464884658933,0.05178687640983377,0.08533538190973547,0.04499476805268249,0.0741432189369606,0.05678373898714555,0.09356930536576373,0.057114484217538154,0.09411431353206079,0.05698073841395599,0.09389392469962411,KONYA,GÜNEYSINIR,9237,-0.621
54988432B4585133817151,5.983208777081857e-06,9.859243141009527e-06,0.0007179850532498227,5.963969276712441e-06,9.827539933061947e-06,5.567563144375529e-06,9.174334506524423e-06,5.017544645108171e-06,8.268003753517531e-06,5.945221814517859e-06,9.796647514806165e-06,5.969942132155181e-06,9.83738211578531e-06,5.959276508078655e-06,9.819807101284084e-06,DİYARBAKIR,ÇÜNGÜŞ,10057,-1.092
54988432B45859142187926,0.00030010785880971944,0.0004945233333435295,0.024587370000771793,0.00029429474950176427,0.00048494438328383437,0.00026890243211823974,0.00044310244857535656,0.000247972616901068,0.0004086139082601813,0.0002909810707015868,0.0004794840414840797,0.00029558503702104065,0.0004870705431502733,0.0002929509531326401,0.0004827300505355022,GİRESUN,ÇAMOLUK,5709,-0.92
54988432B4589751730887,1.6286947181893663,2.324932937458807,176.3047958194939,1.5985238301072018,2.2945788040231823,1.2259443752108867,1.7738304198246497,0.5950433821558612,0.8096459206655866,1.5913596472266405,2.2872665576534374,1.6020877246748881,2.298212433270487,1.6001724739797167,2.2965085790885387,DÜZCE,KAYNAŞLI,20379,-0.099
54988432B45931517008549,0.04277414148896446,0.07048402902185313,5.133285332607338,0.04269531768013179,0.07035414167786497,0.04101427695418725,0.06758409138135671,0.0386029623466347,0.06361068214710239,0.04259889170155234,0.07019524914990136,0.04272455008688129,0.07040231138353263,0.04266397533838309,0.07030249518190905,MUŞ,BULANIK,68983,-1.036
54988432B46025215892894,0.2235291718624321,0.33887380541532,28.92484873180058,0.22072140252197564,0.3354153851933992,0.1862304513159318,0.2832536498781723,0.144337949129732,0.21772722613271245,0.21858510547527066,0.3324106936224487,0.22148836818541484,0.33645477403948265,0.22011119337597276,0.33457035424676346,MERSİN,MUT,62758,-0.179
54988432B4616590264443,0.5984867001285618,0.5836241432826338,24.233954489966532,0.5892375893495972,0.5761633531308089,0.4885101045067136,0.48814378650514384,0.3302703176379952,0.35197624294435376,0.5827202418651748,0.57060996217869,0.591590408193461,0.5781323170329752,0.5871988156806847,0.574439137106848,BALIKESİR,ERDEK,32080,0.352
54988432B46438308523987,0.028787435096375096,0.04743647306915797,4.118430254061364,0.028764323793131024,0.047398389832139454,0.02750591219889794,0.04532475571017245,0.02424920781666283,0.03995829742012641,0.02876096949691333,0.047392862560200706,0.028766891609654118,0.047402621128152335,0.02877178833995988,0.047410690051781626,KIRŞEHİR,AKPINAR,6435,-0.596
54988432B46507991557572,0.3638741539979414,0.4443738615211354,23.874573201870405,0.36046425562107026,0.44108287604879615,0.32647768075497235,0.40239474762982014,0.28202079676019665,0.34973857137727754,0.36021713324076476,0.4408221318904456,0.36072866761963585,0.44135721092792174,0.36119572261874816,0.44183158187947696,ESKİŞEHİR,ODUNPAZARI,431652,1.95
54988432B46518682235057,0.13089217943735007,0.21568657728819657,16.308674794163437,0.13047770479906295,0.21500359824018028,0.12253270722653964,0.20191168289163341,0.11133986866440272,0.18346791451689903,0.12994603299973864,0.21412749952190796,0.13063028995792034,0.2152550309140068,0.13028542806795496,0.21468676105248025,TOKAT,PAZAR,12875,-0.633
54988432B46569875882636,0.11500671335160288,0.18951020965958296,14.421528431656151,0.11478372908677865,0.18914277202445598,0.11005671355101213,0.1813535075620547,0.10331437305805412,0.1702433530051602,0.11455658816158235,0.18876848496675522,0.11487303450002484,0.1892899311519087,0.1147237434538584,0.18904392657848176,ARDAHAN,HANAK,7668,-0.926
54988432B46575800975320,0.2857789023750106,0.33397650451874195,21.489365887452028,0.2812786317331952,0.3303484943513338,0.24839546238502022,0.2984473873736949,0.2107945586988512,0.25887271855482014,0.2780449644943326,0.3274915506476047,0.28239522121211297,0.3312983423700317,0.2800035329194563,0.32923834736687574,GİRESUN,TİREBOLU,32124,0.014
54988432B4660350003677,0.2558186417277532,0.3605027728826955,25.635360790502723,0.25352594716655125,0.35809162972082254,0.22808272008495858,0.3251805503666352,0.19502971037085304,0.28141544777462885,0.25214500716108273,0.3564375738163691,0.2541380854961984,0.3587975508784581,0.25320555521557064,0.3577142048156397,ERZURUM,YAKUTİYE,189149,1.688
54988432B46629415876767,0.30659534928262033,0.5047901311670536,43.59761680409658,0.3049469590587396,0.5020951813881875,0.2675570110793341,0.44061521217648997,0.2041858676770465,0.3363184057855067,0.3027794264133396,0.49853744291309093,0.305574617269476,0.5031242613526358,0.30418771584242776,0.5008494600374463,AFYONKARAHİSAR,BAŞMAKÇI,9089,-0.427
54988432B46815557775592,2.093714622985756,3.105474239476054,255.41897003982803,2.0895389960733377,3.099838605789721,1.9470100346199688,2.903441830191579,1.608601040993407,2.4343839683918653,2.086767804330774,3.096044086543911,2.0906520191948967,3.1013485137795445,2.089418984167645,3.0996612101889007,NİĞDE,ULUKIŞLA,18780,-0.314
54988432B46858449148239,0.1921617239741959,0.31469551723123185,26.475563505707832,0.1917758130950648,0.3141934196628017,0.18248985933601672,0.2994271060074746,0.1622960944199488,0.26655288387367215,0.19116947717527735,0.3132899675487395,0.19193784404546077,0.3144217007636916,0.1915154860693465,0.31381173563533055,ÇANAKKALE,BAYRAMİÇ,28480,-0.229
54988432B47187297633278,0.8252572010701393,0.8672075638072535,40.07203249442238,0.8135576237829699,0.8566152411963321,0.6191377429379683,0.671140533445924,0.20779192678834582,0.295135458437532,0.8159436875468676,0.8588751666269457,0.8131493129891714,0.856226528651469,0.818588244693844,0.8613490202040492,İSTANBUL,KAĞITHANE,446420,2.174
54988432B47223063942173,0.005591102480720412,0.00921312306447867,0.4780228342648257,0.0055848151343392645,0.00920276265771484,0.005447538010268873,0.008976554849440998,0.005245971856260772,0.008644410377234683,0.0055763687100002565,0.009188844481977869,0.005587276337831061,0.009206818274784078,0.005581856803748595,0.009197887865329756,GİRESUN,ALUCRA,8473,-0.54
54988432B47270758673920,0.09426731482188618,0.11288777452190767,5.967915850317066,0.09338581396151849,0.11218658013340625,0.08722716860353841,0.10636819353060739,0.08045581201716148,0.09950223678347779,0.09289844006178809,0.11176650417124753,0.09358663501049247,0.11235453341868727,0.09323811995006029,0.11206096536433678,IĞDIR,MERKEZ,152455,0.033
54988432B47330192202647,0.3029786708788098,0.4302134143455654,33.203740606939846,0.2998464356457038,0.42676989828682377,0.25578814903774616,0.3701241565528486,0.1972701279738116,0.2915183035854169,0.29731407479624394,0.42371648955992813,0.300738039947173,0.4278167745248504,0.29912934303735034,0.425914963063166,MERSİN,ANAMUR,66952,0.316
54988432B47711735094491,0.42101579042740156,0.4239345766633727,17.489841557242162,0.4134267575663519,0.41825664045424,0.3697545740051967,0.38264162319342704,0.3265034491253692,0.34555184122965754,0.408537672022219,0.4144588782832888,0.4153809116434185,0.41974863401569956,0.41147138517473475,0.41674788834244575,BARTIN,AMASRA,13705,-0.102
54988432B47787159486686,0.00022276520157714916,0.00036707665861800246,0.03341478023657237,0.00022165684185230651,0.00036525028276817694,0.00019956990233303807,0.00032885501142224766,0.00016985000486573293,0.00027988200944738695,0.00022058518020808161,0.0003634843787008179,0.0002219996871798922,0.00036581522970056116,0.00022138800885950215,0.00036480729474299957,MALATYA,HEKİMHAN,17116,-0.606
54988432B47827945301604,0.46649921485513246,0.5720498463579603,30.482296836233438,0.4621006389548701,0.5679930635851435,0.4229902198021929,0.5223790268334352,0.35926716785562884,0.45211912012402633,0.4607626872265256,0.5665724114636858,0.4628268049765068,0.5687389512996877,0.4622013678914139,0.5680976005686322,KAYSERİ,BÜNYAN,30362,-0.379
54988432B47932358770374,0.005787878210961741,0.009537373786955575,0.8681817316442609,0.005757172142526426,0.009486775754045898,0.0051485825984840744,0.008483930539823556,0.004333648564372696,0.007141067022012883,0.005729603503309835,0.00944134763558474,0.005768177725827905,0.009504910959705704,0.0057510567738356085,0.009476698735331357,ERZURUM,OLUR,5985,-0.637
54988432B48034047733274,0.0,0.0,0.0,0.0,0.0,0.0,0.0,0.0,0.0,0.0,0.0,0.0,0.0,0.0,0.0,VAN,SARAY,17036,-1.237
54988432B48182517932620,0.07877990314307967,0.12981499537303826,9.531383318749272,0.07856825382165562,0.1294662356692916,0.07410790826054969,0.1221163949703826,0.06774331371021584,0.11162869723099494,0.07849974160999526,0.12935333996766155,0.07859580483281259,0.12951163473990696,0.0786038747495396,0.12952493249937078,KIRŞEHİR,AKÇAKENT,3301,-0.816
54988432B48183111476065,0.0,0.0,0.0,0.0,0.0,0.0,0.0,0.0,0.0,0.0,0.0,0.0,0.0,0.0,0.0,SİİRT,PERVARİ,26437,-1.345
54988432B48404533288068,0.6551916076667744,0.6883333443726631,34.69441090923229,0.6512901619103709,0.6845969101096981,0.6205016976728116,0.6455585260779393,0.5831414320979386,0.5957603451013207,0.651917839769658,0.6852981499572124,0.6511457310397969,0.6844244745137725,0.6527164767061483,0.6861122976244222,KIRIKKALE,YAHŞİHAN,39137,1.778
54988432B4842956932504,0.01225377990443786,0.020192007328414256,1.5093577880208973,0.012231060523745646,0.02015456990869464,0.011747554443736184,0.019357839562057017,0.011055385487894243,0.01821727063248129,0.012207896847063686,0.020116400369747257,0.01224016301439101,0.020169569162741253,0.012224944765883724,0.020144492248696685,ARDAHAN,ÇILDIR,8048,-0.773
54988432B4854228242513,0.22076075893786437,0.3637737006101499,27.058696912680457,0.2201533679546078,0.3627728304067699,0.20616868333219354,0.3397286059647196,0.18259364797015412,0.30088122250343147,0.21919612391823418,0.3611954658100273,0.22039165712095915,0.36316548774440544,0.21977346820554142,0.36214682450679175,ÇORUM,ALACA,28989,-0.339
54988432B48804901701005,0.004253947378865141,0.00700973392035753,0.5669038625092903,0.004244068561690399,0.00699345542096028,0.0040092615404454645,0.006606536027049528,0.003610915215289696,0.005950133514557923,0.004236516617309386,0.006981011185999772,0.004246903542998056,0.006998126956093644,0.004243025160441762,0.006991736084900446,DİYARBAKIR,ÇERMİK,49299,-0.887
54988432B48966185203589,0.031403063744574515,0.051746554794530344,4.547342370226286,0.03118450076378227,0.05138640263378534,0.02696311080293683,0.04443031743475092,0.0214364027199787,0.03532330466127349,0.031002740980789843,0.0510868954695621,0.03124385398040085,0.051484205972369315,0.03114963882107794,0.051328956473656935,KAHRAMANMARAŞ,EKİNÖZÜ,9896,-0.92
54988432B49000461137157,0.1313027901713386,0.19208747561152312,13.681866979293765,0.12991073800077566,0.19088698708642565,0.12074103535897757,0.18015042399260495,0.11086183238237345,0.16715137196546587,0.12946665564620155,0.1904499681332462,0.13014392287255408,0.19110836761341152,0.1299077529154781,0.19088411422077337,HAKKARİ,MERKEZ,76165,-0.077
54988432B490212621980,0.2822206729961895,0.41642458773879965,28.645934628526195,0.28067429909438735,0.41476547331226216,0.2615929206248921,0.39019462020866386,0.23641430355846504,0.35628661815779705,0.27936515947306956,0.413196853711939,0.2811432543441027,0.4153071824602247,0.28023503977889447,0.4142464315273857,KARABÜK,MERKEZ,135819,0.962
54988432B49228485155322,0.14315952859338021,0.10355825336575207,1.575513232207133,0.142498702844662,0.10308023722743088,0.1292486587987658,0.09349565144369255,0.1113199811484062,0.08052670405772457,0.14180517508469387,0.10257856559065508,0.14272260536965534,0.10324219978842211,0.14230413825696608,0.10293949660428386,ŞIRNAK,BEYTÜŞŞEBAP,13971,-0.723
54988432B49266888844596,0.10751975418252274,0.17717305854469687,14.508819928757632,0.1071834241852248,0.17661884769521466,0.09984004442298061,0.16451828940781937,0.08879112663070353,0.14631167636494052,0.10690102918118921,0.17615351193470138,0.10728424535797916,0.17678498270620646,0.10713055500877218,0.17653172887908586,YOZGAT,YENİFAKILI,5008,-0.352
54988432B49369799231556,0.769975930654931,0.855331545142915,46.57931123032727,0.7534990022648682,0.8400111660424464,0.5431474634165984,0.6201348084203654,0.20493613432954091,0.2730742870718226,0.7567107508614813,0.8432064995329995,0.7529537456243366,0.8394642367028543,0.7603297789625427,0.8467382815520097,İSTANBUL,SARIYER,344883,3.249
54988432B49466488520604,0.008639008088662171,0.014235518835565288,1.106985319485734,0.008621116127485971,0.01420603612786146,0.008214340454038477,0.013535743577862447,0.0075659693186567985,0.012467345514631542,0.00862514768323048,0.014212679400694248,0.008620254747638917,0.01420461673006585,0.008630330871231705,0.01422122035466286,KIRIKKALE,SULAKYURT,5564,-0.809
54988432B49471063177420,0.6523569495841429,0.7721283797646965,41.87851441155559,0.6413421078817095,0.7618423709517391,0.49041960498236714,0.6033462521748902,0.20196822642595164,0.30755084879936617,0.6435357960451001,0.7640052076329734,0.640969349215059,0.7614730326243451,0.6459930201002313,0.7663931396636241,İSTANBUL,ÜMRANİYE,728913,3.364
54988432B49528694857663,0.14713459737877482,0.10943245089264794,2.0330171167476,0.1460025537108879,0.1085983027221605,0.1243315776107262,0.09262502655303971,0.096164537447089,0.07184152215198564,0.14478696967763768,0.10770464879722816,0.14641028110680218,0.10889813939614641,0.1456456642500458,0.1083365794894893,KÜTAHYA,DOMANİÇ,13900,-0.483
54988432B49585252089849,0.9074411063665124,0.9048091028338089,36.478293532622565,0.8698437761480876,0.8763780695095842,0.6818632318294032,0.7202040029750993,0.5015531211161226,0.5588180575372995,0.8730878184195083,0.8788791800869167,0.8699009057150163,0.8764265110773924,0.8805855990908356,0.8846487041016537,YALOVA,TERMAL,7497,0.158
54988432B4974900305842,4.9059348539946286e-05,8.08409105574896e-05,0.006364800240086896,4.8953549913544284e-05,8.066657360543849e-05,4.672359429501607e-05,7.699201109962317e-05,4.333542431218382e-05,7.140892133819496e-05,4.880603538186526e-05,8.04234964057548e-05,4.899665954579427e-05,8.073761046240057e-05,4.889958711721994e-05,8.057765270206493e-05,TUNCELİ,OVACIK,6700,-0.375
54988432B49773192126459,0.44527618965037186,0.5538052136015617,22.509816376087446,0.43081732231901104,0.5428954912842262,0.3644561293884491,0.4852077554665441,0.3073489910946006,0.4298531544239904,0.4271600364121985,0.5400070244234912,0.43290745025723143,0.5445240909992636,0.4311016203845683,0.5431168412649436,KAYSERİ,ÖZVATAN,3877,-0.325
54988432B49774996339871,0.7305436835594129,1.0388915315448644,79.403259856257,0.7249791783847188,1.0333984520380435,0.6507798081661823,0.9487734199037953,0.5151235725058417,0.7765481459448941,0.7198721426874991,1.0280173670878194,0.726637450793397,1.0351027484579356,0.7231154343024266,1.0314538069826915,AFYONKARAHİSAR,MERKEZ,331982,1.178
54988432B50131654423390,0.2516907352648691,0.39196816939674894,27.491753714822075,0.25017166970926036,0.3895894730539367,0.21197518987548009,0.33367593861044986,0.1431829054501133,0.2320637925364044,0.2503579167590124,0.38987549444992836,0.2501966827729897,0.38962783301461873,0.25084576926995733,0.39063002665427204,KOCAELİ,GÖLCÜK,181227,0.892
54988432B50302580927111,0.1977617983465382,0.29153718916210686,20.269875482049514,0.19603790393934845,0.2895472475061505,0.1731046225645147,0.25897011910270507,0.1421934884702736,0.21634756320421383,0.19471004613667886,0.2878731232632789,0.19651098121828273,0.2901287192160527,0.19566017497112229,0.2890761136736391,MERSİN,AKDENİZ,254292,1.183
54988432B50394805884304,0.0007121784315319204,0.001173540917233473,0.08924267794900746,0.0007101489236942406,0.0011701966563236893,0.0006680528693176428,0.0011008299919067978,0.0006092595563385676,0.0010039492729944813,0.0007080020940025684,0.0011666590702722702,0.0007108388084762534,0.0011713334613489797,0.0007095480870525573,0.0011692065864867362,VAN,ÖZALP,51357,-1.159
54988432B50445752113083,0.03557829967106406,0.0586265865139676,2.1669987838854268,0.03553667599976566,0.058557998251207284,0.03462049263201187,0.05704829419089887,0.03326119798306392,0.05480842308769003,0.03548608497106785,0.05847463340948623,0.035554222300820275,0.058586911373708604,0.03552046794190273,0.0585312903108248,ISPARTA,SÜTÇÜLER,9228,-0.811
54988432B505648184983,0.4759158312978669,0.5689855575681951,30.241032429354004,0.473666707496273,0.5663885886062806,0.4252756362575644,0.5142977991289693,0.3516776632233061,0.4371089972669302,0.47019026593987245,0.5625198613179729,0.4745355123564146,0.5673699377839576,0.47228652168722407,0.5648454006247899,ÇORUM,SUNGURLU,49079,-0.243
54988432B50626886861490,0.46821094613605835,0.6923503064163794,53.86095963485361,0.4604677921312248,0.6855487267003099,0.40174945780519916,0.6126224951437907,0.32403265951636506,0.5024325058982909,0.455458202308088,0.6803337209386888,0.4627217511831218,0.6877201234239886,0.4586426438906497,0.6836838285629383,ANTALYA,KORKUTELİ,58381,0.081
54988432B50709390359139,0.493534431816597,0.6199631371109531,37.05920589878182,0.48488044492230403,0.6123109747555512,0.39054608622015635,0.5135625687658039,0.24557011764707354,0.35112950581130614,0.48477638763728115,0.6122127861443445,0.48532653520236,0.6127309631827781,0.48712008100046805,0.614402388795837,BURSA,OSMANGAZİ,886111,2.374
54988432B50747108890679,0.024750435006901973,0.04078422894308805,2.9701202728006613,0.024704754569696136,0.04070895586571775,0.02373049858928123,0.03910355866993781,0.022333188613068697,0.03680104520064238,0.024649074443438442,0.04061720511401417,0.024721669338440482,0.04073682833748629,0.024686719800485563,0.04067923783626839,MUŞ,MALAZGİRT,40595,-1.027
54988432B50828281350950,0.6818441880150578,1.0464142802163054,72.4106442195326,0.6772591871556427,1.0399924845219382,0.5896760102278171,0.9158678903407509,0.4757499099582268,0.7528712485958317,0.672307250704381,1.032626806694955,0.6790520881123341,1.0426638185299872,0.6757964840750591,1.0376765564967516,ANTALYA,AKSEKİ,10609,-0.182
54988432B50977665989913,0.48216894262118937,0.630583824008202,38.35725083200283,0.4764349957833404,0.6242256335876812,0.3778500065940332,0.5059120884277464,0.18556005849363472,0.28371059922572844,0.47766663223481187,0.6256606553117336,0.47622579039137,0.6239820505694399,0.47902412701378944,0.6272290297333513,İSTANBUL,SANCAKTEPE,507500,1.275
54988432B51005953593095,0.008091236054515238,0.013332889849729699,1.1604587316344934,0.008044381955251523,0.013255682790105873,0.0071362933043251555,0.011759317355329759,0.005921147816995638,0.00975697793218074,0.008015589979732311,0.01320823883524319,0.008056007414886063,0.013274839439561594,0.00804324899474514,0.013253815876628884,ŞANLIURFA,HARRAN,101710,-1.447
54988432B51165292836212,0.1673403395612347,0.2597188110735137,19.91689736626264,0.16564400939266843,0.2579006175852582,0.14795099287939364,0.2330424755308341,0.12443276812980199,0.1978544101712617,0.1643443333174592,0.2562669381282297,0.16608150623923074,0.2584218552228332,0.1651962598470018,0.2573496917831359,SAMSUN,ÇARŞAMBA,143206,-0.015
54988432B51178823005905,0.14078221775576477,0.19383047815909024,13.086095865275029,0.13999128242912517,0.1930051693744126,0.1309581048371743,0.18206120367929887,0.11949351678443791,0.16768034536717966,0.13958058805909448,0.19253939800597847,0.1401985268244698,0.19323479983889746,0.13993237992031937,0.1929391248560541,KARS,MERKEZ,121154,0.398
54988432B512462683964,0.03096002100222407,0.051016500691216396,3.5044037166552022,0.030862959632224934,0.050856561153407434,0.02889073058491694,0.0476066853039047,0.026173842873500306,0.04312974700345954,0.030789600680199782,0.05073567890250621,0.03088854508909702,0.05089872134697146,0.0308525031239183,0.050839330723776444,HATAY,REYHANLI,117645,-0.54
54988432B51380550593874,0.44756827608003097,0.506502822876536,26.167194939436126,0.4424170999010457,0.5015567128070809,0.34868249380553784,0.4065376324783484,0.11330490877054146,0.18504784239261274,0.44344271257015916,0.5025711190675106,0.44225210504059514,0.5013989458950266,0.4446317388008936,0.5037651415308732,İSTANBUL,TUZLA,313865,2.73
54988432B51585452929549,0.5585566070133842,0.6603262882805563,36.79218828370691,0.5531913713029459,0.6555888004259538,0.4979020429444327,0.5986901880626111,0.42369342416909256,0.5203213395173164,0.5483869405111276,0.6509369983581704,0.5547451753431157,0.6570412053049841,0.5512847083275912,0.6537657283912127,TRABZON,ORTAHİSAR,335116,1.807
54988432B51640107069118,0.12219043357754046,0.20134767798189845,17.137224561350905,0.12160082528486328,0.2003761104280924,0.10988860088610801,0.1810764883738356,0.09416783574950237,0.15517151804450416,0.12107120937092022,0.19950339943613885,0.12181219575447907,0.20072441063462276,0.12148335992623131,0.20018254881683217,ERZURUM,OLTU,29765,0.025
54988432B51915781882505,0.28943639493228274,0.3545172308319261,21.23262092083233,0.2868916350356514,0.3521240368623935,0.25216268106127887,0.31591559506139966,0.20455687940890516,0.2654757308431273,0.284727566805558,0.3499756483803874,0.2877272680872744,0.35293874298793043,0.28619575050337837,0.3514534445272095,BURDUR,MERKEZ,120832,0.917
54988432B51986121551962,0.9119887390562003,1.4565287556290358,109.59402171432819,0.9061203718424328,1.4498922881898768,0.8398181344457094,1.3527723739339725,0.7520118891570936,1.21718421632269,0.902969077369773,1.4456562367758314,0.9073624158244371,1.4514920560280458,0.9056127702262072,1.4491711636855586,ADANA,POZANTI,19983,-0.185
54988432B52020069669764,0.24449674615709752,0.3147302865420059,18.728836795097813,0.24228411219287196,0.31274177831483413,0.22015025979141786,0.2887657427031327,0.19087428408286303,0.2558357369950533,0.24123221350547142,0.31169391547129277,0.2427270416358239,0.31317109137646115,0.24212912082825291,0.3125896276661812,DİYARBAKIR,KAYAPINAR,454311,0.857
54988432B52055893511885,0.24095096150756654,0.39694390388370093,32.355998284506065,0.2400421373874365,0.3954493157974992,0.22214885210665458,0.3659847918324179,0.1949231274108908,0.3211427109871825,0.2392913601287671,0.39421358429035197,0.24032831651438652,0.395920252125363,0.23988369271994947,0.3951885497680706,ISPARTA,ATABEY,6204,-0.299
54988432B52081033175293,0.0327901300759803,0.054032188594644474,4.065502604344707,0.03261141540089094,0.05373769921608198,0.029431633491410703,0.04849799521293345,0.02486509741241033,0.04097317179585464,0.032510717126569624,0.05357176671942285,0.032653710000369415,0.05380739304682495,0.03260757777312962,0.0537313755014009,NİĞDE,ALTUNHİSAR,12004,-0.975
54988432B52253881676489,1.1022359164544266,1.0840148386219703,44.30582758907684,1.0978517938360346,1.080267665377319,1.0684039467383897,1.0456513907067446,1.0289320362800234,0.9921452138006376,1.0967639155955886,1.0792414905907302,1.0983839012995222,1.080758426174043,1.0980408789971552,1.0804508898646714,DÜZCE,CUMAYERİ,16162,-0.237
54988432B52278117237199,0.16202277265229387,0.233424016285878,16.060197927723177,0.15753419337213218,0.22819032681839846,0.11919444294506693,0.17824404127314675,0.07643452344183355,0.12028774891475832,0.15497033469299884,0.22501231462338256,0.15850674107104928,0.22937296027020687,0.15687017451223845,0.22736680459776004,MANİSA,SOMA,110188,0.416
54988432B52458051755801,0.4687069812832919,0.687946019115039,53.13403410133459,0.4606792159305891,0.6807495061851976,0.4002944516761064,0.6053735189950584,0.32530951619206544,0.4999073083269658,0.45449508770071884,0.6741745418839331,0.4627318982788181,0.6827802001469697,0.45809830702539517,0.6780777584088884,DENİZLİ,ACIPAYAM,54769,0.052
54988432B52534848164203,0.2464425245047272,0.3109180173759074,20.93011468237272,0.24435081538371883,0.3086417640054498,0.20522347526467197,0.26547832905710633,0.15414623691831048,0.20786261271756915,0.24183886923582734,0.3058431205426654,0.2451202088142821,0.3094846403058019,0.2435139991254177,0.30769268223525315,UŞAK,SİVASLI,19193,-0.434
54988432B52559980919488,0.0002333420805617453,0.0003845054372997029,0.028001049667409437,0.0002317742938903171,0.00038192200914889993,0.00020135219007845248,0.0003317918984479171,0.0001613703596542895,0.00026590909173651725,0.0002306540263648432,0.0003800760114028525,0.0002321700416256544,0.0003825741296565679,0.00023164193827822252,0.00038170391109995395,KARAMAN,SARIVELİLER,11594,-0.631
54988432B52670947871077,0.2021231803103523,0.27859482831005533,18.190715230499386,0.19989623694657688,0.2764212626227153,0.1783404939614359,0.25043669799506485,0.14777433811923632,0.2121016135657421,0.19986267626367374,0.27639131802100086,0.20002441975216592,0.2765550281154487,0.20044918278294196,0.27700794687166713,TEKİRDAĞ,KAPAKLI,152509,0.149
54988432B52977689381309,0.5822650212075686,0.9594671739651962,80.88320426459661,0.5752958072653589,0.9479831731024566,0.3178954888533738,0.5238341222590795,0.04359162938277195,0.07183110083735658,0.572382866270047,0.943183174540113,0.5766494269959654,0.950213692969261,0.5763306117422046,0.9496883432412131,BOLU,YENİÇAĞA,6443,-0.091
54988432B53167672259322,0.09767384843285778,0.16094879120820665,11.720564035884713,0.09752761310477173,0.1607078219040887,0.09437724171091594,0.15551658109773767,0.0898134370961975,0.1479962586385044,0.0973720862804756,0.16045154189902558,0.09757983537634599,0.16079387473828,0.09748437537130782,0.1606365739595544,IĞDIR,TUZLUCA,21525,-0.953
54988432B53179569886424,0.052995398120770094,0.08732680655046504,7.949309718115514,0.052782202918413866,0.08697549951525374,0.04846094684887589,0.07985485307762145,0.042555713115692485,0.07012409866989337,0.05255790371703386,0.08660589510311782,0.052854502283333625,0.08709463575873816,0.05271933300510242,0.08687190129819569,VAN,BAŞKALE,37568,-1.13
54988432B53180025567005,0.4559083356949676,0.5230674418303072,28.462489865596286,0.4445412108076608,0.5128261572527335,0.29673484216122337,0.36530368279119046,0.09845456907605034,0.15556234971957886,0.43751766898769323,0.5060942572675857,0.44717810709331407,0.5153125028993936,0.44301253639743077,0.5113724448190566,İZMİR,BALÇOVA,75743,2.902
54988432B53191699702586,0.3048392827893602,0.5023198621220609,40.952685950268865,0.30435316009503144,0.5015188200694908,0.29204687625452674,0.48124029577487504,0.26970600652216165,0.44442659348243463,0.3041829004761809,0.5012382630904709,0.30440007801571756,0.501596132295246,0.3044262676508383,0.5016392880650093,KIRIKKALE,DELİCE,10577,-0.567
54988432B53264158604699,0.07104078281195471,0.08861737363683328,3.8855257270493584,0.06951093652099097,0.08742099791274648,0.06254898711186921,0.08124710192073696,0.05661759961445996,0.07544685153007455,0.06902238010568448,0.0870226804237853,0.06975760692179635,0.08761933948763194,0.06946127352491696,0.08738083506053372,BİNGÖL,GENÇ,31654,-0.646
54988432B53366813523086,0.010960207308472057,0.018060434251267857,1.0912724618602894,0.01087066821496537,0.01791289006111867,0.009168884043080812,0.015108658327070016,0.006969890523316308,0.01148511574572011,0.010899652368389901,0.017960650690322082,0.010860633420905937,0.017896354540098438,0.010922049177958368,0.01799755657132095,ÇANKIRI,ŞABANÖZÜ,12493,-0.13
54988432B53536511485227,0.02011295523869616,0.03314250319028,2.5208289066865084,0.02006357873231213,0.033061139661105084,0.018985192867954144,0.031284155298256455,0.017307424708389564,0.028519497597734273,0.020023143737854677,0.03299451012223817,0.020078463678247102,0.03308566735294759,0.020056248735207446,0.03304906115501069,MARDİN,SAVUR,23404,-1.187
54988432B53827515712980,0.0813904411623001,0.13411668866492713,11.055587876331094,0.08079412826223141,0.13313407313387338,0.06903261256244599,0.11375322795341467,0.05286058275941604,0.08710465528076104,0.08036895342444429,0.13243346209732737,0.08094439300232754,0.13338168217833848,0.08074388629737353,0.13305128348606546,KONYA,TUZLUKÇU,6052,-0.686
54988432B53845687770419,0.030117983962702575,0.049628976335025166,3.4944567343099933,0.030073504217365352,0.04955568178013521,0.02912054452345083,0.047985377002893646,0.027746902013107567,0.04572186322577516,0.03002626002634092,0.04947783192002429,0.030089379546107027,0.04958184144325898,0.03006036516996579,0.049534031012498675,IĞDIR,KARAKOYUNLU,12614,-1.008
54988432B53887880755760,0.1700697550919412,0.2802441179732965,19.04145609427273,0.16956017493311928,0.27940442227273804,0.1590743089266656,0.26212561647580995,0.14452938495585477,0.23815821917471452,0.169178982722375,0.27877628663027426,0.16970643823656725,0.2796454376751797,0.16950872402696507,0.27931964050888874,YOZGAT,ÇANDIR,4360,-0.246
54988432B53975105954432,0.233979590777736,0.3347938769939556,18.93470426678703,0.2329640468968065,0.3335061418945694,0.21644604595129222,0.31193862590425864,0.19439172830607623,0.282865991887175,0.2317218105238096,0.33190455457452694,0.2333239468459768,0.33396735324389687,0.2324903732777657,0.3328971351907108,TRABZON,VAKFIKEBİR,27278,0.268
54988432B54046828010394,0.5371041717456255,0.7061214917359351,51.632195794052706,0.5289356894066343,0.6988675050837971,0.43928347494025993,0.6090478517539885,0.30648169897981975,0.45311636473325656,0.5254778658228322,0.6958065550566214,0.5304899070447451,0.7002440649243509,0.5288134809447723,0.6988316844344806,BİLECİK,PAZARYERİ,9671,-0.301
54988432B54174343653702,0.0329285896278858,0.054260344829583224,4.182097439825705,0.03281769350977532,0.054077608135514765,0.030501396438185557,0.05026077057118196,0.02697295142671514,0.0444465329983564,0.032648677291904675,0.05379910005584631,0.032860735013206105,0.054148532728536494,0.03275078990213233,0.05396736312162029,ÇORUM,MECİTÖZÜ,12911,-0.719
54988432B54271266334519,0.9078428288984864,1.024986190562146,43.86878544585589,0.8991062389122815,1.0167378808138028,0.7553346879334836,0.8718267173301336,0.2840340573200438,0.4564008394815535,0.9009579617334026,1.018571000989046,0.8987876689362884,1.0164210655788462,0.9029850943408891,1.020554358479741,İSTANBUL,ARNAVUTKÖY,358469,0.771
54988432B54371486123603,0.040203406749392503,0.06624792431737356,2.9652390483465876,0.04015194750846991,0.06616312881933731,0.0390874636211177,0.06440905239377571,0.03754129957390588,0.06186125440689291,0.0401106291019221,0.06609504357753289,0.0401672545903384,0.06618835211465317,0.040144606707209395,0.0661510325099532,MARDİN,MAZIDAĞI,37381,-1.019
54988432B54408958625108,0.34279393388130974,0.3676356656659604,15.43046517171761,0.3393956746168466,0.3650328402192143,0.315220644935609,0.3444335137809947,0.2885655911637849,0.3206476669593107,0.3370774446819082,0.3631636319157585,0.34025184761088656,0.3657084903520932,0.3385151167267625,0.36432884026558193,SİNOP,MERKEZ,70311,0.917
54988432B54459736325466,1.0572559091521914,1.024599101529524,45.96572579321382,1.0432245429527152,1.0135556947327007,0.8214612654503629,0.8348286765121705,0.5287736738176522,0.5862207484628874,1.0275528263379323,1.0011509674116734,1.048021153584092,1.0173454306663439,1.037623967362115,1.0091313641460595,AFYONKARAHİSAR,İHSANİYE,27636,-0.592
54988432B54492076476235,0.6054178681058385,0.6598957734921236,33.348329882859474,0.5936726637318842,0.6501879745201076,0.4746878634599545,0.5410957965007728,0.32864280616682623,0.3998085827900116,0.573816905846564,0.6327556864233393,0.5990672450691811,0.6547663465344072,0.5830962572311182,0.6409810714653669,MUĞLA,ORTACA,58704,0.884
54988432B54526822258807,2.451153469907778,2.692647980583644,133.29909821385968,2.446701238556022,2.6853115106304095,2.366140651978718,2.5525638055804927,2.2487968098784283,2.364001041440161,2.444525308780279,2.681725972917103,2.4477720232168303,2.6870759695881197,2.4468531693745823,2.685561865070076,KAYSERİ,PINARBAŞI,20598,-0.512
54988432B54547584341772,0.00657955700445151,0.010841916885049433,0.26318228017806045,0.0065764510431072665,0.010836798823952054,0.006506371067188615,0.010721319731103976,0.006399943833734421,0.010545946948614904,0.006571392162187912,0.010828462705514005,0.006577699916323812,0.010838856740557167,0.006574445952528611,0.010833494798257605,YOZGAT,AYDINCIK,9317,-0.928
54988432B54701256478195,0.9271083429522127,0.9978258006874197,56.100495502449064,0.9128955243234227,0.9862879121771585,0.7144684372899034,0.7997200879444435,0.3096450260873859,0.40457065948564497,0.9141674817639267,0.9873871818423442,0.9130498571584387,0.9864104568212207,0.9176483299111053,0.9903051790266245,KOCAELİ,DİLOVASI,55355,0.665
54988432B54705083603952,0.051758602698908446,0.08528879196094762,6.385083892493087,0.05163543569237868,0.08508583506782053,0.04935387050977197,0.08132622935866585,0.04616120857960532,0.07606530141693522,0.051550225954639026,0.08494542487094171,0.051675335463640226,0.08515158265591154,0.051623649220182435,0.08506641309885922,KARS,SELİM,20476,-0.977
54988432B54940394851011,0.5080428232031465,0.41498982092573294,11.174906530724432,0.5077968957954798,0.4146773666259358,0.49144119001913505,0.40009465857827414,0.43518109780213365,0.35531816890210066,0.5075801480198325,0.41442154228591976,0.5078715348353455,0.41476897912609906,0.5077683994079834,0.41464293024914595,DİYARBAKIR,EĞİL,21674,-1.166
54988432B54960387029794,0.009028099196263647,0.014876670427758035,1.1353503360457737,0.008977888025507145,0.01479393152304535,0.007998585025400838,0.013180217753980249,0.006704264074540487,0.011047411523665372,0.008941566489211837,0.014734080217344282,0.008990666824538905,0.01481498866669489,0.00897338623757208,0.01478651339282882,GAZİANTEP,KARKAMIŞ,9087,-0.837
54988432B55011186911160,0.8219117502154117,0.9053308528631958,44.595840111620994,0.8107271658062823,0.8960252250678404,0.6926240821027331,0.7870441318609411,0.532097572692636,0.6341828325208558,0.8020430739702186,0.8883611130021205,0.8143791019103592,0.8991762157574159,0.8076926763365927,0.893368993284635,ANTALYA,AKSU,87070,0.476
54988432B55013104325920,0.1827024917418035,0.19790196554964684,11.010382377493483,0.18035146378790445,0.1958214337440828,0.13990159513680672,0.16043319754635285,0.08646864699585051,0.11003026550800635,0.17894633854021028,0.19461863597906698,0.18093976780239523,0.1963278761130885,0.18028250170827603,0.19576784609864623,BİLECİK,SÖĞÜT,18284,0.102
54988432B55023919833047,0.1290125630986637,0.1533360100526844,10.099512780605078,0.1274492612981141,0.1516305940714398,0.09904906739228035,0.12034551154096713,0.06360465645308373,0.08093724157553898,0.12634701539458848,0.15042434059208268,0.12784102383704324,0.1520587394886886,0.12731686781091178,0.15148489855980787,KONYA,AKŞEHİR,93613,0.372
54988432B55107269659829,0.2834604884083674,0.36527987741261586,24.787529052782617,0.2791046830682233,0.3613331329870221,0.21148325437901233,0.2855414809615114,0.06791678092164137,0.11191453974095185,0.27665417398343034,0.35886674394429846,0.2800405452620741,0.36224629015553433,0.27856783774493116,0.36080099383615577,İZMİR,TORBALI,224133,0.927
54988432B55138126050611,0.07057060620885232,0.11628756260129289,7.1360317705524,0.07041634828948139,0.11603337352145839,0.06706175484062596,0.11050561179965632,0.0619966579536492,0.10215925057409495,0.07019223591365735,0.11566407696396198,0.07047772094033188,0.11613450452147643,0.07033237034577942,0.1158949930977949,TRABZON,DÜZKÖY,13105,-0.616
54988432B55145438477707,0.0,0.0,0.0,0.0,0.0,0.0,0.0,0.0,0.0,0.0,0.0,0.0,0.0,0.0,0.0,BİNGÖL,KİĞI,4487,-0.517
54988432B55187358367890,0.962231408400292,0.6962323597021635,10.607263449960218,0.9453831893584007,0.6840442350813433,0.6518845633408095,0.4717279849316086,0.2987119053961268,0.21624069417579955,0.9348260161301701,0.6764077085325388,0.9497624928471516,0.6872120667499686,0.9447505862837272,0.6835869374174273,BİLECİK,İNHİSAR,2079,-0.43
54988432B55191393233977,0.0075872298034125145,0.012502378938386573,0.4779737734863895,0.007577920702302563,0.012487039227758586,0.007373617194312858,0.012150384092549671,0.007061997370072409,0.011636891127618619,0.007563002792571283,0.01246245721755702,0.007581636515641322,0.012493162214359652,0.0075719885811900405,0.01247726416782515,ÇORUM,ORTAKÖY,6491,-0.697
54988432B55246961354568,0.3848847171724695,0.47830467183006664,28.01103341180573,0.38175890124611134,0.4754586618432624,0.3518027606513088,0.4425764303982398,0.3134916927263234,0.39939270294360335,0.37901585761658924,0.4726554831806884,0.38268448134976835,0.47636228525842383,0.38064828132192535,0.47434155841311176,RİZE,MERKEZ,153597,1.079
54988432B55251089321769,0.2250203909304622,0.34040765808952755,24.436094737296546,0.22425385901218026,0.339154946240473,0.20696597949816214,0.3131673826980296,0.17502178629721302,0.26752464123499936,0.22429710466907038,0.3392249844309278,0.2242863745214015,0.33920767556789033,0.22454082862119226,0.33962139713285705,SAKARYA,AKYAZI,99561,0.153
54988432B5550622380583,0.29223675347010747,0.23842713996560372,6.9340446706343615,0.27190823391982427,0.22356571025583616,0.18784888523155616,0.1595968941078342,0.12261676218031484,0.10801581707713925,0.27083221005194846,0.22277123216549022,0.2731132749406982,0.22445472247837045,0.2753754806541484,0.22612163823737683,ESKİŞEHİR,MİHALIÇÇIK,7605,-0.552
54988432B55561929668739,0.4623037111618682,0.5516075557754668,31.517374110173133,0.45313648925194594,0.5441063906606353,0.38312781946248703,0.4764875513836459,0.3044678491299255,0.39413491340339785,0.44704302182484945,0.5387011601746693,0.45530316802338927,0.5459703136113603,0.4509880592211372,0.542224677897367,SAMSUN,TEKKEKÖY,59356,0.65
54988432B55663903529384,0.011563603808822388,0.01905472227113027,1.3885653100788486,0.01153187315733141,0.01900243591113052,0.010871092612938801,0.017913589392023626,0.009944961550598985,0.016387493334833553,0.011487648512223095,0.018929561715160984,0.011544801066275964,0.01902373876087854,0.011515741444044502,0.018975853772765915,ERZİNCAN,OTLUKBELİ,2123,-0.508
54988432B55699950689124,1.0898030371668521,1.5979377265780979,124.9698737356124,1.080890869735943,1.589728281182119,0.9648718162113793,1.450065832031061,0.7504159165066218,1.1580621111471994,1.0744913925170636,1.5830610686113251,1.0831515262851688,1.5919839790288386,1.0789126023810323,1.5877053958129608,BALIKESİR,KARESİ,189444,1.108
54988432B55782833722779,0.07138470528950139,0.09455282173640389,7.033991481897635,0.07079523576019407,0.09382474064814708,0.05962117319010906,0.07991959980523303,0.04521884727831965,0.06188428432717008,0.0703072022113522,0.09322088067848172,0.07095494674093522,0.09402218692566881,0.07070151680082623,0.09370883613765477,KAHRAMANMARAŞ,AFŞİN,80124,-0.307
54988432B55907978535703,0.17715457950847577,0.2919186239343009,23.40041332807089,0.17670783081855945,0.2911824631013906,0.16742766794156694,0.2758904374340088,0.1543795769340671,0.2543895494386373,0.1760221329528532,0.2900525573549683,0.17691010694152587,0.29151577747370294,0.1764400831955387,0.2907412635688086,ARTVİN,BORÇKA,21628,-0.29
54988432B5616470788648,0.16892573165775115,0.2783589747972977,25.33884474980816,0.16802954315011764,0.27688221864083834,0.15026722226991118,0.24761313463738877,0.1264825185394024,0.20842025572362086,0.1672249238862337,0.27555635199400524,0.16835075247050238,0.27741151335657044,0.16785105984612755,0.2765881105198934,ERZURUM,PAZARYOLU,3537,-0.612
54988432B56207670393992,0.20681858981528695,0.178193009571791,5.5398606145671705,0.20669169505450155,0.17800496345289543,0.19744271880301476,0.16936420030026356,0.1720961643975014,0.14836197438422338,0.2064261153400739,0.17766959313468234,0.20674657997865117,0.17808231824185902,0.20659992593691257,0.17788349145920085,AMASYA,GÖYNÜCEK,10823,-0.798
54988432B56214767138280,0.16414318506047687,0.270478205214871,22.24732921073923,0.16319520781262564,0.26891611060528453,0.14824880560293494,0.24428714996578413,0.12824758247432055,0.2113287610327524,0.1625665852334849,0.26788025458177134,0.16342306122008227,0.2692915717045574,0.16309591030280896,0.26875248631453114,ÇANKIRI,KORGUN,4239,-0.606
54988432B56294268584472,0.08480077477699292,0.1397363000727733,11.326248000832992,0.08438098461869298,0.13904456201162868,0.0760717992282097,0.12535253117655323,0.0649482938590021,0.10702301133171323,0.08414871891824058,0.13866183025357126,0.08448286611837008,0.13921244424912219,0.0843892661889555,0.1390582085377403,AKSARAY,SULTANHANI,12811,-0.667
54988432B56298915275499,0.009308873184826521,0.01533933504870789,1.396330977723978,0.00925451764701634,0.015249766978580756,0.008186169473600131,0.013489322910289194,0.006766202705496643,0.011149475156269515,0.009181358668188661,0.015129214247248217,0.009275280650681818,0.015283980643706358,0.009228113119171983,0.015206257104574988,SİVAS,ALTINYAYLA,8245,-0.664
54988432B56342138183442,0.05525461090821927,0.0906817519057229,6.282134095337415,0.05508571499429634,0.09040348216999039,0.051678667280414835,0.08480220261525356,0.04692948494592707,0.07701796921115306,0.054961153254014745,0.09019830631004681,0.05512958798134312,0.09047575877887659,0.05506885231052867,0.0903757040347827,OSMANİYE,BAHÇE,22989,-0.302
54988432B56417495854630,0.04529043046020779,0.07463041697267242,5.769981799388021,0.045054178085964916,0.07424111589910415,0.04031086555045725,0.0664249969362327,0.03304112958084035,0.05444579026540131,0.0448836028348616,0.07396003881536474,0.04511396563145478,0.074339634932912,0.045031145773581235,0.07420316282470028,KARAMAN,AYRANCI,7127,-0.683
54988432B56455899662396,0.17939519158052195,0.21113904776994985,13.059191409817222,0.17811580233609,0.20988423138373027,0.15321050566646555,0.18473278556970515,0.1194396641713126,0.1492428011059078,0.17659358125697416,0.20838700724848677,0.1785665611679072,0.21032633674364495,0.17761655097375312,0.20939419353856178,SAMSUN,SALIPAZARI,19406,-0.73
54988432B56795021168307,0.15157896498312612,0.24977464877300964,20.8185099891566,0.15103335424545059,0.24887558121185527,0.1403814570668469,0.23132318614933378,0.12512867039510192,0.20618935947246694,0.15008707557440915,0.2473162855488517,0.15126883128432939,0.24926360467333356,0.15062496795773966,0.24820263466159964,KASTAMONU,DEVREKANİ,12033,-0.416
54988432B56881334411640,0.0,0.0,0.0,0.0,0.0,0.0,0.0,0.0,0.0,0.0,0.0,0.0,0.0,0.0,0.0,TUNCELİ,ÇEMİŞGEZEK,7505,-0.427
54988432B5693993852815,0.03815198118724331,0.06272440441007254,4.646106586144029,0.037952468057676735,0.06239580258658647,0.03506113217797066,0.05764373929304437,0.031216217817538017,0.05133329161367614,0.03783757171177382,0.06220666378110035,0.03799701487807753,0.062469148868580175,0.03793866022902985,0.0623730678371569,OSMANİYE,KADİRLİ,127644,0.157
54988432B57432661063863,0.12597504290977093,0.1724922077447351,11.282945970971138,0.12456046327860705,0.17115980579656703,0.11025252689110748,0.1544969851077954,0.09235265522691406,0.13239342080598682,0.12398251328185826,0.17055138194667036,0.12481390478206356,0.17141979221223066,0.12453656047955673,0.17113503886088646,ŞANLIURFA,HALİLİYE,395975,0.096
54988432B57597376033780,1.0030183577250127,1.1702380331862097,57.55956863161367,0.9939292737485833,1.16216250954755,0.9186240683478031,1.0851655066857193,0.8217558793458494,0.9845948745675016,0.9901144637735518,1.1585198927019449,0.9957613953228194,1.1638754410300207,0.9934337981772273,1.1616947728338158,NEVŞEHİR,MERKEZ,163126,1.082
54988432B57660440186005,7.956191898233415e-05,0.00013110361567471708,0.004976140394129867,7.949201350459611e-05,0.00013098842412322923,7.798544469154103e-05,0.00012850587190250983,7.576342950685142e-05,0.00012484439379183715,7.944274172020947e-05,0.00013090723315691696,7.951081143381312e-05,0.00013101939970198685,7.948688022152394e-05,0.00013097996540353452,MALATYA,PÜTÜRGE,12372,-1.097
54988432B57830407060109,1.555231779874382e-06,2.56273996607636e-06,0.00023328476698115724,1.555116793557061e-06,2.5625504894756604e-06,1.5158104994723562e-06,2.4977808441579966e-06,1.3837396104469885e-06,2.280151967201866e-06,1.5548866221154918e-06,2.562171208676495e-06,1.555172369865397e-06,2.562642069154254e-06,1.5550919042527953e-06,2.5625094764153596e-06,DİYARBAKIR,HAZRO,16024,-1.285
54988432B57845000399714,0.25690651337900056,0.3461957220539728,25.678973354260744,0.25581464938681797,0.345165728760825,0.23089772671863226,0.3184482397605137,0.18994851409085606,0.26918849162563013,0.25443028244364724,0.3437821558186762,0.2562652319093485,0.34558888845572117,0.2553475486058889,0.34468687233318274,BURDUR,GÖLHİSAR,23969,0.074
54988432B57864735744186,0.46193079384559904,0.6577202948403682,48.140799219725174,0.4576352473226422,0.6529400361220165,0.3825684403470797,0.5568653267610251,0.2402641379191368,0.3695685152914147,0.4545395188899678,0.6491599628184259,0.4587203922814023,0.6542337262201092,0.4568930150377153,0.6520464131763984,MANİSA,ŞEHZADELER,168582,0.797
54988432B58047018778260,0.24548646471037447,0.23662122932842036,10.152320405940488,0.24038732699102838,0.2326895397652675,0.2105927926159429,0.20758990460692828,0.18104859639951315,0.18152222743340962,0.23673931259940026,0.2297596611936025,0.24184533431405378,0.23383718513483726,0.23881360347681438,0.23143482328366563,ARTVİN,ARHAVİ,22025,0.222
54988432B58079099572479,0.6161445180177584,0.6656611924077158,31.43748591661106,0.6043856358674774,0.6553302612064242,0.4579217389095808,0.5119430537273678,0.15840855748145455,0.2336108965093443,0.6066432473651306,0.6574195610184684,0.6040025678502814,0.6549734400386119,0.6091927817188463,0.6597435971618668,İSTANBUL,KÜÇÜKÇEKMECE,785270,2.161
54988432B58223508141681,0.8473287043894305,0.9667282245689056,51.80738470355068,0.8306608490750093,0.9520405818654121,0.6151549041672193,0.7393174782689398,0.24324180056729558,0.36506065917144387,0.8356060821688063,0.9565795071741846,0.8290261907051368,0.9505258513419722,0.8388055656350863,0.9594685338766483,ANKARA,YENİMAHALLE,721531,4.481
54988432B58240098893835,0.3546297435685673,0.4175945322063191,27.067997247649195,0.35110070601503046,0.4138520331293304,0.2855332819095178,0.34349999447286544,0.2015015442057506,0.2519409306496824,0.34667205664817025,0.40914276646379344,0.3524732121276074,0.4153090130923347,0.34956340014741827,0.4122185689367703,EDİRNE,ENEZ,10399,-0.284
54988432B58451955584879,0.011869526612479508,0.01955882757916967,1.434837380080183,0.011821996861131123,0.01948050716742498,0.010849535155560704,0.017878066611236386,0.009501143125604267,0.01565616104717486,0.011746676423828819,0.019356392744459328,0.011840925549214724,0.01951169821308453,0.011791921550974397,0.019430948509784246,ÇORUM,OĞUZLAR,4610,-0.82
54988432B58494916258206,0.051786945450815226,0.08533549567675386,6.20520389838848,0.05167372454917344,0.08514892816097427,0.049296180450616955,0.08123116660200469,0.04582508530054072,0.07551143120161781,0.051666542544569385,0.08513709351968575,0.05168357810826345,0.0851651650396279,0.05171122283412003,0.08521071853507513,KIRKLARELİ,KOFÇAZ,2291,-0.677
54988432B58500670466408,0.30992523373134223,0.5107005870488458,45.68761067424374,0.309072912252878,0.5092961158021341,0.289833719930609,0.47759341546039435,0.2549997615385553,0.42019336840427807,0.3080491951939193,0.5076092157175954,0.3094300156955016,0.5098845575227045,0.30874428226755846,0.5087545931761643,BURDUR,ÇELTİKÇİ,4914,-0.528
54988432B58587024435654,0.08106896133820343,0.1335007521835522,10.274800983912451,0.08081360213534981,0.13308484413978228,0.07563495544103711,0.12457088389647629,0.06845402168670008,0.1127526400303273,0.08046189639894988,0.1325080499815817,0.08091677014884015,0.13325370559000135,0.08068478245812559,0.13287371674349535,ERZİNCAN,ÇAYIRLI,7491,-0.543
54988432B58590356155974,0.24521264595313927,0.21994091453916914,8.686504397648628,0.2416001152505222,0.21721081895901234,0.17689069407577618,0.16672909329295993,0.09372204525457382,0.09725716052092885,0.23934252887321922,0.21550985538700793,0.24253676293577936,0.21791664825954207,0.2414709112821371,0.2171187513316923,BİLECİK,GÖLPAZARI,10049,-0.446
54988432B58678972551568,0.2272935106408045,0.25329823707786175,15.5652835676711,0.22697257975483415,0.25281949859418623,0.21669182023426553,0.24025872946559867,0.19817337753830638,0.21968938570757096,0.22646556150904273,0.2521137227580212,0.22711299028718188,0.2530233963391535,0.22679577082106925,0.25256910657945175,BARTIN,ULUS,22876,-0.576
54988432B58741997056063,0.02619619396211653,0.04316657754461961,2.950426765171528,0.02609703440245674,0.04300318057071052,0.024083229364438193,0.03968479502741042,0.02094742884261928,0.034517564376068205,0.0259823437042351,0.04281419109668271,0.026134394689117543,0.04306474354865936,0.02606071617462625,0.04294333471675957,AYDIN,BOZDOĞAN,31624,-0.514
54988432B5885906722527,0.49287993579779854,0.535446982989618,25.622580836772304,0.48383727497638934,0.5272740137522952,0.3556098149645157,0.40206383984223426,0.13714241038471445,0.19286190100611159,0.48569872278312826,0.5290272692566051,0.48351892637345056,0.526972712101621,0.4877610829596615,0.5309475398511664,İSTANBUL,BEYLİKDÜZÜ,422988,2.503
54988432B58902751390248,0.26989807606678207,0.3771411341403372,23.49473204381577,0.26870426421575927,0.37598926858169057,0.2466251959017039,0.3520070057686943,0.2131556630361147,0.3122506654385474,0.2681335210815446,0.3754190392540345,0.268986004967932,0.37626826296593496,0.26874471875370803,0.3760294439456094,KAYSERİ,DEVELİ,67818,-0.139
54988432B59053260264390,0.0926289895011285,0.15263577846318407,10.988872015955812,0.0890409608407008,0.1467233578410642,0.07450310773234405,0.12276761203914738,0.06317208186685876,0.10409613604573012,0.0870499899530639,0.14344259883712088,0.08982521768934873,0.1480156709198655,0.08822833715170202,0.14538430135306865,SİVAS,KOYULHİSAR,11782,-0.748
54988432B5911690801414,0.0,0.0,0.0,0.0,0.0,0.0,0.0,0.0,0.0,0.0,0.0,0.0,0.0,0.0,0.0,ADANA,SAİMBEYLİ,13133,-0.946
54988432B59251116366587,0.04010905540342529,0.06609245040776586,4.823278219553448,0.04003185832847205,0.0659652436262385,0.03838957987990374,0.06325906653415785,0.03603991877174463,0.05938725108739465,0.0399485390021954,0.06582794848466611,0.040059279940154915,0.06601042946998428,0.04000816375647,0.06592619926806981,AĞRI,DİYADİN,35439,-1.147
54988432B59259344726572,0.009128215511804375,0.015041643961872199,1.2174137171659096,0.009113154518392204,0.015016826175709612,0.008794487343345795,0.014491720454532767,0.008291326156301019,0.013662602055523311,0.009092134843842475,0.014982189563508403,0.009119293962505933,0.015026942866355565,0.009105466814812196,0.01500415823420611,ERZİNCAN,KEMAH,6419,-0.604
54988432B59291188352966,0.1841840119416039,0.25427935398336643,16.56784245603121,0.18363877600370213,0.2536099253955287,0.17244421805282062,0.23975242136380814,0.1569467059051295,0.22042123462760432,0.1831142138490065,0.2529647057314936,0.18381752413717767,0.2538295676757755,0.1835098272699906,0.253451413494648,BİTLİS,MERKEZ,74904,-0.046
54988432B59383828552044,9.771007481795062e-06,1.6100848572197957e-05,0.001255749843497684,9.73229197553131e-06,1.603705243808282e-05,8.948395112116754e-06,1.4745332549670656e-05,7.8777740109614e-06,1.2981143108610555e-05,9.697363408092504e-06,1.597949649247293e-05,9.746198647957527e-06,1.6059968112571337e-05,9.724554476544215e-06,1.6024302442777746e-05,ERZURUM,KARAYAZI,22570,-1.274
54988432B59635057977952,0.6796815074923652,0.843724375583564,57.39550496702907,0.6671979946088792,0.8336897305312899,0.48885467998670873,0.6534988770982578,0.17488640295248875,0.283669630853907,0.6707596073430941,0.8366654840154214,0.6660215267684054,0.8326935241662926,0.6730814195737472,0.8385678175541902,ANKARA,KAHRAMANKAZAN,63143,1.538
54988432B59840106930143,0.046588395608855505,0.07676922818014563,5.277749545392675,0.04644159620649669,0.07652732938390863,0.043448647083480715,0.07159549193482707,0.039331584452725006,0.06481131925830853,0.046330260136221095,0.07634386772844777,0.046480407011988766,0.07659128255387168,0.046425730521208235,0.0765011856114472,HATAY,KUMLU,16242,-0.951
54988432B59996123139029,0.4457501716141083,0.614523260674781,41.81747268114589,0.4437808927045427,0.6124320182844819,0.40402648347552755,0.5685198302150444,0.34551090564045006,0.4996194805249737,0.4427475702307686,0.6113295043996795,0.44428400239018195,0.61296758299678,0.443852529027745,0.6125077579534837,KAYSERİ,YEŞİLHİSAR,15409,-0.209
54988432B60002286024348,0.19107545095110992,0.31485769582719336,28.659740161756105,0.19018275333475074,0.3133866920265575,0.17230103264390714,0.28392085878571366,0.1481266779899622,0.24408590580476777,0.1885651645760234,0.3107211990664014,0.19058093840859175,0.3140428288261218,0.1894861217021559,0.3122387694149015,KASTAMONU,AZDAVAY,7266,-0.453
54988432B6005336917049,0.11846798287030859,0.1952137542011338,14.837024887680956,0.1180939016429732,0.19459733616990724,0.11062830128129822,0.18229538049667368,0.10006805708241498,0.16489401292547473,0.11758995081035369,0.19376691657817552,0.11823407727325157,0.1948283201908312,0.11790942334228016,0.19429334938145681,GİRESUN,GÖRELE,31536,-0.045
54988432B60131084551001,0.5236594946561638,0.6124019611557029,34.45726050187997,0.5195447992522105,0.608829041247453,0.47749199692204986,0.5663835658339001,0.42205440482601203,0.5086704443115465,0.5164435912147227,0.6058945586389787,0.5207023876002056,0.6098910620066996,0.5184875262471181,0.607840587726955,KARABÜK,SAFRANBOLU,69592,0.662
54988432B60280442746441,0.23589820527980518,0.2869081224805384,17.30805707875551,0.23066985832711948,0.28241284293280267,0.17791383209924225,0.22906852783636128,0.11338890691802886,0.1580006933017657,0.22844479858318997,0.2803757648364173,0.23166838109163276,0.28331334919820667,0.23054917911910083,0.2823173528603433,BİLECİK,MERKEZ,82863,0.821
54988432B60297346715567,0.48404134130265936,0.5871081177454642,31.99595568495362,0.47576665575276106,0.5791912481342587,0.3596387272984045,0.45533192147347623,0.16348023297997308,0.2470059800941691,0.4774240413717317,0.5808731577064321,0.4754838199619438,0.5789022380542779,0.4792717455182344,0.582717561523988,İSTANBUL,BAĞCILAR,707635,2.346
54988432B60464897415028,0.3956001122543524,0.4815364904942626,29.72698286254228,0.39292023055779884,0.47844556895375834,0.33077102333850095,0.40985431192858224,0.2332921388832722,0.3056647086576719,0.38969074975358214,0.47492696948239743,0.393871890172433,0.47950295883171346,0.3918901984551867,0.4773730738496622,AFYONKARAHİSAR,EMİRDAĞ,43350,-0.183
54988432B60562394154320,0.01528887591623647,0.025193295207796146,2.0799354919673005,0.01522750918898887,0.0250921739688015,0.013889275692811644,0.022887007826380933,0.011790120414297911,0.019427980563138013,0.015153637321563435,0.024970446526326566,0.015249114680308476,0.02512777590081446,0.015203415830157264,0.025052472482248962,SAMSUN,AYVACIK,18557,-0.784
54988432B60654827640333,0.0,0.0,0.0,0.0,0.0,0.0,0.0,0.0,0.0,0.0,0.0,0.0,0.0,0.0,0.0,DİYARBAKIR,KULP,33973,-1.102
54988432B60755496163753,0.44169910557888115,0.6545473170361386,51.552373142794806,0.440142158384458,0.652043241631622,0.4046944398060214,0.5985753835084842,0.35237584836553826,0.5228191563187559,0.43719728152574283,0.6474102292526943,0.440846237243466,0.6531675913001236,0.4388878373489188,0.65005872632734,KASTAMONU,BOZKURT,9250,-0.225
54988432B60759999719935,3.234609078449658e-07,5.330049235906119e-07,3.9839921086959725e-05,3.227819516726794e-07,5.318861269324874e-07,3.0863800589964773e-07,5.085794689927346e-07,2.8863619876864444e-07,4.756201177296621e-07,3.220635649782963e-07,5.307023559238074e-07,3.2301280249197096e-07,5.322665272229494e-07,3.225808801352155e-07,5.31554797498658e-07,ŞIRNAK,ULUDERE,45988,-0.81
54988432B60831632759044,0.13859814233745024,0.16599562942088184,10.12755930755848,0.13354363880605968,0.16194326627258138,0.10774965827544689,0.13654563212300935,0.08427665061554765,0.11069599825874522,0.1295367966973784,0.1583985349036319,0.135075207066987,0.16322967342850092,0.13160252330109856,0.16025592552143075,ÇANAKKALE,YENİCE,29636,-0.404
54988432B60901714548003,0.35559062754698917,0.35210560358248183,15.0493698271854,0.3526699249647331,0.3497224171629088,0.31449315262747446,0.31653583661941836,0.26084254795061146,0.26950397154330213,0.3510717651873268,0.3483659308048907,0.35331802222980707,0.35026726946269143,0.3524391586073172,0.3495275312220641,DİYARBAKIR,SUR,97961,0.124
54988432B61004264745956,0.16996078878146312,0.25034636745289096,18.087938041156047,0.1683165291714757,0.24875024687989977,0.15161249401384774,0.22814898494107816,0.12898110846324198,0.19778201676393758,0.16754136149063817,0.24789858465548123,0.168615294117872,0.24906835300163419,0.16821427724311938,0.24863948207418363,GAZİANTEP,ŞEHİTKAMİL,905880,2.375
54988432B61123808131498,0.4578009176738087,0.6553167654028479,48.38891969826482,0.4525814356738789,0.6505437085212431,0.40154207069403397,0.5896978135850438,0.32357300965672176,0.4857229846473756,0.44423406895121204,0.6415981640459464,0.4549189235989223,0.6528357760985793,0.4481081040256502,0.6458541201283645,MUĞLA,YATAĞAN,45024,0.17
54988432B61168253276741,0.6963511785318264,1.098389325385835,87.96019415587885,0.6894937208732119,1.0913806754583533,0.6233427760512553,0.9995925588547176,0.5185387862979522,0.839839041784854,0.6847922178696206,1.0857313621189881,0.6912906437824142,1.0934154049957143,0.6879131304434394,1.0895256277839311,AYDIN,SÖKE,123843,0.821
54988432B6129080988703,0.3220148729461516,0.4359594778994215,28.047850578080283,0.3171485335844606,0.43046577875622194,0.23195846518767374,0.32765713472922264,0.1003344703748451,0.16356491253386002,0.3136933862199718,0.42633987446739313,0.3183906500198897,0.43193236607298374,0.31641273599290565,0.42959154034525987,İZMİR,KARABAĞLAR,467572,1.078
54988432B61533400869276,0.31249929072689114,0.41625818059302844,27.790039962042773,0.31033683957544683,0.41397843356122593,0.28244281181958225,0.37967426767852364,0.24300731146819235,0.32808744800515705,0.3102915343799667,0.41392975520776315,0.31048415391439943,0.4141424763650904,0.3109422348983366,0.4146532320160747,TEKİRDAĞ,ERGENE,68648,0.687
54988432B61600421901359,0.7389145735487748,0.6539828790853137,22.57303829308133,0.7337091976210646,0.6497748987823639,0.633483798297696,0.5682475352464376,0.5025717102551249,0.4611280345341787,0.7281009097674456,0.64523413790158,0.7355881830787867,0.6512948201562415,0.7320598925892914,0.6484399901994274,KÜTAHYA,ŞAPHANE,5540,-0.516
54988432B61684087584661,0.9545857655593011,1.2359706770949936,87.37600949151928,0.9478209025796557,1.2298880313826024,0.8219575678373242,1.1124381862314423,0.6151828105827678,0.8816781599853699,0.9395484344058765,1.2226778808615089,0.9502973265317908,1.2320575825750033,0.9448830635792932,1.22732536104402,AFYONKARAHİSAR,SİNANPAŞA,38292,-0.627
54988432B61723076415933,0.16527378569499127,0.272305814417469,24.39548085028028,0.16454481768183193,0.2711067109737929,0.14998338120324975,0.2471205186926999,0.13003857459575607,0.21426140493554877,0.1632334016152322,0.268947217292196,0.16486816024996745,0.27163897329063563,0.1639798769384776,0.27017651713946894,KASTAMONU,AĞLI,3176,-0.503
54988432B61743790309044,0.18848358053978312,0.2261398949821744,12.288581989435977,0.18289933133425032,0.22162729407912618,0.1212452317072597,0.16203048731945127,0.04859003033064247,0.08006755924911586,0.17956088078182028,0.21877265696455572,0.18417386453416548,0.22269556444850877,0.1821654904556735,0.22100592992079696,İZMİR,TİRE,87571,0.5
54988432B61783843665987,0.23277790763746536,0.31291193590537736,19.176474932542448,0.23076626042315893,0.3109929835967789,0.21241583808846753,0.28892582994446153,0.18838336290349708,0.2588878630651156,0.2298835380324064,0.31004030568485125,0.23113864766511344,0.3113817710629283,0.23066165837765373,0.31087964164631154,ADANA,YÜREĞİR,396572,0.596
54988432B62220540436660,0.1763186391745606,0.290541145843445,22.437962100086676,0.17539062991106832,0.2890119548513263,0.16017054431212027,0.2639320136128069,0.13774702272255634,0.22698211604680346,0.1744768199288475,0.28750616170001486,0.17569028006951554,0.2895057239774663,0.1750958207846075,0.28852616286808486,EDİRNE,SÜLOĞLU,6101,-0.285
54988432B62353974928440,0.02364742701102839,0.03896667177218499,3.187562883072149,0.02356939725543443,0.038838092883950105,0.021968175159758192,0.03619956921676688,0.019754103321867396,0.032551180301266976,0.02348706504730904,0.038702424334098776,0.023595893014533728,0.038881753090521234,0.02354633828875092,0.03880009588809329,VAN,ERCİŞ,169040,-0.715
54988432B62375906766923,0.3591660386501867,0.4489239015897152,29.313098363857907,0.35389440165702446,0.44420173774065835,0.3042824024391631,0.39019514826223867,0.24657145955183749,0.32404984569167167,0.349522975727928,0.4398117099312449,0.3553460914247715,0.4455995104953271,0.35222595784993876,0.4425521273153999,SİVAS,KANGAL,19406,-0.472
54988432B62800627366200,0.15051378872344515,0.2480194314433968,21.01017587156276,0.14987197809550432,0.24696184390682438,0.1327579236263752,0.21876098539994154,0.10312107574317793,0.16992483408047077,0.14907410745859542,0.24564709777353072,0.15012043724305793,0.24737125952937833,0.1496222885735474,0.24655040085035518,AYDIN,KARPUZLU,10352,-0.693
54988432B6281772994077,0.01818957635538551,0.029973123553139587,2.1830252429461745,0.018154750756694715,0.02991573728135528,0.017413524507196458,0.02869433082729769,0.01635256183984956,0.026946056733808867,0.018117158843628436,0.02985379262509061,0.018167122261562276,0.029936123278076085,0.018144060537071117,0.02989812173785235,AĞRI,PATNOS,105968,-1.05
54988432B62899385202427,0.301547174404402,0.29831518456499057,13.204445043529523,0.30056305562847657,0.2973904449265182,0.28269127561974233,0.28005365374569047,0.2513179920750823,0.2508564273363736,0.30059479969315234,0.29742010670641483,0.3006137751447493,0.29744058434373866,0.30089535187469885,0.2977129235301768,KIRKLARELİ,VİZE,28769,-0.032
54988432B62918956167575,0.2938295927560505,0.48155700607028146,42.45433682270111,0.29310888148251607,0.48047627021244,0.2652764476273251,0.43535673465784597,0.2030618058318703,0.3335880493938349,0.2921324959996941,0.4789008663539997,0.2933660951898686,0.4808865144727445,0.2928018494770161,0.47996644055077603,AFYONKARAHİSAR,BAYAT,7580,-0.62
54988432B63047019861929,0.03117289641583927,0.05136728077256914,3.4663196169223087,0.03110307299240233,0.05125222443169075,0.02964640660537254,0.04885190236035114,0.027597424330469012,0.04547555110928458,0.030999499022504234,0.0510815533101654,0.031132174133766552,0.05130017783580558,0.031063607372981767,0.051187192247109756,RİZE,HEMŞİN,2299,-0.27
54988432B63110195465705,0.08370710751190343,0.1379341347324658,10.432333415498789,0.08342962382923946,0.13747689193901264,0.07772977226221614,0.12808457009956722,0.06984070214287881,0.11508481305265457,0.08303049424177986,0.13681919875227172,0.08353748839458658,0.13765463318383261,0.08328017408500779,0.1372306258599505,AMASYA,TAŞOVA,30034,-0.49
54988432B6320038983636,0.12813055709457766,0.2107627552264127,18.323382582883653,0.12739644139822273,0.20955765509385513,0.111432565162183,0.18333564115834622,0.08619178136574937,0.14184750721568554,0.12637790251458048,0.20788454400477013,0.12767946682882,0.210022363521449,0.12702400961044735,0.2089456403947659,DENİZLİ,ÇİVRİL,59689,-0.127
54988432B63314623815647,1.504751518597897,2.0975007478275987,138.15396559705076,1.4975642624915002,2.0909765775078535,1.3621444485150227,1.944412486271845,1.1442022401488972,1.6789834876922611,1.492649483953836,2.0862966298738934,1.4993234160733375,2.0926238163722846,1.4967937774548854,2.0902499983082743,ÇANKIRI,ATKARACALAR,5063,-0.518
54988432B63323632068596,2.005084857166033,2.1592381627296757,105.49333555475883,1.9853118089096333,2.143788336906918,1.7492600098471112,1.9423552175343544,1.4460892574597435,1.6657795807342421,1.965528621683703,2.127745564171033,1.991463943589281,2.148700777154644,1.9775643357639052,2.1375427743263007,TRABZON,ÇAYKARA,12921,-0.023
54988432B63547038185922,0.3630951298486713,0.5979471344576135,43.425351256036976,0.3624208637095736,0.5968609756148778,0.3459672678950431,0.5698664708221773,0.31331453586438524,0.5161371917619673,0.3621295790562397,0.5963866981022259,0.3625475936555409,0.5970669340093607,0.36246654644850823,0.5969351726506387,DÜZCE,GÖLYAKA,20840,-0.472
54988432B6366714807225,0.0004589410525813346,0.0007562516357647588,0.054646762057310394,0.00045765952377611207,0.0007541399086708798,0.0004330570664547096,0.0007135995201209888,0.0003967715303947223,0.0006538075362798761,0.00045688130123585887,0.0007528575390381238,0.00045797479295935545,0.0007546594151177166,0.0004576104221065923,0.0007540589980230218,ELAZIĞ,KEBAN,7112,-0.416
54988432B63684136000380,0.02163755140085083,0.03565476121345131,1.7600782564529194,0.021597361560506217,0.035588535644109034,0.02084334917915959,0.03434605996324977,0.019779511339587916,0.03259304810728392,0.021569065863948966,0.03554190946698637,0.0216081699408453,0.035606345895045244,0.02159338117710638,0.03558197669402129,MARDİN,DERİK,61553,-1.085
54988432B6368425336150,0.24970214719051145,0.3463687531955269,23.353179742153735,0.24733964067506725,0.3436701568797442,0.2177571768934367,0.30580022692886666,0.17479606948855247,0.25168811238833116,0.2463140009066992,0.34240924945189954,0.24780708527429324,0.34423667963591503,0.24731687079480483,0.34364484341570395,NİĞDE,MERKEZ,244326,0.575
54988432B63915674608769,0.48589593296464595,0.6371400818900393,43.02931788024525,0.4779097792227856,0.6299382804625435,0.40454126019025655,0.5503388473526541,0.29252345038842836,0.4168042313488796,0.47320431995965473,0.6253545434733702,0.4796821897874339,0.6316145284186786,0.47641625368843227,0.6285023224828848,BALIKESİR,İVRİNDİ,31295,-0.483
54988432B64009730200703,0.23384849963998275,0.345148564317247,27.869809381960458,0.23004754786448595,0.3414966239864325,0.1924560429915941,0.2926710014240903,0.14073773831720662,0.2189232360252365,0.22830962230567833,0.33954500167241997,0.23072574137235474,0.34223035240347716,0.22981098307054526,0.34122592098504223,KONYA,SEYDİŞEHİR,66079,0.228
54988432B64031240079143,0.8500268312214584,1.0038924847767263,51.3119428335234,0.8430093343738566,0.997485613587881,0.7602227100007621,0.9137779875621064,0.6365300202873176,0.7894501075768685,0.8405124507055566,0.9950477384621678,0.8443108091755345,0.9987392945452497,0.843192630327908,0.997663019174665,KAYSERİ,MELİKGAZİ,593262,1.983
54988432B64045217411376,0.164032442677316,0.17227156068291405,9.445634652281141,0.16315049257129585,0.17126112201235474,0.14621785199043008,0.15181730170536256,0.12151509075425825,0.12452580601330737,0.16242080199939243,0.1704234601844106,0.16338936435243556,0.17153507802738935,0.1630103042950008,0.17110025902948806,KAHRAMANMARAŞ,ELBİSTAN,132036,0.13
54988432B64064239831257,0.5196585629416002,0.64806032602009,29.437402653792073,0.5028009325607949,0.6352303105433721,0.4237089946453294,0.5646943489640566,0.3548714852779178,0.4961075235868422,0.49843626387971435,0.6316700110630575,0.5052607738662171,0.6371824366618862,0.5030915726262575,0.6354232240716382,KAYSERİ,FELAHİYE,5529,-0.552
54988432B64089683735003,0.5078944274307431,0.6053482574948166,32.2231778639119,0.5015088565562494,0.5987991774453962,0.39309755488548115,0.48059679928830806,0.17558493403428788,0.25705414814402155,0.5028535170782283,0.6002530233503881,0.5012776064198258,0.598547823649779,0.5043274952928214,0.6018254622926896,İSTANBUL,BAHÇELİEVLER,539035,2.423
54988432B64260003407372,0.13857297219513182,0.22834313100979492,14.1640163776498,0.13745734959347547,0.2265047872559438,0.11636366547420832,0.19174622070414502,0.08919132202290148,0.14697112580462987,0.1378794501833053,0.22720033248930357,0.13731257864082147,0.2262662309770056,0.13813635432003382,0.22762366392270433,ANKARA,KALECİK,12564,-0.359
54988432B64303277963843,0.31753041159307266,0.43333320069422093,33.9558865813003,0.3133714093423304,0.4300081668091763,0.27970045698287416,0.3946591937041593,0.23256987865652254,0.33616165290586353,0.3122805122127842,0.42908890148618895,0.31389927885231506,0.4304485508664455,0.31357231329672997,0.4301954596063433,DÜZCE,AKÇAKOCA,41134,0.257
54988432B64452586859960,0.20212896822418558,0.3330718879804134,29.133855280020896,0.20086997104872717,0.33099728892676944,0.17330541787460593,0.2855759035226829,0.1309916871357614,0.21585054793164088,0.19997332757810932,0.32951978307380936,0.2011882259417386,0.3315217152819108,0.2007709452055202,0.330834112293328,KONYA,ALTINEKİN,14374,-0.641
54988432B64593282211695,0.3760348861042511,0.44191393619215963,25.368950028951495,0.3606946374602955,0.428580988113148,0.22396818150859432,0.2888157621783651,0.07881217907708546,0.12298688884858819,0.3523038184927008,0.42070415964712654,0.3639869140142193,0.4316014332185767,0.35882588686834144,0.42684656412691746,İZMİR,GÜZELBAHÇE,39474,1.882
54988432B64635925513807,0.18299275436756549,0.14316973531003763,3.5600110303352674,0.18110704257464874,0.141731870774144,0.14609908380782471,0.11498077729371643,0.10178112723069753,0.08105131580071713,0.17955343016591194,0.1405466435202347,0.18161667563318049,0.14212056781757906,0.180808289472844,0.1415039879412219,KAHRAMANMARAŞ,NURHAK,11675,-0.661
54988432B64680094373147,0.09189975130083314,0.1062792191639902,5.437766840043532,0.09138644754150035,0.105677739395769,0.08168368174176137,0.09546752246636929,0.06792079784075093,0.08138973221995535,0.09105403183808743,0.10530979329562797,0.091513987377881,0.10582087073944317,0.09135064266257192,0.10563778824617953,ADANA,KOZAN,132572,0.016
54988432B64689999411335,0.5400247206999922,0.7222114578099167,42.54832142174107,0.5329439532366642,0.7157330735018155,0.4659098972501909,0.6428012456323832,0.38133266485445255,0.544558534982735,0.5266686404183638,0.7094209723403712,0.5349104891771391,0.7176378469750316,0.5303785608776213,0.7131876151093373,DENİZLİ,MERKEZEFENDİ,351085,2.375
54988432B647422472855,0.14659394594165248,0.24136844891277884,20.98639222116979,0.14574873513198497,0.23997740291249017,0.12914297118429147,0.21264634811163868,0.1070641086900998,0.1763057460613632,0.14522312402357704,0.23911234440104662,0.14596054361986918,0.2403259988884155,0.14572807642647717,0.23994340260942584,ŞANLIURFA,BOZOVA,50534,-0.947
54988432B6478152958828,0.24357448614540236,0.26528248559118683,13.579895672344788,0.2424163749316436,0.2642505572686632,0.2338845250321422,0.2547787859562012,0.22178507683850737,0.2411750396176898,0.24169365394818842,0.26352873361596346,0.24269006235101276,0.2645118618294086,0.2421603262565188,0.26399954856280217,MUŞ,MERKEZ,203810,-0.303
54988432B64920064899617,0.0,0.0,0.0,0.0,0.0,0.0,0.0,0.0,0.0,0.0,0.0,0.0,0.0,0.0,0.0,ISPARTA,AKSU,4073,-0.679
54988432B6508967515470,0.3056596873772302,0.34352388466758865,17.195013987841058,0.30446228133954834,0.3421372050870004,0.2774348387333633,0.31290509733558325,0.22777848514656715,0.26314791628577955,0.3030602479519493,0.34053823887471363,0.30487587843063313,0.34261144926100523,0.30400366131472023,0.3416128502605626,SAMSUN,19 MAYIS,28658,-0.137
54988432B65104046804588,0.34063275174307217,0.4072957676502334,23.08265187740355,0.3329599746726907,0.40001863700618734,0.24284195055507846,0.30043873003019117,0.07950661578038495,0.12957909839444257,0.32851570826733517,0.39536837177015594,0.3346629476662825,0.4017525291267516,0.33198172333890463,0.39900790738527325,İZMİR,ÇİĞLİ,216430,2.046
54988432B65208484098159,0.06695163041649148,0.057336248087154484,1.98158352694086,0.06248789008359722,0.05406478470305884,0.043826285548917446,0.039649729435007566,0.02908109045237704,0.02760423548294347,0.05977131497091717,0.052036228565812775,0.06349599048364746,0.054810712757722216,0.06130349756589148,0.05318365830912734,DENİZLİ,ÇAMELİ,17447,-0.542
54988432B6527400252078,0.02194468418302085,0.036160860346676905,2.6341789978995953,0.02184382177384778,0.03599465738554437,0.019820630969318596,0.03266080580093751,0.01708100075765421,0.02814639198393742,0.021721969452560656,0.03579386685530782,0.021879642317762217,0.03605368314664573,0.021803947201671173,0.035928951320976,SAMSUN,ASARCIK,15673,-0.745
54988432B65496848768167,3.7003871066364846,6.0975669677332265,553.9330611460296,3.700036338163033,6.0969889648931455,3.4414169373219345,5.670831087260436,1.7996816939746159,2.9655490988856203,3.7001754998276013,6.0972182780824395,3.6999852109879035,6.096904716579323,3.7002543578536975,6.097348221810276,ANKARA,EVREN,2927,-0.478
54988432B65548594921961,0.4776145965819306,0.736470985234767,57.881751362742854,0.4744443671547489,0.7330362641294469,0.4127774207034187,0.6496207488679513,0.2943423102209891,0.47438851671149634,0.47379642458112725,0.7319915249593859,0.47478964897095716,0.7335069390436324,0.47506648506249227,0.7335703959940064,BURSA,MUSTAFAKEMALPAŞA,103652,0.285
54988432B65637439254468,0.2426742837525119,0.39988321596781534,31.048378797659748,0.2422068231315722,0.3991129256282328,0.2312633854014241,0.3810801246012478,0.2131457407208856,0.35122553140502527,0.2418985693467965,0.39860497928598226,0.2423308831831743,0.3993173540977049,0.24218838055794617,0.3990825356110531,ELAZIĞ,KOVANCILAR,37874,-0.428
54988432B65670234538071,0.1558001467685016,0.25673039093661754,12.231498090764324,0.15530165618683503,0.2559089688483596,0.1512128286646905,0.24917132251101495,0.14632339063286812,0.24111441522686913,0.15493967420310367,0.25531248817666014,0.15543177221853705,0.25612337647491734,0.15516564862790064,0.25568485305322214,SİNOP,SARAYDÜZÜ,5656,-0.751
54988432B6573283101831,0.43090196311810625,0.4786197623684843,21.213539508914657,0.4220921969921421,0.4715742193330289,0.3497222957505727,0.4060032980087129,0.2699041060322142,0.3303082516759837,0.42299670273711054,0.47232849999528337,0.42210846748375197,0.4715890739087203,0.4249963950731237,0.47398460366496276,YALOVA,ARMUTLU,11984,0.029
54988432B6573458732183,0.13150672206490926,0.18593758210623468,12.28113563337561,0.1293253285960269,0.18411796621746424,0.11623778274788368,0.1696517637994171,0.10269001917129722,0.1526522810151732,0.1281466366113072,0.18300055439983556,0.12977921674757634,0.1845276819762611,0.12894112261635962,0.1837615225384979,ORDU,PERŞEMBE,30053,-0.418
54988432B65769294434717,0.6645464516857904,0.9959169957461855,76.03687820190886,0.6579536157677873,0.9898915542914951,0.5689376217736272,0.8801001256528218,0.39512731195361067,0.6313284644506266,0.657917189902528,0.9898858114711663,0.6582831644410893,0.99020083709605,0.6597229302743789,0.9916203103869711,BURSA,ORHANGAZİ,81997,0.486
54988432B6587538084917,0.4720251763781676,0.595541074850159,34.037141257917526,0.4650609632850666,0.5885281329134842,0.3603341190379913,0.47133986385145143,0.15344824458341097,0.249968689866117,0.46651751115572615,0.5900747353155067,0.4648113185082676,0.5882613787858627,0.46812343040850685,0.5917547361663917,İSTANBUL,BEYOĞLU,215991,3.394
54988432B66052692688505,0.11925700280240802,0.14144601822935032,5.509873389638771,0.11657149450416508,0.13931437532735677,0.1049628513487507,0.12935978764197775,0.09550975861531451,0.12066356837473986,0.11508905400004522,0.13810429593306456,0.1171731591657439,0.13979904792150274,0.11598642282310005,0.13883942709801625,SİNOP,DURAĞAN,16788,-0.687
54988432B66082429692342,0.20284886358385623,0.2223356428893039,5.729302570763392,0.20268805688035274,0.2221570143069387,0.19366046823925845,0.2143009586340951,0.17539752376432996,0.19918706187657037,0.20242747364327976,0.22189897550267745,0.2027538426438447,0.2222258534237294,0.20261744145089366,0.2220853525476241,ORDU,GÖLKÖY,24780,-0.61
54988432B66082608132209,0.8587254058170651,0.8845798768292297,39.2633415385917,0.8436393572803511,0.8716423076105716,0.635258922696074,0.6780003752261128,0.2282168691538183,0.30801352879494187,0.8465865703394378,0.8742804519234111,0.8431383704452634,0.8711914015112103,0.8499002566279187,0.8772094075095682,İSTANBUL,BEŞİKTAŞ,165895,5.94
54988432B6640602467318,0.17531830825082617,0.16930242945518734,4.3292576699185235,0.17426738887051593,0.16849785350290042,0.15402962455534527,0.15289383002906584,0.12757533362351542,0.13234519089624255,0.17313522620084842,0.1676296672959113,0.17464673009623974,0.1687884710245978,0.17393446108300895,0.16824266788842632,KÜTAHYA,EMET,17352,-0.299
54988432B66454172152747,0.2429716753753896,0.40037326343687274,29.222014174265393,0.2423382552433126,0.3993295019160516,0.22911866368133044,0.3775460121047554,0.21052392094477018,0.34690524782347254,0.24166766464588232,0.3982244902083764,0.24255358941997268,0.39968433359305955,0.24215064881868556,0.3990203605465746,VAN,GÜRPINAR,28505,-1.116
54988432B66516402107678,0.012515536193357298,0.020623334228794248,1.3705484754499935,0.012491474078436576,0.02058368422654144,0.01198482110728738,0.01974881200048633,0.011266229541846433,0.018564703401451898,0.012476088775607066,0.020558332037265474,0.012497387365456592,0.020593428251305584,0.01249074732087471,0.02058248666186103,ADIYAMAN,TUT,9199,-0.979
54988432B66531887129041,0.035074314903874144,0.035585850880233846,1.6411594932538072,0.03411267269808811,0.034837097678688464,0.029357548847329284,0.030344950933515594,0.025121178569913506,0.025871757231757216,0.03382083476299538,0.0345927709796958,0.03425140113274606,0.03495078498047041,0.03409990176381258,0.034826486354778356,ŞANLIURFA,HALFETİ,41624,-0.798
54988432B66575483981903,0.12122677265546924,0.19946795011766738,13.35788170233009,0.1208973239139705,0.1989269754901274,0.11411383106561528,0.18778593563282994,0.10466867251183737,0.17227068689201544,0.12051761299980561,0.19830343827682445,0.12102192685578075,0.199131584855051,0.12077964746599082,0.19873373717565102,ZONGULDAK,KİLİMLİ,32441,-0.197
54988432B66595965845834,0.8147444770263056,1.0069739170677754,55.8690828541423,0.8007090518479621,0.9942338515221203,0.6812709996533365,0.8712668338198895,0.5194485026167308,0.6972888102321694,0.7802579620853776,0.9742939691727756,0.8067262964241693,0.9998554400667147,0.7896257904884181,0.9835485002219272,MUĞLA,FETHİYE,187332,1.522
54988432B66719827251090,0.00996232828892488,0.016416110570517707,1.2342239712798553,0.009943746815708959,0.0163854916720003,0.009548125927100371,0.015733580184740338,0.008981569681392946,0.01479999822435764,0.009924799879636143,0.016354270556963407,0.009951191800590807,0.016397759657100948,0.00993874452871184,0.016377248810084028,ARDAHAN,DAMAL,4526,-0.814
54988432B6679854543098,0.3020301323882825,0.3715739226260817,21.556992059698203,0.2983153824949908,0.3679392851882671,0.2563821020930057,0.32205661423603726,0.20089167214446463,0.2607666149230063,0.29574424550759204,0.36523279299947664,0.29926005667929373,0.36891245222301344,0.297574432913515,0.36716637379675643,MERSİN,MEZİTLİ,233140,1.147
54988432B66867123396579,0.008055846857580666,0.013274574870235843,1.0720870999061005,0.00803463382705783,0.013239619642451812,0.007572075871177209,0.012477408005895876,0.006867408240359522,0.01131624352632056,0.008005135128698408,0.013191011136497139,0.008042727460843993,0.013252956483328523,0.008023938458123192,0.013221995613817995,GİRESUN,DERELİ,20100,-0.824
54988432B66869796973700,0.47698111668275467,0.6184936027851466,36.26909469699744,0.4711646522745046,0.6121212147417763,0.37036835050498085,0.49406670473100944,0.16751629484706507,0.2701503738861634,0.47243769585191564,0.613584772815245,0.47094523604708605,0.61186762800303,0.4738231489457333,0.6151571964155438,İSTANBUL,GAZİOSMANPAŞA,478395,1.46
54988432B66916600910791,0.6216355620378632,0.8144189599430584,53.29569098698862,0.6144690082923765,0.8078770641528504,0.5518267103412879,0.7344960542765558,0.45441515730827153,0.6087111375551214,0.614782005469469,0.8081975356536997,0.6146677896438614,0.8080706297449243,0.6164685682428056,0.8098442574955365,SAKARYA,ARİFİYE,55589,1.148
54988432B66992053729181,0.02063529304883047,0.03400322118688121,2.5451374578561743,0.020622189377190066,0.033981628712081144,0.020148384261480867,0.03320088379555334,0.019045412664010965,0.031383386602619495,0.020613150141120577,0.033966733690105735,0.020625906983307418,0.033987754652856236,0.02062174025472576,0.03398088863969846,ELAZIĞ,KARAKOÇAN,28320,-0.483
54988432B67026781349893,1.1027783071869823,1.0431943663084071,38.19447800609016,1.082268310513838,1.0265228234617079,0.779778800819414,0.7697443783385217,0.19261544240598255,0.2810483373580086,1.0862765215764596,1.0298844812093562,1.0815853879359791,1.0259480079407641,1.0907674274837342,1.0336185139589,İSTANBUL,BAŞAKŞEHİR,536797,3.468
54988432B67060937110843,0.24292923271260736,0.29399194909796017,17.35303971575646,0.23946025392232875,0.2911129761580504,0.21009166587692837,0.26223939668304935,0.17543974100153686,0.2256734245300822,0.23662953457476077,0.28854628493169676,0.24041195209364763,0.2919452437639801,0.23832041567486184,0.2900931486999349,TRABZON,ARAKLI,49230,-0.24
54988432B67214587682111,0.05958458653163544,0.09818459424684024,8.184671014289153,0.0593323057393695,0.09776888124677181,0.05425072723021535,0.08939536129644267,0.047343037200407674,0.07801274068533016,0.05908778564703963,0.09736595647296538,0.059410429386700124,0.09789761485156352,0.059271008579387316,0.09766787464201608,ADIYAMAN,ÇELİKHAN,14530,-0.631
54988432B67228037605884,0.17243907447138618,0.2594442830807193,19.965161917882426,0.16701955214110523,0.2531788537896266,0.12635211348948128,0.19682613223040651,0.07835215175860778,0.1257257814309881,0.16423233271005852,0.24966206335774865,0.16811136425122106,0.25451748160127075,0.16630737205522306,0.2522925092889151,MANİSA,KIRKAĞAÇ,37363,-0.219
54988432B67289676642995,0.331480372560247,0.3124259705390159,9.087145869528406,0.3275237912748779,0.30934142302222684,0.2563367708413553,0.2532483309140566,0.16832857963698372,0.18318528839555473,0.32474415013799884,0.3071681221152556,0.3285132601311217,0.3101140686706005,0.3271929782536716,0.3090822254424267,KONYA,YUNAK,20259,-0.559
54988432B67392778171164,0.24214107615528166,0.33173986492753504,23.815380639183616,0.23890359907850683,0.3290540827524349,0.2196010874869795,0.30784301574450607,0.1998872107651837,0.2833051005919375,0.23785431652104183,0.328077287487643,0.23944733146613886,0.32954358902528796,0.2388559605096149,0.32901061933093956,TUNCELİ,MERKEZ,41045,1.084
54988432B67500599414022,0.9583118849659221,1.5245085227020057,109.46151893954891,0.9526461113524062,1.5192782288760511,0.8917508337515027,1.4353573483137188,0.7843933480407237,1.2707692999628275,0.9500914683981063,1.516477815072002,0.9536558409917081,1.5203274092020633,0.9522243412199093,1.5188294777727245,ÇANKIRI,ÇERKEŞ,16927,-0.232
54988432B67540218019421,0.2772589007557701,0.3524381257024506,21.345332716247857,0.27401739872216246,0.3492847798247467,0.23631561053957562,0.3073564977842902,0.18764039890588352,0.2514067721250974,0.2716999998422667,0.3468447826458449,0.2748625869568769,0.35015354114879216,0.27335142256132006,0.34859073361216214,MERSİN,TOROSLAR,322971,0.396
54988432B6759828088489,0.16314497798727617,0.17307142071528844,8.74000888368616,0.1626017862737618,0.17256721707157996,0.15176889746988284,0.16263045647274868,0.13670196632601836,0.14860655175465,0.16196188692822502,0.1719849097359466,0.16279856360343753,0.1727472381547264,0.16239387366668762,0.17237862132758985,MUŞ,KORKUT,19251,-1.22
54988432B67777118952628,1.1241246626137145,1.4344590531613899,85.84023224660339,1.1032816466108246,1.4167410151386783,0.9069879362595741,1.2126944138018165,0.6507618454403785,0.91914241198723,1.08977237658096,1.4042507136073115,1.1082783991305518,1.4212265480815462,1.0990794994625348,1.4129527127962818,BALIKESİR,AYVALIK,75815,0.907
54988432B67849230922765,0.09735942925524264,0.16043068541651542,14.42181468754056,0.09694144801100084,0.15974192811773172,0.08851578454386375,0.14585796253307415,0.07705880288270044,0.12697893422769915,0.09658815368153711,0.1591597631249498,0.09706686861741053,0.15994859853482002,0.09687285104434579,0.15962889275523895,YOZGAT,SARIKAYA,30785,-0.411
54988432B67949060177809,0.3525277117495289,0.4566459126214363,28.858783488167226,0.34362264855653013,0.4483328482027047,0.23838502798844632,0.33227353651834723,0.1015127575145118,0.16592052782827713,0.3383172637798133,0.44292969803907756,0.3456356238091441,0.45033357214517356,0.34246106224718265,0.4471633382276512,İZMİR,BORNOVA,452479,3.028
54988432B67969855832244,0.6519421376293946,0.9421533991540114,67.9906996740956,0.644811756367289,0.9356105730784795,0.5724832889534316,0.8496073866877643,0.4615748454190764,0.7045527199733386,0.6335527258565686,0.9234554601347227,0.6479538611825962,0.9387071628559274,0.6388092206819437,0.9292742952051778,MUĞLA,MİLAS,152275,0.681
54988432B67997917440066,0.07252612426567032,0.10556054202876146,6.612559249175847,0.07027706319242862,0.10368250072089345,0.052826344769444464,0.08223889515651868,0.02985139876001995,0.04918969226038099,0.06925773885398147,0.10270003444708149,0.0706957278792568,0.1040647450932052,0.07004512325038328,0.103465027693808,İZMİR,ÖDEMİŞ,132548,0.336
54988432B68103092763105,0.05012190416092866,0.06998538636931909,4.929859505273363,0.04909704331618031,0.06907696033355767,0.042707975382501255,0.06167037009756133,0.036165075334504644,0.053229933630889806,0.048693687429060266,0.06867407675266685,0.04926244258837916,0.06923638857836237,0.04903420929468873,0.06901544683053433,HATAY,ALTINÖZÜ,69834,-1.038
54988432B68104406742537,0.4506924229548445,0.4822444858431848,23.77111172912454,0.4459165920738236,0.47827356753230676,0.3920917088135317,0.4289487839757036,0.3222696418891635,0.3631869771451906,0.4414018169859055,0.47428994185825624,0.4473424192194563,0.47950457758313597,0.4441406844879862,0.47671848465689637,TRABZON,AKÇAABAT,131162,0.405
54988432B68279142747121,0.2381681936661773,0.31849369004951794,17.136882407020572,0.23318231465986441,0.3145455526240956,0.20705570681458002,0.28856438877101726,0.18247259420359604,0.2608589380878451,0.23062814554792174,0.3123200623608438,0.23418738208154613,0.31538851935365736,0.23234170969800305,0.31382559377873137,ORDU,GÜRGENTEPE,12499,-0.859
54988432B68378780511422,0.2986034093727985,0.2692664959329814,9.518566136036947,0.2903246240525563,0.26302766734090655,0.22779707169277666,0.21282823591611888,0.1611356124351845,0.1577228541328671,0.28978506840647017,0.2626094754121147,0.2909159564195853,0.2634834585344049,0.2919912128521543,0.26430714965906354,ESKİŞEHİR,SEYİTGAZİ,12565,-0.31
54988432B68476887974785,4.221253670976794e-05,6.95586061804406e-05,0.002114468443890498,4.209086732893877e-05,6.935811710290654e-05,4.135507138972362e-05,6.814565881552785e-05,4.0570552138566136e-05,6.685291334497172e-05,4.204822489609273e-05,6.928785010584575e-05,4.21117402636889e-05,6.939251191452602e-05,4.2086610604475236e-05,6.935110279285419e-05,DİYARBAKIR,LİCE,24060,-1.022
54988432B68647212812297,1.8726780171396695,2.1210099930492863,99.80718585878768,1.8366461604575135,2.0911661994268544,1.5116069635949527,1.7902101027505015,1.1094232799533044,1.4030057322746021,1.7807085118824764,2.0413699353033974,1.8525840384543417,2.104792524995542,1.8065225783871464,2.064607673785354,MUĞLA,BODRUM,207196,2.483
54988432B6867596275120,0.0238652442369311,0.039325595064098336,3.1506459459219593,0.023780484544110483,0.03918592645964036,0.02205811870924532,0.03634777987703261,0.019697242862878855,0.032457484575250405,0.02366378832955176,0.038993632258345415,0.023812735217846954,0.03923906972200607,0.023738023570419667,0.039115958474363735,GİRESUN,ÇANAKÇI,5783,-0.637
54988432B68766699896789,0.005714316896542734,0.009416158079523255,0.6057891164209975,0.00570530790029704,0.009401312887294136,0.005512617342317314,0.009083793787948005,0.005234957601774899,0.008626260883035326,0.005696637802125978,0.009387026137640283,0.005708243580491546,0.0094061503559335,0.005703211463127228,0.009397858338981166,BİTLİS,MUTKİ,26748,-1.257
54988432B69064282981007,0.2899925963847794,0.27399864029104165,9.740749913975439,0.2896842884657503,0.2735860304203665,0.27878134933316207,0.2629672265416164,0.25395849049547303,0.2413007246988854,0.28940604565067607,0.27324793760911964,0.28977377105895064,0.2737004425715578,0.2896226661156431,0.27350918021325227,BATMAN,BEŞİRİ,31864,-0.792
54988432B69245819346506,0.8169342604603199,0.7509415817111306,29.31701533314684,0.8114378281385766,0.7462216858849076,0.7093506408756357,0.6580057656266293,0.5673945878795444,0.5332047259852863,0.8117950365624768,0.7465261947205479,0.811683783086862,0.746431238990179,0.8136709259245611,0.7481257843357344,SAKARYA,FERİZLİ,36015,-0.139
54988432B69251305297416,0.027762268344708328,0.04574718415390619,4.16429443174069,0.027614985173437863,0.04550448819422371,0.024695854407077073,0.04069429001157074,0.020786980336137476,0.03425317433120209,0.02748275082643693,0.04528658996816336,0.027667773998114063,0.04559147460519509,0.027585652504445415,0.04545615327456003,ERZURUM,ŞENKAYA,14918,-1.119
54988432B69475506510516,0.0004295425645661759,0.000707808258286484,0.049510074582600413,0.00042525240656271886,0.000700738855822801,0.00035565703675391247,0.0005860583059710625,0.00026508432425372246,0.00043681089914471196,0.0004217142688609491,0.0006949086464539187,0.00042646758669248543,0.0007027412523304045,0.0004244020024319279,0.000699337544017386,MANİSA,KÖPRÜBAŞI,12217,-0.412
54988432B69574392637180,2.917238880466518e-05,4.807080697751212e-05,0.00432367457662749,2.9016957625441914e-05,4.7814684578185894e-05,2.593887989077204e-05,4.274257061330446e-05,2.1819938146559046e-05,3.595530149854425e-05,2.8848307526513253e-05,4.7536779796146174e-05,2.9073233660994586e-05,4.790741728035252e-05,2.896746042561389e-05,4.773312216810036e-05,BURSA,HARMANCIK,6089,-0.372
54988432B69584017445691,0.04825400037386433,0.07951384281200456,6.173988432425352,0.0481482099033841,0.07933951929943363,0.04591795078148516,0.07566445667509705,0.04275429591550781,0.07045132711535583,0.04803426769225762,0.07915176319641692,0.048185758276989045,0.07940139221056094,0.048115786061898556,0.07928609068801762,AĞRI,HAMUR,14336,-1.275
54988432B6966801542176,1.4197929706518726,1.5234959343749375,80.67471779385886,1.4070370718487948,1.5132449818802556,1.3039807841498214,1.4076093974658317,1.1453312253889791,1.2071747954113548,1.3982681021352383,1.5057223445271293,1.4102089284783328,1.5158780161062748,1.4037037129210481,1.5104265203419867,AFYONKARAHİSAR,SANDIKLI,54376,0.052
54988432B69685064161896,0.3318731609810046,0.4610473291663416,30.34031966386413,0.32904215006732185,0.45813618177502663,0.2944338072726459,0.41629196464549517,0.24622656105233737,0.3560882260531665,0.32667530723317934,0.45543678299641066,0.3298146416919701,0.4589887858933907,0.3282367058341292,0.4572291821931234,SAMSUN,CANİK,100247,0.553
54988432B69692013830482,1.5851926588219118,2.4414169587088645,203.42996553465844,1.5790208971151711,2.434280114468793,1.3966088274447463,2.188153496393961,0.9489354155569985,1.5228417078026704,1.5787183580549846,2.4338298809097196,1.5795177846021613,2.434893712595674,1.5810517665404553,2.43663048809011,BURSA,KARACABEY,86543,0.56
54988432B6973395963202,0.5893111281751195,0.7721410566274006,47.42959551489649,0.581700130398357,0.7653665094373289,0.5086126107980693,0.685992173173889,0.39698012336417077,0.5492225964080346,0.5824556923652472,0.7660691016248292,0.5817242041077383,0.7653944546607675,0.5841844202072753,0.7676846672748023,YALOVA,MERKEZ,157901,1.137
54988432B69784551217741,0.0010739034633642666,0.0017695981787960377,0.11823410830316419,0.0010715106187821279,0.0017656552048145317,0.0010208725168393278,0.0016822127949214258,0.0009486556297445548,0.0015632124599370496,0.0010694330250754602,0.0017622317071119729,0.0010722569035517013,0.0017668849467924212,0.0010710935602877157,0.0017649679680401468,MARDİN,DARGEÇİT,26675,-0.866
54988432B69862067996452,0.004368347457960356,0.007198244506762397,0.6552521186940533,0.004323439076202662,0.00712424363677532,0.003489135140038949,0.005749462032689103,0.002432420987584125,0.004008188721367478,0.004291590581060371,0.007071763091806563,0.004334750042126746,0.007142882057622737,0.004319628667027946,0.007117964773389479,ISPARTA,YENİŞARBADEMLİ,2353,-0.421
54988432B6991575510752,0.41157373648883877,0.48291167392502127,27.517962698964155,0.4078573469062181,0.47970025055297105,0.375815776311468,0.4412063012489617,0.3199581768258167,0.3706438103788813,0.4064202302637958,0.4782725374579378,0.40843954337783184,0.4802547122062628,0.4076740338167675,0.4795226280085352,KONYA,SARAYÖNÜ,28401,-0.386
54988432B69940512809265,0.10992478330689988,0.1811361104424126,12.259348011802665,0.10959734969820756,0.1805965592281876,0.10283587646817076,0.16945487738988932,0.09340454580272019,0.15391375461808995,0.10935431019518144,0.18019607419708136,0.1096910733025526,0.18075099873342915,0.10956556908969493,0.18054419054807477,YOZGAT,ÇAYIRALAN,11777,-0.398
54988432B69998185816997,0.043523874832919245,0.050606581974399406,3.3539592712475437,0.04314989549819972,0.05020362707014435,0.0360731497379506,0.042513474638354566,0.026950640403394305,0.032519587260733215,0.042704934631565473,0.049723131807296865,0.04328187947560999,0.05034596485291102,0.04300365049396556,0.05004578139142296,SAMSUN,VEZİRKÖPRÜ,87575,-0.537
54988432B70012419752472,0.4809928942921919,0.6203180109397304,38.62112012858133,0.47156878868788615,0.6118748523617227,0.36151200585904764,0.49518695834510446,0.20414780065098526,0.31160117796319253,0.4724143426022408,0.6126766694005069,0.47168273041761327,0.6119845341655279,0.47478934966076014,0.6149071240262133,KOCAELİ,BAŞİSKELE,131387,1.562
54988432B70042500930466,0.3421074876382393,0.4179100731016367,24.562089901648502,0.33666490935368043,0.4133234941663493,0.29224361698630813,0.36800998200022517,0.24233704412903365,0.3138705640363788,0.33325915735135314,0.41015077279894674,0.33800868158105474,0.41453132738822246,0.335595323984712,0.4123419821498283,KÜTAHYA,GEDİZ,48539,-0.083
54988432B70258579646367,0.17815284708817228,0.27134570225449384,18.132485621546284,0.17662708992253098,0.269874490952623,0.16406731048333442,0.2535914131827271,0.1494453350435311,0.23298478826711386,0.1753802894291915,0.2684516348524897,0.1770610075292987,0.27033676879175816,0.17611647695862634,0.26930575687096725,RİZE,PAZAR,32144,0.199
54988432B70315199389199,0.21513675837069024,0.1594992763079354,2.4721698895215742,0.20913463698769755,0.155133914939031,0.1597293064810899,0.11893684081899333,0.09279757160838016,0.06978189009435037,0.2090740995681941,0.15508973692007705,0.20939540738115336,0.15532419285349833,0.2104684017317536,0.15610670094619702,BURSA,ORHANELİ,18963,-0.354
54988432B70364934790471,0.6469475422895283,0.9318433967839503,63.292448936847684,0.6421333981531465,0.9275458332435954,0.5927617420436477,0.8705304184908592,0.5164627068078999,0.7722332387139388,0.6407244056671824,0.9261603106478183,0.6427945511592287,0.9281821223889373,0.6423573043720214,0.9277627320154304,DÜZCE,MERKEZ,267249,1.032
54988432B70424898114793,0.029712409409501317,0.04896066301339511,4.219192310156839,0.029576270546526926,0.04873633085300881,0.026859690880847917,0.04425990015608191,0.023198914865030337,0.03822760508341612,0.029445100962232223,0.04852018716281698,0.029618292568333444,0.048805575525174415,0.029543556508862142,0.04868242405091014,ADIYAMAN,SİNCİK,15801,-1.202
54988432B7043343413230,1.03636488335727,1.0524569843232414,31.38376007361396,0.9768884468324726,1.0068093308022978,0.40996686034377006,0.5475436523727235,0.20335260479764944,0.33508821917383963,0.9622167526141922,0.9953332028537794,0.984441056443326,1.0127005798310498,0.982707006522905,1.0114342328268258,BOLU,MUDURNU,18101,-0.461
54988432B70515567552987,0.4952466310372111,0.7124334722057221,54.00976745495492,0.4913300527830073,0.7080030069538403,0.42030334718513224,0.6153425676549426,0.2697655130135861,0.41235708956573996,0.4885628368052797,0.704529871330895,0.49230147883735714,0.7091930403547761,0.4906698071062249,0.7071868559158083,MANİSA,TURGUTLU,179326,0.489
54988432B70702003005022,0.3992830849357962,0.5641631564633272,34.775718142434044,0.3960318558968197,0.5613819275756837,0.3726708319468114,0.5359159913926362,0.3422521021170122,0.4994772989194481,0.39457825570232663,0.5599963329198719,0.39664173460719065,0.5619424904857743,0.39572277027496283,0.5610913900622398,YOZGAT,MERKEZ,109042,0.812
54988432B70812604960370,0.04511080358947579,0.036912150035875675,1.029112901395497,0.04145999641051932,0.03424424148170206,0.02643895766807625,0.02288413210182285,0.014854393234309097,0.013838749570457744,0.040272761920469455,0.03336324864558343,0.041970960628631176,0.03462165587697777,0.04130066194337998,0.03412432395645165,KONYA,BOZKIR,24704,-0.574
54988432B70813006049679,0.412622561390782,0.5150833946527525,31.87872621877529,0.4025223415913308,0.5067681908212411,0.3157252165299565,0.41851918088509027,0.1974485739594009,0.28171213787658855,0.4024113028642011,0.5066708233872562,0.4029998938828895,0.5071859173933434,0.4049481058215359,0.5088715511705292,BURSA,MUDANYA,112225,1.037
54988432B70826700680977,0.042064584984243876,0.06931480856457584,5.582844243819622,0.04195964678333566,0.06914188943771915,0.039779500223370824,0.06554940322863652,0.03668348015215869,0.06044772354658244,0.041884785167180694,0.06901853106880718,0.04198606657736244,0.06918542446762535,0.04195134343892413,0.06912820703175826,KİLİS,POLATELİ,4968,-1.155
54988432B70965233026524,0.39584382638197185,0.5062389911157673,29.908181794774606,0.3897139391493088,0.501170015874574,0.35364575472899307,0.46218704796047244,0.3174896167442121,0.4181844961041116,0.38546683075925087,0.4971726986272726,0.3913040231478606,0.502580119072831,0.38792765760449827,0.4995259471607796,RİZE,DEREPAZARI,6772,-0.37
54988432B70975944471904,0.016894901129959148,0.027839733542579834,2.024864289125195,0.016825035995955407,0.027724608470250663,0.015416894766929569,0.025404247060328927,0.013496727141005667,0.022240158993070806,0.016714827542128864,0.027543004922229296,0.01685279217929577,0.02777034562742079,0.016780991246723533,0.027652030710065324,ÇORUM,UĞURLUDAĞ,5992,-0.923
54988432B71029132182367,0.09156267879376406,0.12695765307574058,8.070981045764148,0.09118865156376675,0.12652572713971294,0.08359149763793455,0.11753815998872551,0.07290227187865607,0.10451217384829471,0.09090859922966847,0.12620133737014397,0.09129487805153659,0.12664853479157298,0.09114959369248675,0.12648054398165473,DİYARBAKIR,ÇINAR,79114,-1.256
54988432B71099254802304,0.27437454081585266,0.39853266863580705,28.335003074306943,0.2710753237215707,0.3952191027049738,0.23396617553522192,0.34981525589577916,0.18358442728945581,0.2830433248953678,0.26941442294965073,0.3933633293478776,0.2717080207948794,0.39590885148919175,0.2708702222196768,0.39499290554622224,KONYA,KARAPINAR,51756,-0.161
54988432B71168384186260,0.2646997127214003,0.4361771290803068,33.962690610360056,0.2627085378339771,0.4328960339217066,0.22471675836904592,0.37029247033904733,0.17409526002561973,0.2868774201670112,0.26129531832127584,0.4305673044211232,0.2632092230359796,0.433721072346332,0.262541278155336,0.43262042030017867,KONYA,DERBENT,3954,-0.936
54988432B71225398808763,0.0025418151599950808,0.004188450481268018,0.30774346287686016,0.002536856615054101,0.004180279698328603,0.002431465379117231,0.004006614051892664,0.002280808497705293,0.0037583588296453497,0.0025315047059019198,0.004171460722497095,0.002538618107147542,0.004183182317890655,0.002535334096422961,0.004177770863699829,AĞRI,TUTAK,25920,-1.254
54988432B71285314938898,0.0014971948444965,0.0024671056202983294,0.18639447283884353,0.0014650873745872255,0.0024141983318729746,0.001260822803770596,0.0020776073580648815,0.00105232878247209,0.0017340470167806943,0.0014546573502619894,0.0023970115430410294,0.0014702262487217733,0.0024226662646246473,0.0014649852530671107,0.0024140300541253224,ADANA,TUFANBEYLİ,16027,-0.521
54988432B71286228514784,0.010062702769617111,0.01649833099941088,1.330326606524553,0.009999991673536213,0.016400143374319217,0.00911812251756684,0.014967578472775986,0.007974804176123437,0.013099043831675875,0.009962529539156573,0.016340139780916575,0.0100137256052947,0.016422028027331396,0.009994507187578633,0.016391383225117153,HATAY,YAYLADAĞI,42019,-0.863
54988432B71345383711908,0.7403965166486447,0.6820087835345395,26.691151650926948,0.7337854411542107,0.6756412174718053,0.5927824973084688,0.5415081339166035,0.20472058447541455,0.20744280073159233,0.7352591863726091,0.6771087306081077,0.7335309544990567,0.6753878340915079,0.7368520898827785,0.6786868554106805,İSTANBUL,ÇATALCA,81143,0.761
54988432B71616500059418,0.5715447542195697,0.6507226654134919,32.880341600799056,0.5656803150170301,0.6445668271070095,0.4668052476428264,0.5336035213579986,0.159629281453256,0.24552657985089998,0.5669239851701914,0.6459428359448606,0.5654663866551356,0.6443288483089006,0.5682857912936896,0.6474292588846591,İSTANBUL,BAKIRKÖY,218204,4.465
54988432B71738622898176,0.10083694665725522,0.07293927644877007,1.1092064132298076,0.09465144647394853,0.06846506414067988,0.0699094457407218,0.05056821490831917,0.05135294519080175,0.03714557798404863,0.09207457317668769,0.06660111169038185,0.09571798400647709,0.06923653212445872,0.09392224201083726,0.06793760225606593,MALATYA,ARAPGİR,9917,-0.393
54988432B72028378604273,0.07294031624933059,0.0993697176652791,6.418885182350127,0.07234013837001387,0.09875738993998845,0.06490054331903594,0.08982649548747801,0.054047979296807054,0.07676795324516456,0.07204568137408605,0.09841815918549322,0.07245128460701113,0.09888225591945936,0.07230217258166963,0.09871429911116092,GAZİANTEP,OĞUZELİ,36644,-0.389
54988432B72030220276956,1.1885607241434633,1.2528094002213344,60.64611169498848,1.1665316230155358,1.2339689149503,0.8387644637880607,0.9329677531873658,0.24836184547448606,0.38738117248405446,1.1732524517243352,1.239893000097525,1.1642914585022222,1.231981009052362,1.1775450132078507,1.2436322507912758,ANKARA,ÇANKAYA,952198,6.901
54988432B72106000461584,0.13898130936136072,0.22901599661675526,18.65180045281926,0.138493085301927,0.22821149189552856,0.12834037512203242,0.2114816664902711,0.11397528268805948,0.1878105989533814,0.1380911273156302,0.22754913802037194,0.1386382092146472,0.22845062978865427,0.13842049442341742,0.22809187529050773,YOZGAT,BOĞAZLIYAN,35316,-0.197
54988432B72271864351662,0.6146134318024505,0.7850257351489341,45.27680648422439,0.6069170030688371,0.7781525880337998,0.5299217636838857,0.6985666406953581,0.4291744150700668,0.5881484587733958,0.5999147369298541,0.7713750973400654,0.609087617435449,0.7801878749901142,0.6040659538875565,0.7754244112221177,DENİZLİ,PAMUKKALE,343071,1.227
54988432B72298129420798,0.8179023737571939,1.0226534550207425,70.32044466590828,0.8157402758176511,1.020029090357854,0.7560335908406979,0.949912514074128,0.6432740650904875,0.8200405823698341,0.8126644440201695,1.016320380102126,0.8165785521154274,1.0210446572246545,0.8146529986868885,1.0187156312121461,SİVAS,GÜRÜN,17062,-0.475
54988432B7232586942515,3.302090510542052e-06,5.441246399717428e-06,0.0003962508612650462,3.295203461080986e-06,5.4298977910208874e-06,3.1493304983704447e-06,5.189525599334793e-06,2.941520821181228e-06,4.847092933051926e-06,3.287881596526495e-06,5.417832685894557e-06,3.2975501491933407e-06,5.4337647075096525e-06,3.2931567366054476e-06,5.426525160213774e-06,SİİRT,ERUH,18339,-1.098
54988432B72387127190617,0.314633002503989,0.41677623686606025,25.016056714519614,0.312860543960717,0.4149711153749956,0.29253655451822846,0.39010208380853617,0.2641132572088959,0.3547378318142195,0.31208202663918744,0.4140859568981009,0.31319837017654606,0.41534563088643794,0.31280941782314264,0.4149138422473956,ELAZIĞ,MERKEZ,463686,1.135
54988432B72818442943555,0.13281860274915647,0.21886097359145767,19.339199420353502,0.13217696078477628,0.21780366398184975,0.11907270547629166,0.19621022740261881,0.1006660378473768,0.16587937679544168,0.13130827318329608,0.21637222433204514,0.13242247780812033,0.21820823151719596,0.13186407246326326,0.21728808076342765,SİVAS,ŞARKIŞLA,37282,-0.178
54988432B72902905976460,0.43370438374525017,0.6321458018996928,41.2570486837824,0.4321883320508504,0.630348045071428,0.4078329606281977,0.5980496656708753,0.3750071582819066,0.5536055813462778,0.43050950187126535,0.6282028966036272,0.4327091566616014,0.6309983335713002,0.4315880064954885,0.6295872315895409,GÜMÜŞHANE,MERKEZ,54697,0.655
54988432B73072447730570,0.35540156493805536,0.5074264871760334,33.95502495072569,0.349944652773947,0.5022076657007213,0.2970422790809177,0.4379701214203217,0.22973540140144452,0.34913545453669015,0.34109529739902295,0.492377949625828,0.35240500017841425,0.5047228979904197,0.3452078511126023,0.4970511880440769,MUĞLA,DALAMAN,53327,0.548
54988432B73173192257924,0.163992035723778,0.19317346384825362,10.278373669036636,0.1631268860652024,0.1923840416348887,0.15428998975415237,0.18269347625351182,0.14199615694626286,0.16890461281936575,0.162565150725264,0.1918120629178577,0.16333389608683388,0.1925874955773251,0.16296047815727385,0.19221715864586958,VAN,İPEKYOLU,362816,0.404
54988432B73242449830307,0.03481237265932569,0.05736447768267952,4.232903706430515,0.03470950826615951,0.057194975814942185,0.032595364767326114,0.053711250682397335,0.02929678918639807,0.04827579624932844,0.034576395745797336,0.05697563051842,0.03474737380685131,0.057257371359917375,0.034661523151411154,0.05711590504688451,SİVAS,ULAŞ,7603,-0.595
54988432B73294820193521,1.2364047447792867,1.9241704844770635,158.89694390134684,1.2315913708287105,1.9190903288537762,1.1216738379409341,1.7629178827634433,0.8308125505399249,1.3112081350489533,1.2320649217053803,1.9195678185898046,1.2316534789911642,1.9191877290909047,1.2333646804989755,1.9210476174966968,YALOVA,ÇİFTLİKKÖY,58589,0.828
54988432B73322112171643,0.47790418513590943,0.6788317431005085,45.24378837098279,0.471922719680101,0.6719864017884078,0.37486376671900606,0.5482694648377253,0.2034218528498274,0.32583373049852415,0.473863885714179,0.674309002325207,0.4712689031695729,0.671196439142604,0.4750781119479821,0.6757368679994615,ANKARA,ALTINDAĞ,418072,2.528
54988432B73440266741351,0.2822844783934967,0.3850422863976151,27.33107955984105,0.27922827147383195,0.38224513222295414,0.2515927495687544,0.3501465604002842,0.2187291630103507,0.30929825798785454,0.27764661450029204,0.3806030965945569,0.2798638686429967,0.3828811898605314,0.2789010957581567,0.3819116116119104,YOZGAT,SORGUN,80068,-0.038
54988432B73618387821891,0.06701687570667635,0.11043165912475349,9.137861732239713,0.06654121668343403,0.10964785930477654,0.05738585932065937,0.09456149049408442,0.04543074666001833,0.07486163262669639,0.06596363163241363,0.10869610387306994,0.06675159746285014,0.1099945286813164,0.0663488408987881,0.10933085889480729,ANTALYA,İBRADI,3256,-0.264
54988432B73640437939057,0.21310658304425756,0.2923332616683297,18.428295743768153,0.2114791164866563,0.2907649464847819,0.19408536092189496,0.2701565721141803,0.17065606281743123,0.24138662533907423,0.21067460909470026,0.289893606325842,0.21181455445004332,0.2911174206785522,0.21136119252358407,0.2906392707465112,DİYARBAKIR,BAĞLAR,402275,0.017
54988432B73654359915704,0.21746947671507552,0.30491829879032756,20.026115701421933,0.21183697836521867,0.30001832448491056,0.18055494193526378,0.26599664733988987,0.14749986370441945,0.2246719571640618,0.20853757177787466,0.29690088326480324,0.21317034017730777,0.30123177448837873,0.21058870663355425,0.2988678360722314,EDİRNE,HAVSA,17302,-0.198
54988432B7371544527763,0.10841735836631282,0.17865214747876038,13.39516897489755,0.10819616628800316,0.17828766304203583,0.10351007751141161,0.1705658384575851,0.0968317335896267,0.15956113864561006,0.10795774572991036,0.17789478919463544,0.10827471582304378,0.17841709843254822,0.10812837341151152,0.17817595267432818,AĞRI,ELEŞKİRT,28661,-1.013
54988432B7377784075511,0.21845964235468807,0.2579477882948114,14.186635511849175,0.21739862436997695,0.2568790593748064,0.19638229150700942,0.23544666041838622,0.16821343943511022,0.2063880056216236,0.21548509765823637,0.2549459802323507,0.2178711134021573,0.2573553637927027,0.216574179192969,0.2560472879483706,KASTAMONU,ARAÇ,18121,-0.565
54988432B73997329760660,0.5346552572792637,0.7519469256884194,41.431202250565356,0.5280110040658411,0.7466731273301555,0.4925193279145247,0.7108881852611848,0.45816650468751574,0.6713051401575534,0.5259460573508254,0.744881916382566,0.529094715171155,0.7475881468434308,0.5279165184497793,0.7465924876390349,TUNCELİ,MAZGİRT,7257,-0.58
54988432B74105915560914,0.9345708946418575,1.2392285681545265,83.674262761253,0.9252206284467576,1.2305069635241492,0.8169539845869437,1.104647592707893,0.6265041553261422,0.8758598536864168,0.9099532178762728,1.2139481887464099,0.9293960348284573,1.2346700912783735,0.9171357517399562,1.2219118276371133,MUĞLA,ULA,27649,0.355
54988432B74200485211602,0.16050113642050984,0.15529053261278486,7.057677370031044,0.16019392572881788,0.15489480279841877,0.1470797761072457,0.14194199977499483,0.12259122635233424,0.11952452509467966,0.1598383198938472,0.15448194714067628,0.1603185909659702,0.15504706412805008,0.16011989298112045,0.1548067442747237,ERZURUM,PASİNLER,25401,-0.765
54988432B74224800333323,0.38824068425458563,0.49665391506150963,32.8353743414189,0.376998503100303,0.48739887635830076,0.30822847604395937,0.41740152387561014,0.23498531533455277,0.33316092877652326,0.3699591816774516,0.4810233044281608,0.37976570908635865,0.4898054032666679,0.37433285060037713,0.48502419272919695,EDİRNE,LALAPAŞA,5932,-0.351
54988432B7423640406971,0.3199987701894279,0.39448980525744093,23.01719195410729,0.31399616741721326,0.3897202341734075,0.2786058633761994,0.3553040578597298,0.243171328761298,0.31735623638462457,0.30982584798579554,0.3860729068704538,0.31555754372758177,0.3910272690795453,0.3122414317648053,0.3882104175869967,RİZE,ARDEŞEN,43519,0.078
54988432B74473203693004,0.6193907100601461,0.9296893293491931,77.24891893180434,0.6132791961429211,0.9234803377993164,0.5476596886754962,0.843272581928911,0.4191056583400661,0.6633106056174949,0.6108353400445173,0.920803773130322,0.6143799233704075,0.9246617622168676,0.6131220352902069,0.9233081974807545,BİLECİK,BOZÜYÜK,81332,0.608
54988432B74566589804455,0.13360177478629084,0.22015149909759146,16.032874170828354,0.13336327477213192,0.21975849432100164,0.12826732806249608,0.21136129818163657,0.12094540219381723,0.19929609202064413,0.13314211662178874,0.2193940657914138,0.1334391484552605,0.2198835203927701,0.13331305585393233,0.21967574264990758,SİİRT,BAYKAN,23219,-1.061
54988432B7457666939336,0.3160079470436479,0.41810048715683623,19.498107271078933,0.31056351710639907,0.41328350621263193,0.2698516587823245,0.3710819711257621,0.22497314287182052,0.32154066781688334,0.3111006270548148,0.41378513674328826,0.3105724869559182,0.4132920878518681,0.31229631906010463,0.4148874992174783,YALOVA,ÇINARCIK,40174,0.141
54988432B74694372837116,0.1064037090168194,0.17533401848191899,12.765745157039229,0.10606055151352874,0.1747685571405793,0.0998914874490786,0.1646030581867649,0.09138176173959808,0.1505805732695684,0.10613211067278695,0.1748864736593535,0.10604556246343808,0.1747438579039651,0.10622512136098153,0.17503973840805082,KIRIKKALE,KARAKEÇİLİ,3062,-0.423
54988432B74865173574888,0.0008946795617683465,0.0014742696872877814,0.11370541895041442,0.0008928842323725579,0.0014713113099871127,0.0008549418358467283,0.0014087891205335806,0.0008009788119592216,0.0013198678421772333,0.0008910567266839585,0.0014682999119903562,0.0008936030550098109,0.0014724957993505934,0.000892401511166028,0.00147051587296965,ARTVİN,ŞAVŞAT,16151,-0.405
54988432B75065207924044,0.34996739339755534,0.4432584244344866,24.86190717314542,0.3455718759627411,0.4391940960627101,0.3029343218864351,0.3934059134291324,0.24547948911071124,0.32991236054972084,0.3452438228658256,0.4388521768063132,0.34590982543805904,0.4395320696679638,0.3464831389305754,0.4400760633856107,ESKİŞEHİR,TEPEBAŞI,398129,1.477
54988432B75072745188363,0.8458899087291689,1.0798514919222928,75.25615935185668,0.8433645124280598,1.0775767954766007,0.7880962527759908,1.0234929829728758,0.7015694849986711,0.9299637681539962,0.8439300769962791,1.0780850332650713,0.8432453773716091,1.0774696845725367,0.8446588500031587,1.078743127357953,KIRIKKALE,BALIŞEYH,5888,-0.527
54988432B75199317168320,0.6272325729645928,0.5764894670328526,19.84514308649962,0.5974484075289839,0.5545330086047199,0.45702847271905495,0.4445829331140181,0.33639937986706364,0.34552063564687124,0.5898221053317027,0.5487998890906408,0.601794645794962,0.55778218849906,0.5980428789931234,0.5549782280559935,KAYSERİ,TOMARZA,20156,-0.674
54988432B75263721717029,0.4483393346078198,0.4437697510710199,20.100761623325866,0.4296257278804666,0.42974109006584243,0.34554255789778204,0.3603565001654511,0.27483659717869935,0.297277943236342,0.4215193838754374,0.42345377583436905,0.43292940487840975,0.4322697503715776,0.42734944243803735,0.4279871752445967,MALATYA,BATTALGAZİ,274563,0.813
54988432B75303442304473,0.2876277874778657,0.3733196379758153,23.587667496457573,0.28548680404226723,0.3713575896465165,0.2624006208392701,0.3457305998688394,0.23126885145937917,0.3098249083602332,0.2836772155020916,0.3695130046873309,0.28607132590540746,0.3719323231089683,0.28480556006148994,0.3706810374340372,GİRESUN,BULANCAK,70397,0.063
54988432B75596931390993,5.796842710526141e-07,9.552145656722422e-07,8.695264065789211e-05,5.796536491471441e-07,9.551641063246383e-07,5.686829475065328e-07,9.370863793169216e-07,5.304508109540845e-07,8.740867508375179e-07,5.796021073028713e-07,9.550791747112593e-07,5.796674214066455e-07,9.551868005109995e-07,5.796511331651973e-07,9.55159960442608e-07,ELAZIĞ,ARICAK,12340,-1.07
54988432B75676722749160,0.013410101399684491,0.022097415479050857,1.4270244285776819,0.01337100079252286,0.02203298476848561,0.012608596968852817,0.020776681512281268,0.011439308886958285,0.018849906778054887,0.01335425019477412,0.022005382820749028,0.013378383177820726,0.02204514960082291,0.01337373266096762,0.022037486392318183,DÜZCE,YIĞILCA,13492,-0.88
54988432B75798552461852,0.24355637452482845,0.28903078581997266,14.691064062407335,0.2422154340047553,0.28778345051165355,0.22996194237266898,0.2731025452404768,0.21529201570375708,0.254261297969371,0.24153119184923005,0.28705439460292365,0.2425002786064219,0.2880748886789287,0.24207993263728808,0.2876411034572799,MARDİN,MİDYAT,125791,-0.36
54988432B75808003725453,0.21679242551043235,0.29547099484839806,16.619961075736047,0.21195873470566068,0.2914928646370283,0.1855467133097116,0.2639307657344345,0.16006527357559217,0.2339212570332604,0.2087792380326795,0.28857562161111816,0.21313233304452572,0.2925178302723583,0.21063310100641675,0.29029983142224514,TRABZON,ÇARŞIBAŞI,15004,-0.34
54988432B75995786409497,0.21619754751431683,0.3204509330168456,25.24602046191379,0.21424208522770327,0.31773048534622095,0.17824379568042995,0.2699584442991053,0.11233566518628826,0.17721475300543008,0.21271836577246275,0.3157147294559839,0.21476417720859822,0.3184306844666183,0.21387716489992592,0.3172447558718325,MANİSA,AKHİSAR,181472,0.543
54988432B76021463807070,0.41418662783464577,0.5278512087798565,35.71061904300858,0.4018828323240332,0.5175105132518211,0.28135472864470956,0.39167190001444335,0.10959376392247287,0.1805768965263546,0.4041166939158007,0.5194730855829052,0.40151538366022116,0.5171910321915936,0.4067281340727187,0.5217584906782591,İSTANBUL,SİLİVRİ,240029,1.312
54988432B76024124703750,0.11211506265370194,0.18474529364684436,15.535590572740269,0.11189251539979866,0.18437857612647285,0.10647174830021278,0.17544613488352018,0.09705620655867744,0.15993102939535836,0.11174456945370835,0.184134788034067,0.11195118704555904,0.18447525635987044,0.11188330048579824,0.18436339161912263,ELAZIĞ,PALU,17872,-0.737
54988432B76125229912177,0.3259709137597188,0.44258611923853686,32.14300170014846,0.31805309380119057,0.4350065733495685,0.2123965513321357,0.3080059057338513,0.0757528126413095,0.12482689912255962,0.3129414047123462,0.4296003229747105,0.3199519139570388,0.4369517691816437,0.31694083148729707,0.43384593844489344,İZMİR,BERGAMA,107549,0.379
54988432B76166578755153,0.3943391808255849,0.5066947686303406,29.22017616668352,0.3918708354182296,0.5045077354455968,0.36917231871597694,0.47967888022440597,0.3392641217052712,0.4446472028364865,0.3919350712158609,0.5045681080860009,0.39196969191364733,0.504603326191153,0.3925501534485166,0.5051514361024099,KIRKLARELİ,LÜLEBURGAZ,157136,1.12
54988432B76227245488219,0.8128571964079033,0.8509348232724012,37.01773134789055,0.8064383094195451,0.8454829398703079,0.7312010384459994,0.7785110367175985,0.63044059410894,0.6859799729167263,0.8032569314726461,0.8427469585909428,0.807895355234791,0.8467331908197373,0.8060475666034257,0.845156863319447,NEVŞEHİR,AVANOS,32093,-0.044
54988432B76333131904133,0.16957599763499487,0.22638330730063957,15.021706050463722,0.16577829545697043,0.22277582322722025,0.12452331804676478,0.1750493802790327,0.07322104507073908,0.11114346195635175,0.16338451399846582,0.22026720758948612,0.16665923653717235,0.22367199062158613,0.16518463184121068,0.222162434426614,MANİSA,ALAŞEHİR,104565,0.038
54988432B76430100737170,0.2476317541071059,0.3484277806247984,19.351511689623763,0.2442898229477242,0.3454624924091534,0.22092887984379964,0.3189993676274631,0.1955451787272047,0.2875709739362816,0.24182747665777524,0.3429850519474511,0.24515313937890768,0.3462858074199759,0.2432843366083969,0.34447180996826654,TRABZON,BEŞİKDÜZÜ,23246,0.17
54988432B76534692680801,0.12786755564099814,0.19136020923158908,12.888595205688052,0.12575627817991877,0.18930563582960425,0.10922307700551899,0.16775963430757385,0.09084372227679186,0.1417470774674142,0.12433414297152673,0.1876793040492909,0.12625915981660127,0.18984830497052446,0.12525603707173955,0.18874684933978494,SAMSUN,BAFRA,143387,0.256
54988432B76630597783829,6.73320027665188e-05,0.0001109509313779964,0.010097523248007802,6.696812087524696e-05,0.00011035132000317668,5.976693284785726e-05,9.848506791147063e-05,5.01357602366931e-05,8.2614641850087e-05,6.669562672662402e-05,0.00010990229905708056,6.707158895777754e-05,0.00011052181664152068,6.693007879009638e-05,0.00011028863354494594,DİYARBAKIR,KOCAKÖY,15088,-1.131
54988432B76667969574644,0.14496465205875864,0.23887546043416213,17.48363553982288,0.14457172372700838,0.23822798579236862,0.1363437206982454,0.2246697287687683,0.12464338786924256,0.20538970186518818,0.14413565746172155,0.23750942765822441,0.14470538709128353,0.2384482387797759,0.1444426323628639,0.2380152666321447,ORDU,ULUBEY,18027,-0.73
54988432B76694666867888,0.11461983095574156,0.1556701757966574,8.435778917177439,0.11251421808600476,0.15381840909313121,0.10168802953078315,0.14245041944229975,0.09163313872694552,0.13073548712871652,0.11109371193573865,0.15246707777403687,0.11309868512597195,0.15435323006713284,0.11189492187381765,0.1532375394276758,ARTVİN,HOPA,27844,0.502
54988432B7673990663622,0.37949376218602293,0.28192828373988926,5.283999824455524,0.3430071671063527,0.2554779612517928,0.19610974373863607,0.14810952480538414,0.08527819301917809,0.0664981365688866,0.33237734632236127,0.24779162115836115,0.3483039703729341,0.25931235644066253,0.3423220194939412,0.25500549851772564,BİLECİK,YENİPAZAR,2692,-0.501
54988432B7686376545923,0.11182668320927203,0.1628244283525807,12.213080609887408,0.11016946822355093,0.1613227673424491,0.09834596180692527,0.14675628784834832,0.08543923559797864,0.12917572976787903,0.10899657711235783,0.16007073312473055,0.11058477556008965,0.1617379381356351,0.10971134156506081,0.16084582597295508,TOKAT,REŞADİYE,43108,-0.657
54988432B76895088825803,0.3479883420798893,0.34439805266282825,16.34420163096417,0.3476031270352213,0.343763765354331,0.3384006971623254,0.33100323799632464,0.3118156967640033,0.3031579258373503,0.3473489725115952,0.3433469134920551,0.3476958453155112,0.34391626563326233,0.3475694010266584,0.34370834966343317,OSMANİYE,TOPRAKKALE,22358,-0.084
54988432B7698417663735,1.0502769629453674,0.8822807428038416,24.270567264325024,0.9794921170119024,0.8290360211210163,0.26828187067144404,0.27989624270181596,0.04798154556165892,0.07906488668519175,0.9605260978985388,0.8147797790397637,0.9892015662491371,0.8363376710871645,0.9870514897709031,0.8349000125620667,BOLU,SEBEN,4438,-0.425
54988432B77006112817305,0.5078626297240922,0.6399665228993388,37.89522578875054,0.49611760709018843,0.6291929660410278,0.37697636100850407,0.49512863671994284,0.17479672464472898,0.26662186550051875,0.4982164782535801,0.6312790927949986,0.4957666578502544,0.6288412236704439,0.5006488468619749,0.6336421970444075,İSTANBUL,ÇEKMEKÖY,315959,1.45
54988432B7739562354117,0.11943761577278014,0.1724747949549085,13.415019414528231,0.11878912340965687,0.17140915148243804,0.10284609587772882,0.14730097030117306,0.07465979139126777,0.1085055425413023,0.11831748414596326,0.1706387365610019,0.11895386626397245,0.17167928008679353,0.11873381952119219,0.17131858307651,KONYA,HALKAPINAR,3947,-0.765
54988432B77407650026764,0.3283862589775691,0.4113229068024087,24.14768449108813,0.3260079757149226,0.4085002959198822,0.2635929814673327,0.33843017642317585,0.12432249192366707,0.1909571359961756,0.3264006518446891,0.4090128924965694,0.32598615808539505,0.4084579096714876,0.3270619484431819,0.40980029467605783,KOCAELİ,ÇAYIROVA,162262,0.962
54988432B77479397394986,1.9519250361963207e-05,3.216418520877575e-05,0.0029278875542944807,1.9446784303788595e-05,3.204477428503351e-05,1.796906193496867e-05,2.9609755773743983e-05,1.593837055677615e-05,2.626354460380441e-05,1.9379846202681994e-05,3.193447243216563e-05,1.9469697423000786e-05,3.20825309507038e-05,1.9431363580253795e-05,3.2019363728857986e-05,BATMAN,SASON,28150,-1.063
54988432B77607425257095,0.14565638486716473,0.22125366952723885,15.363973668235603,0.14306056203046075,0.21867015395997122,0.12023691313965071,0.1878366382442588,0.09303842308250337,0.1481002477957606,0.1413746112333971,0.21667899542822705,0.14368496422520466,0.21936645218699363,0.14252761694148605,0.2180558047227237,BALIKESİR,BİGADİÇ,49275,-0.138
54988432B7766374171238,0.08865384942390471,0.14608546842034525,13.298077413585707,0.08823961023513469,0.14540287735043936,0.07994200357415651,0.13172992616203988,0.06872453433933093,0.11324557090494658,0.08748896106474109,0.1441659436313862,0.08842438404228618,0.14570735107994964,0.0879163270163866,0.1448701652262604,KASTAMONU,CİDE,22496,-0.533
54988432B77763600838598,0.30033477616235754,0.4383289131414515,33.609727301846796,0.2975748318129995,0.4357401566293893,0.26835148943843035,0.4002526445229894,0.22701241332435712,0.3448515918042226,0.29699977168299224,0.4351353200950871,0.2979384906309724,0.43611529057956994,0.29791302053741464,0.43608777709313584,KIRŞEHİR,MERKEZ,163368,0.686
54988432B77928955362752,0.8367777009555126,1.2808121904472405,103.93526073507363,0.8269556862416516,1.2693527038775956,0.7349207620730637,1.143067763655018,0.6011891006966513,0.9461557655675599,0.8259410036001513,1.2678501195882397,0.8277354162609026,1.270372346800609,0.8287549669805803,1.2713771881349702,TEKİRDAĞ,MALKARA,50123,0.068
54988432B77963946080728,0.3727708834725249,0.5445463256527,42.01418955761088,0.3670355976783005,0.5397367421221269,0.3289139200968444,0.49548363995792805,0.28166116216570464,0.43154304560842716,0.3632542262516387,0.536075933189118,0.3684080968971476,0.5409847992489699,0.36554388632873075,0.538328267531525,SİVAS,YILDIZELİ,26567,-0.762
54988432B78096221215444,0.18453394588041008,0.1970633669701906,10.371239999170864,0.1829677255602536,0.1955636524486355,0.15352038585174,0.16716785044791094,0.11571744545646069,0.1304134356115623,0.18111049410177854,0.19378423503089226,0.1835192233955685,0.196091517746478,0.18235716497561644,0.19497897004476328,SAMSUN,YAKAKENT,8916,-0.538
54988432B78199019874123,0.16754821406586248,0.1573526889900337,4.351537779977739,0.15926484086786508,0.151305020327608,0.12503789173853813,0.12536334750628092,0.09846027637122827,0.10444710516231853,0.1554080154391922,0.1484535080350585,0.1609767695595098,0.15256372431682547,0.15798950027895597,0.15036446275226956,KÜTAHYA,ASLANAPA,7813,-0.782
54988432B78675491052886,0.33075203109435664,0.4173904822496256,28.289610752557614,0.3195148088623885,0.4086567326583904,0.2612763772752618,0.3518229777579462,0.20191040772723184,0.2833480897288244,0.31879599558379323,0.4079859953853468,0.32023272593302526,0.40926402216950614,0.32144893732231866,0.41018631888562906,ESKİŞEHİR,ÇİFTELER,14487,-0.202
54988432B78684581776772,0.08253141522127179,0.13327330490639291,11.251327062739838,0.08222244477502508,0.1328157023485584,0.07718390954128271,0.12484241994475918,0.06904859265408057,0.11177091386585673,0.08182831597284006,0.13220440632154193,0.08233129580272121,0.1329821238220616,0.08206807306270093,0.13257740174588864,DENİZLİ,ÇAL,17277,-0.232
54988432B78726151143019,0.17875204353522794,0.25086835432003096,16.805782490944832,0.17628503825141123,0.24870894520967887,0.158488629982844,0.22796574506209452,0.13780211045261265,0.20161617222147254,0.17527125716830827,0.24769089297235009,0.1766944659448423,0.24910421821116865,0.1761285095572062,0.24855518317398786,HATAY,ARSUZ,115077,-0.064
54988432B78779774927417,0.18598292356498924,0.271222343658893,21.479612593146964,0.18202963903831865,0.2674244155229205,0.15037201966933114,0.22612387090775088,0.11487026408438103,0.17577251893584603,0.1787935318852488,0.2637200452116246,0.18308093286046492,0.2685480053309242,0.18069463791771503,0.2659366214759546,DENİZLİ,BULDAN,26231,-0.011
54988432B78813645008161,0.02256532218491936,0.037183559234722746,3.176916772404245,0.02247134582556909,0.037028703235064145,0.020575041071271023,0.033903936853237254,0.017993539527452546,0.029650090407683134,0.022300683348233586,0.03674748241831063,0.022513292187571227,0.03709782323359135,0.022397888996018474,0.036907659699748886,KASTAMONU,İNEBOLU,19678,-0.236
54988432B78882156403317,0.1448550095506011,0.2386947894619815,18.80949776513503,0.1442687850253051,0.2377287977432478,0.1324204704194421,0.2182049237046501,0.11626477934215772,0.19158327428935587,0.14374011948853577,0.23685765280054638,0.1444793186511655,0.2380757189830124,0.14415165971994803,0.2375357964781233,ERZURUM,HORASAN,34896,-0.778
54988432B78938998312930,0.5397807247150489,0.5932665815022597,30.961370627165515,0.5370396282509854,0.5907399080410574,0.4849933667020949,0.5415850324545596,0.4149241825469472,0.47416610195758385,0.5339437637538852,0.5878528436131689,0.5379739692174466,0.5916073032203683,0.5360514036424677,0.589818593037293,ORDU,GÜLYALI,8881,-0.145
54988432B78941092059801,0.09440634545208976,0.1555645387858673,13.92313434866484,0.09400487215793506,0.15490298359547264,0.08590699575551121,0.1415591516564709,0.07488930515433034,0.12340399536215271,0.09366514111864542,0.15434316844549253,0.09412539398204725,0.1551015817076213,0.09393876096774266,0.1547940443418492,YOZGAT,SARAYKENT,12605,-0.587
54988432B78961906506617,0.2576307185067689,0.19006767179954484,3.239900723709541,0.2572817516571878,0.18967353172199106,0.24074972221259808,0.17713712881822333,0.20632620361175175,0.15179454970015918,0.2568080079950554,0.18925185162195823,0.25740499716684684,0.18979373748882586,0.2571456195274147,0.18954284982068914,ORDU,MESUDİYE,11829,-0.842
54988432B79088719689200,0.16949194497684872,0.2792919916768095,21.72835840576679,0.1685024664766927,0.2776615105287662,0.14797292121086728,0.24383254251323733,0.11803448217529874,0.19449942366159628,0.1677917337043267,0.2764903517956996,0.1687527435816333,0.2780739218154472,0.16841862525929133,0.27752335540525375,KONYA,DOĞANHİSAR,14097,-0.616
54988432B79162079631621,0.7156263722619484,0.804927894042939,40.616339085434255,0.7042243873951042,0.7945057875637349,0.5364758068808922,0.6269427547153145,0.191502913728992,0.2957164522871688,0.7065127127030062,0.7967024052029668,0.7038339339621896,0.794128858550911,0.7090629840320946,0.7991170235177474,İSTANBUL,ÜSKÜDAR,514294,3.045
54988432B79254890835341,0.4004343820609413,0.5306988538719367,34.79483915214018,0.3943095862456097,0.5252279059460229,0.341903404505637,0.46816257873538786,0.2777425911681762,0.3921339659100811,0.3941970645536255,0.5251228837569767,0.394664926978049,0.5255681732936126,0.39578790000262065,0.5266397389836011,TEKİRDAĞ,ÇORLU,306939,1.577
54988432B79409783151776,0.30602254416079605,0.3227017559114672,16.140820470349972,0.2953623610762263,0.31425439458511784,0.2029931085343487,0.23141239922473125,0.09861821122126728,0.12998341319248438,0.2893177771368098,0.3092221100556621,0.2976632864958144,0.3161380722337218,0.29383869213797664,0.3129963390699037,MANİSA,GÖLMARMARA,15140,-0.543
54988432B79438437943955,0.05286514810421548,0.07085029602433625,3.891858825287669,0.0527299845384083,0.07069647618649036,0.04995334542313628,0.0675121220994562,0.04610666198787341,0.06306743259283558,0.052585310804299186,0.07053154012626005,0.052777831560655075,0.07075096922558338,0.052688746624395065,0.0706494872476972,AĞRI,DOĞUBAYAZIT,113699,-0.647
54988432B79616482779548,0.07650932040724642,0.12607348674474053,11.476392103210586,0.07628736172393079,0.12570773908197308,0.0716819070808336,0.11811878492829035,0.0652492821790862,0.10751898550558461,0.07613441647218397,0.12545571304035966,0.07635070372052678,0.12581211520668215,0.07627345269107548,0.12568481951792546,BİNGÖL,KARLIOVA,25265,-1.017
54988432B79652739540199,1.336223487303369,1.3452591700392853,55.67179070427955,1.298179897213903,1.313505574293465,0.8023320768711769,0.8780752609270168,0.2170431941099036,0.3511169182613341,1.3063098490564906,1.3204505843449663,1.2967859554101584,1.312311787844358,1.3152468666927615,1.3280380829748502,İSTANBUL,ŞİLE,50090,0.698
54988432B7974453528026,0.4704685420928354,0.609377302687501,39.341863852340715,0.4593932993960088,0.5986520186463432,0.33262243713632306,0.4493648897197541,0.15383989413092317,0.2284654881762804,0.4614860282718998,0.600861039370585,0.45903906223162666,0.5982740177379452,0.4638612273918896,0.6033060889327995,İSTANBUL,BEYKOZ,246833,1.732
54988432B79784154417408,0.15757414646293325,0.24557124402971856,16.926027444513014,0.15543731705481467,0.24326483059893536,0.13653514866478186,0.2169762604523133,0.11344278843311993,0.18256831998335907,0.15263865469171886,0.23987299104330595,0.15632567163275457,0.24427341348945447,0.15398129267475655,0.24157205768957715,MUĞLA,SEYDİKEMER,65648,-0.505
54988432B79821561664997,2.835427446055436,4.6722702885501795,424.46838044378615,2.8351620750665267,4.671833005279664,2.6371700569381855,4.34557806091208,1.3801298238606887,2.2742036934632313,2.835252825548093,4.671982545617675,2.8351298090805,4.6717798367854195,2.835317880656023,4.67208974463923,AKSARAY,SARIYAHŞİ,4717,-0.491
54988432B79971827749664,0.5950881744951723,0.9755131062587951,80.87929675082275,0.5931581959131146,0.9724421666455985,0.5522963703511509,0.9058732357352111,0.48624853675088053,0.7978480984602572,0.5920575689201528,0.9706721648781977,0.5936386757416031,0.9732125900223193,0.5931456429476436,0.9724272045081676,NEVŞEHİR,DERİNKUYU,21107,-0.615
54988432B80108419437417,0.36344964717827916,0.5988991149315127,51.22814781222586,0.3614530161183511,0.5956090289899816,0.3228581407045224,0.5320116726417556,0.2709937122635646,0.4465484990470868,0.35785037233438866,0.5896725252944082,0.3624146538336264,0.5971936335728569,0.35988364013672164,0.5930229819441533,ÇANAKKALE,LAPSEKİ,30654,-0.056
54988432B8015815916555,0.5145382650680524,0.7323377168438989,49.477204360651214,0.5100828495183446,0.7275164473289489,0.4433902110038207,0.644636276487322,0.3537387468919163,0.5279853704219298,0.5056645930071835,0.7223379822090624,0.5117911950336086,0.7294637655633309,0.5085825286063868,0.7257752744648274,ANTALYA,GAZİPAŞA,55850,0.152
54988432B80335300627236,0.22646854395655075,0.31374622599712887,21.5562575894524,0.22209179834521572,0.3098321994443799,0.18852928299140367,0.27081222046953873,0.14992039493785542,0.22141427337028588,0.21860391769096377,0.3062444386091881,0.2232355581990545,0.31094264853311915,0.2206417170543513,0.3083718460914742,DENİZLİ,SARAYKÖY,30883,0.078
54988432B80355579984190,0.21779307478802923,0.35633748490295786,27.410601297199058,0.2170173411110249,0.3550745133529724,0.20305083045731004,0.3323601279757522,0.18355431860863292,0.30063110680179495,0.21719321544428438,0.3553608870266368,0.21697617531087665,0.35500740280717025,0.21739934540125266,0.3556961509977058,KIRIKKALE,BAHŞILI,7353,-0.005
54988432B80433190891515,0.19448554801107545,0.3204769174357429,23.540504765837092,0.19390400269202598,0.31951863620043214,0.18185607613205076,0.2996658378567053,0.16503861892594124,0.2719537178578734,0.19352302461993282,0.3188908534196361,0.1940563440504267,0.3197696671353139,0.19387994840126646,0.31947899909097827,ELAZIĞ,MADEN,9139,-0.592
54988432B80507521007844,0.20297742214783054,0.33446998619807894,30.446613322174574,0.20208831043503028,0.3330048913162834,0.1841859834622347,0.3035051026592796,0.15986959998726885,0.26343611193510136,0.20086707381805405,0.33099251481596925,0.2024263109899695,0.3335618549418394,0.20164367327522023,0.3322722099021086,GİRESUN,DOĞANKENT,7327,-0.593
54988432B80615389544588,0.5962117596194035,0.7628074638684016,54.28085020043508,0.5936725894990932,0.7599570702148295,0.5379055684452271,0.6965533156271367,0.4429384816443223,0.5878972034121063,0.5907651046657502,0.7566325057312504,0.5946955219469292,0.7611222152091078,0.5927375830300545,0.7588889887385926,BURDUR,BUCAK,68312,0.439
54988432B8063224387677,0.0012807110062547495,0.002110379509469656,0.11893479872770794,0.001274893674324541,0.0021007936012941678,0.0011601502674543345,0.0019117172729710733,0.0010068331415953578,0.001659078450251996,0.001268526560746963,0.0020903017526546523,0.0012769151188009725,0.0021041245752467276,0.001273002684419562,0.0020976775928202864,BURSA,BÜYÜKORHAN,9148,-0.752
54988432B80643331900802,0.7675925771521743,0.826016235186431,39.294844116399815,0.7543875854805336,0.8143592558068405,0.5649911723761217,0.6330009156854363,0.19711850506625758,0.2892836606948674,0.757032049072232,0.8167985536019163,0.7539365009416206,0.8139409331329819,0.7599820864992858,0.8194857064617849,İSTANBUL,ŞİŞLİ,261959,6.959
54988432B8068662711190,1.0068213812085325,1.335641118740317,86.9793081999604,0.9981245677650391,1.326918146078687,0.906053901614778,1.2077971159666865,0.747311983073942,1.0027355639383195,0.9835852614153511,1.309540760501732,1.0020868964116425,1.3312368078448642,0.9903860865176959,1.3178611297631202,MUĞLA,MENTEŞE,126288,1.555
54988432B80772091068357,0.7817127785794774,1.0520419801120722,71.53724081157917,0.7712688996624838,1.0424350895666439,0.6500988528558307,0.9094962198092705,0.48352806088970945,0.7086881505253341,0.7633180465877841,1.0344115422946347,0.774064712455708,1.045173738024752,0.7687860985463041,1.0399539214329114,BALIKESİR,EDREMİT,176251,1.072
54988432B80891618089015,0.08366362650820439,0.13786248592269576,12.536501702908952,0.08322094696710101,0.13713303030917837,0.07444718149260603,0.12267545573705553,0.06269684598765471,0.10331303349040036,0.08282259586549928,0.13647661992596993,0.08337968974285173,0.1373946096190965,0.08313219465719825,0.13698678259574248,ERZURUM,AŞKALE,19983,-0.578
54988432B80955885520909,1.8840616215411854,1.8054424668699713,78.23957550907282,1.86152213867069,1.7875114959558724,1.5872005510130838,1.5534956192885556,1.1531513238703768,1.1483198359646263,1.8626711010107777,1.7884849740514333,1.862245995169899,1.7880812605340406,1.8686556426916947,1.7933219876538464,SAKARYA,SAPANCA,47505,0.695
54988432B81043238073761,0.07049876071056722,0.11616917424772369,8.971814105046516,0.0702925704946233,0.11582941015991931,0.06573123389376437,0.10831315454000631,0.05864803114752029,0.09664132079758644,0.07004764520902022,0.11542581770107153,0.07036500355261736,0.11594876670534786,0.07021503056030463,0.11570163840832774,ORDU,İKİZCE,12537,-0.979
54988432B81083365712780,0.39997723505230065,0.5165700046095848,32.325836569709104,0.39254109170177587,0.5094866771640002,0.294512013453064,0.4000712107099448,0.1293326570593813,0.21014618799342066,0.3947262159399191,0.5116965844736905,0.3918211374379702,0.5087477294579418,0.39614733543661335,0.5130986220612801,ANKARA,SİNCAN,605366,1.05
54988432B81091968456381,0.24475613984362604,0.36637528129865604,26.48354373231557,0.24327298552072227,0.3648169211342387,0.22554462227097308,0.34149003927369165,0.20186791424611436,0.30857571596404687,0.2418783921362359,0.3631360544422277,0.24370692340062888,0.3653156471757939,0.24274517792643993,0.3641920916161575,GİRESUN,MERKEZ,143915,1.145
54988432B81190990661925,0.19378313884895543,0.3193027313421916,24.516388763209836,0.19332221838714372,0.31854471591504263,0.17862984231145515,0.29434033594673215,0.14865502199532002,0.24495176108997904,0.19297016063491007,0.31796506970334293,0.19344204889772118,0.31874196701740526,0.19328160692695004,0.31847785940999723,KONYA,KADINHANI,31478,-0.526
54988432B81237191806076,0.7750754331877221,0.8290339579046416,34.76911265519008,0.7654269778901984,0.8211103517551513,0.6603276796736173,0.7291950640754762,0.4844444013333253,0.5740535154358544,0.758764369286143,0.8153440295445796,0.7679338559623039,0.8232297349399939,0.7631657787491504,0.819138183185109,AYDIN,DİDİM,103141,0.842
54988432B81292966390728,0.6136580124337113,1.0105290780485086,81.06975145203188,0.6110829627999839,1.0062959051233231,0.5497858835870124,0.9054678565851491,0.43698001511647705,0.7198022488372018,0.6077961612144832,1.0008925895299234,0.6120323208660048,1.0078564845409945,0.609935804446841,1.0044101153451355,AFYONKARAHİSAR,KIZILÖREN,1977,-0.64
54988432B81439827862263,0.0003361783589032982,0.000553960976904055,0.04737352114737889,0.0003348416476406956,0.0005517583191265417,0.0003083908371965445,0.0005081721797886411,0.00027220675193624725,0.00044854736846954105,0.0003337312324216095,0.0005499285561949219,0.00033528984723444597,0.000552496870785881,0.00033462604489802023,0.0005514030449014393,ERZURUM,ÇAT,14015,-1.131
54988432B81567150601582,0.09955587439851163,0.1455647446204394,10.441083255749257,0.09900958246334401,0.1450069902149335,0.09290770385216994,0.1371672291414992,0.08515928398780753,0.12670515715051978,0.09861808156972567,0.14454869547483135,0.0991545919478112,0.14516959002239974,0.0988927353090167,0.14487263927521576,AĞRI,MERKEZ,150035,-0.231
54988432B81711897085768,0.11914007106295814,0.11497676667895373,5.193758985784679,0.11183336128403767,0.10957043878863394,0.08052152887274805,0.08450943634397592,0.054974968553779625,0.062314751988022596,0.10815235080791462,0.10676588630282395,0.11337524235678036,0.11073006069731627,0.11051343171758578,0.10857004370454061,UŞAK,ULUBEY,11365,-0.261
54988432B81810188934288,1.1543544928780945e-05,1.9021668874059716e-05,0.0013852253914537138,1.1511859861282186e-05,1.8969457628213486e-05,1.0852012109042097e-05,1.7882148181432557e-05,9.927171004917182e-06,1.6358177741475013e-05,1.1467556417565748e-05,1.8896453586426147e-05,1.1524787685027308e-05,1.899076033756828e-05,1.1495661282661697e-05,1.8942765307903702e-05,BİNGÖL,YEDİSU,2842,-0.968
54988432B81913319762602,0.21593576296248326,0.2902494354724244,18.0806269887632,0.21383610326619254,0.2883129108057822,0.1979494541001657,0.2688830241489414,0.17773733097946515,0.24284844264892844,0.21299849880419783,0.2874266807746787,0.2141992500753411,0.28868267337545767,0.21373766632681251,0.2882099211069248,ADANA,SARIÇAM,263080,0.862
54988432B81969335457168,0.4165711892430301,0.6428908793261343,55.41423872221777,0.40959672592610413,0.6352255750283703,0.33873365673651346,0.5337654727971591,0.2556968163500527,0.4084178564971337,0.4034382198781989,0.6269464748312994,0.41159337250577893,0.6376900639536496,0.4072809202507356,0.6320773937934143,AYDIN,BUHARKENT,13137,-0.293
54988432B81976291496552,0.0466325255943796,0.05789987163323235,3.4783752591230868,0.04557261508927225,0.05707953138475066,0.04032503643263154,0.0521534882011045,0.03556045964743006,0.047105292904489525,0.045099512417345736,0.05668248724050896,0.04577592713849092,0.05724471574156511,0.04544190281393758,0.0569704056728609,BİTLİS,GÜROYMAK,49372,-1.002
54988432B82014905265154,0.3617132502995272,0.3084134895197562,10.612046578479678,0.35273542628223775,0.3014595472878057,0.20259205572343664,0.18225465732818916,0.023676256795532886,0.03468709991469665,0.3561454673775734,0.30410332549731356,0.3515630431486086,0.3005497806010076,0.35818107916829367,0.3056797845977078,ANKARA,AYAŞ,13136,0.032
54988432B82471311142852,0.27959408859567647,0.3455634255973377,24.498349798691713,0.26121735350882963,0.3295318992294402,0.14856832323951236,0.20090672712561697,0.04152138073845411,0.06726277901063386,0.2657707966907713,0.3338716499083959,0.259792722312616,0.3281407969971895,0.26897224651848,0.33680931474491593,ANKARA,GÜDÜL,8028,-0.493
54988432B82480836109015,0.3833946455193818,0.476404588671017,26.729377796757717,0.3770906534646375,0.470114659935473,0.28365136655366124,0.36757018153278137,0.12049306157137295,0.19335935216326536,0.3783430222850761,0.47145194625484105,0.37687693162044017,0.4698847157506116,0.3797404178526405,0.4729168553457837,İSTANBUL,AVCILAR,440663,1.64
54988432B82856135372204,0.15935723692076284,0.26259183050729873,23.114287660871547,0.15900406482530413,0.26200986693399264,0.15219151101978562,0.25078401356964203,0.13916540436259447,0.2293193517971996,0.15850739327499908,0.26119144227957697,0.15913892510647493,0.2622320922234094,0.15881449698179678,0.26169749350186117,DENİZLİ,BAKLAN,5266,-0.532
54988432B82883997351457,0.15600013162352794,0.2051066798743301,14.044938996238754,0.1547244220467159,0.20384394200621334,0.1406550453468182,0.18674665251136627,0.12220788362770271,0.16390508454321037,0.15402652343585863,0.20305716341298224,0.15500846677518243,0.20415340560427347,0.15458930311974278,0.20369413582394444,MARDİN,NUSAYBİN,119559,-0.395
54988432B82979993724988,3.4276333969737833,3.2304627858691086,119.44233477355814,3.38643880806501,3.1965695425879463,2.8710946281314746,2.7518001677658024,2.1084041604714825,2.1028504612585315,3.3514860952337346,3.1667206453521257,3.400649653441863,3.208549808687196,3.374372584480496,3.1863101774620053,ANTALYA,KEMER,52339,1.501
54988432B83102483310447,0.446798358810731,0.3232518953959106,4.921358359483645,0.4419221529622553,0.3197244863633678,0.3519145900367144,0.2546137861337041,0.23852004234355823,0.17258445728626243,0.4414167061792376,0.31935885169269884,0.44246099163915287,0.32011427641862805,0.44339340499283786,0.32078877431588815,ESKİŞEHİR,SARICAKAYA,4477,-0.525
54988432B83298049825125,1.5647378575672937,1.4377067113903783,49.201437027784365,1.552648501567623,1.4283396171395353,1.4401681876953472,1.3324536933112794,1.214585486990304,1.144693187838977,1.5444997411102002,1.4216920495518406,1.556116919924896,1.4311098341706023,1.5498326651085854,1.4260616199500153,BURDUR,KARAMANLI,8097,-0.034
54988432B83441396702588,0.27352324616538193,0.35760483783724173,23.239638978544136,0.271100235892013,0.3545641701990296,0.23743972882303455,0.31166812944252753,0.18895919499886488,0.2529895793690649,0.2697331822709572,0.3527816879458097,0.27160939778883975,0.3552238478859386,0.2708900277496451,0.35429386068474106,ÇANKIRI,MERKEZ,99287,0.704
54988432B83485436335892,0.446532498721366,0.5026206407231909,26.917619703476518,0.44102327381353135,0.49806031708749654,0.39594943303736285,0.4539778950892154,0.3343797756963602,0.39224743612290275,0.43683570624528134,0.49424227765880757,0.44246575485695677,0.499323918818133,0.43932446541785347,0.4965339220473519,TRABZON,ARSİN,31493,-0.083
54988432B83633646725804,0.011794363918417618,0.019434973088460938,1.6312512678172586,0.011724576612500856,0.019319976262706685,0.009025753774159873,0.014872805597421847,0.003964490315904789,0.006532761167285644,0.011654140262156608,0.019203909929425902,0.011746996365053932,0.019356919949583995,0.011710436966114944,0.019296676689377307,İZMİR,KİRAZ,43340,-0.599
54988432B83968093361276,0.262521200891846,0.23792337223225662,9.71316965411435,0.2595759116388154,0.23546414325127402,0.2055659344297846,0.19005431300807082,0.13772152888746458,0.13256333486387947,0.2561141882921641,0.23250180408557478,0.26065256877180515,0.236369124670195,0.25844009645136345,0.23447169225906977,UŞAK,KARAHALLI,9408,-0.609
54988432B83996271763455,0.30968852620470616,0.3975244959788354,24.491029877854753,0.3039764271138923,0.391585016806589,0.22547087429289006,0.2979114932866544,0.0842077740757432,0.13730796614446322,0.3004334814442886,0.3875195039807884,0.3053083651853689,0.39307343833436775,0.3032045376328155,0.39071043609762385,İZMİR,KARŞIYAKA,339624,2.222
54988432B84046531787884,0.2944030731959677,0.4851228810897567,36.24703714673735,0.29325800231013216,0.48323601190337867,0.2672896688119489,0.44044490708582545,0.22318447955311335,0.3677675526955307,0.2919648707231135,0.48110516552900945,0.2936761751045369,0.48392508484209706,0.2928513671299194,0.48256595086075493,AYDIN,KÖŞK,28307,-0.306
54988432B84066107129786,0.005240987471144171,0.008636197014371391,0.6547696197188305,0.0052265816725247695,0.008612458870422092,0.004926656930751634,0.008118237280750593,0.0045041077331410655,0.007421952823113309,0.0052113490842264345,0.008587358327002071,0.0052314759210029755,0.008620523704449606,0.005222318990243439,0.008605434742966352,VAN,ÇATAK,16361,-1.064
54988432B84070698117276,0.6440932977744411,0.7718044691724641,40.77261434360038,0.6329605911821962,0.7621710286678911,0.5309582484168827,0.658974098265163,0.41242243886360547,0.5325473948822548,0.624651133135829,0.7543421235463581,0.6365282319347199,0.7654219858278808,0.6300312931629164,0.759444590583532,ANTALYA,ALANYA,371547,1.676
54988432B84158817868170,0.017659112725797843,0.029099015679518298,2.25315150307214,0.017613177762663215,0.029023323189570037,0.01679654494053535,0.02767766037714613,0.015664375470722622,0.02581205038498474,0.01758047498432607,0.028969434940801665,0.017627832662893587,0.029047471807805106,0.017607802364024986,0.02901446550732482,KARS,DİGOR,17557,-1.164
54988432B84437905813511,0.2578199250455606,0.33972803865906376,20.200292791621184,0.25499654995772947,0.3371621700031886,0.22878599186359241,0.3083297138393607,0.19634387828263702,0.2706852211366848,0.25374630388282976,0.3358975656504936,0.25552169121597135,0.33767792513843864,0.25484577888488785,0.3370062240730428,ADANA,ÇUKUROVA,380653,1.529
54988432B8459545237186,0.13216414485507746,0.18074753178462782,10.982279296517152,0.12982263556592538,0.17867562128068196,0.10962519469227854,0.1564731445604336,0.08591994554820902,0.12814550499793254,0.12820858821346418,0.17707030131656984,0.13044235495457662,0.17926662746955999,0.12927870276782194,0.17814363622800822,AYDIN,NAZİLLİ,162156,0.756
54988432B84703414085242,0.0,0.0,0.0,0.0,0.0,0.0,0.0,0.0,0.0,0.0,0.0,0.0,0.0,0.0,0.0,KASTAMONU,DOĞANYURT,5057,-1.113
54988432B84747582634168,0.6171162376111256,0.8192020117029656,60.564477586956976,0.6126475292768144,0.8153734674450394,0.5531941289504636,0.7571253618319823,0.4653658337693672,0.6591138083716026,0.6085761365607245,0.8116361576548693,0.6139383743776621,0.8165257770135291,0.611248945286138,0.8140836056059046,SAMSUN,HAVZA,38103,-0.124
54988432B84759555585504,0.1619602728482336,0.26688116171232396,22.952470652901674,0.16165212470299062,0.26637338944486794,0.15240421486456954,0.25113451093667094,0.133699266219203,0.22031214730109866,0.16112852452197748,0.2655105912899616,0.1617769849901703,0.2665791365574667,0.16144807569681702,0.2660371536825036,ÇORUM,DODURGA,5036,-0.511
54988432B84830435055173,0.0707584062439873,0.11613385724927351,8.501025072905717,0.07059957910577727,0.11587515034247772,0.06714455945571753,0.11024051866531327,0.06185692631013776,0.10160469727771788,0.07041762545956075,0.1155787484222751,0.0706592457357159,0.11597233726992771,0.07054392726498186,0.1157845115100968,ZONGULDAK,ALAPLI,43217,-0.17
54988432B84852030517373,0.038952872992339224,0.05561644009186469,3.794903577603353,0.03812484156343308,0.05484334314518962,0.032604760000900845,0.04811264448712886,0.026848982943399463,0.040402213688732834,0.03784280973489647,0.05454597255913938,0.03825458763500818,0.054975843842207196,0.03811282357040807,0.054830920653452554,ŞANLIURFA,VİRANŞEHİR,215727,-0.803
54988432B84880544185271,0.2554657949908893,0.4209613070287841,34.48789308839776,0.25423753168941954,0.41893735182655967,0.22975318098200986,0.378591581560486,0.1967834748377893,0.32426348416756107,0.252578203294165,0.416203079513974,0.25470737181824205,0.41971156316366154,0.2536392558751514,0.4179515017688368,SİVAS,DİVRİĞİ,15657,-0.218
54988432B84889548595985,0.0,0.0,0.0,0.0,0.0,0.0,0.0,0.0,0.0,0.0,0.0,0.0,0.0,0.0,0.0,VAN,BAHÇESARAY,11438,-1.244
54988432B84935584659514,0.43269436235779696,0.5983551136093128,43.4636965467499,0.43179302453149915,0.5969776703182863,0.4050360572704394,0.5614198049215497,0.35574025072078225,0.4980124065348518,0.4303434168661461,0.5948911029740397,0.43215071024449836,0.5975110985741391,0.4312582966280574,0.596198338460472,AMASYA,SULUOVA,46928,0.061
54988432B84973807429467,0.08845525291800227,0.106077359695057,6.464893744264064,0.08408457899432986,0.102387930996878,0.054229613149473395,0.07145918600472131,0.0207144589506211,0.03363161576523118,0.08517517330185306,0.10337032872257007,0.08374192670235547,0.10207363732899884,0.08593821204846078,0.10403859211746057,ANKARA,ÇUBUK,101437,0.298
54988432B85224967015288,0.3464641192967599,0.3601940233319291,16.554489485831333,0.3429665132106751,0.35714540772288705,0.28523159150406846,0.3051253565272757,0.2122782099066403,0.23824426968917403,0.3426307958432323,0.35684887033774765,0.3433258319942614,0.3574624935596765,0.3439519998483836,0.35801419791312733,ESKİŞEHİR,ALPU,9725,-0.401
54988432B85329501367983,0.014418067532011889,0.023758360892586247,1.8904027676673982,0.014381973686414754,0.023698884779869055,0.013561284199666148,0.022346537319737278,0.012228456422425938,0.02015027882191639,0.014354541422712808,0.023653681383527324,0.014392295844430967,0.023715893824582925,0.014378165321158105,0.02369260928448957,DİYARBAKIR,DİCLE,35948,-1.122
54988432B85338768534815,0.5384311261822884,0.768909437719196,57.84747602043116,0.5344585528360978,0.7641420984785916,0.4531205959600513,0.661714709678585,0.33115337338327483,0.499348951327855,0.5293072352917163,0.7579097617757833,0.5359685134325592,0.7659588393824228,0.5326456757530151,0.7619552539658626,AFYONKARAHİSAR,DİNAR,46878,-0.132
54988432B85449040916206,6.109091604197174e-05,0.00010066675214007138,0.007951118286978415,6.0934947458294454e-05,0.00010040974419565139,5.769320881209599e-05,9.506794672488591e-05,5.315494635029216e-05,8.758971310214698e-05,6.076986978312173e-05,0.00010013772612018088,6.098798869009528e-05,0.00010049714652779566,6.088874496565644e-05,0.00010033361086559216,ŞIRNAK,GÜÇLÜKONAK,12562,-0.959
54988432B85482798443397,0.06491719958727055,0.09331926135437559,6.8676753471073875,0.06412190204141709,0.09263715135407237,0.05897559605731144,0.08667055684394925,0.05350431552219844,0.07954006705526516,0.06382473637717934,0.09234598499866196,0.06424416979287587,0.09275250247116232,0.06408687880385433,0.09260358373206168,KİLİS,MERKEZ,135430,0.193
54988432B85515105263219,0.31786169889397015,0.4025818114252424,21.189402630400213,0.3081596890260206,0.3952945236307553,0.2628059929896397,0.35535931734555887,0.2204684394923658,0.3116943018322489,0.305661208330704,0.39329122503864333,0.3095652024079238,0.3963876360639298,0.3083205253489178,0.3953930966199923,KAYSERİ,SARIOĞLAN,13510,-0.613
54988432B85612149706662,0.05494446292001297,0.09053851191948455,7.950276286291948,0.0545638724937866,0.08991136790878593,0.04723755845483716,0.07783893083888593,0.03763882353348457,0.06202195620844852,0.054283011361467015,0.08944855969072664,0.05466145744620274,0.09007217021547793,0.0545254613473284,0.08984807330444136,GAZİANTEP,NURDAĞI,38269,-0.45
54988432B85758697491434,0.1691174878727034,0.18985006080846717,11.058548479197778,0.16818673744260393,0.18889918173809925,0.15702583903675282,0.17608108869517936,0.14094626807865443,0.15789748169210885,0.16771365814725225,0.1883793100145259,0.16837794955612545,0.1891049390614222,0.16813211049163704,0.18883862904494586,ADANA,CEYHAN,156081,0.103
54988432B85980099192103,0.34425170524601756,0.3423301134459168,16.160800181218892,0.340195324628674,0.33902706807383803,0.26683217161880557,0.27821317975478704,0.17053690756813586,0.19293981645100108,0.33512883207546634,0.33496711541341995,0.34170816915959507,0.34024368547694883,0.3384062628170905,0.33760063065348295,AFYONKARAHİSAR,HOCALAR,8220,-0.772
54988432B86025337203985,0.10902118258894547,0.09213910425552202,2.8449669450798645,0.10481549991843045,0.08907225247760026,0.08753065444199128,0.07604336397915404,0.0741791255762796,0.06563251737970821,0.10361184601470215,0.0881859212605809,0.10546421015800507,0.08954841005803878,0.10475952716603042,0.0890311172574618,TUNCELİ,PERTEK,10569,-0.465
54988432B86036130950643,0.04680145015063562,0.07712030343223317,5.415224026240584,0.04612261536180048,0.07600170679202606,0.043388407072137085,0.071496227319337,0.04105049743505534,0.06764377616603791,0.04574667914267164,0.07538223207068584,0.04627086515199237,0.07624599556441594,0.04596909559251254,0.07574873404968097,SİVAS,GÖLOVA,2998,-0.594
54988432B86037969006851,0.3386947318619434,0.44457901726614113,29.888670745972707,0.3354038455484655,0.4412681594572834,0.30373395973722667,0.4046534625358165,0.2633358757605573,0.3561797167599206,0.3342406287423682,0.4400108977118383,0.3359598655413721,0.4418595287332698,0.3354475957849719,0.441314902619456,AKSARAY,MERKEZ,327575,0.96
54988432B86248275111612,0.5012653529968544,0.7244687356544514,57.658970671005264,0.49564490382440246,0.719916885316545,0.45431984749671167,0.6770818884374395,0.39416723970288453,0.6011553142543657,0.4920972169865668,0.7167411776706203,0.4969278827108162,0.721018880155939,0.49437905281497907,0.7187982285947137,SAMSUN,LADİK,15942,-0.26
54988432B86259306109163,0.5944804949291231,0.956495429089422,81.2710407718097,0.5907678042293908,0.9521580245735758,0.5382049380577232,0.8726657312146826,0.4509699875827556,0.7342597065075528,0.5868726595251988,0.9468066995215344,0.5919031433228781,0.9536298523293623,0.5892183885319728,0.9500715777275563,DENİZLİ,TAVAS,40104,-0.165
54988432B86310086710434,0.13558132306361928,0.17495020577849232,9.889305018011958,0.13478244823140406,0.17421204966288564,0.12632515615985115,0.16484972076332152,0.11513301122912459,0.1519468228076,0.13424247397439498,0.1736586364476159,0.13497919027797292,0.17440711228651193,0.13462321063561047,0.1740511635582375,VAN,TUŞBA,167758,-0.19
54988432B86380728470389,0.20165575672881617,0.3322921212425656,25.8645552464013,0.2011305920049511,0.3314267450047346,0.1902120721759145,0.31343500416046693,0.17492370993844503,0.28824255540213445,0.2006780144200701,0.33068097920986506,0.20130829762359675,0.3317195716412483,0.20104039194012308,0.33127811165370064,BAYBURT,AYDINTEPE,5982,-0.598
54988432B86465154282957,0.024525487911710313,0.04041355691943187,3.3535465642600157,0.02446510877736931,0.04031406305446901,0.02320312202836189,0.038234537725709776,0.021425813025366287,0.03530585476476097,0.024422041455016672,0.04024309591654572,0.024480316343673977,0.040339122366180646,0.02446043062519065,0.040306354307958814,KİLİS,ELBEYLİ,5273,-0.835
54988432B86482877826828,0.4735924539601333,0.49357545453738544,23.8668092460641,0.4703138802344615,0.49080780256259504,0.42174235903831636,0.4472313323626468,0.3582583372705333,0.3888948961997719,0.4667468650835568,0.4877347197370096,0.47137577660781127,0.49171853552784106,0.4690019194745903,0.48969520213397083,GİRESUN,PİRAZİZ,15109,-0.168
54988432B86685660972424,0.06401903480834141,0.10549176091696238,8.851159354488045,0.0637972341717532,0.10512627368654347,0.059260526257179334,0.09765060167575647,0.05300672266893342,0.08734546735237987,0.06356338323687961,0.10474092974960743,0.06387252308660818,0.10525033616623183,0.06373172524252554,0.10501832684978314,VAN,ÇALDIRAN,50170,-1.22
54988432B8670840315207,0.07250185927343487,0.1105549534932641,8.187989997298128,0.07164035076390139,0.10968719495086336,0.06461166445339832,0.10031259947177108,0.05638011228626312,0.08840404790863106,0.07126167278789566,0.10924832253102246,0.07179097506195793,0.10985540086291268,0.07158313064126386,0.10962262605294146,HATAY,DÖRTYOL,132987,0.323
54988432B86746221394106,0.305890865028974,0.35503206124159725,19.400366794413717,0.3014710575548496,0.3514403591725815,0.2647635998654777,0.3166159672946904,0.22233664570181358,0.27385066740269337,0.29949509872874924,0.34971281414504785,0.3022512801592895,0.3521086150508908,0.3011697274894009,0.35117991984411645,HATAY,BELEN,37876,0.064
54988432B86802398359191,0.08113402798541929,0.13369416624433064,10.985775933388197,0.08062931615596806,0.13286249266781036,0.07086767982110259,0.11677708604650047,0.05803822452727465,0.09563647006247111,0.08048840256435404,0.1326302926204182,0.08069637294946679,0.1329729901042182,0.08072665660630886,0.13302289207941728,AKSARAY,AĞAÇÖREN,7480,-0.563
54988432B86910929123877,0.04863951886097686,0.0801491073734479,6.826683830873657,0.04848538692072688,0.07989512588436115,0.04534570031969585,0.07472149167913254,0.040999895061290904,0.06756039262970423,0.04834381085872851,0.07966183420590009,0.048533927032149954,0.0799751111863023,0.048452819949691014,0.07984146142139964,BATMAN,KOZLUK,58781,-0.885
54988432B86957506981644,0.624051755901775,1.0283241356338435,93.56221310385344,0.6240208769300533,1.0282732526876701,0.6154570461420873,1.014161612411898,0.584803730576386,0.9636505066657707,0.6239017064887497,1.0280768814093464,0.6240386426936843,1.0283025274447026,0.6239870709702378,1.0282175465958632,RİZE,İKİZDERE,6287,-0.5
54988432B870340746196,0.4229666845410694,0.5289744025483025,31.261678654759653,0.41714456988234766,0.5229443286804143,0.33129683178886254,0.42359790120919005,0.20044329494974641,0.2624296656789081,0.419036449437002,0.524976084917525,0.416508730958419,0.5222557722486023,0.4202219654315874,0.5262310436637083,ANKARA,PURSAKLAR,168881,0.447
54988432B8708369070409,0.36035866520972515,0.2635895490410403,4.345939993687427,0.3575758901898819,0.2615641088259031,0.30430492930514447,0.22277884159592617,0.23510926357067788,0.1723845504252853,0.35458204324547743,0.25938487512642705,0.3585797991404961,0.2622948263577307,0.35669517431859354,0.26092304545329364,KÜTAHYA,ÇAVDARHİSAR,5503,-0.562
54988432B87097212821795,0.28354103231589817,0.336789096360504,18.044647405466126,0.2829839799433563,0.33596398793884114,0.26693461338685864,0.3171420684193031,0.23793162905892956,0.28576010679482583,0.28259154487778176,0.3354320538166965,0.28314366504360516,0.33618849962998143,0.28294753144389717,0.3359162329854492,NEVŞEHİR,GÜLŞEHİR,21173,-0.385
54988432B87156479266793,0.3967267960145571,0.653733822132962,47.614260966771496,0.3960560520596147,0.652628557719915,0.38168382915946353,0.628945740467717,0.36097443930482326,0.5948204211806912,0.3956252566068765,0.6519186849291048,0.39624476492827865,0.6529395223085354,0.39603547595835425,0.6525946520360623,TUNCELİ,PÜLÜMÜR,3580,-0.492
54988432B8720609877048,0.24054295296555217,0.350602021453048,22.85030291357334,0.2374586703279316,0.34797947401550694,0.2181983831285577,0.3261377477505174,0.1976683338678298,0.2998138609919822,0.23753203073041979,0.34804819217455013,0.2375673537082074,0.34808125810769003,0.23822913156314537,0.34868901308078065,KIRKLARELİ,PINARHİSAR,17694,0.002
54988432B8721285077518,0.14701749659766597,0.20634552518787821,14.833951668403152,0.14600200830455254,0.20527334672567338,0.1351361983880167,0.1915563094476371,0.12038023093768785,0.17247110438520843,0.14550327420896036,0.20468918227386923,0.1461954082161626,0.2054943222364681,0.14593038477233386,0.2051909948393244,OSMANİYE,MERKEZ,284895,0.515
54988432B87255554726822,0.11773389619613284,0.1940041124726024,15.491603031028033,0.1169656094162691,0.1927381151713358,0.10482679965815858,0.17273555779675587,0.08889077877076416,0.1464758850220315,0.11645367994876968,0.19189454823607238,0.11715085864882782,0.19304337231570923,0.11688438535103357,0.1926042726400296,ÇANKIRI,YAPRAKLI,7002,-0.893
54988432B87330314310527,0.1924957738570766,0.24506881422366955,16.609920517078976,0.19023518810517873,0.24322014004832287,0.17198140447865054,0.2249482690020463,0.14975495548950038,0.20027227785790416,0.18915385532985565,0.242262851483029,0.19067958309809616,0.24360309629099963,0.1900132286189998,0.24302959383891612,YOZGAT,YERKÖY,33000,0.079
54988432B87370140672235,0.05243750533964767,0.04789552926108329,1.7230878305591208,0.049672405442326706,0.04586441919067987,0.0380509987573932,0.036815540941762086,0.028808455546402833,0.02916132517302123,0.048784495103952004,0.045197719082030734,0.05008433821579335,0.04617119090560083,0.04956400835768669,0.04578179120465826,ADANA,KARATAŞ,24005,-0.564
54988432B87552585727000,0.3366157092874346,0.31779674836488525,7.897411330197704,0.329433508025223,0.31252362769654574,0.27976075849482285,0.27490116658403213,0.2277108631872523,0.23477659467324424,0.3252800256702971,0.30943282387320337,0.3311220558517158,0.31377350000232895,0.3281122486881879,0.31154269565560644,KÜTAHYA,HİSARCIK,10799,-0.514
54988432B87659764102191,0.13416957668129548,0.19163603498554382,14.218945537472178,0.13373920715853627,0.1911350697185462,0.124924340065376,0.18025624731472353,0.1115413570354205,0.1629620640359693,0.1334143804840629,0.19076199640525085,0.13385597405871644,0.1912687899992341,0.1336879931795922,0.19108254681463205,KIRŞEHİR,ÇİÇEKDAĞI,13350,-0.697
54988432B87892506897385,0.19092037773675435,0.25724622097027905,18.853997063395457,0.18500735625234607,0.25091037369877445,0.1175758721972841,0.16630232216875146,0.04208674623821819,0.06858398369999419,0.1868548629806466,0.25303402780398637,0.18439485076693152,0.25019572958557623,0.1880360843032598,0.25435604450329136,ANKARA,BEYPAZARI,48359,0.269
54988432B88005070896558,0.5131492214954342,0.6324202588462668,35.40628279025484,0.5059515922709289,0.6252650342824868,0.40094629001149873,0.5082003723763988,0.17262296050999373,0.26967917623789556,0.5074027828590363,0.6267899833748863,0.5057064213006003,0.6250071465348384,0.5090303319434292,0.6284803202920245,İSTANBUL,MALTEPE,525044,2.685
54988432B88117784045273,3.5440076916838753e-06,5.839882047866775e-06,0.0004928262174017649,3.5350580736987764e-06,5.8251347002441695e-06,3.3480003718676893e-06,5.516897526436132e-06,3.084850765362062e-06,5.0832746913216725e-06,3.5288821464335585e-06,5.8149578919799824e-06,3.5376140698749146e-06,5.829346518468627e-06,3.534496660828237e-06,5.824209593633427e-06,BİNGÖL,ADAKLI,7491,-1.097
54988432B88177358385570,0.009053213492522067,0.014918054234065375,0.9336911862594344,0.009028739834276855,0.014877726083038162,0.008577190121898611,0.014133654035670738,0.00795466503878442,0.013107845579962219,0.009003766583521634,0.014836574694144587,0.009036561173099922,0.014890614231190397,0.009021284121564362,0.014865440420417868,ORDU,KORGAN,26428,-0.704
54988432B88316498186109,1.038607363811037,1.6371585297178826,137.28031724394876,1.0344938220330664,1.6313923285100655,0.9060360464678165,1.4385550619427827,0.4697033727484412,0.7719951420225144,1.0359625785503175,1.633511180740496,1.0339893951371766,1.630660865423955,1.036869571053998,1.6348109275049756,ANKARA,BALA,20109,-0.611
54988432B8852789210155,0.5201703983870442,0.6921140314215353,41.7872621248023,0.5144423634248333,0.6867127397990405,0.45281988140462004,0.6180494083551213,0.36788637517496725,0.5189426018496694,0.5099567740282357,0.6820483351483345,0.516321577023996,0.6885968251611411,0.5128770502437194,0.6851060829774654,ANTALYA,KONYAALTI,199414,2.465
54988432B88681826210305,0.5397671535048867,0.8673384458568126,64.7836478197574,0.5374936186643543,0.8649611567054011,0.5087070884046427,0.8233130674019463,0.45557996479638996,0.740375148958744,0.536808502877804,0.8641384101451917,0.5378124762519007,0.8653329478524764,0.5376058760813573,0.8650950142699259,DÜZCE,ÇİLİMLİ,19022,-0.196
54988432B88727338828677,1.3281915750955635,2.096714659214859,169.95827239732301,1.3187039831043954,2.0878724472497887,1.229567909879715,1.9684365516219977,1.0911494975442575,1.7611133374446912,1.314445793509172,2.0831946703539987,1.3203981703370988,2.0896451334162665,1.3179977314880134,2.087117124625281,ÇANKIRI,KURŞUNLU,9130,-0.173
54988432B8876383914528,0.2899461205597188,0.3990033990550915,24.51298195836758,0.28708306676761697,0.39667548457257173,0.26064503138686146,0.370101867736703,0.22496043606500263,0.32900068071344046,0.2861509935674628,0.39586025487615556,0.2875813210918146,0.39710311818893657,0.2871526648196907,0.39673559009750003,KAYSERİ,YAHYALI,35207,-0.395
54988432B88783696627318,0.07201743557973879,0.05844693531233452,1.512557124638199,0.07179017707452504,0.05827304797148348,0.06711038667501824,0.05468437010528372,0.060619149554638464,0.049695133652849104,0.07149146618607076,0.05804441770075203,0.07187827420180101,0.05834045260131048,0.07168573694985103,0.05819313583578107,SİNOP,GERZE,30701,-0.106
54988432B88821463332228,0.4002386549102505,0.5682610317970584,40.00707987935789,0.39613315538939176,0.5637379893616096,0.3226719169100491,0.47256362190956874,0.19659150523708405,0.30465783314631584,0.39656617010059814,0.5642384635775297,0.396190213866047,0.5638037208152772,0.397734176358027,0.5655747343502104,KOCAELİ,DERİNCE,147892,0.68
54988432B88890114136269,0.17248819637448887,0.24090781484621646,18.269398502462405,0.1687074391245491,0.23756262059042577,0.14319227053848874,0.2070574819155161,0.11638603193148209,0.17154008581856084,0.16609114061024632,0.23484901015870324,0.16964085725343328,0.2384707156420385,0.16768126739672642,0.2365240776544294,SİVAS,ZARA,21340,-0.4
54988432B8890840155709,0.1898311118637576,0.25277962937659637,17.196068934229903,0.18560704134917425,0.24822901413439705,0.1504154067266613,0.20593056084302067,0.11169962152126982,0.15776731211953682,0.18259054725988247,0.24477955781002583,0.18692635363207366,0.24970213204473324,0.1845361845170552,0.24701512238659837,ANTALYA,FİNİKE,52436,0.315
54988432B88923492741350,0.19865030442287007,0.28843869356633883,17.324393440694614,0.19301907691833894,0.2830492832703214,0.1501265080246149,0.22795620134220146,0.10388891689376124,0.16333401222170116,0.19362804601350697,0.28369800651112875,0.19301053271033525,0.2830427989473985,0.19487255513083446,0.2850032090650359,KOCAELİ,KANDIRA,54260,-0.235
54988432B88971047069977,0.8984245253464314,1.1817617847257933,79.6013532413797,0.8835647388211563,1.1688983586984714,0.7346331756477892,1.0119432620128588,0.5383250744722474,0.7803938524841219,0.8732013323482611,1.1590513194456442,0.8873162386503466,1.1723499851200128,0.8803181383202395,1.1658553455145562,BALIKESİR,BURHANİYE,68370,0.586
54988432B8910528917269,0.5093088474695531,0.674558107287694,44.166578159065594,0.49908535287613015,0.6653986258642963,0.3911015850539483,0.5458214389166136,0.2259065101833464,0.34513568979931303,0.49993788138309186,0.6662225588680132,0.499203942253638,0.6655139339662443,0.5023849917948054,0.6685495660444661,KOCAELİ,İZMİT,381254,2.023
54988432B89158159538815,0.42065685297255956,0.34949340364891673,9.402533911520868,0.41164561046004594,0.34285796680634956,0.34873337516278347,0.29509329967897535,0.28205809043621805,0.2436217096610857,0.40839152325526007,0.34043180213035595,0.41313749179599507,0.3439662856486395,0.4114244621709918,0.3426932686834189,ELAZIĞ,SİVRİCE,8070,-0.647
54988432B89273666554884,0.4343714311517133,0.33584212163209226,5.980510301405337,0.428717096317374,0.3317154789669352,0.3919032580136066,0.30432205770834536,0.3295214695583731,0.25807740993545825,0.4263806729872626,0.32998708884256345,0.4298073866492449,0.3325178933713388,0.4281724007780721,0.3313106510293715,ISPARTA,EĞİRDİR,29200,-0.087
54988432B893295612098,0.43541878747243895,0.6464662653258229,49.97995698393864,0.42746905275241714,0.6390051757051987,0.33225941709988877,0.5112587562741616,0.1701009098405242,0.27072112596335185,0.42962460522076096,0.6412370862624504,0.42677074383415603,0.6382608875792426,0.4310709811643,0.6426693003420881,ANKARA,POLATLI,131894,0.581
54988432B89494188716886,0.20078283130190963,0.2871211484281741,17.453287357051526,0.20042515934467775,0.2866252872080142,0.19207354635404203,0.27558082789134997,0.1792890214574973,0.25916068259263214,0.2000350740854367,0.2860915095454268,0.20054842543070234,0.2867951774487645,0.20031686951925856,0.28647658749433075,ŞIRNAK,MERKEZ,105697,-0.333
54988432B89533170865064,0.21906673321623552,0.2919809557387573,18.154760572942145,0.21767328912301792,0.2905973228607049,0.19960811756230137,0.26973536794618896,0.1755683992768652,0.2412816541339911,0.21651180702229886,0.28932412423390635,0.21809124408405825,0.2910417233526707,0.2173006920364692,0.2901936227416574,ZONGULDAK,EREĞLİ,173884,0.612
54988432B89555629027377,0.5995844704341909,0.6191865764045291,31.798406978087495,0.5832060605004981,0.6052319985263579,0.37722615596649983,0.4127703833774636,0.08629337063912604,0.13590272065286899,0.587947952893368,0.6094359256490276,0.581645370973176,0.6038350765164021,0.5910527093007677,0.6121506642454804,ANKARA,HAYMANA,25798,-0.578
54988432B89638439219394,0.6109754616864832,0.7252760378179259,38.84013049565954,0.6023264840896476,0.7168760678708299,0.46204911075229776,0.5701699812794151,0.19650015927638861,0.2982989212511956,0.6041714910206963,0.7187410775526585,0.6020100909009143,0.7165552050447409,0.606196681130178,0.720767653332975,İSTANBUL,KADIKÖY,458573,4.91
54988432B89653427211969,0.15206339644994535,0.11529636500764871,1.9537715950154502,0.14474168347956148,0.10999738425572232,0.11539688973644757,0.0887059835666205,0.09333461719965576,0.0726489827088377,0.14264278582452627,0.10847729168944548,0.14571925803059116,0.11070521994803949,0.14463009921419184,0.10991658269504262,ADIYAMAN,SAMSAT,6834,-0.84
54988432B8973824492298,3.662708597955511e-05,6.035479617597748e-05,0.004395250317546612,3.656292146775627e-05,6.0249064695359217e-05,3.519053873617727e-05,5.7987626805211026e-05,3.321671076920122e-05,5.4735116226024346e-05,3.652447017169224e-05,6.0185703931744506e-05,3.65804107389728e-05,6.02778838430285e-05,3.656268461447498e-05,6.024867440409983e-05,HAKKARİ,DERECİK,24869,-1.135
54988432B89770527018948,0.6449688277641907,0.8426310886777714,60.300705265419836,0.6343745145537499,0.8340346918172694,0.5361193520922448,0.7379177472950158,0.39719024968077815,0.5768090117409204,0.626226237285815,0.8269948906744488,0.6372017120836643,0.8364090490256407,0.6313241528064055,0.8314305080224933,AFYONKARAHİSAR,İSCEHİSAR,25220,-0.392
54988432B89902778138642,0.18755069946987882,0.27384417012153905,19.87201146602798,0.18614360698996735,0.272477136012077,0.17272564905148302,0.2554867753009567,0.15643706443475097,0.2334746788449794,0.18530600008840972,0.2715339801042375,0.18646900526035579,0.27282720682636297,0.1859253041060933,0.27223638120056504,BİTLİS,TATVAN,105045,-0.128
54988432B89911278235882,0.09560593197860928,0.13374724788272954,8.81861348776792,0.09389981121751673,0.13229958994568505,0.08363698224692058,0.12084318757967233,0.07319213770746309,0.10772313685103194,0.09278792161984584,0.1312226100956598,0.09430766356978014,0.13267300073456945,0.09345945496193664,0.13188236880463136,TOKAT,TURHAL,77707,0.037
54988432B9007948244439,1.0158309637552925,0.8914401347700026,34.25987887833782,1.0112919678269292,0.8870213653836759,0.8836485639306813,0.7728279055406928,0.6497645530305606,0.5746923530347411,1.0115997280636913,0.8873186760626677,1.0115042778794163,0.887226520108491,1.013192572068757,0.8888628474432456,SAKARYA,TARAKLI,7064,-0.437
54988432B90144731477668,0.040256551071132046,0.06633549652304373,5.137041873209239,0.040160176091103686,0.06617668803144487,0.038141386871737556,0.06285008946105586,0.035294946741901416,0.05815967226654363,0.04005800325536592,0.06600832572495081,0.040192974547468285,0.06623073394025336,0.04013160129127243,0.06612960194273589,ŞIRNAK,İDİL,76548,-0.842
54988432B90296339099195,0.7876287794752911,0.7693535922052113,19.295039780173276,0.761793138077307,0.7503770582791218,0.6245101650475087,0.646235963060009,0.4977204532313374,0.5476460579740572,0.7408504883688434,0.7347790059376498,0.7697076549701621,0.7562271699345963,0.7516796307079103,0.742863975823238,ÇANAKKALE,ECEABAT,8746,0.058
54988432B9057851226548,0.029247595403830217,0.048194733815869605,1.8674545291978486,0.029228083143395797,0.048162581148793966,0.028797821489595317,0.0474535879618404,0.028158458606746026,0.046400033865333944,0.029215498457651708,0.04814184386864431,0.029232902659872335,0.04817052283803373,0.029227491262115123,0.04816160583576809,ADIYAMAN,KAHTA,136769,-0.512
54988432B9062232449039,0.4649861227141372,0.5461540101420772,30.126965812978334,0.4595334644380238,0.5414072841457627,0.39973810780854546,0.48259153133578514,0.3201906195789936,0.40150350033916027,0.4552216752607724,0.5373745080758997,0.4609695166797932,0.5427182934647349,0.4580539341398211,0.5400367179352381,SAMSUN,ATAKUM,261809,1.734
54988432B9070985819609,0.3854937690917468,0.546003131763867,34.51695428069913,0.3812502066020075,0.5418000468620882,0.3427136232450196,0.4935147133005601,0.2846412472075375,0.41952066228613055,0.3783818756230513,0.538561007149165,0.38235423837960614,0.5429885478103718,0.3802836914468228,0.5407293239866952,AYDIN,EFELER,310241,1.518
54988432B90803924076576,0.1951183779423699,0.3215197064126944,27.466342070359314,0.19470273691475604,0.3208348053665667,0.1848337165840026,0.30457244939176475,0.1655061914914424,0.27272419266179465,0.19420030082413256,0.32000688179497916,0.19487715575978126,0.3211222159961379,0.1945419075533451,0.3205697877418369,BURDUR,AĞLASUN,7347,-0.476
54988432B90807122868998,0.02621854405808807,0.04320340645008121,3.1576941609249602,0.026080574519662107,0.04297605766850354,0.02334470992116488,0.03846784889919161,0.019679475810509068,0.03242820769461008,0.025938135615518373,0.04274134418264438,0.026127617627273093,0.043053576179611155,0.0260412850187635,0.04291131569531151,MERSİN,AYDINCIK,11271,-0.186
54988432B90947496422305,0.18813502849050182,0.20917571573834928,10.666914347868222,0.18644239827580678,0.20768669393827277,0.16342025832498233,0.18570820832220503,0.13449196611623046,0.15746933292644325,0.18501171504721917,0.20636520347575973,0.18695397572846353,0.20815222032757352,0.18601089634421358,0.2072905349824163,KÜTAHYA,TAVŞANLI,100882,0.309
54988432B91005720032741,0.6370009069301233,0.7464979591061132,40.46418177952354,0.628191824175694,0.7389301373196316,0.5379506435110554,0.6505693682072091,0.41467216036265453,0.5257186866642104,0.6216214078160306,0.7328142906742614,0.6309774596836092,0.7414473979497118,0.6258926823172146,0.7368121388259246,ANTALYA,DÖŞEMEALTI,97121,1.216
54988432B91142232694102,0.7575532822473673,1.0010802390559779,67.35735105973032,0.7503177326914617,0.9943591666403151,0.6609655362161194,0.8993408707284167,0.5238165066769958,0.7406413117754764,0.7441295440463309,0.9882494411456575,0.7524509435706026,0.9964159866726033,0.7480970896455982,0.9921894466603303,EDİRNE,KEŞAN,85259,0.623
54988432B91196125429368,0.060162792072229035,0.08080359407108048,5.917769254325207,0.05975955421911274,0.08030241665868038,0.05196620097149199,0.0705416026289469,0.041751469989075266,0.05766323745340539,0.05950963644472789,0.07999128308359554,0.0598604088583849,0.08042788421103444,0.059749710984430965,0.08029016362331533,ŞANLIURFA,SURUÇ,98022,-0.91
54988432B9128675861083,0.34998411063232526,0.5328295916371695,38.11213767526614,0.34922462540362254,0.5317472931822852,0.33327176737817826,0.5089003597208146,0.31070969425023803,0.4764377348286657,0.3484526378144281,0.5306459085203471,0.34952853164361725,0.5321805780842617,0.3490206294274219,0.5314563485057389,ARDAHAN,MERKEZ,42136,0.088
54988432B91293750640231,0.1960363280208696,0.2853861141558312,22.42595332655857,0.1952064618421202,0.2845724709186404,0.1725344778484292,0.25707029636133516,0.13057811762947608,0.20000340939248037,0.19459381694670524,0.2839507013840291,0.19541908797514693,0.28478463158467276,0.19513710934343917,0.28450425431936976,KONYA,CİHANBEYLİ,49126,-0.159
54988432B91546860150128,0.13420086784555055,0.15514213190620574,8.699101143408404,0.1299334950340607,0.15190409513289063,0.11000827663064758,0.1342462275076028,0.0925092063545024,0.11679239224172652,0.1282751906314426,0.15057552572797983,0.13066652271964127,0.15247987503233323,0.12957327217426906,0.15161849254309678,YOZGAT,ŞEFAATLİ,14008,-0.362
54988432B91560004091691,0.002960391642867785,0.004878188625381945,0.3702395924886752,0.0029517060528723407,0.00486387634801061,0.0027720342439621765,0.004567809786466641,0.002490365727358827,0.004103671145509119,0.00294251427377194,0.004848729962780592,0.0029547494697759295,0.004868891347210852,0.0029489101350923305,0.004859269182487491,KARABÜK,OVACIK,3986,-0.776
54988432B91646102966816,0.44408480385571547,0.6300382458030197,43.24778942457479,0.43381529289460824,0.6206535303061373,0.33687655991064175,0.5092184041212062,0.2143881921184743,0.348190937106792,0.4279724539368563,0.6145824927405963,0.4360728099225857,0.622913323339319,0.4323674038075901,0.6190910088466418,İZMİR,SELÇUK,38578,0.69
54988432B91709779235115,0.3767993492806759,0.4651178338789278,26.298707427644548,0.3753577079032138,0.4634804050214132,0.34111216330978805,0.42832935199219496,0.285643096840903,0.37118283289768156,0.37460424548828125,0.46266776607882293,0.37571849459800466,0.4638741065118576,0.3754066300128827,0.4635316752791842,KAYSERİ,İNCESU,29780,-0.295
54988432B91755987711190,0.04177173813441058,0.0688322500574008,5.009328612195715,0.04169395020401117,0.06870406965323685,0.04004604326922029,0.06598861783646386,0.03768467907365075,0.06209751782374639,0.041635277878372255,0.0686073882995227,0.04172088210739498,0.06874844854650367,0.04168591082340474,0.0686908222117627,KARS,ARPAÇAY,13770,-0.943
54988432B91769619824833,1.1005901793046733,1.279073967345087,80.24065484846997,1.0934453884080257,1.2716416868741882,0.932010203105684,1.102174127244597,0.6903462029589532,0.8403215140252807,1.0931031719302775,1.2713357995504786,1.0940351938065682,1.27223145199384,1.0958861191579028,1.274212810865996,ESKİŞEHİR,GÜNYÜZÜ,5008,-0.541
54988432B9177912033932,0.029269656516039758,0.048231086528492326,3.4510768035557673,0.029128994088718517,0.04799930035431155,0.02391713452131757,0.03941110084360279,0.014117505658244068,0.023263089424917418,0.02898853243860736,0.04776784502456643,0.029174066283186,0.04807357115794051,0.029100328356776322,0.047952064425972274,İZMİR,BEYDAĞ,11904,-0.481
54988432B9192246794602,2.0395758497313447e-05,3.360851168031594e-05,0.0024474910196776146,1.94899844731648e-05,3.2115960330762726e-05,1.5866888376570214e-05,2.614575493254988e-05,1.3149566304124272e-05,2.166810088389024e-05,1.898837675089879e-05,3.128940176002192e-05,1.9687795056087785e-05,3.2441916302811164e-05,1.9285142849304464e-05,3.1778418478174496e-05,SİVAS,DOĞANŞAR,2770,-0.625
54988432B91961372611243,0.07543734433401658,0.1243070645553961,9.08340884822125,0.07504937892231817,0.1236677679059313,0.06766247102758928,0.11149548314907293,0.057057221212441556,0.09401995448305105,0.07479300491603262,0.12324531003137315,0.07514442456775434,0.12382438589516796,0.07502624820790373,0.12362965268282387,KONYA,EMİRGAZİ,7647,-0.733
54988432B91991689904144,0.1862533375517346,0.23500307605366086,14.947228837410648,0.18509965713070547,0.23387792791706746,0.16245129583842655,0.2108411496803156,0.13030565112678452,0.17588380923904923,0.18507188118849202,0.23385497928861057,0.18519790742981987,0.2339715071878033,0.18550149932031823,0.23426991372077163,TEKİRDAĞ,SARAY,51468,0.125
54988432B92019352916706,0.054272651728739324,0.08943148889448346,7.5650813177647285,0.05416955518021996,0.08926160447682037,0.051655068335264634,0.08511818610334755,0.04727250110796054,0.07789650999514985,0.05402366564371406,0.0890212049745248,0.05420908534500288,0.08932674302045462,0.054116979343021954,0.08917496903059245,GİRESUN,YAĞLIDERE,14688,-0.576
54988432B92026614951064,0.5270463954488994,0.6722591533562179,47.11933327118896,0.522155250157495,0.6671489101092379,0.42668156985130395,0.5622312901064057,0.29202835925216575,0.40437979526487905,0.5158550786637381,0.6605085545407323,0.5240104613569684,0.6690926231992822,0.5199297836031885,0.6648090981606289,AFYONKARAHİSAR,EVCİLER,7038,-0.525
54988432B9206806134552,0.6246031195839677,0.5109975803372353,14.278274684559811,0.6133770774532881,0.5027414059944879,0.5392185616788148,0.4462413732887379,0.4613341172543674,0.3858604150264616,0.6048548133858677,0.4963669733456712,0.6166891914567859,0.5051989669145753,0.6097368230132715,0.5000263618671433,ARTVİN,ARDANUÇ,10889,-0.454
54988432B92152901818020,0.3012540480032168,0.3579131887587259,19.42978829034528,0.300026745802004,0.35663172173149016,0.275459319989485,0.3308232101409479,0.24217171569141022,0.2956082301452178,0.2982318635587025,0.35475850817625765,0.30053349462845214,0.35715929691786585,0.29934187294689174,0.3559179656882264,RİZE,KALKANDERE,13350,-0.453
54988432B92223927432104,0.1860759586627787,0.30661943908424544,23.741071632598608,0.18483273133895317,0.3045708258865759,0.16106203507021208,0.2654010287298554,0.13016889337686546,0.21449473301257385,0.18332580951043415,0.30208769196038354,0.1853822730854549,0.3054763710374736,0.1843305247603764,0.30374328050922433,ANTALYA,ELMALI,41550,-0.15
54988432B92272966578930,0.2024701279837187,0.28311927931097086,20.108305928420815,0.20026128666935408,0.2809276406893506,0.17933820570956902,0.2543664791780924,0.15283495873688474,0.2195757013950561,0.19905320077020305,0.27953717524144617,0.20081264820774888,0.2815339940191554,0.19997736729140303,0.2806073939992295,ERZURUM,AZİZİYE,71827,0.062
54988432B92286094750173,0.18222821122799474,0.3002790490162872,20.48400454528966,0.18185561275647763,0.2996650742977837,0.17403287896047695,0.2867746274830933,0.16296937734137112,0.2685439829380576,0.18136051150119464,0.298849237204826,0.18200105127197364,0.2999047305992378,0.18168188883519593,0.2993788087765326,GÜMÜŞHANE,KELKİT,38520,-0.429
54988432B92573303470858,0.260778082507972,0.3186149394670137,19.87920635008062,0.2588767107430858,0.3165311446850173,0.2263583180196941,0.2789084309217286,0.17578480890313647,0.22207117119627784,0.25720312174422044,0.31460868508215234,0.2594506226010519,0.3171824800762558,0.25840825376309184,0.31599565825621895,MERSİN,ERDEMLİ,157566,0.331
54988432B92605767261652,0.03850321331839162,0.06296067171445983,4.550696846999533,0.038277241574914085,0.06258885285832001,0.03498758056046059,0.05720993362914381,0.030691443886637425,0.05021642690148729,0.03814863139414607,0.0623775696518749,0.03832824481113358,0.06267269745007849,0.03826313131501604,0.0625656629418117,ADANA,İMAMOĞLU,27196,-0.434
54988432B92706545600609,0.21503337851957688,0.26156143477083876,14.521912167541792,0.2122292639546733,0.25918057021989627,0.18867115823201439,0.23524555369406722,0.16066086977510755,0.20533025271369437,0.20989427430035423,0.2569866148319056,0.2129798213497159,0.2598575195491433,0.21126743029207432,0.25829018154330824,AMASYA,MERKEZ,151433,0.651
54988432B92712728908494,0.24921436152435297,0.3413893341543097,20.490209432887276,0.24729384020462225,0.33956967357364043,0.22612446202666933,0.3153068078074751,0.19976257792982793,0.28357738696408075,0.24581589747223556,0.33800392361565956,0.2478417818990502,0.3401288833465982,0.24681386546452935,0.339068622837985,ZONGULDAK,MERKEZ,115279,1.189
54988432B92775377874874,0.19443569506464506,0.32039476881976353,23.389021248898196,0.1939210189173774,0.31954667585429214,0.18318247531071527,0.30185150318975873,0.16806699299863956,0.2769439292004942,0.1933013389975255,0.31852555571173197,0.1941204681041527,0.3198753319483643,0.19372117110883477,0.31921736290382874,KARABÜK,EFLANİ,8663,-0.658
54988432B92870291656697,0.17484632976420425,0.2569940657104413,18.221631217486483,0.17197558114462572,0.2546289750027869,0.15410631197192523,0.23464518948660126,0.13234948925573578,0.20589003818313395,0.17190305488577293,0.2545454512297172,0.1721281613525923,0.25476980373036057,0.17257349248519252,0.255143848668202,TEKİRDAĞ,HAYRABOLU,29706,-0.182
54988432B9289353120970,0.0660443610733788,0.10882913135326783,8.318897797552385,0.06581403363049693,0.10844959349222617,0.0606408289161846,0.0999250901701981,0.05214323707155648,0.08592259966206817,0.0656609665959783,0.10819736677468744,0.06587134099880086,0.10854402564375734,0.06580165420486997,0.10842919444353012,KARABÜK,ESKİPAZAR,12570,-0.383
54988432B93214958535035,0.08654044725903108,0.12916634339592373,9.234634536113045,0.08463625587290123,0.12723067996258228,0.06992313236585197,0.10779451507576746,0.05326346862925875,0.08394870616534499,0.08384537413247435,0.1263135606544366,0.08495195862864965,0.12758409796810455,0.08453424782746717,0.12711380352458662,KONYA,ÇUMRA,68803,-0.233
54988432B93266011015625,0.4432632625435316,0.4356816457959858,17.488737025040844,0.43684866242453374,0.43081703305819796,0.3904039896609752,0.39246250215165784,0.3396499270819209,0.34896674281701723,0.43239030047562327,0.42729294288336744,0.43848724890465585,0.4320900494462731,0.43515040432632457,0.4294837225134265,GÜMÜŞHANE,TORUL,9779,-0.368
54988432B93269367761582,0.370302318585407,0.5688904686221342,45.93028656172846,0.36867641977607646,0.5667574077267841,0.331354153085081,0.5146642658568951,0.26509626410181836,0.41711514575863745,0.3677263604069836,0.5655071684921007,0.3690747378213346,0.567277725350079,0.3686439908097734,0.5667124412446616,NİĞDE,BOR,62594,0.116
54988432B93270610822610,0.06375810639152497,0.1050617981996917,5.468735081983517,0.06365537085683605,0.10489250866735926,0.06156386418822457,0.10144608492632765,0.05846460133549412,0.09633906172833868,0.06359064765227053,0.10478585656236815,0.063681391543855,0.10493538604128587,0.06365130068051987,0.10488580175482733,ELAZIĞ,BASKİL,13397,-0.714
54988432B93290960432341,0.12923747788270665,0.2129592974274004,16.731519793941544,0.1289456202769926,0.21247840476389723,0.12281499291681795,0.20237638552404003,0.11361549830368035,0.1872173937742947,0.12853871166123115,0.2118079133270767,0.12906454254055447,0.21267435872974572,0.1287967609045642,0.21223311989558605,ERZİNCAN,ÜZÜMLÜ,13960,-0.63
54988432B93447432062077,0.28577813475564867,0.44015732799121193,32.82559288471345,0.2847026820415089,0.4385038557060857,0.26408621318852993,0.40741993491276257,0.23505123016071067,0.3640135121119589,0.2849694025290645,0.4389158990494924,0.2846356393375103,0.4383992059246547,0.28525655190179267,0.43935444114825845,KIRIKKALE,MERKEZ,192821,0.726
54988432B93570541264630,0.2873998971526983,0.4240239004210007,29.939823374705664,0.28644628965217495,0.42247218280242615,0.2640076567117425,0.38960524301753385,0.2216079695326764,0.33115498293489126,0.28650488869724006,0.4225665764359862,0.2864854110030433,0.42253514197368136,0.2868073307629969,0.4230555486600432,SAKARYA,KARAPÜRÇEK,13734,-0.453
54988432B93591493775599,0.2545114829080158,0.3387925312358039,23.003144602479743,0.2534430658727477,0.33755599539674885,0.2317679257248098,0.31203885149309446,0.20166024171463268,0.27586737605821166,0.25221819711092774,0.3361335707253173,0.25384621461823875,0.3380231806719346,0.25306282282084547,0.33711480016002526,ZONGULDAK,GÖKÇEBEY,21070,-0.17
54988432B93613395519692,0.061650827146784444,0.10158938411321004,7.398099257614133,0.061236605481962726,0.10090682191959345,0.05319884453018058,0.08766204934263142,0.04263532803732121,0.07025528962431848,0.0609406219225255,0.10041909468376464,0.061341165170323585,0.10107911732640702,0.061201636080200704,0.10084919868642331,KONYA,TAŞKENT,5669,-0.71
54988432B93760304684016,0.17701040756385783,0.291681054711989,26.547888077930107,0.17607150626836077,0.2901339156261574,0.15746254572096968,0.25946972297071325,0.13254403286886404,0.21840853221595863,0.17522853755603127,0.28874485604211697,0.17640802478700204,0.2906884371246291,0.17588451614967182,0.28982578981711293,ERZURUM,TORTUM,12881,-0.592
54988432B93817562876661,0.14268237040867318,0.2351146741165181,17.39620800970345,0.14213291851101525,0.23420927702022276,0.1309965183710357,0.21585850893133435,0.11566894592577807,0.19060144886047778,0.14138925731550908,0.23298385821666812,0.1423430001676567,0.23455545349666929,0.14186509040697748,0.23376794486951816,SİVAS,HAFİK,8950,-0.742
54988432B93840376788897,1.0146755078437044,1.0111050363682699,41.97814431418563,1.0078136921852667,1.004050407327218,0.901603095891818,0.8833705326924792,0.17272700935190557,0.28030332645253103,1.0092584323369667,1.00562222393024,1.0075659246934063,1.0037790699814886,1.0108488040973995,1.007325605975858,İSTANBUL,EYÜPSULTAN,425216,1.839
54988432B93890673668777,0.18216534739036772,0.23253761847649038,15.48993788025902,0.1813079646404752,0.2315645757778925,0.16417930425968638,0.21189930414099964,0.14093353571754103,0.18487403024341797,0.18032754165765633,0.23044913767542458,0.18163118468689018,0.23193174806655587,0.18100349751240544,0.2312184403979908,ZONGULDAK,DEVREK,56900,-0.038
54988432B94080378973677,0.44000647541621696,0.3928030420866263,14.11997906045738,0.43569439949280836,0.38932392732465754,0.35527961728877167,0.3237530733107717,0.25276366231474245,0.23915571469905375,0.43524685071321867,0.3889623470280703,0.4361714189508959,0.38970923656867046,0.43699661030715736,0.3903755700919501,ESKİŞEHİR,BEYLİKOVA,5611,-0.424
54988432B94200918295696,0.48082319298450243,0.5680443705080336,34.65957924994285,0.4707875205448076,0.5594008244475565,0.3706818678942008,0.4593891815366799,0.24955703242356378,0.32899254720879223,0.4624206301456895,0.5516388985127062,0.4736139134232066,0.5619499767830203,0.4676841901538004,0.5565531079463298,AFYONKARAHİSAR,BOLVADİN,45906,-0.045
54988432B94235279152789,0.46984782741745545,0.7092311796889653,54.64825505764735,0.46710409935585123,0.7066117054142879,0.4315496462104027,0.6614601084706905,0.37335032245905886,0.5795654641058514,0.4642465479523722,0.7034610120400676,0.46792292743716896,0.7074615581419319,0.46591727374237185,0.705331532535599,ÇORUM,OSMANCIK,42673,-0.194
54988432B9428918047476,0.37732129748798066,0.5494472902517443,39.74407963852119,0.3759731616489167,0.5481136619888739,0.3475192664377754,0.5161764121169613,0.2952958062805819,0.44872452847448896,0.376056061622801,0.5481951256393771,0.37603226561940595,0.5481730767219765,0.3765055057078261,0.548644059743948,SAKARYA,GEYVE,51708,-0.043
54988432B94361787420306,0.08071451186842932,0.13300287975357353,10.766727862755776,0.08023201259523796,0.1322078084420098,0.07148173103651921,0.11778893110479335,0.059556601082635933,0.09813847930143614,0.07985961125420797,0.13159415855880394,0.08035588925832657,0.13241193472046522,0.08016261008660712,0.13209344569240816,KAHRAMANMARAŞ,TÜRKOĞLU,81055,-0.477
54988432B94555839005307,0.7262668903044884,1.1967561426578115,98.77627308222544,0.7185751775839855,1.1840815948177446,0.6346925693386067,1.045858266699718,0.5331603128075061,0.8785515185832503,0.7116278953180957,1.1726337333807517,0.720810031258055,1.1877642284309369,0.7159548045084599,1.1797636951364365,SİVAS,İMRANLI,6788,-0.587
54988432B94612974297738,0.12219799018048899,0.1550840306569279,8.81246197571928,0.1202625820726713,0.15330194372140077,0.08388056151991957,0.1159520869259143,0.03700766255538687,0.06098191736373724,0.11862855122152567,0.15177266130278397,0.12083709866218006,0.15383454598224983,0.11991728433854762,0.1529804858051968,İZMİR,BAYINDIR,39971,-0.304
54988432B94698647501880,0.4518258200693723,0.588225870988819,41.15126000380246,0.44815289528606683,0.5849192023461226,0.4095565001039592,0.5421515971568202,0.35432054805398855,0.47702413639229513,0.44482681886595,0.5815572143344816,0.44918233003958163,0.5859135161810067,0.4468043812501306,0.5835792357175299,AMASYA,MERZİFON,77077,0.547
54988432B94777693463903,0.330082430661818,0.4196412422358097,27.72473745833365,0.3212296871040061,0.4121287191529443,0.26672838358224543,0.3506212257630336,0.20791434666196218,0.2749319367023028,0.3178852245295045,0.40889018146164485,0.3226100866805172,0.4134216154676041,0.3207815635091014,0.41169172490668293,KONYA,HÜYÜK,14878,-0.506
54988432B94880790490903,0.06877878380881347,0.08254569568769515,4.585033559940863,0.06839709974901145,0.0821554496578797,0.060927977095693885,0.07441602800981977,0.051024644583673,0.06402975383893157,0.0679843269651364,0.0817320649333694,0.06853508382437451,0.0822967115505567,0.06827587367739299,0.08203123359438019,KÜTAHYA,SİMAV,60886,-0.027
54988432B94897839100366,0.29835923374722806,0.2611580531702327,6.680550881337265,0.290578736333076,0.2546276596835817,0.23239704587266966,0.2083537686272559,0.16235622924227638,0.1535183892468897,0.28563968342678714,0.250573906580035,0.29282205519627524,0.25648935436178727,0.28880467548225186,0.25316512302956723,ANTALYA,DEMRE,28075,0.18
54988432B95082960881175,0.9065722873638377,1.4938667425843282,130.4351371077146,0.9060277464585645,1.4929694379129819,0.8947829734172685,1.4744400909337716,0.8708123464789566,1.4349408442866385,0.9052996152554931,1.4917696097209365,0.9062423414370212,1.4933230515253884,0.9057606644179065,1.492529335139445,ERZİNCAN,REFAHİYE,10954,-0.391
54988432B95140172364371,0.015801257101575282,0.02322467073519372,1.90870651447164,0.015667614025296095,0.023039046052926376,0.013140648078696542,0.019504932098850146,0.009890214231877205,0.014933515219644526,0.015485589000674703,0.022778723626515902,0.015718530797805583,0.023110388196463775,0.015600609872328409,0.022941339501526766,DENİZLİ,BEKİLLİ,6243,-0.231
54988432B95156445816279,0.3406179546745988,0.4815759715437345,32.10502987599388,0.3379839391108276,0.47889747097773094,0.3063969928714117,0.4408001880687437,0.2652705446001601,0.3885496695558977,0.33535655719845264,0.4759395827645016,0.3388009746178296,0.4797839679338863,0.3369552427252504,0.4777543339079921,TRABZON,YOMRA,51660,0.48
54988432B95277821649488,0.1655638791311996,0.2504990725890849,17.55940079674556,0.16478385113951893,0.24954826385967407,0.15326877302344039,0.23313072562557527,0.13652151411221122,0.20916973827656976,0.16433064324720842,0.2489291499220771,0.1649499513932162,0.24976991897779327,0.16471756691029169,0.2494588257381785,HATAY,İSKENDERUN,228149,1.056
54988432B95310559341669,0.2322803285487213,0.2571775221272942,12.696252555906153,0.23201768325270225,0.2567493348536695,0.2249810360394419,0.24690887235368297,0.20872862730387937,0.22838374448908932,0.23181959987556394,0.2564320540138097,0.2320864430675917,0.25686055748914166,0.23199063231549624,0.25670573774452426,OSMANİYE,DÜZİÇİ,88274,-0.269
54988432B95455201540726,0.46429856816742665,0.6502667999229922,45.96873198138181,0.4585576045702124,0.644929433927461,0.40436768931070544,0.5810821549836405,0.33240028255523907,0.48931114083785937,0.4584444395212275,0.6448134595539444,0.45890133013891776,0.645280559038328,0.45997051019056534,0.6463567740274807,TEKİRDAĞ,SÜLEYMANPAŞA,226582,1.314
54988432B95500955332095,0.08395793739826608,0.12125911544290469,7.839940366402454,0.08259406223460448,0.12006949356299144,0.07358772549087206,0.10945987203473273,0.06408592679207069,0.0969760219647062,0.0820446375242101,0.11951898257995212,0.08281772864121355,0.1202847183990769,0.08250882652580796,0.11998600734801149,HATAY,KIRIKHAN,108200,-0.206
54988432B95701093255845,0.20548796922885393,0.23137767092332098,13.386225235488006,0.20048331203544234,0.22742291341907925,0.17049861190330975,0.19990789762607472,0.14035182588749634,0.16997198602477057,0.19854595878464998,0.22579831626686966,0.2012834175732552,0.2280827517269933,0.20018259807512995,0.22717502087591754,HATAY,ERZİN,43103,-0.24
54988432B95842578753435,0.38173702195533366,0.4739785764631898,27.32549975616497,0.3773235162512219,0.46960405609697153,0.31902143513777603,0.40578547319931285,0.23433947343269865,0.3128337277780252,0.3750010345840442,0.46714981377884685,0.3781945198156278,0.4705114298899241,0.37703996071059354,0.46930680523417906,KONYA,MERAM,349685,1.053
54988432B95867498741596,0.07882543280725146,0.057256466625355946,0.8996373459393524,0.07717201052233098,0.056057811821131565,0.049070309204922134,0.035679551476852985,0.015875622820933643,0.011600234888822798,0.07569042880905515,0.05498368294172877,0.07767468265398313,0.05642223235376413,0.07681749522790546,0.05580079663047021,MANİSA,GÖRDES,25456,-0.362
54988432B95928924596257,0.053335089212871716,0.08788655587472281,5.105145458513323,0.05316360159345644,0.08760397537344325,0.05036178526923626,0.08298709011903817,0.04655384066118742,0.07671228789217015,0.052955383338967585,0.08726086944585713,0.05322394349220196,0.08770340788089662,0.053084305702488906,0.08747331012369858,TRABZON,ŞALPAZARI,10575,-0.527
54988432B95992453735660,0.11566278630678169,0.15773258673759263,10.08609617265914,0.11339748778220453,0.15588303713033813,0.10051166097410168,0.1421825375087967,0.0877628583412087,0.1268245772826047,0.11195798516823866,0.15455392133404058,0.11393143109102746,0.15635044496661646,0.112824849266433,0.15536533129324281,TOKAT,ALMUS,28135,-0.626
54988432B96002875694716,0.062614324299595,0.10317705271197532,7.494224035970895,0.06250195609187928,0.10299189028116852,0.0601084542589786,0.09904783326958472,0.056671566101189265,0.09338446478979923,0.062397951675349964,0.10282050986164702,0.0625376477800007,0.10305070371128823,0.06247832805696039,0.1029529555640479,SİİRT,KURTALAN,60674,-0.746
54988432B96055728964295,0.06516715899952938,0.10738366139691152,8.326290035927988,0.06506448824868198,0.10721447861660281,0.06283805992334941,0.1035457284503767,0.059509885852742084,0.09806150107335296,0.06496928802714344,0.10705760591397841,0.06509714079052004,0.10726828408472994,0.06504287545854961,0.10717886465746984,SİİRT,TİLLO,4090,-1.092
54988432B96253439504552,0.06931910397009643,0.11422531384429228,9.473933909035852,0.06905783803338493,0.11379479495543639,0.06375523361126849,0.1050570643787447,0.05649619272352658,0.0930954812635249,0.06863436751897452,0.11309699233477355,0.06916958972072153,0.11397894147245077,0.06888619690185296,0.11351196149402454,KASTAMONU,PINARBAŞI,5782,-0.63
54988432B96395317243392,0.0001067309811419235,0.00017587330360047202,0.00853847849135388,0.00010357103817950192,0.00017066629058471846,9.093126632981562e-05,0.0001498382385217042,8.145143744255092e-05,0.0001342171994744435,0.00010182109641741549,0.00016778270387433938,0.00010426113321726534,0.0001718034420733604,0.00010285641418889137,0.00016948871982957193,ERZİNCAN,İLİÇ,8543,-0.301
54988432B96423732732859,0.4783935421221989,0.7883058112459732,69.63787286726497,0.47642233958767277,0.7850576269033996,0.4319758602186162,0.711817888296933,0.3603196186356298,0.5937413954552199,0.47309177934777985,0.7795694675520728,0.4773560365677491,0.7865961902211065,0.47504226214198103,0.7827835095196612,BURDUR,ÇAVDIR,12539,-0.448
54988432B96595900966368,0.11825635077049218,0.19486502287547383,14.228952628843471,0.11770376291885826,0.19395445829566246,0.10999385877521246,0.18124993428887118,0.09981603507620711,0.16447872635790484,0.1172738997504236,0.1932461217403352,0.11784580979013559,0.1941885257824444,0.11758666370273006,0.1937615000208566,KARAMAN,KAZIMKARABEKİR,4679,0.022
54988432B96614579404360,0.12272942883406757,0.08878881198391013,1.3521066800003083,0.11761828023893368,0.08509165513745554,0.09717256337556945,0.07030117810347299,0.08183743153720202,0.059206929254550233,0.11487114851553085,0.08310443085922264,0.11874758966803306,0.08590855734386106,0.11652820739752251,0.08430311263306717,SİNOP,TÜRKELİ,16298,-0.194
54988432B96920408348513,0.941712164711854,1.252360373418497,81.79869074828318,0.9340576610675971,1.2455142592906308,0.8636356957169828,1.167075933677201,0.7791395828241464,1.067026561179759,0.9271647224488376,1.2385086644823249,0.9365357305265424,1.2479012118288337,0.9311920905845719,1.2426534768757833,ARTVİN,KEMALPAŞA,9263,-0.432
54988432B96933409073399,1.34010507970931,1.533778583554503,84.11684385662817,1.315136497890703,1.513043260435469,1.1093330744581638,1.3124177817912013,0.8185219628274473,1.0160682360652509,1.299066227038069,1.4986939618535688,1.3214444818066724,1.5185165763252457,1.309713153035093,1.5082807644645742,AYDIN,KUŞADASI,141431,1.495
54988432B96952912352901,0.16768924163308546,0.15886007377660785,6.314587747417566,0.16551335763671493,0.15703105224182812,0.12633516461408656,0.12370108484159399,0.0778519880424047,0.08198633876157385,0.1631894261400482,0.15507322034646395,0.16626128351878527,0.1576602104182392,0.16481922262704074,0.1564471485132757,BALIKESİR,SINDIRGI,31482,-0.477
54988432B97004073269629,0.13744204931349696,0.18112913859663285,10.654882156254056,0.13649724196432067,0.1802430871670931,0.1275890067187155,0.1704694556477158,0.11499876495694103,0.15624284418919943,0.13603533121515052,0.17977101662499115,0.1366914508474975,0.18043656945991424,0.136406365397563,0.1801513927500094,MARDİN,KIZILTEPE,275217,-0.201
54988432B9710176470958,0.36230095619328034,0.5041062787022513,34.0490684855159,0.3580465983197614,0.499717851621577,0.3015609509876598,0.43289770036940456,0.22910233228199603,0.3428067196477205,0.3544506180148052,0.4956982550933901,0.3592746988130137,0.5010583371449026,0.3569499241419874,0.4985056933301397,BALIKESİR,BANDIRMA,169476,1.072
54988432B97142079698078,0.4316477130692369,0.5690299440161009,39.160449592749664,0.4268328542387822,0.5646376332517953,0.3821727718507611,0.514770825747903,0.32840063935052805,0.4507609604999337,0.4217222099487704,0.559387630765249,0.42837396833117913,0.5661408413297582,0.4244992109345754,0.562281102419804,KASTAMONU,MERKEZ,158953,0.892
54988432B97259494958593,0.7647099823809658,0.8459680235016588,43.204177907736565,0.7575223566019612,0.8394517590422951,0.6994413649415568,0.773570922438833,0.6295964297254734,0.6878214966652052,0.7515984622842259,0.8333848831064811,0.7594391714256874,0.8413199937401182,0.7550709575658714,0.8369859546405013,DENİZLİ,HONAZ,34468,0.636
54988432B97290216608091,0.8706643529028403,1.4346969777085852,118.50835251641362,0.8688488096568491,1.4317052916481217,0.8196468272950866,1.350629346415793,0.7180018835328397,1.1831369101757525,0.8660478734938574,1.4270898567398234,0.8695636980605645,1.4328832981081192,0.8677853565376143,1.4299529137415106,DENİZLİ,SERİNHİSAR,14661,-0.064
54988432B9750170463020,0.7471196331905986,1.022834622839457,64.65638682749513,0.7404400372741357,1.0165845554299042,0.6678274836512726,0.9344069214615284,0.573489755702467,0.8219423687592909,0.732545490004657,1.0082425494995146,0.7429172096671754,1.01906907931061,0.7368462160725255,1.012844234580244,ÇANAKKALE,MERKEZ,208613,1.846
54988432B97522403673638,0.2369223500008949,0.29260342312542637,14.72704736494102,0.23465142642554507,0.29055370519526513,0.21121450577005008,0.26600017014034166,0.1795474745040792,0.23278227067322715,0.23211909223752278,0.2880119950713533,0.23546470831424232,0.2913334288923121,0.23349210961562505,0.2894053188180426,ÇANAKKALE,BİGA,94526,0.426
54988432B97580121786260,0.2602718873413554,0.32360215994887964,19.88943943928071,0.2566924497771934,0.3205982906722109,0.22964989460575555,0.29284128327409026,0.19864856742632275,0.258718642367709,0.2541068426752154,0.31818580912988814,0.25759915148428564,0.32140889020499036,0.2556865810385819,0.319675000017312,TOKAT,MERKEZ,201969,1.015
54988432B97639118870532,0.048557383161694875,0.08001376263453792,5.958445044735973,0.048459885974966366,0.07985310494978477,0.04639199075931922,0.0764455886018195,0.04344177488133689,0.07158416779181713,0.04835472891600855,0.07967982518454747,0.048494511799250455,0.0799101620295715,0.04842997447580304,0.07980381622295764,AĞRI,TAŞLIÇAY,17431,-1.124
54988432B97717565208806,1.0122567524074022,1.5553805839782247,127.14643323227725,1.0064083348968864,1.545811234874822,0.8264638848875289,1.265054442106473,0.4294760742773435,0.6510269059722376,1.0087083667897203,1.5495598559981145,1.0055963724943424,1.5444918105596022,1.010039958472083,1.5517384017508082,ANKARA,ŞEREFLİKOÇHİSAR,32831,0.115
54988432B97750786537608,0.1907619170582377,0.26541123685214085,17.89643707661988,0.18758605971341913,0.26276188450934096,0.16850076244786222,0.24164831407325058,0.1490475460333265,0.21734459490428756,0.18612839325285876,0.2613898200251006,0.18819796541454012,0.2633150445628733,0.18722097004088448,0.2624281703153126,BATMAN,GERCÜŞ,18894,-0.962
54988432B97753800028148,0.14561423191912085,0.23994585025698523,12.455069543247788,0.14545130500459097,0.2396773762450608,0.14189237597947,0.23381290654534606,0.13666461975798821,0.22519851223122145,0.1452326933173699,0.23931714382495292,0.14551512767903557,0.2397825444397039,0.14537482166946625,0.2395513455773498,GÜMÜŞHANE,ŞİRAN,18377,-0.515
54988432B97910607288533,0.25434637639264907,0.3798230522055191,26.942836400701637,0.25319627996077093,0.37836803584616685,0.230661704680146,0.34928935696903557,0.19517234907567332,0.30093089466881123,0.2532359421419065,0.37840560197799317,0.25325439479819256,0.3784436959291352,0.2536225835108795,0.3788916737499054,SAKARYA,HENDEK,93990,0.328
54988432B97960602645981,0.5427073374542948,0.6746067130706532,37.998351106483106,0.5356907027705102,0.66729067531935,0.41864329498740566,0.5359255593511099,0.17783077078326284,0.2818685337392952,0.537194351973445,0.6689387266486271,0.5354320617842483,0.6670056364826926,0.5388391258262261,0.6707175540682311,İSTANBUL,BAYRAMPAŞA,272978,2.266
54988432B97969826728737,0.21453617308740527,0.289248712381691,17.08690973041596,0.213027451513288,0.28779127899703505,0.1966515707021526,0.26897734858514805,0.17512434574252922,0.2434850670013065,0.21195249383716824,0.2866355377002261,0.21340042076471424,0.28817903132520295,0.21269279408217773,0.2874363982138832,ORDU,FATSA,129844,0.363
54988432B98025236452990,4.17536922313308,3.347207288897109,66.48301092350232,4.1740212007852255,3.344985992502121,4.146944125988902,3.3003678830712766,4.105252692065889,3.2316679644190254,4.172768611171869,3.3429219519489486,4.174471433939806,3.345727895100968,4.173707870616389,3.3444696811994286,ISPARTA,GÖNEN,7065,-0.034
54988432B98169837554418,0.0,0.0,0.0,0.0,0.0,0.0,0.0,0.0,0.0,0.0,0.0,0.0,0.0,0.0,0.0,ADANA,FEKE,15586,-0.954
54988432B98216013465603,0.03109319605890621,0.051235949036254315,3.2575454580778604,0.030998848826267127,0.051080481904665465,0.02937471069398008,0.048404196764468034,0.02715868143415585,0.044752582372557324,0.030907006345769178,0.05092914215042337,0.031027974066688783,0.051128475019657095,0.030971291582444806,0.05103507256374776,ORDU,ÇATALPINAR,12888,-0.854
54988432B98307515925592,0.019649998696952168,0.032379634756496044,2.2256266100276108,0.01960895580870767,0.03231200351889627,0.01875072775467127,0.030897799306669676,0.017541486332456807,0.028905188712257605,0.019582751092746112,0.03226882289864185,0.01961903389755226,0.03232861038187188,0.019607718662848335,0.03230996492684935,KAHRAMANMARAŞ,ÇAĞLAYANCERİT,22440,-0.84
54988432B98311610120765,0.10367182766889702,0.1708323733872793,13.794999812518066,0.1032445013438302,0.17012821708982134,0.09401356592815491,0.1549173093523705,0.07987743422293206,0.13162352757945694,0.10324772228129367,0.17013352461071485,0.10327117275018002,0.1701721667312116,0.10340573800113059,0.17039390586432257,SAKARYA,KOCAALİ,24966,-0.253
54988432B98497297447828,0.1323033846609878,0.2180119876056504,13.986640082518328,0.13205642956450095,0.217605050386528,0.1268574141338502,0.20903801568418126,0.11948645487395644,0.19689201138559606,0.13176898818744875,0.2171313991183323,0.13214828808138107,0.21775641656581993,0.13196715361443548,0.21745793980905456,BAYBURT,DEMİRÖZÜ,8139,-0.724
54988432B98585505562385,0.4509032543480352,0.5268511745073415,28.429413420267952,0.44457983941025914,0.521121150169701,0.3710265928160928,0.44654228584525896,0.2659999803803175,0.33873478481766667,0.44148455698275374,0.5181260212375034,0.44576134148664903,0.5222465592130228,0.44419810833315976,0.520755061116789,KONYA,SELÇUKLU,703449,2.562
54988432B98751035289582,0.30787491974171355,0.41913790456017824,27.604883158730136,0.30562077675349303,0.4169682860495882,0.27939775877448886,0.38667225794566396,0.24605557151753937,0.3462552177050618,0.303881304094778,0.41509222674988155,0.30620986623457036,0.4175806951867178,0.30507589210545,0.4163844959303161,ORDU,ALTINORDU,239714,1.121
54988432B98936853989480,0.53290754760474,0.5415552374771326,25.325303832898676,0.5166792707875909,0.5276827670381609,0.3060923725856832,0.33650316387332524,0.06862180008985629,0.10900995316322742,0.5060071195568389,0.518231941823269,0.5206352952718827,0.5311558266946683,0.5143689518457281,0.5256452223877027,İZMİR,URLA,82021,1.768
54988432B98947703445317,1.0327255011692913,1.3771480258192892,87.75684376653506,1.0160054548915491,1.362858222843183,0.8576354632472302,1.1944880163445635,0.6480683634993627,0.9427158246784053,1.0048767054052667,1.3524061562706409,1.0200929777213454,1.3665675174465262,1.0125052737033082,1.3596240760260487,BALIKESİR,GÖMEÇ,19020,0.062
54988432B99023740963316,6.511384779602583e-05,0.00010729581420035463,0.005243657740018874,6.504822336025841e-05,0.00010718767702976136,6.361159823547044e-05,0.00010482037932455308,6.149529188130573e-05,0.00010133309019860858,6.500597504734452e-05,0.00010711805947088374,6.506444124973582e-05,0.00010721440117086171,6.5046250205403e-05,0.00010718442562834798,GAZİANTEP,ARABAN,32540,-0.736
54988432B99037585062650,0.39725236787885715,0.4966950866293522,32.470132860213354,0.38833781135522444,0.4896999410619077,0.3427119165103551,0.44529444810957763,0.3004317373700596,0.39870766084196807,0.3823365606778664,0.4845163884098292,0.39080961828494587,0.49173623876657296,0.3857205056539376,0.4874778351122584,ARTVİN,YUSUFELİ,17564,-0.29
54988432B9927108056692,0.6892216167148599,0.5665447469492306,13.744414501990079,0.6841039036643055,0.5625242711013316,0.5880294155223917,0.4886608016136811,0.4621846356260589,0.3909613131201764,0.678656170200075,0.558294389360749,0.6859305216135064,0.5639423693720961,0.682486552924932,0.5612556422410674,KÜTAHYA,DUMLUPINAR,2812,-0.226
54988432B9941685819623,0.0005653129108030328,0.0009315331699117609,0.07354532980385504,0.0005644682396873173,0.0009301413050756336,0.0005460315367926666,0.0008997609617967603,0.0005180276486334962,0.0008536156320010722,0.0005636849595018875,0.0009288506013607194,0.0005647368516485593,0.0009305839288808754,0.0005642904364205065,0.0009298483175326503,SİİRT,ŞİRVAN,18773,-1.277
54988432B99449067758267,0.24745214606886617,0.2973104987555699,16.193297410884675,0.24606462610067126,0.295433895278213,0.21266362503855069,0.2552340073578525,0.15979833714000655,0.19583164370403544,0.24619522830748913,0.295616527623716,0.2461045577645857,0.2954850116952966,0.24664154461747756,0.29622266035013556,SAKARYA,KAYNARCA,25440,-0.351
54988432B99760089985669,1.0675872174758574,0.9129046717201182,28.42442231704654,1.048441910844306,0.8983666454679486,0.8355986524676673,0.7305731728678806,0.5859608024599913,0.5311963886794885,1.0469577904509806,0.8972207279176342,1.0500520080209388,0.8996083206800976,1.052923486933152,0.9018182749262426,ESKİŞEHİR,MAHMUDİYE,7407,-0.351
54988432B99817490386194,0.14780234075086351,0.24355145684617444,20.810763177680354,0.1470161965457257,0.2422560337461085,0.13152985883425608,0.21673735730513172,0.11082346320985745,0.18261697196660603,0.1465833740294553,0.24154282072216074,0.14720635737826004,0.24256938431663086,0.14703228641149238,0.24228254692734788,AKSARAY,ORTAKÖY,31089,-0.212
