shapeID,ENERJIK_NOM,ENERJIK_K1,ENERJIK_K1g,ENERJIK_NOM3,ENERJIK_K13,ENERJIK_NOM3p5,ENERJIK_K13p5,ENERJIK_NOM3p8,ENERJIK_K13p8,ENERJIK_NOM3Y25,ENERJIK_K13Y25,ENERJIK_NOM3KIS,ENERJIK_K13KIS,ENERJIK_NOM3Y26,ENERJIK_K13Y26,il_ad,ilce_ad,nufus,sege_skor
54988432B10253984912437,0.1116579438719044,0.13213655571294586,8.939435911516597,0.10478695943304278,0.12640835552905508,0.06598472272292978,0.08484505044135811,0.029967124733906614,0.04227638876379269,0.10159959380130683,0.12341484075729929,0.10608339354371442,0.12757806343131373,0.10395727115589935,0.12564403047581077,MANİSA,DEMİRCİ,35629,-0.192
54988432B10287230279323,0.7364755948721166,0.9258709555852603,49.77268188273108,0.7315757092749201,0.9210265005461182,0.6647887346632949,0.8496920708106738,0.5634046154504034,0.7424939838032533,0.7297307350670381,0.9190804188062842,0.7325215813366145,0.9220134079647881,0.7317096428090836,0.9211668055907017,KAYSERİ,HACILAR,13701,0.963
54988432B10558365680808,0.10369903713661986,0.1698178740649037,9.390949624137974,0.10176584838440687,0.16670287149169985,0.09353414977187113,0.15342069261248772,0.08593202132673657,0.1411053892613345,0.10068972866928708,0.1649686866897505,0.10218864980793461,0.1673841660251689,0.10132723477765826,0.16599606892702448,SİVAS,AKINCILAR,4641,-0.511
54988432B10626729870430,0.32652939193001373,0.37510041446022585,20.73237034746872,0.311586985678205,0.36181709969867665,0.19262094549498732,0.23749918596792388,0.07643174633341342,0.10508384900918365,0.30380983488606017,0.35429968017265145,0.31468491739429627,0.36473830138216035,0.30984181581528947,0.3601506558162797,İZMİR,SEFERİHİSAR,63712,0.924
54988432B10630286252901,0.28638601184963525,0.37835334098464224,23.912295489761725,0.2824444395536599,0.3750010013372454,0.24766360922338085,0.33972071224186406,0.20558568016422155,0.29308616296391465,0.2823784941566505,0.3749495081729009,0.2826742730291673,0.37520565496462494,0.28341634981687613,0.3758795497447737,TEKİRDAĞ,MURATLI,30410,0.193
54988432B10710239542127,0.0020224308440752402,0.0032752334028355095,0.25255648792397734,0.0020131402080011515,0.00326321196665088,0.0018790803608530846,0.0030554570370123794,0.00169697148618099,0.002765238175238595,0.0020033500981695546,0.003248900413674562,0.0020161252064454893,0.0032674106610666802,0.0020095241883483087,0.003257996970827518,TOKAT,YEŞİLYURT,8045,-0.729
54988432B10923405291908,0.19676961892088465,0.1940982078189455,8.29409359127219,0.19489456970352245,0.19263898442883362,0.1779943580107883,0.17823373330930486,0.15798837573541555,0.16065378027882118,0.1940295627467167,0.19193326990541257,0.1953462035116526,0.19300159740479647,0.1947671169327732,0.19253476324708477,KARS,SARIKAMIŞ,35518,-0.804
54988432B10954011235531,0.5057757513863527,0.6238716724621683,34.64821129505786,0.4999006542813278,0.6175795952837029,0.39204953465675935,0.4971072621971045,0.16588437876555426,0.2612730487831095,0.5011740338439447,0.6190094118611227,0.4996808201713979,0.6173316821383136,0.5025575961183554,0.6205454024934505,İSTANBUL,ZEYTİNBURNU,275471,2.382
54988432B10964336547790,0.40813947324767996,0.3946251061528197,16.806122374542216,0.4000047173687782,0.38779378832413325,0.25172114901597137,0.2621221361789777,0.05869790560722084,0.09227008056158352,0.40309003717957737,0.39037246293980876,0.3989397487820526,0.3869040074966633,0.4049243211799022,0.39190734371557695,ANKARA,AKYURT,46956,0.705
54988432B11094776022203,0.21767953434210985,0.3562808978535308,21.8767019185996,0.21715045479195114,0.35558575714520047,0.20828865334839916,0.34168986107292126,0.19340226874952238,0.31768985793325905,0.21664482395184403,0.35484034145193344,0.21733892111657307,0.35585363610205223,0.21698436205650656,0.3553440738700893,BURDUR,KEMER,2727,-0.549
54988432B11123047057176,0.19322613348631038,0.3183779370185498,23.718953667748263,0.1924879577211154,0.3171618937477267,0.17551333992770468,0.28919682354525034,0.1468634602384556,0.2419944158917551,0.19163808539618724,0.31576183890019843,0.19276152488686077,0.3176125569699134,0.19222108480273484,0.3167222568100977,AYDIN,YENİPAZAR,11596,-0.296
54988432B11153156770264,0.30773764004360193,0.34587322563404177,20.674118256907295,0.305382479764519,0.3438490767223577,0.27735715830487856,0.31643713545800756,0.23857010246112687,0.2771862541403019,0.30323142575584294,0.34184599517178277,0.30605434849126056,0.3444574769958003,0.304566756410811,0.34309708790427285,GİRESUN,ESPİYE,39182,-0.178
54988432B11210263033857,0.4979607310392525,0.5561622275621555,23.199627369766585,0.49253917807920433,0.5517266148456896,0.445727646039687,0.5083597080798544,0.3810214781283905,0.44825347953571315,0.48846209481147446,0.5481000539630683,0.49393059781357157,0.5529243151589566,0.49089573349916954,0.5502821330996974,TRABZON,TONYA,13332,-0.469
54988432B11239792936467,0.4983467717636065,0.7920908154703423,67.39785492324141,0.49702632347697573,0.7901837715885064,0.4760323300948313,0.7566678945902904,0.43706178782182775,0.6933914049765963,0.49540432112679006,0.7876711950718014,0.4974830401266449,0.7908762074721228,0.49639538620848744,0.7892138289443399,DENİZLİ,BOZKURT,11176,-0.311
54988432B11310133229622,0.07542657707108483,0.12428932205849143,10.45014603140982,0.07483709137118731,0.12331795651535685,0.06117090131320953,0.10079855336349745,0.039820290699950536,0.06561661853758202,0.07425418464367488,0.12235743192576061,0.07502413829531752,0.12362617592946815,0.07469016994129062,0.12307585663986446,MANİSA,SARIGÖL,34786,-0.3
54988432B11333989170250,1.3082061001543854,1.1337718298609956,38.69950945882365,1.306975120664347,1.1317444298212913,1.27519262769071,1.0863974957077935,1.121073815357459,0.9450533956055611,1.3051877390196707,1.1288009500726068,1.3074510219520263,1.1325283058316888,1.3062928898090094,1.1306207395284869,DENİZLİ,GÜNEY,9043,-0.457
54988432B11359051677875,0.09267903814650805,0.15271824955554594,12.193783424349117,0.09226269011532816,0.15203218349574094,0.08657992262350815,0.14266801311440847,0.07858859917451755,0.1294997611216248,0.09208404403807782,0.15173780715397847,0.0923446165891837,0.1521671834690866,0.09226874549919882,0.15204216167034879,AKSARAY,GÜZELYURT,10419,-0.755
54988432B11506112394599,0.0458667680164063,0.07558011675911845,5.5034097106136315,0.04578642900729997,0.07544773263982761,0.04406810120278285,0.07261623999902526,0.0415967198396737,0.06854385164340174,0.045738284986818346,0.07536840002393558,0.045808326942753476,0.07548381646674492,0.045786132448487726,0.07544724396467947,HAKKARİ,ŞEMDİNLİ,43034,-0.633
54988432B11733036150032,0.22398059769122095,0.369079095538003,31.69426735516332,0.22348862888267604,0.3682684428769227,0.2106835991863485,0.3471681667591423,0.18595309571263738,0.3064168495515675,0.22332682949525834,0.3680018302010215,0.2235828473135601,0.36842369548939585,0.22357212303592747,0.36840602397316646,KIRŞEHİR,BOZTEPE,5049,-0.584
54988432B11866351639272,0.2011780121629367,0.29136129742427447,19.311195128741904,0.20033638007897042,0.29029004487737337,0.1835517875866445,0.2686638555683124,0.16084811879612143,0.23907610277506586,0.19912457314073173,0.2887407104612665,0.20067351056648525,0.2907207368138309,0.19987853086274424,0.2897046930570136,TRABZON,OF,43591,-0.06
54988432B11894887373653,0.10938919684986918,0.18025356107807752,13.72912013159304,0.10897685307650104,0.17957409330906196,0.10096946429006952,0.1663793685532721,0.089945998905656,0.14821469646331661,0.10867968160682771,0.17908440861256547,0.10908184559076234,0.17974710193447596,0.1089375168518352,0.17950927434357386,OSMANİYE,HASANBEYLİ,4914,-0.58
54988432B11965473551698,0.08147791978242115,0.1304734098598284,10.244493636901092,0.08068973818303737,0.12928628708790757,0.06733064872122968,0.10801816368212419,0.05016864928853721,0.08070166094548736,0.0806184992740844,0.1291975528262581,0.08076096328846172,0.12938849058549312,0.08091265338262722,0.129650927704563,BOLU,GÖYNÜK,14257,-0.441
54988432B12089273300588,0.3154290931000461,0.41346003938629616,19.714287421466395,0.30721639716887156,0.40624427132037105,0.22900673866838603,0.32650011249672906,0.1421839990458373,0.2328712207596656,0.3095901108663443,0.4084490152705219,0.30644345969653675,0.40551680315526567,0.3111554618106239,0.40987091320031843,ANKARA,NALLIHAN,26083,-0.102
54988432B12282198097688,2.916980217627732,3.1194720894365426,154.08767865528705,2.8417451433603795,3.058703431252508,1.887187965967919,2.1765186897803517,0.5150090689805731,0.8189905844369435,2.79782435801062,3.0212754281940044,2.858430875880873,3.072663473683017,2.832137474762629,3.05059338652865,İZMİR,ÇEŞME,51902,1.998
54988432B12649673902080,0.07856921337085518,0.11841457631583092,9.55298532129466,0.07839666173953386,0.1181623394714109,0.07409478200521719,0.1120100493628348,0.06677416616527887,0.10153218571276375,0.0781491333308417,0.11780368299310214,0.07846314727569363,0.11825923064695847,0.07830777188696388,0.11803323053991413,GİRESUN,GÜCE,8194,-0.805
54988432B12652451571712,0.14935858775428285,0.2461154004623533,20.069954087470066,0.14805006297936793,0.24395919876363828,0.11318330982266679,0.1865052793932735,0.05570095148517552,0.0917849738369238,0.14684565864720078,0.2419745676497338,0.148453133197116,0.24462338239754072,0.14779696061329342,0.24354213407255926,İZMİR,KINIK,28604,-0.297
54988432B12770771460380,0.7001808044064299,0.8121829815652525,48.229753459981474,0.6953076781897364,0.8083278442862616,0.5992753468979768,0.7259548597758666,0.45790957845897795,0.5874535200743568,0.6948506204500529,0.8080118917244999,0.695768457556789,0.8086781589781463,0.6968074244524618,0.809548898763703,SAKARYA,PAMUKOVA,31536,-0.024
54988432B12859589940172,0.07342300508985526,0.12098779873723925,8.862129134151198,0.07322985230218784,0.12066951796718302,0.06919739404913089,0.11402475796396457,0.06353184033796168,0.1046889527718032,0.07302521806680287,0.12033231785319683,0.07329555452751195,0.1207777833208603,0.0731726055498505,0.12057518569977346,VAN,MURADİYE,41402,-1.112
54988432B12971115509737,0.2682079964342244,0.3165113886165042,14.68411265790758,0.2666928576055944,0.3149872661529797,0.23753120625463428,0.28554723513190106,0.19924261141651967,0.24662624860391527,0.26502076489305704,0.3132782169667836,0.2672426009499532,0.315542296389206,0.2661856639945865,0.3144592909463701,KÜTAHYA,ALTINTAŞ,14739,-0.516
54988432B13012659541885,0.31680107853922745,0.522030732508662,38.90914581158405,0.31623972401417877,0.5211057220407072,0.3042502651600702,0.5013492678744131,0.28702844951811274,0.47297083849483346,0.31588334596971973,0.5205184756447772,0.3163969445571189,0.521364792986977,0.3162250017928334,0.5210814624894817,TUNCELİ,NAZIMİYE,3095,-0.744
54988432B13089930907673,0.16418413790727643,0.24243284547368268,15.931238929100592,0.16206806966174536,0.24055720575810335,0.14738815367442115,0.22281239429368463,0.13143067222050545,0.20135112954827414,0.1605942604395217,0.239020819505594,0.1625932896984925,0.24106984203325466,0.1614910830529835,0.2399707350202624,TOKAT,NİKSAR,63594,-0.169
54988432B13153830049799,1.7340905624630927,1.5283901252927388,50.544711317388355,1.7292378635172747,1.5243653781549584,1.6985188072938266,1.4896327516042764,1.6570598324278132,1.435291197474536,1.7280748504006387,1.5233244096957326,1.7298125843655505,1.524871448048217,1.7294521622673216,1.5245718938989772,DÜZCE,GÜMÜŞOVA,17344,-0.134
54988432B13184104417142,0.07533618655505733,0.12414037487841474,10.677782038035499,0.07524155269585599,0.12398443543822472,0.0718219634256166,0.11834957238834788,0.06247798345773709,0.1029523877270134,0.07510909783527958,0.12376617384577733,0.07527944820750027,0.12404688036989503,0.07519730912361046,0.12391153005376511,EDİRNE,MERİÇ,12329,-0.806
54988432B13336850419353,0.08597253246745817,0.1416671442741149,11.76450646154355,0.08551898151661998,0.1409197745486461,0.07654467166964703,0.126131739215001,0.06453377377076613,0.10633995739042248,0.08523652072556487,0.14045433038305372,0.08563273535986607,0.14110722025555233,0.08550788414829193,0.14090148809790573,ŞANLIURFA,HİLVAN,41969,-0.84
54988432B13359639505311,0.13502171956574144,0.1800909440057465,10.236240105782205,0.13318166893094124,0.17858615733813735,0.12243931608841321,0.16770229483377475,0.11162062621802436,0.1555302258347466,0.13254012544046115,0.17801452719682764,0.1334964564240514,0.17885931980645095,0.13311753181979213,0.17852987495405162,BİNGÖL,MERKEZ,175438,0.214
54988432B13394167497593,0.0837631535281986,0.13802648840460507,10.18996437787617,0.08351354490713897,0.13761517865814504,0.07877090413779311,0.12980016664409813,0.07199971149282093,0.11864246897238898,0.08331979073821566,0.13729590692082635,0.08358592950075,0.13773445534305828,0.08347755733071674,0.1375558776577585,MARDİN,ÖMERLİ,14112,-0.858
54988432B13587691087198,0.175937262139807,0.22614233045417645,12.420430729513281,0.16768501272158853,0.21911005380457854,0.11163144809915514,0.15953445925719167,0.056365015271962825,0.09287932460950024,0.16378260536350123,0.21542479313264548,0.16928430575882872,0.2205722255213066,0.16679707709411967,0.2182849832637567,İZMİR,FOÇA,37711,0.844
54988432B13628237636764,0.6538946350550578,0.7466924293665986,43.31339920359682,0.652205890601278,0.7451231777974382,0.6093475052030776,0.7041321118881432,0.5320219840938728,0.6277962440492053,0.6496066795687726,0.742690042491803,0.652870899120067,0.7457424814168931,0.6512171155809681,0.7441981053227514,AMASYA,GÜMÜŞHACIKÖY,22319,-0.269
54988432B13760722847594,0.007344542732732747,0.012102474651881271,0.9468321114344184,0.007320503972047865,0.012062863133174352,0.006826873614144904,0.011249449812383877,0.006143863878124466,0.01012397361625045,0.007287773310575115,0.012008928938054502,0.00732974951568056,0.012078098112604569,0.007308728075248647,0.01204345859054972,YOZGAT,KADIŞEHRİ,9854,-0.847
54988432B13849312279861,0.2630319561841737,0.3812642875774142,26.79756438349741,0.25986004440903226,0.3781041568358113,0.22193461646691337,0.3309373641820003,0.17047216590324551,0.2619534243037537,0.25825159155985317,0.37631142488264896,0.2604696894212674,0.3787652835335168,0.25966243662652966,0.3778873416240445,KONYA,ILGIN,53167,-0.121
54988432B13977847971239,0.1606325469270149,0.21338604997658855,15.032818707602287,0.15978461119733137,0.21235260666235617,0.1432488857699157,0.19212814021695998,0.1211817786047429,0.1649550819978192,0.1589750524563658,0.21136769336591874,0.16004456476776893,0.2126688299225807,0.15958160756407921,0.21210584935484794,MALATYA,DOĞANŞEHİR,36037,-0.59
54988432B14215635599319,0.07288429839829905,0.06466568509022655,2.428323988643042,0.07228289237667097,0.06421138163517318,0.06074797027277109,0.055242320929771285,0.045500824812414735,0.04290326205843393,0.07210706335140124,0.06408592752118977,0.07239040172171195,0.06428932163996817,0.07239276523740677,0.06429940504697278,KIRŞEHİR,KAMAN,33354,-0.126
54988432B14217813536294,0.03451867463335173,0.05688051659156679,2.156643293011078,0.03448895863897045,0.056831550021169956,0.03383801197339633,0.055758907951197804,0.0328774634196728,0.05417609810906421,0.034467809220511514,0.05679669961453259,0.03449701280536356,0.05684482182693948,0.03448678752815734,0.05682797242423324,MALATYA,KALE,7462,-0.717
54988432B14260044534811,0.20567308350992247,0.31669169016406556,22.335301750226055,0.20486997790265818,0.3156147148370849,0.1931560904854891,0.2977291631814751,0.1767332307494788,0.27287238308789585,0.20396016108533913,0.3142670287919705,0.20514828708032795,0.31601371470164874,0.2045138475337005,0.3150926526395137,RİZE,GÜNEYSU,15013,-0.195
54988432B14282860472632,0.00014919723035814315,0.0002458499819863493,0.01790366764297718,0.00014892232839967725,0.0002453969934062354,0.0001430587304590247,0.00023573484723486075,0.000134648148648889,0.00022187573348621397,0.0001485859951716261,0.0002448427772330579,0.00014902428754981817,0.0002455650035976131,0.00014881300758128952,0.000245216852520464,ERZURUM,KARAÇOBAN,19922,-1.172
54988432B14340726912856,0.5181730223541974,0.47691752280664973,18.01265334747092,0.5146057379469131,0.47396157111537784,0.44582432126848615,0.41655015369482584,0.35587245038609266,0.3409559143325746,0.5107611385689809,0.47077012008142594,0.5158936096512072,0.4750295380504865,0.513475273115886,0.4730235994660053,KÜTAHYA,PAZARLAR,4713,-0.592
54988432B14406336237626,0.10967456033660677,0.14943057121838493,10.09098452760284,0.10885510158236504,0.14846917986211516,0.09461775096457958,0.13208105214170046,0.07452073203263532,0.10776708926303574,0.10797537961604324,0.14750523934880816,0.10913850692695445,0.14878519234907636,0.10856469068923638,0.14815946371721925,EDİRNE,UZUNKÖPRÜ,59085,0.1
54988432B1446118549854,0.15614218417889686,0.25729400656797,19.798487888821004,0.15495726837582458,0.255341480182987,0.1366003433904124,0.22509259643256554,0.11301598525084028,0.18622985072438442,0.15426789740017435,0.25420552181741485,0.15520863525541526,0.25575568722068454,0.15489241071458454,0.2552346065177771,ÇANKIRI,ELDİVAN,6198,-0.573
54988432B14467270081386,0.05097538589969197,0.0704130338219857,5.378447519483419,0.049602882127095745,0.06917412910222145,0.04044985666372244,0.05818253333503281,0.030941511223337652,0.04558270205117803,0.04898847259396496,0.06853770291627227,0.049837834907009756,0.06940765232828482,0.04947536422033823,0.06904506775508538,KAHRAMANMARAŞ,PAZARCIK,66777,-0.388
54988432B14556173736384,0.4043068118068818,0.4577479109525711,24.018382821084906,0.39306522847017167,0.4490240539157168,0.32981977237585386,0.39155953784642816,0.2683803028387351,0.33072019210348513,0.3855478650827296,0.4427574666696558,0.39582093721501355,0.451248009552776,0.38993807918479695,0.44644969118635475,TRABZON,MAÇKA,24931,-0.15
54988432B14645765693693,0.4771686161491693,0.6546376903243772,46.8365322097593,0.4746998589537692,0.6522905484030663,0.40205115091618415,0.5753717342254673,0.245977095349587,0.38209014803592084,0.47500710348471065,0.6525860755036531,0.4747337697167619,0.6523223811974892,0.4757673771386096,0.6533135107232613,KOCAELİ,KARAMÜRSEL,59488,0.328
54988432B1484249621136,0.3314255143456702,0.41776463680403575,24.62388368056883,0.3269470931217906,0.41346187558871816,0.2748124331669281,0.3562717212525871,0.20229542381335194,0.2751492154033367,0.32474974963951303,0.4111787048432106,0.32778501346039324,0.41431690610822736,0.326677043574565,0.41318461785289123,KONYA,KARATAY,395499,1.481
54988432B14970064024432,0.0,0.0,0.0,0.0,0.0,0.0,0.0,0.0,0.0,0.0,0.0,0.0,0.0,0.0,0.0,ARDAHAN,POSOF,5976,-0.492
54988432B150490693817,0.010274266668161624,0.016930128456319693,1.5206023277108343,0.01021110637429159,0.016826051744755238,0.008982136693638626,0.014800932557723287,0.007354747363042424,0.012119290032245832,0.010172013681724048,0.016761634076005907,0.010226876086695227,0.016852037371305122,0.010209568890366552,0.016823518250035745,ŞANLIURFA,AKÇAKALE,131351,-1.258
54988432B15058920594435,0.1557232530908143,0.19473630886351345,11.760297327533296,0.1518491774387887,0.19146364415529285,0.1241109366011511,0.16226237361142534,0.0947503343537309,0.12889493143912698,0.15200802906923566,0.19160931947537405,0.15195845537214137,0.19156406914332755,0.15291151461163033,0.1924251906709233,SAKARYA,KARASU,75887,0.159
54988432B15496700745430,0.7043036177027024,1.0874196351624308,86.98712563180436,0.7021536297472656,1.084785928479154,0.6499463701682757,1.0152890197707933,0.5458468217601442,0.8643263604460286,0.6994469724077576,1.0814610844397476,0.7029730784420313,1.0857833104689838,0.7012263999219887,1.0836526425934196,EDİRNE,İPSALA,25278,-0.408
54988432B15523271257274,0.02720105633395264,0.04482240852366421,3.066531301051868,0.0271204611516123,0.04468960227733513,0.02591550424678558,0.04270405179067486,0.024210304453599406,0.039894191732069116,0.027062525045693855,0.04459413408022305,0.027141578215082066,0.04472439936881722,0.027107140912582952,0.04466765293874783,DİYARBAKIR,SİLVAN,86752,-0.824
54988432B15558909248688,0.6502845293718328,0.8974161835480486,67.38480130534712,0.6467070159686552,0.8927175649963276,0.5218942781808906,0.7454798784976547,0.25835184500959163,0.4253918700235869,0.6434036735769967,0.8884475901697723,0.6477995796958289,0.894142730989605,0.646013082189176,0.8918092047549422,İZMİR,KEMALPAŞA,122840,0.983
54988432B15641118678695,0.15199160863108593,0.22349473580471485,15.273149923219036,0.15124566327854722,0.22260422314379702,0.1387739363909102,0.2063458944124001,0.12150565916195184,0.18314342883452267,0.1503193621888722,0.2214375126924268,0.15151320765980306,0.22293530311715368,0.150891985216682,0.2221614580928071,TRABZON,SÜRMENE,25281,0.056
54988432B15644410313065,0.3786734801903449,0.5080389950393263,32.29109691637829,0.3752572220747406,0.504672785994217,0.33407747668003984,0.45743733592987984,0.2771767423977367,0.3898222664575242,0.37242005634301767,0.5015979986055452,0.376185490945045,0.5056485842671757,0.37429074546178404,0.5036377384141865,SAMSUN,İLKADIM,330290,1.343
54988432B15919915720396,0.14618958093521572,0.2405887257785037,16.082747443977166,0.14568473529054862,0.23977657586083675,0.1368027585807931,0.22521966544299624,0.12469541653011261,0.20532819363047666,0.1450466783575646,0.23873666947178288,0.14586673046356646,0.24007197041671202,0.14544570936201573,0.2393876128421537,GİRESUN,EYNESİL,12548,-0.35
54988432B16159073535028,0.29657215042792995,0.31869294243007323,17.88612444474627,0.2938236688750773,0.3164927803770044,0.24167133319531114,0.27241252107042296,0.16925428430975095,0.20469314373985628,0.28625897846691106,0.31036272275039484,0.2954673417877611,0.3178106321596554,0.28997028540079306,0.3133827306118298,MUĞLA,KAVAKLIDERE,10854,-0.34
54988432B1626041363194,0.08979096473529462,0.11545649457014816,6.332769207425228,0.08761116334418556,0.11373996140923642,0.0766755965185158,0.10322166729555723,0.06664008173615582,0.0923111114720792,0.08651275284403875,0.1128015252424061,0.08804628338062875,0.11409960833598093,0.08724821278566113,0.11343420142793555,ORDU,KUMRU,27638,-0.606
54988432B16266988631438,0.27642425262692844,0.40631261007624375,31.06775838321139,0.2739457835025293,0.4036322655262415,0.24276258938844728,0.3629001180953959,0.19809399988544732,0.3022974474898762,0.2718753350183675,0.4010970275596912,0.2746591582751223,0.40447298243587565,0.27326152436776774,0.40280655684006156,UŞAK,MERKEZ,265371,1.204
54988432B16312548829707,0.13640181704859952,0.1253216968787499,3.490394254922383,0.134733518860948,0.1240337933105434,0.10475543390791643,0.1006710203534286,0.06773935443991892,0.07155872366727807,0.1335624198779388,0.12312786712435325,0.13515053110614794,0.12435608152873917,0.1345944580971651,0.1239262630268325,KONYA,ÇELTİK,9482,-0.544
54988432B16358110737710,0.40940277556696575,0.5774618974639468,37.85179736064325,0.40117552074497315,0.5710117947237092,0.3555585984973952,0.5242710639846762,0.30367770706381925,0.46010152648620334,0.3966800734657364,0.5671346066954318,0.40326064099019593,0.5727309874062358,0.3995666558763931,0.5696481234965477,BURDUR,TEFENNİ,9514,-0.325
54988432B16406650788150,1.5986714638171438,1.34213522994572,41.56609809130332,1.5958806960684855,1.3393017469602924,1.5301612549989085,1.2758694467368228,1.3532778108334582,1.1223019679546273,1.596060976846438,1.3394828125661804,1.5960035579993868,1.3394242712045052,1.5970017189024408,1.3404250785902516,SAKARYA,SÖĞÜTLÜ,15288,-0.077
54988432B17114220369178,0.6882200203123,1.050725152464614,84.737801204965,0.6742820986088198,1.0340884267482442,0.34213191131166376,0.5478948064600367,0.03660375567461655,0.06031635206387758,0.6694856662306496,1.0278650440121702,0.6765956904672691,1.0370397237747895,0.6760447436843423,1.036340376340854,BOLU,DÖRTDİVAN,6214,-0.784
54988432B17229261486281,1.6833701241890184e-05,2.7738887224298964e-05,0.0021974398585062477,1.681146110875697e-05,2.7702239517655553e-05,1.617472561221928e-05,2.6653014877371776e-05,1.4885005182008853e-05,2.452778947088449e-05,1.6794019216204683e-05,2.7673498441433873e-05,1.6817913482625454e-05,2.77128718597944e-05,1.6809064722595787e-05,2.7698290707793966e-05,DİYARBAKIR,HANİ,32285,-1.267
54988432B17351022548299,0.28505584581165344,0.35972790480631245,22.844227174581725,0.27528271886367495,0.3519830054652733,0.22495836754580933,0.30249638376438287,0.17503482843954538,0.24531181902877833,0.2751448936201853,0.3518830733894279,0.2757575614482794,0.35237460479171656,0.27733712716803466,0.3537059498441651,TEKİRDAĞ,MARMARAEREĞLİSİ,33623,0.287
54988432B17518540104638,0.683036997911355,0.7064903735409831,35.42391515580101,0.6718992789664847,0.6968314787568042,0.5148173145973585,0.5529189320992921,0.3217015314666024,0.3697067629199493,0.6601260041727093,0.6863653278034068,0.6755812479705381,0.7000744921834382,0.6676523237677687,0.6930704036181052,AFYONKARAHİSAR,ÇAY,29140,-0.328
54988432B17530851783527,0.0009261312827541535,0.0015260964203929403,0.11400749406909702,0.000924194860776643,0.0015229055481016378,0.0008870358435679844,0.001461674225714154,0.0008345741842252096,0.001375226923888009,0.0009226409574115678,0.0015203449971222715,0.0009248378994744726,0.0015239651592747032,0.0009238891108451348,0.0015224017276555524,KARS,KAĞIZMAN,42717,-0.784
54988432B17532401262571,0.46601274835053963,0.5059634055047814,28.07799783168308,0.4618190235982915,0.5025788210318768,0.4141923419746458,0.46007485734471953,0.3353240010633533,0.38675696735209064,0.4587266033695873,0.49992046805833146,0.46286514481874813,0.5034589221754096,0.46075346505560366,0.501670433551093,SAMSUN,KAVAK,25370,-0.331
54988432B1769560269502,0.0834578842379548,0.13752138348754936,11.436574256973987,0.08337112175479178,0.13737841491662092,0.08010801990709174,0.1320014990437113,0.0725175606366978,0.11949406368883991,0.0832187911885397,0.13712740307106064,0.08340656107457434,0.13743681232237667,0.08331341628981909,0.13728332715383246,AMASYA,HAMAMÖZÜ,3628,-0.665
54988432B17723605206621,0.6962913187351424,0.8645107675710848,48.669806551544326,0.6869430030435569,0.8563256678275466,0.5964236520264612,0.7634349315414675,0.475177397846544,0.6331144449364674,0.679992998504816,0.849679933500453,0.6899186631482634,0.8590751231226097,0.684497831659231,0.8540164818139935,ANTALYA,MURATPAŞA,510887,3.173
54988432B17733923685340,0.24261830461515965,0.39973868422269954,32.408509834544596,0.2418355669118478,0.3984516356584208,0.22658634030442373,0.37333472027590586,0.20552911779787222,0.33864451956576685,0.24113928454195194,0.3973053891649849,0.24207574187841346,0.39884691406252276,0.2416746417110554,0.39818674638252344,BATMAN,HASANKEYF,7152,-0.697
54988432B17876819529278,0.16246311460142718,0.26770950713099684,19.446770342760367,0.16202633665527666,0.26698979062192174,0.15386133472888275,0.2535354053754971,0.14180772802832212,0.23367329022830866,0.16169564402260114,0.26644487433454683,0.1621504428326197,0.26719429266064815,0.16196479159773683,0.2668883766112336,MARDİN,YEŞİLLİ,21166,-0.936
54988432B18155993888482,0.0005764356227491218,0.0009498613823391713,0.07241182866695221,0.0005727916150567162,0.0009438567184229212,0.0005151100190451395,0.0008488079074875644,0.0004403365496065322,0.0007255947883806578,0.0005708141183461928,0.0009405981624196144,0.000573607335641259,0.000945200878033219,0.0005727038469306927,0.0009437120924660578,ŞANLIURFA,CEYLANPINAR,93105,-0.835
54988432B18249389019037,0.007804464509128624,0.012851464268452361,0.8795835898803775,0.007752408043904479,0.0127660277147246,0.00679302323823855,0.011188105425420024,0.005289364952888053,0.008713914924487504,0.00775144041951088,0.012764437119050264,0.007755947736442885,0.012771843837304096,0.007769360119830267,0.012793877324097164,BURSA,KELES,10939,-0.392
54988432B18439797691554,0.0,0.0,0.0,0.0,0.0,0.0,0.0,0.0,0.0,0.0,0.0,0.0,0.0,0.0,0.0,ELAZIĞ,AĞIN,2532,-0.622
54988432B18592908532301,0.03399421260636854,0.035883239320667545,1.8909540275847685,0.033728639819848125,0.03562493384447693,0.02867081101602574,0.03067415955740001,0.022126592099820205,0.02423214566358368,0.03355966554404775,0.035457061783985125,0.03379514242410274,0.03568979894693338,0.03371905786823727,0.03561350066182943,ŞANLIURFA,BİRECİK,91837,-0.66
54988432B18647546937138,0.19332848200605526,0.29803008140247705,23.747238390200366,0.1886527396341966,0.29286527934517226,0.14281850695387785,0.22750414866366983,0.08898444798981094,0.1464237525034238,0.18996657370842499,0.2944663062911104,0.1882308259761688,0.29234054418690003,0.19086302151722345,0.2955267779653806,ANKARA,ELMADAĞ,45644,0.462
54988432B18669123151161,0.30103926515976476,0.3444873296412091,18.496668055968954,0.29929370271821476,0.3428164358082041,0.2654411805773206,0.3098343243499817,0.22017390078063134,0.26478221688941367,0.2968255781376085,0.3404455206945274,0.2999814445587077,0.34347552239140355,0.2983620450154253,0.341922600435354,TRABZON,KÖPRÜBAŞI,4271,-0.482
54988432B18726314643148,0.13090692487775274,0.17552557005837918,11.471215105709621,0.12952930711272875,0.17426328380368303,0.11846949287459473,0.16097753166765819,0.10418756865793485,0.14335074469547454,0.12852885271678102,0.17318543374706089,0.12987801685159062,0.1746160092160576,0.12914059209600812,0.1738541423876036,TOKAT,ZİLE,52729,-0.186
54988432B18782972179490,0.00516657547958642,0.008501822046090575,0.6703239686655599,0.005064803505455901,0.008334440712350028,0.003315786750888429,0.005457618945051572,0.0012436618877473414,0.0020491523953100384,0.00506328899867719,0.008331823462900682,0.005068175578957263,0.008340039057121381,0.00510081627350243,0.008393588939517083,BOLU,KIBRISCIK,3783,-0.655
54988432B18897698290342,0.08956832658181314,0.14759236095621217,11.773729668631256,0.0891941605567616,0.14697580319372558,0.08165936001088062,0.13455981816485554,0.07141876630434853,0.11768517664344862,0.08885701614611706,0.14642025033872422,0.08932848547595093,0.14719714630367298,0.08911944908982018,0.1468526922434912,ERZURUM,KÖPRÜKÖY,12903,-1.189
54988432B19023122389933,0.23800109693654778,0.32451492335604526,19.847535057778302,0.23562772278401764,0.322279259798355,0.21234101496645766,0.29565264183024426,0.18326537298170717,0.26060137605620887,0.23454351115209995,0.32114059185501437,0.2360796372096729,0.3227402822554225,0.23549749167104836,0.32214033752499455,ADANA,SEYHAN,782204,2.043
54988432B19168401993834,0.5165276650088945,0.7663421275380136,56.57185759332697,0.5106156248628997,0.7606808443790055,0.4529140443060359,0.6905123513885572,0.36936460562975626,0.5768189344545381,0.5065102238413938,0.7563059895169136,0.5121803482602814,0.762281093155248,0.5092571399470772,0.7592692177023774,AYDIN,GERMENCİK,44697,-0.282
54988432B19253807136892,0.7035836145945326,0.858147630819311,50.936923480490066,0.6891066379257,0.8455001748236765,0.5284277036246235,0.6827432800273631,0.29494585029573134,0.42980438179600966,0.6903226209387534,0.846619652203225,0.6892866195275839,0.8456728035177005,0.69384353909606,0.8498524096597894,KOCAELİ,KARTEPE,154377,0.837
54988432B19331703481644,0.4157569908023885,0.5815401998773017,43.711910124763214,0.4121314689251912,0.5770636475365519,0.36425613226135445,0.5048931325303879,0.2907200590247274,0.3944674565814852,0.4101832482411764,0.5743345746957828,0.4128611505776552,0.5780581969018798,0.4118936774465771,0.5767356276135054,KONYA,BEYŞEHİR,80353,0.369
54988432B1936830285057,0.4903470025232149,0.6285221191220328,37.58752905580388,0.48536367108910294,0.6228872038664666,0.3930597249280724,0.512001090246071,0.16083643369416964,0.2638579672764688,0.48648234593080353,0.6241868994645379,0.4851754067906459,0.6226704546160399,0.4877133030535149,0.6256192608334014,İSTANBUL,SULTANBEYLİ,378908,0.684
54988432B19409093219384,0.924528161672867,0.9040379762728487,33.18765346900521,0.9077376370159571,0.8910075403617977,0.7435225229318304,0.7548505101096935,0.5397345392358744,0.5821294865590358,0.8949704220058005,0.8807387941789908,0.9131679534740224,0.8953137885214654,0.9032545310178635,0.8874204126558094,ANTALYA,MANAVGAT,266480,1.538
54988432B19462176511596,0.37494945967082044,0.4977154792540323,31.89754862591054,0.3709001937118985,0.493980667037349,0.3333436213704372,0.45323807878608496,0.2868395045250735,0.3995178678493581,0.36823222323196164,0.4913032506095905,0.3719316897002559,0.49498554143975043,0.3700703280907736,0.4931585493804748,KÜTAHYA,MERKEZ,277000,1.23
54988432B19525680012961,0.0002257647080488654,0.00037201930138871077,0.02708477304885562,0.0002248332126990583,0.0003704843659584703,0.00020600443340649255,0.00033945795187028424,0.00018032105395744682,0.00029713639965554616,0.00022336075383030395,0.0003680580207408687,0.0002252038307212007,0.00037109507725551513,0.0002242448893358481,0.00036951491573543224,ÇANKIRI,KIZILIRMAK,6830,-0.715
54988432B19751816948051,0.003050738393808291,0.005027063688531108,0.4035904109896291,0.0030402115918512947,0.005009717427710522,0.00282486014283296,0.004654857288988099,0.0025277544308591783,0.004165280949256743,0.0030308175004143687,0.004994237668434812,0.0030434515354006873,0.005015056267187252,0.003038183147148072,0.005006374918653546,YOZGAT,ÇEKEREK,18426,-0.619
54988432B19771634656837,0.004775516426636717,0.007869185135983135,0.5871710696829333,0.004758170581240948,0.007840602328059347,0.004405832436670704,0.007260012954598699,0.0038700552129728376,0.006377149241387502,0.004745845385639065,0.007820292640611213,0.0047625009049617265,0.007847737916342004,0.004756620705825634,0.007838048414410808,GAZİANTEP,YAVUZELİ,23436,-1.049
54988432B19879435718056,0.02968566978052281,0.048916600953483526,3.9854513687924644,0.0295719816195467,0.048729263479048206,0.027286488160064435,0.04496318468190942,0.024183614579764496,0.03985021165961213,0.02944361845595618,0.048517744261294064,0.02961433609534519,0.04879905597510932,0.029532700339284484,0.0486645350519743,KARABÜK,YENİCE,18984,-0.448
54988432B199390104970,0.5712720069026015,0.7530188075858908,49.387016081119945,0.5656889915870333,0.7475677278350983,0.4993024702110358,0.6713294561673746,0.3976819338931688,0.5485343815339522,0.5659643017152688,0.747863041265721,0.5658632608248744,0.7477461095678147,0.5674086489456874,0.7493511492108776,SAKARYA,SERDİVAN,168855,1.527
54988432B19989775131060,0.21724065547750324,0.30506745652669304,23.505618385058952,0.21600758271070367,0.30383822284249545,0.19212254738762996,0.27849280741060994,0.14927246328767363,0.224971288598479,0.21450719147676836,0.3023695997685443,0.2164558388989909,0.30427701512109484,0.21547612311993708,0.3033185052110721,AFYONKARAHİSAR,ŞUHUT,35303,-0.488
54988432B20130561704636,0.6058193536693559,0.5807805229669747,23.363829939261606,0.5959657900349741,0.5718580158412654,0.4320750133489947,0.4235631231290427,0.07127739547779782,0.11745146053927304,0.5891157858663857,0.565594552056967,0.5984635988331116,0.5741361725352535,0.5944926782843363,0.5705110094784482,İZMİR,MENDERES,112853,0.903
54988432B20226026057781,0.07568388492574853,0.12084247374344147,10.318990960906964,0.07530035213151638,0.1202934576000389,0.06883096513382901,0.11015306660817353,0.060210366296466075,0.09647877786172157,0.0748392537344476,0.11958754062251975,0.07543412459348152,0.12049350260578263,0.07513112036011682,0.12003535822257057,GÜMÜŞHANE,KÜRTÜN,11327,-0.705
54988432B20261833520035,0.2048643452959801,0.33757796657525263,26.144517639767788,0.20453310850589312,0.33703224365083334,0.19497229425142296,0.3212781363758189,0.1760848862436647,0.2901553985253879,0.20412865868470106,0.33636580682415446,0.20465124133487955,0.3372268917441143,0.20441058588612862,0.336830346767946,SİVAS,GEMEREK,21342,-0.478
54988432B20396107752960,0.5016302112584657,0.5563274250895293,29.07284182267111,0.48577211774438867,0.5427368445057409,0.3101241581253218,0.3740895862117367,0.09673170872951413,0.1527516170623641,0.47644029849720515,0.5342636017982411,0.48934318474546473,0.5459256737193399,0.4837204269160824,0.5408891760204521,İZMİR,NARLIDERE,61320,1.632
54988432B20434166663535,1.0120246938384325,1.1192236272154377,52.86469955835361,1.0030968000577747,1.111397138383624,0.8974614705063021,1.01029135326231,0.737377716819904,0.8588594248635171,0.9999757779571583,1.1084831290815387,1.0047267993630955,1.1129001399609362,1.0033261663617956,1.1116095730320326,KAYSERİ,TALAS,173657,0.631
54988432B20444305553089,0.14611395859920226,0.2120044708188697,15.153041920618307,0.14465600080681656,0.2104906408212818,0.12830714959669587,0.18940893730541283,0.10762697610638836,0.16140403791313862,0.14402341271035726,0.20974926108803257,0.14492964556766116,0.21080289242599556,0.14463005475010612,0.21046072349940181,ŞANLIURFA,KARAKÖPRÜ,312031,0.446
54988432B20591788095048,1.4127639644170331,1.3617382814462733,51.82448556427532,1.3933562019887182,1.3462612054919243,1.1807347596199527,1.1709621301304405,0.9223435842135551,0.9504221329908307,1.3699667903536739,1.3275498272607427,1.4006611899963375,1.3520888255218737,1.3827662562349887,1.33784478702606,ÇANAKKALE,AYVACIK,35411,0.133
54988432B20612067222805,0.12225551671768208,0.20135724627835141,14.574744165710596,0.12190346302656661,0.20078276152021501,0.11468198823462838,0.18890562406953354,0.10456244172857095,0.1722473540480859,0.12149836105774058,0.20011784609147582,0.12202551552127498,0.20098280798901932,0.12177711908023997,0.2005754480739143,ORDU,AKKUŞ,20465,-1.012
54988432B20693988968005,0.1270670476454306,0.17667106117221615,13.2942458640567,0.12665569507642585,0.17602067182953207,0.1165673571620314,0.16160335358025663,0.10103482284001976,0.14067502925872186,0.12585655562225004,0.17480185272150056,0.12684335697281524,0.1763139062453632,0.1263175931066819,0.1755003086172656,KASTAMONU,ÇATALZEYTİN,7185,-0.448
54988432B20916998387085,0.7575427876996441,0.9141479135790986,47.954774135993155,0.7514939882021443,0.908501737507963,0.6806570540119282,0.8345407658690739,0.5744897505768575,0.7245611004305947,0.7493422547101367,0.9063413520697493,0.7526159979533097,0.9096115381237802,0.7516511976737109,0.9086575341222957,KAYSERİ,KOCASİNAN,421472,1.558
54988432B20934882721919,0.205910065004472,0.2782645608153379,18.10949369405174,0.20288927281300256,0.27559289872076326,0.17391238926131258,0.24342499539278334,0.13173401051938002,0.19291445351229586,0.20098758852158696,0.27367693778503915,0.2035922405073014,0.2762713474811352,0.20228839489987904,0.27499728650559074,BALIKESİR,GÖNEN,75730,0.326
54988432B21001477531,0.031769482526997864,0.052324072418986664,4.087545494137363,0.03160017191243385,0.052045166739328234,0.028254922464467383,0.04653460086574671,0.023784922226653547,0.03917134085137291,0.0313964141541756,0.051709525896908706,0.03166020859230933,0.05214406237577011,0.03153341947551348,0.05193521104522396,SİNOP,DİKMEN,4810,-1.014
54988432B21059504662364,0.5259615499694739,0.7214099059659012,46.7955535685524,0.518940210521097,0.713753179381096,0.4078666540236864,0.5785176457716132,0.20913707498828196,0.33377253947505503,0.5211863002296969,0.716318286290461,0.5181852579463346,0.7128824421645827,0.5225974676239525,0.7179016232808517,ANKARA,KEÇİÖREN,931722,1.365
54988432B21435707194985,0.2750753263854615,0.4531324321735765,32.577028962365496,0.27411303221594124,0.45154786090028487,0.2544533276638666,0.4191735428487132,0.22733133853095225,0.37450906404838247,0.27272359148417086,0.4492598955443119,0.2744963596866297,0.4521790740128133,0.27359043988209286,0.4506873209254782,TRABZON,DERNEKPAZARI,3717,-0.374
54988432B21454530006409,0.3582975150233591,0.4686452904540345,29.451899947655935,0.3517940737153552,0.4622465893644482,0.27833755180582015,0.3792736154522415,0.17420604654757227,0.25787549770484175,0.3517147195679966,0.46216247355404144,0.35213004998771835,0.46259967978138683,0.35347628018329363,0.46399921690952023,BURSA,İNEGÖL,306004,1.018
54988432B21829167543516,0.30736427253717696,0.2826493376159382,10.64027030997697,0.3023810021841973,0.2788355322104381,0.22172218332447555,0.21467200776252304,0.10470266591176104,0.11741080455599116,0.3023100468500307,0.278779980721072,0.30268028312960177,0.2790672825346125,0.3038503694407235,0.2799740889289422,BURSA,İZNİK,45510,0.099
54988432B2183648295887,0.11352362597424323,0.16632321937988817,12.8523266217733,0.11184362100272335,0.1649765016930759,0.10145207413795095,0.15353962023579373,0.08797382994171576,0.13559479540687466,0.1111258596731966,0.16433651101216923,0.11217568406740486,0.16526010155365062,0.11167760897693667,0.16483147776096838,ISPARTA,YALVAÇ,44596,-0.1
54988432B21974085302576,0.13774938024134345,0.15536338075943196,8.600397794616555,0.136541902679711,0.1543399990039137,0.12508769895468558,0.14295674924789953,0.11073320654040532,0.1282609877880063,0.1360641247300657,0.15389870910317913,0.1367447872789759,0.15452362974178993,0.13651784065938652,0.154317972635162,ADIYAMAN,MERKEZ,296876,0.542
54988432B22127329253106,0.23052624870066987,0.37969650705484514,34.55202090079221,0.2292982504017289,0.37768195517884934,0.20510833734889458,0.3378572313781619,0.17273331807564474,0.28453597006552256,0.22819565506747283,0.37587039414729506,0.22973767318605154,0.3784038943644633,0.2290512255922602,0.3772772075057669,ERZURUM,İSPİR,13984,-0.381
54988432B22219772223336,0.40609198436797006,0.5509664034514808,41.653037155449695,0.3962941141345297,0.5425396983676501,0.32371329933469645,0.46198866319523274,0.23835301378316534,0.35559555227317524,0.38941385506222914,0.5357990995621139,0.3987710799317738,0.5448427562260548,0.3936737150480713,0.5400198072313387,AFYONKARAHİSAR,DAZKIRI,11723,-0.088
54988432B22317545762154,0.18133504964366473,0.29880728068056583,20.032862000794612,0.18059887334080538,0.29759419562287215,0.16776667654284977,0.276449062137152,0.14934442876098789,0.246092538263037,0.17958445010805166,0.2959226100786877,0.18086442760249857,0.29803178089370425,0.18018890796978385,0.2969186470296527,ÇORUM,BOĞAZKALE,3587,-0.604
54988432B22429834730887,0.1609364659628363,0.2499422523906687,18.972672537185755,0.15940828701285148,0.2482822038296814,0.1418573599437753,0.2236281220747009,0.11772989231740447,0.18760821627455143,0.1583634747436219,0.2469724052873972,0.1597944711737077,0.24874523856896472,0.1591128515225603,0.24792158898081876,MERSİN,TARSUS,358510,0.613
54988432B22474177192054,0.3723307779733082,0.43850902129809294,28.12767572970014,0.3612082433829618,0.43000103637475257,0.3075895315223405,0.38092686282114513,0.2555848133008262,0.32469232286848965,0.35760721270231943,0.42723920292326945,0.36310356889316964,0.4314614713125715,0.3608115128568807,0.4297797749789069,NEVŞEHİR,HACIBEKTAŞ,10564,-0.211
54988432B22642598779433,0.37218432907170335,0.6132824305839192,52.21608081763468,0.37076979811333777,0.6109515992768934,0.3430422288494911,0.5652627538745667,0.3048531936065849,0.5023356881184334,0.3710813286960195,0.6114649318888405,0.37070424931117096,0.6108435895365635,0.37148173163795517,0.6121247062961466,KIRIKKALE,KESKİN,15841,-0.48
54988432B22653723739411,0.5380361164524508,0.5828527250826696,28.50167720066537,0.5307307707355282,0.576255619072237,0.4419001335807539,0.48642997464886784,0.25404888889992994,0.3092278369564539,0.5306438511779988,0.5761715826497559,0.5311035818012861,0.5766152261019125,0.5326059151431055,0.5780489805800347,BURSA,KESTEL,77374,0.777
54988432B22713208717881,0.26312828262558097,0.3763734381627576,28.1722612412115,0.25890579634155203,0.3726531591059448,0.2301999281665403,0.3383015442689575,0.19948035182935828,0.2973940908384678,0.25592795372282745,0.3695736513084445,0.26001811064826724,0.37372887087025825,0.25771797490641224,0.37145524519456324,ERZİNCAN,TERCAN,16145,-0.527
54988432B22762038949408,0.0010673424860226596,0.0017587868778263418,0.15950092340120148,0.0010620388696266205,0.0017500474797001251,0.0009563489457858662,0.0015758896497590823,0.0008141297858691551,0.0013415382625402588,0.0010568374498526845,0.0017414764830760191,0.001063693409954962,0.001752773862146649,0.0010607057386211834,0.0017478507215372193,MALATYA,ARGUVAN,6859,-0.877
54988432B22791175863711,0.11759490294868473,0.1937750768041834,15.079815420172006,0.11704881750511417,0.19287522701379153,0.10620545378038544,0.1750073298015126,0.09164323836941277,0.15101143934245376,0.11674543714750941,0.19237531119582957,0.11718146306876327,0.1930938028503229,0.11705891858354571,0.19289187175943773,AKSARAY,ESKİL,27946,-0.542
54988432B2283015809064,0.767291694266658,0.9268373464948336,55.70844865740672,0.762481460614206,0.9224534222730927,0.6829140969206257,0.843550207045641,0.5654145507613589,0.7201204983179673,0.7552299078718318,0.9155738965514691,0.7645201031351841,0.9243540056883669,0.7592889750190126,0.9194415079749335,ÇANAKKALE,EZİNE,31894,0.043
54988432B23049550027928,0.032210120944246294,0.053076438717475645,3.8896859130040924,0.03212429034495122,0.05293500545333316,0.030704137064104794,0.0505948503601331,0.028749415027604655,0.04737382288992947,0.032065163227648574,0.052837574685423695,0.032151390814446734,0.0529796621129863,0.032114119786112096,0.05291824621657396,KARS,SUSUZ,8417,-1.064
54988432B23191513902101,0.02356522412220313,0.03883121631709105,3.451674742938462,0.02351243209650936,0.038744224631423164,0.02206434886801728,0.03635804604898622,0.019243304712400326,0.03170947681498455,0.023478255522530522,0.03868790783467779,0.023525875105153013,0.03876637627207327,0.023510762753859854,0.03874147385743544,ŞANLIURFA,SİVEREK,277399,-0.797
54988432B23223928850559,0.8691997063240235,0.7981453358800292,32.74122519919021,0.8455020940370713,0.7804537362430493,0.7173207039595334,0.6764535192608814,0.596102390285267,0.5731816343957017,0.8296273948467613,0.7681580764596798,0.8515502724573089,0.7850576788873647,0.8387777449780799,0.7752796285014744,RİZE,ÇAMLIHEMŞİN,7051,-0.287
54988432B23323224712482,0.19700997583486615,0.23726116455990465,12.00877461832361,0.19491904797168352,0.2354399755225736,0.17918292863437096,0.219868790509351,0.1607858135581739,0.2009242756907445,0.19386269678060747,0.23446255269280158,0.19534649361922998,0.2358276681206352,0.1946569060023857,0.2352003461001984,BATMAN,MERKEZ,517785,0.367
54988432B23399506189072,0.21314858425536806,0.31852072348081295,23.387270264071397,0.21194215574158215,0.3172815742358247,0.1981358160293449,0.2995876553124087,0.17987505872091486,0.27477931906576214,0.21081613083004272,0.31595601108409394,0.21231769642210638,0.31770256403395813,0.21151123397654048,0.31678292034892996,ERZİNCAN,MERKEZ,169506,0.724
54988432B23414498187301,0.3478570742110543,0.39358582091940736,20.23130141264751,0.34456242569517015,0.39078203140814183,0.3183863909391692,0.36428205452416984,0.28427440149405336,0.32918878331377965,0.3420051418492812,0.38837083676854395,0.3454700909530065,0.39160155449548917,0.3435085341191328,0.38980354535437595,RİZE,ÇAYELİ,42032,0.054
54988432B23567974096892,0.5279593145836993,0.728086610208201,51.47273250010406,0.5228379093013996,0.7230875991014574,0.4683389157437473,0.6581976120085834,0.3958289572312519,0.5671951600483529,0.5198752766795174,0.7198476998295726,0.5240815867506524,0.7244028040662956,0.5221731201788461,0.7223653258006512,ISPARTA,MERKEZ,273638,1.551
54988432B23570910336885,2.5404211443745854,2.206902301625299,79.0127849191647,2.537503649864928,2.203378334633476,2.480249657801672,2.1319999295249175,2.2551136686294098,1.9096503772168738,2.5338851998769747,2.1990438503366683,2.5385760519828398,2.204660963208164,2.536224561066652,2.2018482575117355,AFYONKARAHİSAR,ÇOBANLAR,14457,-0.801
54988432B23630404748183,0.03149204500596119,0.05189317977849638,3.780877642300442,0.03136184450458841,0.051678632961237946,0.0287287153542232,0.0473397135816284,0.02513765960062368,0.041422304858858276,0.031157019766570444,0.05134111893345607,0.03141349565322137,0.05176374468838264,0.0312802710195436,0.051544214649445634,ÇORUM,BAYAT,13312,-0.868
54988432B23635827316109,0.3258069772513514,0.49912876497550207,38.00942041395903,0.32328539046217014,0.49593427017753267,0.2731964292518047,0.42402796725619746,0.17669500614424605,0.2792661976308566,0.32355391544337336,0.4962948724086943,0.32332072050840543,0.49598165812298856,0.32427540803762034,0.4972528554114609,KOCAELİ,KÖRFEZ,183077,0.55
54988432B23701812134716,0.16245594869269736,0.24391528503356552,15.746971895421146,0.16155350057832427,0.24277133190206718,0.14410502377669196,0.22007100345366506,0.11884428973573838,0.18586923442374162,0.16054244099488155,0.241489294419855,0.16188595976369818,0.24319184552531892,0.161232849572771,0.24236539013968664,AYDIN,SULTANHİSAR,19791,-0.265
54988432B23708733321039,0.46851288045687467,0.6621104494196702,43.94423217450361,0.46125983703562434,0.6544147651397334,0.3629233489333619,0.5313375921085094,0.1914389410656636,0.3119905114016127,0.4634099054410269,0.6568633472389844,0.4605504741704444,0.6535933154293418,0.46480451405281326,0.6584067089113884,ANKARA,MAMAK,690329,0.779
54988432B24237027631041,0.24016670981388358,0.29877363246054994,17.17661619094345,0.23907352575537122,0.2976272626914573,0.22025594109329583,0.27674471793875527,0.1910629977023342,0.2449436650208138,0.2383937581329674,0.2968728305253717,0.23933927484821138,0.29791924324071456,0.23897731302358974,0.2975210055320406,DİYARBAKIR,YENİŞEHİR,232622,0.466
54988432B24385589746851,0.0,0.0,0.0,0.0,0.0,0.0,0.0,0.0,0.0,0.0,0.0,0.0,0.0,0.0,0.0,BİNGÖL,YAYLADERE,1889,-0.451
54988432B24416647543453,1.1125267441100757,1.3721905034028317,73.5424817452498,1.0935378183845168,1.356311276463825,0.9107253719505842,1.17408306315614,0.6784453780694134,0.9255444205003781,1.063215912556542,1.3280837806217245,1.101989645292754,1.363719435443735,1.0773217167997322,1.3414371094153124,MUĞLA,DATÇA,26067,0.923
54988432B24437456666423,0.14990738103665718,0.10843382579114551,1.6489811914032289,0.14131564702599558,0.10221909118292685,0.1069487109833493,0.07736015275005215,0.08117350895136456,0.0587159489253961,0.1365576416601585,0.09877744126959569,0.1431972450663815,0.103580124060089,0.1393726206660954,0.10081362481856218,TOKAT,SULUSARAY,6536,-0.911
54988432B24535022405738,0.14986959216563925,0.24695791232704278,20.616669616114642,0.14931463295809386,0.2460434401826827,0.1382726150633454,0.227848196919786,0.12313518021499664,0.20290444913135425,0.14943811734245155,0.24624692005692075,0.14928863487804794,0.24600060006094837,0.14959639092908988,0.2465077262282587,KIRIKKALE,ÇELEBİ,2587,-0.608
54988432B24536505693490,0.19681803443618837,0.2025635313899242,9.906981319389047,0.18907604876615303,0.1967844710486016,0.15484802625701657,0.16829620926906805,0.1264288138486094,0.14240148503161032,0.18463238333386714,0.193326635609284,0.19080351797709472,0.1981027664580712,0.18727423667576107,0.19539356500647817,TOKAT,ARTOVA,7589,-0.583
54988432B24577207429015,0.09959141404586375,0.16410859162999392,13.2146405697274,0.09923044659220155,0.16351378271988562,0.09220066476137008,0.15192997695935492,0.08236094506818618,0.1357159031222399,0.09860839589738796,0.1624887559700766,0.09938568133802783,0.16376958143259254,0.09896370428234272,0.16307423976110297,KASTAMONU,İHSANGAZİ,4976,-0.49
54988432B24627803634340,0.05330870130745987,0.08784307339147174,6.973234143263266,0.05317449787561019,0.087621930470631,0.05036990476638281,0.08300046957804305,0.04642469328733441,0.0764994764381027,0.053044666361103214,0.08740799167681973,0.053218612301135663,0.08769462304471391,0.05314254767468898,0.08756928233298068,BİTLİS,ADİLCEVAZ,28769,-0.832
54988432B24762133254880,0.11375758008675427,0.18745186454202015,15.943694661546997,0.11356818030407849,0.187139768043665,0.10755277639550863,0.1772274731638439,0.09487143227725416,0.1563309175404479,0.11324422089062652,0.18660594167322705,0.11364475525117794,0.1872659496712985,0.1134424795146339,0.18693263593574022,ÇORUM,LAÇİN,4094,-0.789
54988432B24776068854278,0.0683179458778449,0.11257558684631326,7.102281545253387,0.06823138837215055,0.1124329557722333,0.06638270384352457,0.10938665888743106,0.06371105589697247,0.10498426751624396,0.0681168908363295,0.11224428459481588,0.06826497554727415,0.11248830134653978,0.0681914511519404,0.1123671464750655,SİNOP,ERFELEK,12565,-0.585
54988432B24795897015329,0.09531866137695205,0.15706787000156644,14.1389302813591,0.09445802550405295,0.1556496981404592,0.07793317859298002,0.12841974684939142,0.05573414407876082,0.0918397632777509,0.09384718537003134,0.15464314436204607,0.09467439855817567,0.156006241699148,0.09438574055496111,0.1555305856516452,KONYA,DEREBUCAK,5353,-0.621
54988432B2483198976675,0.09882843257538144,0.14894220235412015,10.635218639487888,0.09798610216728233,0.14802549885973765,0.08814980632826752,0.1346762602873862,0.07531510602690492,0.116440118602756,0.09761567316247859,0.14756835111713568,0.09814573370309419,0.14821718605251055,0.0979709452750224,0.14800710219619953,ŞANLIURFA,EYYÜBİYE,414516,-0.568
54988432B25026961514665,0.021574074710094534,0.03555016313718992,2.8349295569541604,0.021439619791946068,0.03532860581253031,0.019594437932888873,0.032288080692045106,0.017207880371090105,0.028355466580046017,0.02136055432205089,0.03519832025493108,0.02146870816515334,0.03537653817703768,0.02142802260650083,0.03530949575381164,HATAY,SAMANDAĞ,122952,-0.029
54988432B25326258827765,1.086082275334446,1.7896666525625842,158.8464903505241,1.0808831191261523,1.7810993858842088,0.8483175620357299,1.3978735184597535,0.3861704762802248,0.6363389213677276,1.0828917176795196,1.7844091920848855,1.0801555970473165,1.7799005614184522,1.084129732910639,1.786449216698873,ANKARA,ÇAMLIDERE,10203,-0.526
54988432B25362626597569,0.37741994095762593,0.540664097956203,36.49211449486266,0.37337988749309037,0.5366748126243212,0.3333716128730763,0.48977046441418176,0.28076346703816113,0.4228006139341833,0.372261279085198,0.5349172404194934,0.37386092997283166,0.5373060241373682,0.3737272895337041,0.536659265199676,TEKİRDAĞ,ŞARKÖY,34458,0.097
54988432B25487476963014,0.17253948841269018,0.27864881287299526,20.320226347619478,0.17168756460232365,0.2775696772700569,0.15998162269974683,0.259579129065736,0.14464648887426354,0.2352836502879278,0.17081099870311295,0.27630505993394106,0.1719570921087064,0.27794270441573166,0.1713627726825657,0.27710790575924704,TOKAT,BAŞÇİFTLİK,8445,-0.936
54988432B26148640442068,0.005504913193061898,0.009071098746953495,0.825697143352863,0.005477516703669179,0.009025954300186477,0.004931584317587422,0.008126356720782492,0.004197000875750018,0.006915896409222566,0.005451003324019348,0.00898226505814317,0.005485995765275528,0.009039926256221976,0.005470856303892034,0.009014979169071095,MALATYA,KULUNCAK,7414,-0.873
54988432B26216305629532,0.503318544304297,0.5401011240642261,26.343703418844555,0.49624260742687204,0.5333167515581714,0.380400787587473,0.4160581239026262,0.10949990257367904,0.16577949778147427,0.4977117416428131,0.5347981536411422,0.4959905155164018,0.5330612844039033,0.499329712866372,0.5364091291639977,İSTANBUL,BÜYÜKÇEKMECE,283239,1.891
54988432B26373171559037,0.07954137153975016,0.11454777098824297,7.754601351878002,0.07821189313022649,0.11337975841008405,0.0695960759669543,0.10327337502654502,0.060358738053835924,0.09112012752780735,0.07768294918238416,0.112851231741848,0.07842800309134916,0.11358761529892335,0.07812968303749358,0.11329936919965061,HATAY,PAYAS,44530,-0.028
54988432B26387222249237,0.15543412262412515,0.21891604839734793,14.756226404178838,0.15368417902657305,0.21727527937749727,0.1370506377105695,0.1976187215808523,0.11514525365136392,0.17005991895781056,0.15289720269354282,0.216440094933009,0.15399089364417365,0.21759072126856752,0.15358055443537294,0.21716730581424293,GAZİANTEP,ŞAHİNBEY,957792,0.854
54988432B2651757206264,0.12394720738945009,0.20424252267154375,18.59208110841751,0.12328967923214162,0.20315903549660252,0.11025752325783172,0.18168440554645943,0.0928067047778795,0.15292862101450388,0.1226992956788998,0.20218619045396258,0.12352535447472061,0.20354738556183902,0.12315870246444618,0.20294320953320333,ERZURUM,UZUNDERE,8263,-0.561
54988432B26639415415250,0.012036602659162995,0.019834138608529155,1.3364436656492553,0.012003799616349228,0.019780085142084083,0.011330474387119423,0.01867056725706882,0.010398631566764783,0.017135059258372293,0.011959291675374904,0.01970674412589685,0.012016389569847439,0.01980083110253733,0.011987824783704068,0.01975376151457022,ORDU,AYBASTI,19784,-0.464
54988432B26755452490814,0.24594019554952043,0.29117847856736634,19.461038831400778,0.24175199221409543,0.2875520342684117,0.2037963783861325,0.24806802307107373,0.15970761415715892,0.19946739519870396,0.2394873001936784,0.28539277718922584,0.24272523174526792,0.2884529068864906,0.24124703860056823,0.28707739948131644,ISPARTA,ŞARKİKARAAĞAÇ,24310,-0.249
54988432B26897526032895,0.005568518363927935,0.00917590853513868,0.31143332362529774,0.005562091928456905,0.009165318934775481,0.0054518495019176124,0.008983659405883717,0.005298254792862944,0.008730563176391759,0.005555914628898426,0.009155139865220834,0.005564054615139476,0.009168553086538194,0.005560237484332583,0.009162263147121347,ORDU,KABATAŞ,9949,-0.805
54988432B26930911195610,0.20209509263753606,0.2925564257760591,17.571830975816262,0.1987343509759367,0.2899228498389202,0.17997807862700999,0.27063318174399453,0.1586170567612559,0.2441470418350844,0.19781032503517146,0.28910586392465837,0.19923807644293018,0.2903446453472304,0.19878068197230003,0.28994362609481406,KAYSERİ,AKKIŞLA,5440,-0.812
54988432B26980759759875,0.005960940619997498,0.009822549255976157,0.8125813852713311,0.005946392233919567,0.009798576153750306,0.005643786427311084,0.009299936655382432,0.005217477619711017,0.00859745704220523,0.005933746800027924,0.009777738771668832,0.00595095747717306,0.009806098846825376,0.0059438071617693156,0.0097943164235928,MUŞ,VARTO,28804,-0.844
54988432B27026287555316,0.3156559537447317,0.47978228715591426,35.31191810224693,0.3145551810897658,0.47832994235072973,0.29595491723395845,0.4512301126005603,0.2706922438863977,0.4138355770159091,0.3137253097337459,0.477160948309966,0.31489084407830503,0.4787951100845211,0.31438580605883654,0.4780926739304016,BAYBURT,MERKEZ,68715,0.161
54988432B27102438634757,0.25627493271820845,0.36888895528159077,24.767092077952885,0.2518931240599147,0.3635849566940928,0.1834834273982953,0.27416988190699093,0.09129976488424726,0.15042208353077377,0.2487301390990385,0.35952585084063055,0.253035566593453,0.3650319208382434,0.2512105618247581,0.36271191412244447,İZMİR,MENEMEN,220510,0.838
54988432B27162920946888,0.08448211047618821,0.06158252603377562,0.9805282797502638,0.08098402924233596,0.05905157061304658,0.06697928211415834,0.04890727940893994,0.056465122900371284,0.04128159599383851,0.0791033831929699,0.05769035136691026,0.08175704018878018,0.059610975550234535,0.08023782939062192,0.05851150977704353,SİNOP,AYANCIK,23818,0.146
54988432B271913105949,0.2772176305450109,0.3826659007123145,24.232420419587285,0.27533585684504874,0.3809380008424858,0.2580596602268696,0.3606739003810584,0.2346279481687578,0.3321236465377332,0.2753689940730367,0.38096203814926677,0.2754130503735843,0.3810199344391645,0.27583276916637756,0.3814328767455269,KIRKLARELİ,MERKEZ,114710,0.85
54988432B2727016024210,0.6618834376490985,0.990319207693554,68.92398171645016,0.6458572945370827,0.9711140781325581,0.5503856038887155,0.842606236833066,0.4555057063858419,0.7078705150304303,0.641393366593177,0.9655084078738586,0.6483396646657075,0.9741920591113981,0.6461940171527952,0.9715311187102074,KAYSERİ,SARIZ,9213,-0.67
54988432B27415936221667,0.0016356429706338236,0.002695243027642949,0.20417553451300666,0.001632935684920876,0.0026907819116948695,0.0015750786117512737,0.0025954439462220185,0.0014919042378604367,0.0024583876598975184,0.0016300617115835936,0.0026860461247670284,0.0016339017230098695,0.002692373767295721,0.001632136281958597,0.0026894646405672203,IĞDIR,ARALIK,18477,-0.852
54988432B2751478310709,0.140753342637669,0.23193598613676056,17.689300618683976,0.14038506978382972,0.2313291392518345,0.1321577544416922,0.21777201541109606,0.11922884906901876,0.19646752373021886,0.13995174466164131,0.2306150980244704,0.14051381014712966,0.23154128002631288,0.14024951794225907,0.23110577439627805,ORDU,ÇAYBAŞI,11656,-0.932
54988432B2777192469074,0.5537433659287763,0.6042764194398114,28.981626704432678,0.5457594516920008,0.5967120500848383,0.4053669005229254,0.4592746058171036,0.1341007103748759,0.205656585411437,0.5474673830499938,0.5983950083117063,0.5454651259679433,0.5964209842496272,0.549330633220963,0.6002137718190548,İSTANBUL,ESENYURT,1003905,2.479
54988432B2790906472505,0.23183018905872413,0.3366545801876239,25.132470021010885,0.23026169977953784,0.3346785639593162,0.2004115305628763,0.29656799707644393,0.15335236780175843,0.23279999408528976,0.22631597131779724,0.32984091028117757,0.23113330865235254,0.3357510249371507,0.22826085069204222,0.3322314574048801,MUĞLA,KÖYCEĞİZ,41810,0.205
54988432B28277823667542,0.25494730248179326,0.19723525905175,4.250111271852721,0.24316627240904978,0.18865367154180518,0.1950032594197319,0.1526154147155488,0.15809967484883072,0.12429924045392134,0.23479380262953617,0.18248897307572232,0.24624503369054698,0.1909073828319483,0.23907188067252008,0.1856452827540546,KASTAMONU,ŞENPAZAR,4083,-0.859
54988432B28290030678848,0.28134257629260323,0.3533212370074393,14.597668377051988,0.2686550101884143,0.34108173690841176,0.21393799916614697,0.2855872573888727,0.16943610492471667,0.2382581298079086,0.2629193514021661,0.3354551389161499,0.2711267621985209,0.34348970190419736,0.26687936221154146,0.33934639842482406,MERSİN,ÇAMLIYAYLA,8383,-0.505
54988432B28558182878988,0.4783781695821303,0.7882804800874131,57.405380349855626,0.4768399051970314,0.785745699311262,0.44514586825738267,0.7335196734528535,0.40116999298395517,0.6610554050622571,0.47534098096037325,0.7832757439662686,0.4773174555818384,0.7865326157521412,0.4764647021658583,0.7851274327507255,MALATYA,DOĞANYOL,4002,-0.973
54988432B28682407811483,0.08702820806402375,0.14334474925698676,13.034206766113966,0.08652680176351835,0.14251914039901237,0.07585796638058136,0.12495035271141884,0.05966354249893171,0.09827951028461525,0.08514283453150709,0.14023933429701704,0.0868266405053127,0.14301296380612272,0.0858265727359597,0.1413655235302965,BURDUR,ALTINYAYLA,5060,-0.663
54988432B2869647225389,0.24831211571019182,0.35169510973716445,19.336056497977,0.24173750812917047,0.3460508779205927,0.20044692244893764,0.2987695971257737,0.1585964891652509,0.24537625968040666,0.23807916029617007,0.34243358698407317,0.24317348339437148,0.3473981399048611,0.24055106111349714,0.34490415292360427,BALIKESİR,DURSUNBEY,32168,-0.456
54988432B2872798866020,0.6849978253530196,0.7245028111405031,39.34780342613641,0.6836179263592336,0.7225681456902797,0.6336573203216227,0.6675085311750628,0.5433853182644017,0.5764234714298703,0.680467348668125,0.7185878379749674,0.6842839983229164,0.7234680088253522,0.682334396650422,0.7209074829282869,KASTAMONU,ABANA,4474,0.084
54988432B28758296950663,0.206373085767968,0.3400654241149795,15.377739872648602,0.2060283561226455,0.33949737216864473,0.19952130046773106,0.32877492436110356,0.19042281731681726,0.31378227393866776,0.20558559529794834,0.33876778261450385,0.20615293414877342,0.3397026541662121,0.20586654081076994,0.33923072987632996,GİRESUN,ŞEBİNKARAHİSAR,19130,-0.204
54988432B28761186895791,0.4937715129640119,0.6031160104534421,33.655953945041404,0.4863532145997324,0.5959504825324048,0.3694916640919899,0.4731752602689175,0.15434812907187231,0.24842220983180452,0.48784544576156963,0.5974612922901607,0.4861028543875736,0.5956985605425907,0.48952603627314617,0.5991544294713015,İSTANBUL,KARTAL,475630,2.321
54988432B28793494841069,0.059217455922945764,0.08214784111090634,5.787328903984652,0.058107050492869815,0.08130636192347362,0.05238987555575446,0.07583856476602353,0.045830363882509585,0.0679944817930421,0.0577170294376579,0.08099333231090068,0.05828731741977612,0.08144783993425514,0.05804587680450663,0.08125731088541034,DİYARBAKIR,BİSMİL,119815,-0.727
54988432B28826403720694,0.4625621659074862,0.43509119469481883,17.400696724960547,0.4524241073924866,0.42688177387300463,0.35682097571616056,0.3421928585325342,0.18019447932697327,0.19190194660110665,0.4523083212865703,0.42678165604637547,0.45291116477973253,0.42729398264407487,0.4548872160548541,0.42895036224827104,BURSA,YENİŞEHİR,55609,0.062
54988432B28913521474336,0.14428139245692126,0.21989486917957776,16.121885402680356,0.14275640801610243,0.21840528894638903,0.1297540953834222,0.20107310582307758,0.11458331273635489,0.17914435971769505,0.14155632468753562,0.21699447097337754,0.1431605648465816,0.21884715857540546,0.14228988142547175,0.21786796167575903,TOKAT,ERBAA,103409,-0.097
54988432B28918062782607,0.4530876376635499,0.5089921652674572,26.84021099150949,0.43882190110782043,0.4970330970749604,0.3124160410782794,0.36975243845729644,0.08932376794739566,0.147146132753725,0.431679256813574,0.49049543192594297,0.4416824309797349,0.49957858595833915,0.4372164266867065,0.49558432173388417,İZMİR,GAZİEMİR,137220,2.031
54988432B29112177447975,0.7326764285273104,0.834883641628136,43.072604073718125,0.7215450005818592,0.8245036942459214,0.5568017238083756,0.6558736019308967,0.2128214936049925,0.31945204501092433,0.7237983115418679,0.8267095481339014,0.7211617183070745,0.8241272090567362,0.7263123738500245,0.8291409431566189,İSTANBUL,ATAŞEHİR,412125,3.545
54988432B29207959806558,0.7085154099225963,0.802679541455376,43.042018915533184,0.693938727905811,0.7899696788728577,0.5064796116946146,0.6066425897387668,0.18079129850390505,0.2830341333270765,0.6981588593780659,0.7938191919674614,0.6925504482617959,0.7886896854750644,0.7009143302938601,0.7962871820562444,ANKARA,ETİMESGUT,632458,1.957
54988432B2925959455693,0.6903322499887857,0.9712261640845767,67.16850790115905,0.6707393870266058,0.9531132184614513,0.4789999505928718,0.7162136636739257,0.23285759169099163,0.381704269146032,0.6761000739855174,0.9585152101161446,0.6690074892122015,0.951325106833349,0.6797150542267236,0.9620334664584778,ANKARA,KIZILCAHAMAM,27841,0.022
54988432B29479303092234,0.28902727845745824,0.3796166271333341,25.193354512125783,0.28788245882177993,0.3783638223708113,0.26496605088440883,0.35245823144187655,0.23260255233666788,0.3147267083480547,0.2863379698441987,0.37665510216764264,0.28831168968516563,0.3788364347001354,0.28731950436132875,0.37774224406606804,GİRESUN,KEŞAP,20859,-0.24
54988432B29488154081251,0.211456456763687,0.28388052962255944,19.012635564685315,0.20964781260573337,0.2820208631190012,0.19142529333917366,0.2593548011571752,0.16811030236333643,0.22931834055368855,0.2085245115725417,0.28073692422137086,0.2100514736801677,0.2824677357504019,0.20935091282611712,0.2816864967534633,MALATYA,YEŞİLYURT,309890,1.023
54988432B29554911606653,1.1700481942715997,1.7227712093552818,129.4316560666993,1.1519757545648537,1.704504459981012,0.7246281362822723,1.1496608460781785,0.18536917429193278,0.30485194522740894,1.1462282048511758,1.6983443434369836,1.1547942642664089,1.707489154986309,1.1540993774767867,1.706746416842896,BOLU,MERKEZ,222589,1.48
54988432B29564092922191,0.06993584603579941,0.05058812993847043,0.7693908312404711,0.06678602316048854,0.048309739391146064,0.05418670468388206,0.03919613275134191,0.044737192989848976,0.03236089014094876,0.06593689347017657,0.047695530076608116,0.06725521750824086,0.048649126260659675,0.06678012887356165,0.048305475819392714,HAKKARİ,ÇUKURCA,14299,-0.386
54988432B29828557517044,0.5694355493900403,0.6030455320566677,29.59034334468805,0.5573522452363248,0.5923269160443433,0.4532073753662387,0.4917774707515928,0.3367037674424024,0.3764936847861391,0.5485578077748263,0.5841550703684004,0.561170816387617,0.5958101124976697,0.5542383371986261,0.5894530096159597,ANTALYA,KUMLUCA,75588,0.515
54988432B29874817302279,0.1090981758752628,0.179774011282194,13.091781105031536,0.10889660839188868,0.17944186461943357,0.10459786532373264,0.17235831552583986,0.09843277676328306,0.162199367481748,0.10874388118496314,0.1791901978761479,0.10896664403884514,0.17955727066619004,0.10887569120351483,0.1794073968858665,KARS,AKYAKA,9382,-0.832
54988432B29894117930942,0.36157932281145205,0.49130796015505623,31.17209308156715,0.3562160442974574,0.4860717779305492,0.2919930443312849,0.41141372105803187,0.19285909140030066,0.29016252017227306,0.35614933561798606,0.48600137382316805,0.35650167893645474,0.4863724729668994,0.35764389577101113,0.48756092484589303,BURSA,YILDIRIM,654589,1.085
54988432B29917734585763,0.11004424071848269,0.15215447495633241,10.404527905928772,0.1087922961937832,0.1508997866138766,0.09686714930760312,0.13649385333903055,0.08275175420180442,0.11858013148876644,0.10819030782321401,0.1502334549898199,0.10902532340640352,0.1511511020018991,0.10870149852459618,0.15080071489186964,HATAY,ANTAKYA,301855,1.146
54988432B30085289837224,0.7039183267591955,0.86374868565856,41.99889790048294,0.685462913878366,0.8496311182645253,0.5978374860116688,0.7704147282864398,0.521136264704379,0.6929058433036934,0.6858706703059165,0.8499576624333977,0.6860669334771299,0.8501146273933924,0.6898047447447722,0.8530773941593036,KIRKLARELİ,DEMİRKÖY,9364,-0.286
54988432B30163162134141,0.17355915618280215,0.220668985217534,10.573451801895771,0.1593430303834156,0.20848598537567029,0.07784108316437911,0.11915594572065044,0.042977754958934494,0.07081954709952887,0.15648620386437304,0.20574895258256207,0.16087232462004375,0.20992256001408902,0.16049669388371174,0.20957134687183382,BOLU,MENGEN,14152,-0.245
54988432B30290835875558,0.22672563134534332,0.3736027287389521,25.226654099399358,0.2264390003242642,0.3731304127904599,0.21666044300525378,0.3570171234555282,0.19564022049595986,0.32237960831631435,0.22621946593701625,0.37276865992801905,0.22651239483550167,0.3732513536364951,0.22641569314670001,0.3730920067880793,ÇANKIRI,ORTA,17223,-0.699
54988432B30380906676277,0.4329461822705866,0.6700375409315407,55.77998881843272,0.4304576840090725,0.6668620509156877,0.3695015720719385,0.5819145084018883,0.24211133981142724,0.3902699806919264,0.42811035979501794,0.6638145816602703,0.43123045616771727,0.6678564414987409,0.42989674409794837,0.6661342466230041,MANİSA,KULA,43015,-0.119
54988432B30515055342266,0.11050555531868168,0.18208639047613406,15.063962911912117,0.11009900885262891,0.18141692356975364,0.10182833470617703,0.16779014408724852,0.09047448107179591,0.14908239592418754,0.1097544085041233,0.18084933275169793,0.11022113850609988,0.18161807326573165,0.11003193086228491,0.1813064925094058,YOZGAT,AKDAĞMADENİ,39642,-0.393
54988432B3051798529844,0.009210679710823544,0.015177530008782823,1.1294444273329773,0.009192813807512648,0.015148090239715995,0.00881802824160024,0.014530511586230756,0.00828542656751549,0.013652880602965729,0.00917479988005038,0.015118406553688643,0.009199913380422222,0.01515978904851921,0.009188084743941605,0.015140297600462826,ARDAHAN,GÖLE,22038,-0.831
54988432B30574350937467,0.2535309411791523,0.350897932079202,22.43807755518569,0.2502459863046598,0.3480804934597376,0.22746519391817271,0.3234022284218782,0.2019137186565746,0.2927189160174129,0.2487888263429512,0.34669483027877235,0.25088113954510266,0.34866456688025343,0.24995374140134138,0.34780733943134357,MARDİN,ARTUKLU,198718,0.311
54988432B30601194399557,0.31669020692436217,0.38717263925119993,22.417006436326975,0.31266634684880656,0.3833842217309964,0.26697747002366656,0.33479422087964683,0.20883969571751596,0.2711359978121378,0.30981637717109084,0.38050113246087314,0.3137096182751442,0.38441659769486947,0.31184591845452375,0.38256205492712597,MERSİN,YENİŞEHİR,281358,1.948
54988432B30610507715485,0.07915220367778368,0.13042847914569797,10.444367813263415,0.07894978087522357,0.13009492307201234,0.07472408048053511,0.12313173505960719,0.0687858603362978,0.11334662502782408,0.0787534096188642,0.12977133884915043,0.07901640647741656,0.13020470998333541,0.07890122528297773,0.13001491226048237,BİTLİS,AHLAT,45637,-0.706
54988432B30800064682822,3.193561719386081,5.235304352285585,471.24108067095017,3.184429869438989,5.221866810227868,3.0222160367683455,4.961008191083666,2.7680590415848902,4.547033821198863,3.1774561798628165,5.211509874485054,3.1868912098045845,5.225503529554869,3.1829315341331013,5.219953542803429,ÇANKIRI,ILGAZ,13948,-0.249
54988432B30848484740175,0.1436643425574025,0.2209417974961306,15.197719465075865,0.1429889846899238,0.22009381331029834,0.13218545026663248,0.20489088804103217,0.11779392106198705,0.18419121570373026,0.14216259478015753,0.21897241544070392,0.1432313546897126,0.22041466506542126,0.14267116278275954,0.21966597721792266,TRABZON,HAYRAT,7410,-0.676
54988432B31063140501282,0.2939206494697901,0.4083670131462144,26.9307277986717,0.2896704816851037,0.4034709705704874,0.21681084096367922,0.31150630100066723,0.09552810617756782,0.157359317142999,0.28663247440205747,0.3997539700450793,0.2907681465579904,0.40479356667602917,0.2890213043338514,0.40268256938813035,İZMİR,BUCA,520941,1.227
54988432B31153885682838,0.2569630572341983,0.2762099895378706,15.469580832079117,0.2453449352496127,0.26715502062733404,0.18834476466169153,0.21358743294292035,0.13777053877432657,0.16051904749238052,0.24028874416797186,0.2626753487486864,0.24763374047403286,0.2690558727753086,0.24404902937144354,0.26593183506976836,ISPARTA,ULUBORLU,6287,-0.113
54988432B31165455278537,0.22580297906691119,0.35671212685230863,26.852522580885935,0.22450607168072606,0.3553240237877609,0.21104029348335668,0.3361307236106466,0.19415505248168274,0.3105538036343955,0.22325903833515645,0.3537271582090267,0.2249417244620406,0.35584364200243174,0.22399268876412282,0.35468157156672336,ARTVİN,MERKEZ,35710,0.913
54988432B31167647566127,0.28314331823753386,0.46571305271704666,40.58654013843042,0.28240972481464405,0.46451402575953643,0.2649584856000021,0.43593749115977026,0.2301901121204914,0.37887120099217814,0.2816391310857889,0.46325415231625194,0.28266118456149747,0.4649250723666559,0.2821985607680663,0.464168817950817,MERSİN,GÜLNAR,32785,-0.278
54988432B31268227976167,0.16656999043946885,0.22067771004250344,15.322837926558774,0.16534582639899364,0.2193206949272712,0.14067503992357902,0.19068850152898645,0.10054647130653024,0.13955189040218519,0.16394912228837652,0.21777529576162735,0.16578113319577528,0.21979832523606643,0.1649054494835237,0.21883747092847788,UŞAK,EŞME,34444,-0.172
54988432B31302636835519,0.0011145760692847235,0.0018366192582683514,0.11349565438926909,0.0011104291672733159,0.0018297859157032352,0.0010296093561093407,0.001696609521804319,0.0009210440667198748,0.0015177136108234471,0.0011070641868734807,0.0018242410381696644,0.0011115412238133244,0.001831618383234118,0.0011098101218165789,0.0018287658410408424,KAHRAMANMARAŞ,ANDIRIN,31609,-0.718
54988432B31401632471854,0.31923967129488706,0.5260489086464349,43.80018410783947,0.31799287483834315,0.5239944173549368,0.2878920431077843,0.47439375390041844,0.23059523509330118,0.3799790628083394,0.31660456287242383,0.5217067340423996,0.3184274985067331,0.5247105973365392,0.3175838360460961,0.5233203965224151,BALIKESİR,KEPSUT,21386,-0.536
54988432B31459503377293,0.04633917810305826,0.07635856292071781,6.914508470117036,0.04617387825629517,0.07608617874675225,0.04279611886726228,0.07052024375617262,0.038144598819052425,0.0628553821678146,0.04598309672037952,0.07577180536960844,0.04622990325153601,0.07617849778000564,0.046114581188064725,0.07598846793053066,KARAMAN,BAŞYAYLA,3353,-0.528
54988432B3164241130289,0.9541104305801699,1.1354672484039126,61.69990315768495,0.9362739091354325,1.1211202708625032,0.7934077752579115,0.9837024333228079,0.593734731267585,0.776106152305705,0.9120134287771382,1.0996754904443093,0.9436734267699067,1.1272859231679206,0.9230404717782921,1.1096116098996671,MUĞLA,MARMARİS,97373,1.671
54988432B31644697369800,0.020169901811449082,0.03323634081616543,2.819772693279063,0.020089410544879817,0.033103705804184244,0.01845882833729796,0.030416801996392604,0.016229156443037816,0.026742707016723925,0.020036966912124587,0.033017288206905644,0.020110431719854258,0.033138344888813315,0.020086120783841033,0.0330982848745183,ELAZIĞ,ALACAKAYA,5336,-0.729
54988432B31653952568158,0.16815450569937287,0.27708813426279477,13.943642305743456,0.16781778681157192,0.2765332825922804,0.16089452877415758,0.26512500872754874,0.1512682817238241,0.24926269909727164,0.16751308322470992,0.2760311863324411,0.16793889736860107,0.27673285082952254,0.16775034680848708,0.27642215369596135,ERZURUM,NARMAN,11119,-0.796
54988432B31664517784670,0.47733316756602817,0.7376512541332998,55.301193143831206,0.47199107368728704,0.7326179130140651,0.4237855846959464,0.6682618518496971,0.3552058441265104,0.5665632575866486,0.4674283757258722,0.7273587686962749,0.47343026733267024,0.7341446879295493,0.4700734519761701,0.7304461147766503,DENİZLİ,KALE,18855,-0.379
54988432B31670824468199,0.537369481777398,0.6789243510859048,47.138947009809726,0.5343556891905595,0.6759587223015654,0.4738376523002595,0.6136427868919778,0.38648561755866595,0.5173443239678482,0.5334260818772752,0.6750391301017038,0.5349154418976723,0.6765113320519018,0.5348797487326555,0.6764755808978263,KIRŞEHİR,MUCUR,17920,-0.281
54988432B31747989283018,0.18127079055343787,0.27192283767418163,19.977519452576505,0.17980389584826773,0.2700804978529042,0.1611019857858898,0.24315835091098129,0.1345671437818465,0.20506190462418702,0.17891790897296894,0.26885836032021193,0.180113589888979,0.2704983533271213,0.17962816149756053,0.2698407648881149,KAHRAMANMARAŞ,DULKADİROĞLU,213930,0.595
54988432B31972473687163,0.4460303300624442,0.32263104573704393,4.906333630686887,0.44332680660180246,0.3206754823089708,0.3903668823746125,0.28236751402981647,0.3201842707251877,0.23160170761965423,0.4396076879263016,0.31798529945228254,0.44442335510884245,0.32146865839517597,0.4419609350396296,0.3196874944060302,ERZİNCAN,KEMALİYE,4484,-0.276
54988432B32118226842539,0.24081204679679194,0.3195023054367188,21.690538858564576,0.23998496422922966,0.31841474922798757,0.21909314573318553,0.2924666828903274,0.1828935649678367,0.24942015549592148,0.23896364940816275,0.31708804447602973,0.24027965169275803,0.3188007278184199,0.23965824505451244,0.3179899789150041,SAMSUN,TERME,71348,-0.202
54988432B32155349148151,0.16702743264009415,0.2751560115209007,22.244298146193373,0.16632596892393622,0.27400091273027244,0.14835872073399828,0.24440968345413489,0.11647353999104886,0.19189352919856864,0.1655920475583484,0.27279223419311033,0.16655817574434995,0.27438332767629153,0.16612930915283955,0.2736770567038191,BALIKESİR,MANYAS,17650,-0.303
54988432B32272260481073,0.2665561423842771,0.3587543110928402,22.616825878960487,0.2614871920267479,0.3545988171091712,0.23251525718882185,0.3236850975328886,0.20394369529884793,0.28925236599679843,0.25802145301878304,0.35137844225866643,0.2627924790232284,0.3557429300567687,0.26002640329828747,0.35327110920613186,RİZE,İYİDERE,8495,-0.187
54988432B32280148114029,0.6839845219175255,0.9737329649154426,70.49399536280238,0.6758585091094813,0.9662942774242499,0.5866933593917649,0.8611403268979723,0.4478711810098511,0.6789744932810095,0.670292038288743,0.9605200070875942,0.6778676809335716,0.9682905432858622,0.6741202530295182,0.9645241115180256,BALIKESİR,ALTIEYLÜL,188858,1.245
54988432B32461225341522,0.2004847873736554,0.32986591796315334,27.46602091165333,0.19975468271619237,0.32866614605376615,0.18553556762275375,0.3052998683383482,0.16523848027650767,0.2719384425709442,0.19848926457276872,0.32658690516586747,0.20006969303513866,0.32918375460976584,0.19920848515660236,0.3277686755809032,KASTAMONU,SEYDİLER,4639,-0.169
54988432B32556235228389,0.06291021745474056,0.08698630033746461,6.401718900351753,0.06243198854356546,0.08652317151388819,0.05751018075417929,0.08053636226872099,0.05145595224017092,0.07277333264666021,0.062107516562620736,0.08616452392081525,0.0625502768305557,0.0866485784207946,0.062336236238502825,0.08641921165127751,ŞIRNAK,CİZRE,166290,-0.475
54988432B32684259878344,0.1409785473723306,0.232307082703546,16.91742568467967,0.14003133593496125,0.23074625001077068,0.12165117924362659,0.20045908462154885,0.09749531176821921,0.16065459515858876,0.13935450264355703,0.2296309514754021,0.14027043528952013,0.23114024239166234,0.13995137049587392,0.23061448146713245,KONYA,HADİM,10621,-0.681
54988432B32742798326876,0.1035195028553183,0.16464817996139192,10.772017176956469,0.10286460229241776,0.1639113633516003,0.09612353898399464,0.15417267642731763,0.08774411514185386,0.1413919276581784,0.10240177900035614,0.16330781011753492,0.10302620584042321,0.16411242411506877,0.10272008829209602,0.16372659124449274,ORDU,ÇAMAŞ,8407,-0.776
54988432B32773336843775,0.350799888445819,0.28637457241090314,8.053963649336167,0.34882648437320296,0.2848615550039821,0.3098081266982457,0.25467897372484954,0.2574231827816719,0.2136238824416646,0.34740048297910275,0.28376516503999905,0.34942396826121286,0.28531801335278223,0.3486522680028213,0.2847265825541756,NEVŞEHİR,KOZAKLI,12678,-0.13
54988432B32789090404224,0.04157333330004778,0.06244950543793351,4.958607243677972,0.040974117949971765,0.06191621111949876,0.03664713110262635,0.05660253709493238,0.031036597673596348,0.04871970712282192,0.04073579024772981,0.06167095347005054,0.04107042850140364,0.06201137248000182,0.040942038508185216,0.06188396437685525,GAZİANTEP,NİZİP,152660,-0.157
54988432B32797670855633,0.2773357198787254,0.3180030042657471,18.950725707494154,0.2747359867389931,0.3152846930533958,0.23886217259166906,0.27202327332219567,0.18690564296240106,0.20963766920741997,0.27332262323619066,0.3136609817548449,0.2752631157726919,0.31587777475001194,0.2745639484014999,0.3150893609528482,KONYA,EREĞLİ,158010,0.453
54988432B33032294423976,0.42226449649276343,0.5385302509899798,31.212005787115007,0.4178193544969347,0.5346869943798698,0.3802369144856545,0.4947052683463251,0.3313404995744953,0.43926936451383664,0.4144843180273249,0.5314676252780924,0.4189655996007167,0.5357461118843586,0.41653127326576567,0.5334641765431998,SİVAS,MERKEZ,393912,1.138
54988432B33037798502080,0.21020338411906392,0.2795421862222588,21.48156230555833,0.20936373935326524,0.278490815946464,0.19236220695536807,0.2570960946299335,0.16914406431137216,0.227746210631704,0.20837844233697214,0.2772555317741261,0.20965172754792977,0.2788516119255695,0.20905127336263007,0.27809920679133593,KARAMAN,ERMENEK,27629,-0.275
54988432B33062852785358,0.008801201802898909,0.014502784666356398,1.0576794299832173,0.008778096018969644,0.014464710524167873,0.008303616396877343,0.013682854143427655,0.007646148939139031,0.012599466990371478,0.008739772198782076,0.0144015598176826,0.008788155732381583,0.014481287107762461,0.008762399783442851,0.014438845974187603,BARTIN,KURUCAŞİLE,6316,-0.732
54988432B33089612553406,0.15849195487436346,0.19967681397866768,9.552291070315903,0.15705689191487993,0.19830586547301993,0.14703888841413373,0.1880280623917889,0.136063740763806,0.17639149558676703,0.15608697979490624,0.19734753485668824,0.1574164575833643,0.19865608095637757,0.15668784560036722,0.1979432352989042,SİNOP,BOYABAT,44901,-0.003
54988432B33125693367385,1.039227141170202,1.6130407602417347,133.84773812778985,1.0155489399344377,1.5795325704289853,0.5232716135035893,0.8400238280670896,0.0673239320672337,0.11093763232901878,1.0080195175050366,1.5685375650751188,1.019220522869346,1.5848754563083702,1.018430054881303,1.5837432545239283,BOLU,GEREDE,37196,0.024
54988432B33332852238285,0.3631354819883783,0.5604188168376065,44.998214024353054,0.36002985133623694,0.5559660999898773,0.30919761357131625,0.4843338180037812,0.20650576335895923,0.33174772388052337,0.35779606015158666,0.5528825336615252,0.36081742188621485,0.557061633582891,0.3594881782991211,0.5552162610833679,MANİSA,SARUHANLI,58475,-0.192
54988432B33535114810594,0.27762165128802885,0.35408506916751303,25.587404771916756,0.2743555901628764,0.35093394874830885,0.23141804148165912,0.3035418009214248,0.175485986322825,0.23820455937743715,0.27178833520911583,0.3482624631333624,0.27526850629534666,0.3518629788001032,0.2736253094241497,0.3501812314987354,MERSİN,SİLİFKE,139610,0.519
54988432B33750113115729,0.20074086566620233,0.33078454666679646,25.49207036080022,0.19920609680815066,0.32825552588538215,0.1738520519631563,0.286476657380517,0.13628577561032607,0.22457424577094745,0.197843648533296,0.32601045817851987,0.19965918474857147,0.3290021326536398,0.19881672832776595,0.3276139172331382,BALIKESİR,SAVAŞTEPE,16266,-0.426
54988432B33764412560738,0.7587574900519126,0.9478644053965838,65.34783515070899,0.7532511564337087,0.9420919198534953,0.6530296960503488,0.8378759083725376,0.4991586113266279,0.6610864047618932,0.7517119177603429,0.9398976976209713,0.7541055158642596,0.9431349805601543,0.754190802872612,0.942644317762202,ESKİŞEHİR,İNÖNÜ,6114,0.323
54988432B337940392373,0.6352215536795549,0.7026816109560019,36.28799973806427,0.6206815235779689,0.6908127825063074,0.4811813313867236,0.5598103033062913,0.2731133066083952,0.35507259270500197,0.6205183684279778,0.6906722984748601,0.6213825022869068,0.6914151895404843,0.6242298940156342,0.6938408515478833,BURSA,NİLÜFER,578059,4.072
54988432B34008430678481,0.3040524106252545,0.5002614932803111,38.49001807863302,0.3030237822946422,0.4985805975235004,0.2831229433507301,0.4658493058669444,0.24708731725253757,0.406619161393009,0.30193187101447333,0.4967925478426233,0.30338261568013414,0.4991675112678203,0.3026689043164863,0.4980017060979786,AYDIN,KOÇARLI,22234,-0.531
54988432B34132798290249,0.2530526664571843,0.32890945861735044,18.449593557794554,0.2502760516779208,0.326501839364683,0.22577398323908957,0.3005787900885722,0.19727402317487183,0.26858612378761376,0.24838476517192914,0.32467387951483856,0.2510084640935367,0.3271825816148868,0.24965098040088327,0.3259071515747639,ZONGULDAK,KOZLU,50616,0.622
54988432B34153029371714,0.19291734342616487,0.13954644419130932,2.122339117030674,0.17969591590060532,0.12998285683566918,0.12680995503119918,0.09172809419428675,0.08714531436766958,0.063036742065167,0.17464820979542775,0.12633163485096782,0.18214726878953022,0.13175602149047444,0.17850051775411885,0.129118171801964,ISPARTA,SENİRKENT,10331,-0.387
54988432B34226837880284,0.5794532685945464,0.7777040890514244,47.49416712274901,0.5730998897412977,0.7716629140195094,0.5081746581992942,0.6969360943555583,0.4157427316326422,0.5869602392462816,0.5683480177837466,0.7665852357051407,0.5751231906873968,0.7737319828377768,0.5714327147241686,0.7699090391407414,ANTALYA,KEPEZ,649102,1.392
54988432B3445581450876,0.06359875604753294,0.10479921772748108,8.3795589491007,0.06343955405325459,0.10453688170869864,0.05980330959521009,0.09854501019498317,0.053885784783260594,0.088794002318166,0.06331828702922587,0.10433705564221311,0.06348516146124332,0.1046120344471614,0.06342272355985176,0.10450914810741142,DİYARBAKIR,ERGANİ,141098,-0.572
54988432B34477640243489,0.23352398036001154,0.2744223145260715,16.308291173078096,0.22685493111880836,0.2692912610379712,0.19469344348362883,0.23972828269790375,0.1662063047553567,0.2103616347182097,0.22260508381967548,0.2657615704218587,0.22851461856086683,0.2706215060671043,0.22503740077842183,0.26780188583786985,RİZE,FINDIKLI,16388,0.018
54988432B34565722813998,0.8972085302828663,1.4373075217391225,119.54598682589601,0.8902835935706892,1.4286962476786706,0.8014041859122123,1.2934994572156517,0.6789692689049949,1.1002330462981518,0.881445234692293,1.416136433036222,0.8929490809545139,1.4322779989520784,0.886348199067031,1.4232011750022195,ÇANAKKALE,GELİBOLU,44689,0.465
54988432B34660982943926,0.7692875502199502,1.124412843755383,87.52813990164698,0.7601878395491625,1.117007253843482,0.6739140974112123,1.0133203461220244,0.4824001545787671,0.7318603526895415,0.7610252122072879,1.1177195805613553,0.7602128506205528,1.1170369120463985,0.7629691113382296,1.11938794455858,YALOVA,ALTINOVA,35490,0.556
54988432B34754350739794,0.03595884324748593,0.046992321891480046,2.7180465773609805,0.03524300822350231,0.046426007740848686,0.031502489668354165,0.042715320094604624,0.02799309816511628,0.03877223575216975,0.03501961603278739,0.046233602559476006,0.03534450511788005,0.04651140648277053,0.03523139286948618,0.04641620982246183,ADIYAMAN,BESNİ,75398,-0.444
54988432B34790562397224,0.5308711423801785,0.8168860145884472,65.39613468627407,0.5265715697544406,0.8120455423212625,0.457222042840435,0.7143644687367009,0.34841922644668205,0.5522185028360281,0.522678422854466,0.8070787027676878,0.5279134438407794,0.8136857784727026,0.525316497606255,0.810470887509944,AYDIN,ÇİNE,47906,-0.07
54988432B34891185513050,0.7561773088135729,0.7143055056836615,29.619541517570028,0.749958720985465,0.7093701895770524,0.632728034687442,0.6150602748441943,0.4794705786650665,0.48808643554091674,0.742627802741038,0.7034809605733024,0.7525336761100907,0.7114101723814982,0.7475635229523366,0.7074294882362522,BURDUR,YEŞİLOVA,13915,-0.336
54988432B34962882153864,0.21251113220791554,0.3156367719988142,24.751176832853574,0.20857138206996956,0.31185310664325455,0.1760574097782433,0.2691163100295031,0.1376550238017837,0.21397162373961595,0.20623330918621557,0.30919584391271365,0.20947868017104032,0.3128278194343383,0.207880952387647,0.31108754332880145,MERSİN,BOZYAZI,26832,-0.211
54988432B34987359358505,0.09587028127473227,0.14791912093609924,10.957862157523833,0.0956924267930844,0.14766582746025386,0.09189776955020938,0.14222023780201717,0.08634425814320677,0.134173620662574,0.09552796813377033,0.14743129551789846,0.09574892115932604,0.14774633303022083,0.09565505947599165,0.14761255997645636,SİİRT,MERKEZ,180837,0.074
54988432B35038871298949,0.1547870098960561,0.19009370124999606,10.775609692271502,0.15414905606106766,0.18945431084425293,0.14572552461145005,0.17976140728637482,0.1338504991468182,0.16586137916545068,0.15366150439115078,0.18892057153763317,0.15431982485435625,0.18963648748565765,0.15400771045177172,0.1893012462948116,VAN,EDREMİT,132309,-0.377
54988432B35042353333735,0.3229251408355551,0.4324046924286175,26.68604033717156,0.318788183471555,0.42910798269380906,0.2918465918356693,0.40238350959838454,0.2606241706713216,0.36680450219936667,0.3188701271247372,0.42916388964698915,0.3189403076605689,0.42924146973131394,0.31981103912667486,0.4299536999394293,KIRKLARELİ,BABAESKİ,46355,0.252
54988432B35345810127315,1.5515752898595743,1.5839244771005065,77.04702925377954,1.5234765697154422,1.5604830472617344,1.0877022200184554,1.166993094497714,0.2660136940983273,0.4136436954940305,1.5319409200903755,1.5677649165345569,1.5206623572298896,1.55804368739412,1.5373776337736589,1.5723842383074262,ANKARA,GÖLBAŞI,172810,1.79
54988432B35509610678021,0.29365807300526386,0.39589716465393426,25.58018953589051,0.2875784993536412,0.3896437232080267,0.2067018903760203,0.2926784779366701,0.08886645064343629,0.14542656721852032,0.28378484450942393,0.38535447508759113,0.28900027826584657,0.39121114848251987,0.2867531997342325,0.3887217577060434,İZMİR,BAYRAKLI,296481,1.322
54988432B3557290765638,0.69859228350227,0.625823923657305,22.284424228474915,0.6946679445924947,0.6226647630843746,0.6175292347064615,0.5601150388592137,0.5147355506108718,0.4760263051706221,0.6903714481162885,0.6191976360129509,0.6959952843561291,0.6237344389992416,0.6933897780577502,0.6216326643705538,ORDU,KABADÜZ,6794,-0.744
54988432B35702566688880,0.19911212013725504,0.2667193251239309,17.69101167916194,0.1971801228547022,0.2649833256925761,0.17867693521080052,0.2443983078539002,0.15603894595456244,0.21746720438807315,0.19580807108183662,0.26359444985141667,0.19770265694422667,0.265490250451183,0.19672746237120275,0.26453167606851347,ZONGULDAK,ÇAYCUMA,91796,0.08
54988432B35722603775069,0.5307747607936854,0.7131663753495991,50.411900335368856,0.5242806836902141,0.7068086699272602,0.44913204589239075,0.6228925257954738,0.34924419730980494,0.502524711673524,0.5185614380267033,0.700826907752131,0.5262506394182931,0.70881949497054,0.5222211558041353,0.7046745815679625,EDİRNE,MERKEZ,200753,2.113
54988432B35777167420059,1.6402813985412488,1.5370610224957568,54.13269148675117,1.619567830133256,1.5208318816694038,1.439976607608658,1.3740688350144836,1.2225427228315502,1.19325278842992,1.610639606096702,1.5137055688933974,1.623820072692609,1.5242083477756667,1.618418896049042,1.5199221584744889,NEVŞEHİR,ÜRGÜP,39979,0.527
54988432B35906022990026,0.623304171047209,0.7669074769999187,43.705350407321,0.6102739469053876,0.7562244605111502,0.5148865210174336,0.6634832562099358,0.4058364498788932,0.5459459690272486,0.6016639709503019,0.7485602877390516,0.6141584701414705,0.7595637884751768,0.6071772102742826,0.7534997215795002,ANTALYA,KAŞ,63957,0.203
54988432B35969765693903,0.3405903048758915,0.5308838587078757,37.286242592191414,0.3389250481170254,0.5285707391012938,0.30945206843924883,0.48769815779504483,0.26421089486177335,0.4226245371974275,0.33719045409292564,0.5261983646603491,0.33950600181355595,0.52936727275804,0.3383710516034012,0.5278126572676773,AYDIN,İNCİRLİOVA,58230,-0.091
54988432B36041856094312,0.15378670422059557,0.25338581794530024,19.548730066703413,0.15288372345698978,0.25189815173394065,0.1354861230204936,0.22323529299788902,0.1126503636384061,0.1856127149774099,0.1521358143120261,0.25066596560556864,0.15312826171254976,0.2523010301459006,0.15274069548821875,0.25166251229538705,KAHRAMANMARAŞ,GÖKSUN,49145,-0.502
54988432B36117430101282,0.33040021441804485,0.4272065039560099,28.177070859384003,0.3264332077643919,0.42352702469799947,0.2892791997453831,0.3810082543046701,0.2433500298680314,0.3263917710482794,0.32424558969160455,0.42123829178153366,0.32743143490322835,0.4245326514084229,0.32591893054318466,0.4229980038996707,ERZURUM,PALANDÖKEN,181922,0.378
54988432B36177439275968,0.023884912929510047,0.03935800550298263,2.9537507869017596,0.023755578116523877,0.039144885183211756,0.021161148511652336,0.03486973563726237,0.01745719024152105,0.028766284039641845,0.023610217560676054,0.038905357345121676,0.02380173190535849,0.039220938258234334,0.02371112587422418,0.039071635948340566,MANİSA,SELENDİ,18568,-0.528
54988432B36260416662231,0.46829617776608756,0.5306436272370971,28.20416032564378,0.4622271982071873,0.5251642540412211,0.37585789850718365,0.4374455672608184,0.19365338686963818,0.25671421562598495,0.4628896408649314,0.5258570519545002,0.46225529408710564,0.5251640276986651,0.46440582223042065,0.5272645878912394,KOCAELİ,GEBZE,414960,2.334
54988432B36267085321319,0.00041721760083676196,0.0006874989529221338,0.05530883930097592,0.00041552056755551355,0.0006847025497943837,0.0003825668786121728,0.0006304008458441406,0.0003372667242046679,0.0005557544055695471,0.000414067893646268,0.0006823088066024841,0.0004161051060054726,0.0006856657631666948,0.00041520977019301797,0.0006841904120972729,ERZURUM,TEKMAN,20826,-1.277
54988432B36427542576396,0.024039998358002662,0.03961355816779904,2.724192411266097,0.02388988001835977,0.039366190364734405,0.021951586581999347,0.03617223424859488,0.019477311603781355,0.032095077739965575,0.023810233159934073,0.039234946784258935,0.02392197708092152,0.039419080503738185,0.023881055995836044,0.03935164997565816,OSMANİYE,SUMBAS,13049,-0.987
54988432B36565352267385,0.46683092049545094,0.6173687718620886,36.363035223801425,0.4648394142267128,0.6151992676809859,0.4232167080766231,0.5685558791428621,0.3615779836921321,0.49713465047150357,0.46170451748403285,0.6117730675702202,0.46562819207095624,0.6160585684735738,0.4635881683413622,0.6138346254467046,ÇORUM,KARGI,15119,-0.583
54988432B36689852261015,0.21741259835797988,0.2939498169370947,18.88759444111272,0.21536689282516622,0.2918271938143322,0.19146009766196703,0.2624120334186598,0.15504590321652859,0.21658751974442567,0.21536423055565143,0.29184549525698483,0.21547937179058016,0.2919434837540353,0.21592799432213514,0.2924651404944167,TEKİRDAĞ,ÇERKEZKÖY,223975,1.034
54988432B36753420123285,0.008471150592580502,0.013958920119296296,1.1460739625986698,0.008431617013425732,0.01389377594939632,0.007655344315021852,0.012614619302446733,0.0066193035287788115,0.010907411949980801,0.008403128432413014,0.013846831933666402,0.008441647661936419,0.013910304639303931,0.008428155964152565,0.013888072767779478,KİLİS,MUSABEYLİ,11692,-1.243
54988432B36991847269691,0.04291030138180747,0.05859280881775197,3.7668545155312225,0.04279525683756296,0.058449654483519166,0.04040617699154134,0.05545722183476401,0.037064536816371584,0.05124570185956534,0.042673517575059675,0.0582979356505399,0.042834377372203705,0.05849836644531602,0.0427611821484437,0.058407206812541454,ŞIRNAK,SİLOPİ,152610,-0.621
54988432B37281508268494,3.4656587499693408,5.116310646146774,416.54936501883014,3.4479164663608275,5.096573281579245,3.119774762913875,4.680437294454815,2.579704485821056,3.9402929780236753,3.4462471226061138,5.094627587379956,3.4497002872355265,5.098644369145781,3.4528091208213914,5.102233893998073,ESKİŞEHİR,SİVRİHİSAR,20189,-0.163
54988432B37425525232192,0.18802685968404856,0.1519409179417181,4.40067305059882,0.1778083121630926,0.14448133456180975,0.1357498991190295,0.11269161633655055,0.10327916007307023,0.08732191632060939,0.17052763430985224,0.13909217712220542,0.18048183932435213,0.14644544211725607,0.17424965743818233,0.14185435425723505,KASTAMONU,KÜRE,5108,-0.564
54988432B37474601695355,0.1908055418769828,0.2638637995374528,16.348595048765294,0.18956313487216433,0.2627470449298071,0.17811039304170487,0.2498418837976156,0.16423441006124173,0.23317015966882287,0.18856141708088495,0.2617273511191294,0.1899267052156363,0.26309966338248764,0.18917912853364932,0.262364418523746,BARTIN,MERKEZ,163766,0.475
54988432B37568422397165,0.37788052958630003,0.5136735477395713,31.77347209553128,0.36846764479860405,0.503892512369158,0.2533014690127696,0.3675069484419481,0.12109970895478221,0.19955036158256925,0.36231812998600227,0.4970147430742755,0.37076478665912976,0.5064130602712767,0.3671302549064873,0.5024103740414373,İZMİR,ALİAĞA,110892,1.154
54988432B3765894828003,0.8399315560485775,0.959606186514098,53.20838082395207,0.8382308718804921,0.9572992444770475,0.7935895213088907,0.9031537002909813,0.7076755624519734,0.8075504994729297,0.8370883634112937,0.9558104846345149,0.8387093196854446,0.9579307523685496,0.8381382038057404,0.9571927417629551,NEVŞEHİR,ACIGÖL,19430,-0.746
54988432B37815210260305,0.027698973496265277,0.04564288572080391,3.6113626958625704,0.02755237704145516,0.04540132134532713,0.024688551581370278,0.04068225627901312,0.020897475935740158,0.03443525104339495,0.0274451099389502,0.04522456461093422,0.027590033510882343,0.0454633723787687,0.027538477856103517,0.0453784180081799,HATAY,HASSA,57457,-0.627
54988432B37822408254427,0.009782740728251754,0.01612018283479181,1.425168885103521,0.00975848070723505,0.016080206719178754,0.009250372765014638,0.015242936964625354,0.008534258483887875,0.014062910480939541,0.009743137883083288,0.01605492452706114,0.009765261107074605,0.01609137958863761,0.009757846191465178,0.016079161152245513,TUNCELİ,HOZAT,5332,-0.304
54988432B38029735650586,0.6712562724200216,0.9109729255241725,66.39842113090883,0.6631194979793632,0.9031208988954729,0.5743129428867694,0.7961434946553598,0.45453860221937203,0.639918097124108,0.6576728930407112,0.8968214038281599,0.6651941068544339,0.9053448123182615,0.6616316929749576,0.9012771229529631,ISPARTA,KEÇİBORLU,14033,-0.147
54988432B38192653794481,0.034945886336244555,0.057550802424128446,4.140944023171564,0.0347341924168341,0.05720456519427487,0.030643746234507815,0.0504746354516104,0.02513605814903556,0.04140675207499392,0.0344908528403252,0.056805141675348725,0.03481364423404922,0.057334905613707215,0.03465687185219848,0.05707783540801653,AYDIN,KARACASU,17225,-0.422
54988432B38234648965516,0.6712260670477901,0.8152119375021543,49.10920347173124,0.6643232974917944,0.8089271356826448,0.5956789575578634,0.7332560195282529,0.49417574915095347,0.6149593239984751,0.6646325596894477,0.8092338934070491,0.6645284331146412,0.8091258803415682,0.666323826258986,0.8108643011155923,SAKARYA,ERENLER,92549,0.69
54988432B38360360890356,0.47356214300407634,0.6528002029333666,38.73677008605829,0.46835158716018116,0.6467667228976766,0.375645938936484,0.5323242110188177,0.19787582110244753,0.3224837543626329,0.46951857235297756,0.6481822630024949,0.46814992313028697,0.6465209241981988,0.47078059564352187,0.6496948497000795,İSTANBUL,SULTANGAZİ,529306,0.816
54988432B38529977657987,0.4029006051210455,0.6639071400556462,58.43582984871842,0.40201929764212513,0.6624549051361581,0.38493137980250025,0.634297115055394,0.35206514651051635,0.5801395221604239,0.4007924768458773,0.6604333269209727,0.402356143195843,0.6630099655291353,0.4015560823557094,0.661691610338073,DENİZLİ,ÇARDAK,8497,-0.236
54988432B38557557981800,0.001391576749347289,0.0022930661510163937,0.13944433799080144,0.0013435554079772288,0.0022139356880550524,0.0011162337799055164,0.001839350864781972,0.0009117000640929939,0.0015023163888241873,0.0013273449078836915,0.002187223723319386,0.001350443463948073,0.0022252859552971986,0.001341426522177125,0.0022104276702832066,KONYA,AKÖREN,5744,-0.672
54988432B38576388688416,0.4391224089366985,0.5085191173462202,29.981285787119962,0.4315899479037179,0.5024512671176726,0.34367374088098773,0.4195334000014541,0.19457341474076528,0.2648232699755301,0.4315053013117942,0.5023833678385675,0.4319669510911801,0.5027649884166295,0.4334960078460306,0.5040362445989043,BURSA,GEMLİK,124400,0.743
54988432B38658846076,0.08691495371778714,0.06286895871908674,0.9560644908956586,0.08625802479442674,0.06239377653699387,0.0736539168400363,0.053276736156941076,0.05725047767501,0.04141149208092611,0.0856727065092462,0.061970393108314537,0.08649266316668137,0.06256349957668032,0.0861279130593995,0.062299661670122325,ERZURUM,HINIS,23011,-0.909
54988432B38688250747899,0.23574740799324176,0.27620851713977623,16.848674748061217,0.22960761984123493,0.27113093250703163,0.18389265172277225,0.22574946904093177,0.13440513095495674,0.17294401020505376,0.2256497644520775,0.2675294994507086,0.2311079327619182,0.27244807299229845,0.2282492851350706,0.2699118030692437,UŞAK,BANAZ,34624,-0.264
54988432B38711157277910,1.1618540038751055,1.7673341195072152,149.41119450822222,1.1558992354403177,1.7606750320089917,1.0073097269168907,1.551322545741281,0.7121137633880491,1.112359482935361,1.1509165491832078,1.7546643822500705,1.1575658844676682,1.762639772935408,1.1545634871637407,1.7591557261945046,BALIKESİR,SUSURLUK,37676,0.225
54988432B38730133189438,0.3762735532687572,0.5526732194466197,22.497355064014393,0.36511047055152557,0.5431053762399153,0.29518864976962245,0.4631944661040165,0.22781071104093845,0.3753907433219002,0.36006346588721294,0.5381553798620013,0.36720502129814914,0.5450713169971154,0.3639551182943855,0.5419969591606535,İZMİR,KARABURUN,13725,0.676
54988432B38814369243914,0.8380490650377276,1.3630925293170586,115.93858833342195,0.8325734960482686,1.3556676508235215,0.7008030496503552,1.1449253141459836,0.3919856988744978,0.640843916297933,0.8334132736060694,1.3575646816996547,0.8323156960000492,1.3550211235892258,0.8347933009835922,1.3593935624891744,KONYA,KULU,51732,-0.125
54988432B38852323422695,0.14109622491870272,0.2324996176123018,18.686079992104595,0.14062053018127882,0.23171576810952124,0.13136964031933732,0.2164721571017795,0.11808392553232241,0.19457994235647968,0.13982599649236357,0.23040653711904646,0.14082249601866448,0.23204856711008084,0.14028285897182902,0.23115935429120146,KASTAMONU,DADAY,7736,-0.451
54988432B39031228995551,0.009594329631245669,0.015809715511143897,1.3065432073249041,0.009563362263716832,0.01575868690470895,0.00879528068191313,0.014493027732637194,0.007448846951301259,0.012274349090800905,0.009513930897571877,0.015677232976595637,0.009575861536798532,0.0157792834402787,0.0095440483976384,0.015726861155557506,DENİZLİ,BEYAĞAÇ,6011,-0.57
54988432B39086486871912,4.665110199084832e-06,7.687255692724338e-06,0.000610288464871468,4.652856107108878e-06,7.667063171158654e-06,4.398739998177146e-06,7.248325902019408e-06,4.043820037301206e-06,6.663482163442705e-06,4.6410370646358565e-06,7.647587532287119e-06,4.656878263877999e-06,7.673690956184291e-06,4.649951870106822e-06,7.662277515198917e-06,BİTLİS,HİZAN,29948,-1.103
54988432B39242508990660,0.34816798683759237,0.4579390187251702,28.371285912650922,0.3426476024217763,0.453418964983672,0.3063053612762703,0.41583881039516335,0.2664817541846714,0.36981861672653066,0.33952756467715195,0.45056626880582806,0.34382661426418615,0.4544517437694712,0.34163156239154624,0.45250157787543727,ORDU,ÜNYE,135914,0.266
54988432B39563572942554,0.032389787162427894,0.05337249606651271,4.4011982430290715,0.032376071081059284,0.05334989445152761,0.03146523333652227,0.051848999008968964,0.028836652054263123,0.0475175736913421,0.032361064022476876,0.053325165540184565,0.03238101769970643,0.05335804558209736,0.032373145827501504,0.05334507416409494,ISPARTA,GELENDOST,13985,-0.641
54988432B39641834885080,0.50700482837215,0.6320674571564812,35.59816134981704,0.5003109084668297,0.6251440237790138,0.391306502376711,0.5028317633552777,0.16525674008517052,0.26473258187391024,0.5017333546560642,0.6266916540325828,0.5000663285820945,0.6248764566695897,0.5032915182156064,0.6283643403869904,İSTANBUL,FATİH,351786,4.226
54988432B39702519018087,0.3230729507884808,0.3545579700208708,17.7143075844595,0.32065333648925287,0.3523151574777658,0.3017447269397448,0.33240268995221367,0.27822404996215067,0.3069845923661945,0.3191138895604846,0.3507956340427054,0.32119688592612833,0.35283933914610827,0.32012993577565113,0.3518057788301378,KARAMAN,MERKEZ,207973,0.761
54988432B39717738295698,0.0005061789878897612,0.0008340911875900261,0.058670619539275735,0.0005035200376144723,0.0008297097196786365,0.0004642512007902502,0.0007650017971341953,0.00041262296169447977,0.0006799278207526403,0.0005019924251720699,0.0008271924913725532,0.0005041247532333227,0.0008307061813665939,0.0005033526151966191,0.0008294338378923962,ADANA,ALADAĞ,15839,-0.764
54988432B39718054130595,0.07944682979665928,0.1212535815612585,9.125347464151776,0.07845041204248361,0.1202021391999217,0.0701926610397843,0.1089719156578835,0.06072280419510565,0.09516074361005389,0.07800518009754503,0.11966696452089878,0.0786262155894819,0.12040612049522223,0.07838251558994022,0.12012211049168633,HATAY,DEFNE,139605,0.338
54988432B39847004244827,0.14119720739156533,0.23266739476603185,18.82478672977229,0.14059450012556265,0.23167424247939722,0.12804115623078863,0.21098860801426925,0.10291318978795916,0.1695822757218196,0.14003899120053903,0.23075886450031255,0.14077524182387827,0.2319720720246804,0.1404285552131112,0.23140079535414593,BALIKESİR,BALYA,12296,-0.6
54988432B39970193514521,0.22704550583615735,0.2644217139858125,15.151898157173113,0.22005343369913172,0.25879192571962417,0.17740708253485693,0.21716968741669077,0.13512151324866725,0.172338116201702,0.21586710899604336,0.25509670568610965,0.2216044872745703,0.26011213937399386,0.2185517653282374,0.25748645402409265,SAMSUN,ALAÇAM,24560,-0.417
54988432B39980691668600,0.10766313842040132,0.14219507359267253,8.983355899417942,0.10538174879855791,0.14037322766183627,0.09313130795536476,0.127936604444946,0.08138499042561063,0.1143932145508879,0.10424987472767865,0.13937311838135374,0.10584393862290084,0.14076582462834775,0.10503038681050894,0.1400683177794045,VAN,GEVAŞ,26253,-0.794
54988432B40127483323381,0.08993559427140534,0.1363056142674416,9.642021292780829,0.08838044999617782,0.13478829936950704,0.07551191867794727,0.11776441668824522,0.06047817077748569,0.09612736881763127,0.0872973094343036,0.133513920199474,0.08878596972665577,0.13523103780780055,0.08800181729054055,0.13434677590846128,AYDIN,KUYUCAK,26196,-0.224
54988432B40132817708640,0.38142959038353386,0.5139739089687417,33.640762765953525,0.37862337999752854,0.5111476590079707,0.3431784044969385,0.46909176216771903,0.29147464313395366,0.4061436047124774,0.37557063704230487,0.5077338412020612,0.3794904536237703,0.5120803280280092,0.3773565557068183,0.5097494269371343,ÇORUM,MERKEZ,299565,1.026
54988432B402287673455,0.4155950323472867,0.42783516341296685,21.398189063534204,0.41031768918490286,0.42300204512807493,0.31612390821075853,0.33642450364941606,0.19677409217112948,0.22362233182540275,0.40385838490055803,0.41725818337843223,0.4122532338913924,0.42473331121392033,0.4080659683740352,0.42103007743140514,AFYONKARAHİSAR,SULTANDAĞI,13641,-0.368
54988432B40385589534090,0.20408161488073912,0.28880816144108573,18.72482966360885,0.2015811975415114,0.28608132463313646,0.16614867751136672,0.24067577201473403,0.1089023228591291,0.16379773882034143,0.20190655850179956,0.2864999423499334,0.20157300721016994,0.28605630337938315,0.20252789661429693,0.2872090225233106,KOCAELİ,DARICA,235632,0.603
54988432B40899353462768,0.04551337916861604,0.07498299610681733,5.147302567096216,0.045265020693136045,0.07457392396713634,0.04076617974569164,0.06716389260565157,0.034588590679697946,0.05698839532656642,0.04498964303947327,0.07412036415829945,0.04536705734504155,0.07474198372071052,0.04517450689375589,0.07442484473682212,ANTALYA,GÜNDOĞMUŞ,6953,-0.815
54988432B4104847116325,0.108966476477513,0.1795569945554982,14.93760880731441,0.10844537153799265,0.17869830810611473,0.09931399800117573,0.16365146029166042,0.08692638157568709,0.14323891464487082,0.10798933731251192,0.17794684639432248,0.10859451556347507,0.1789440704161135,0.108329881990633,0.17850800227356126,MALATYA,AKÇADAĞ,31479,-0.514
54988432B41050600008895,0.17463308314684645,0.2877636551483714,17.265980667744348,0.17435184412004628,0.2873002242287308,0.1683714588234532,0.27744563367159064,0.1598122793083356,0.2633416578500667,0.1739854194103093,0.28669642275016494,0.17446080035139386,0.28747976434117006,0.17422578754373366,0.2870925058485619,GÜMÜŞHANE,KÖSE,6107,-0.629
54988432B4112577845530,0.009916939047728572,0.016341317331369103,1.1987722008866761,0.009887112004409603,0.016292167772459246,0.009272738545459076,0.015279791715254282,0.008416897658464362,0.013869521121452016,0.009833190724286546,0.016203315280257397,0.009900366109905457,0.01631400813497522,0.009864038531788692,0.01625414687344794,KASTAMONU,HANÖNÜ,4286,-0.427
54988432B41170442786608,0.3900691745718938,0.5008976586124868,35.73192695391956,0.38362190375159216,0.4959920506502266,0.3188095828238853,0.43444565048902134,0.22074674494123953,0.3201277392120476,0.3812602484783124,0.4941962365435164,0.3847269206238319,0.49683177632438313,0.38361010291782816,0.49603197593002846,BİLECİK,OSMANELİ,22025,-0.154
54988432B41213332539670,0.1452718859213389,0.11184087389798489,0.9905767960335904,0.14517824694445294,0.11176944228241016,0.14308650874007192,0.11017332715593951,0.13994296043794166,0.10777390866375365,0.1451176890092847,0.11172324380458343,0.14520140711231072,0.11178711031917442,0.14517539844800023,0.11176726925256555,ADIYAMAN,GERGER,14497,-1.289
54988432B41389891217354,0.051451096501755195,0.08478207750754027,7.447117242765884,0.0511764577153868,0.08432952258732264,0.044648153735560726,0.07357206139324456,0.03384394979822926,0.05576869240982823,0.05096817264366378,0.08398630655705042,0.05124933220780293,0.0844496065366343,0.05114801254587217,0.08428265010586983,KONYA,YALIHÜYÜK,1704,-0.682
54988432B41479825758135,0.013303191993066484,0.021921248162619346,1.8709042444938568,0.013238902685871192,0.02181531104181665,0.012009542595161439,0.019789548529803417,0.010351507739992846,0.017057407736724085,0.01319456028323538,0.02174224280279454,0.013255677717967037,0.021842953252926636,0.0132339284880516,0.021807114465771597,ADANA,YUMURTALIK,17806,-0.448
54988432B41555288308569,0.13432506314218076,0.22134334715562587,15.521026800027398,0.13396944334685162,0.22075735021677,0.12826752711006767,0.2113616261759416,0.117871373051475,0.19423064940179524,0.13386831932111423,0.22059071615897777,0.13402528607775263,0.22084936891144094,0.13399337281334375,0.22079678163846528,KIRKLARELİ,PEHLİVANKÖY,3276,-0.387
54988432B41651789151995,0.4249092944372542,0.49386929229132176,26.03352937820636,0.4072237261366668,0.48033998583466236,0.32354190049321546,0.4055927501579098,0.24787027262280403,0.32870893602279994,0.3959801048914703,0.47121177079912396,0.4113063599958129,0.48356055152418487,0.40236424510688223,0.47643961869010176,DENİZLİ,BABADAĞ,6199,-0.43
54988432B41717304515053,0.11169207538641934,0.18395153662486582,13.390973724915055,0.11123803366378565,0.18320336896637193,0.10204038959747214,0.16805077899237958,0.0894106268480092,0.14725030633978994,0.11052004730298708,0.1820203273542685,0.11141872723545995,0.18350111181212217,0.11095090245653642,0.1827302512399869,ÇORUM,İSKİLİP,28132,-0.492
54988432B41731057290221,0.06831367126223029,0.11256441578290921,10.148616374193201,0.06782029650784929,0.11175151671589603,0.05831514354732098,0.09608943793244133,0.04589889124211073,0.07563044692419323,0.06746394505297981,0.11116435388430661,0.06794569965459817,0.11195814243206335,0.06777589216554203,0.11167835249606888,GAZİANTEP,İSLAHİYE,66107,-0.37
54988432B41923494384983,0.1185867511254389,0.1581410652892523,12.137213634302503,0.11573599448131901,0.15572963858974537,0.09824983358237264,0.1360600294712187,0.08047660573070198,0.11363128274005524,0.11433537803797558,0.154374065061771,0.11628011477235903,0.15623206781442553,0.11534984670295778,0.15536284425665695,MALATYA,DARENDE,24806,-0.43
54988432B42317071313317,0.06616702311383595,0.0937901484927497,6.143283039005234,0.06533405956839043,0.0931040243552929,0.06044462110620548,0.08779291134509255,0.05547575948381372,0.08166447462274247,0.06507977752683508,0.09287006649650396,0.06546929452694489,0.09322461439386823,0.0653323366073717,0.09310246978397316,HAKKARİ,YÜKSEKOVA,121314,-0.477
54988432B42480062552941,0.5127382365742472,0.8033939923827063,62.90022622698435,0.5067608497641082,0.7972359226925053,0.44573327580604055,0.7115839662955598,0.35310309179943034,0.5702168848288095,0.5027161138542501,0.7922947745007426,0.5082342931193098,0.7989365856819515,0.5054903434358011,0.7957210294799539,BALIKESİR,HAVRAN,28152,-0.471
54988432B42537798985554,0.4967600124793061,0.7118391041167723,49.95118649917023,0.49393313268302586,0.7085948940926016,0.46231925632015386,0.6650916557523909,0.4140409177382145,0.5992727331343692,0.4909257594001137,0.7046889633821892,0.4948301508426487,0.7097009915861308,0.4925992023334434,0.7069009438953292,KASTAMONU,TOSYA,39091,-0.066
54988432B42778469156443,0.27725823506875213,0.3855972097842218,24.605264423773264,0.27505364054676135,0.3828307542000715,0.23430506316787403,0.32983055113994875,0.15652353292879795,0.23431166920852783,0.2750215251983937,0.3827885010116957,0.2751904432695222,0.38301052664029833,0.27572466894064207,0.3837084504857855,BURSA,GÜRSU,105799,0.176
54988432B42781548815333,0.057941088670506284,0.09547640778397301,6.952056375321888,0.05783229233738634,0.09529713115481904,0.055520582214398324,0.09148785205003943,0.05220877434619988,0.08603059320693386,0.05775694569384106,0.09517297354871687,0.05786340671070329,0.09534840200013651,0.0578253700366329,0.09528572445838472,BİNGÖL,SOLHAN,33233,-0.73
54988432B42922593275037,0.26946893560525975,0.3363928735076227,20.3353188541049,0.2655015715544785,0.33235393056162665,0.19962497286177758,0.262430227984421,0.11408489160516264,0.1665865300426405,0.2621128933870999,0.3288637892350479,0.26666048657279146,0.3335426704599043,0.264689690133397,0.33152039302848907,MANİSA,AHMETLİ,17612,-0.292
54988432B43283240341511,0.12309826240245048,0.20284361527051337,16.787927688737017,0.12258803553480507,0.20200285391108028,0.1131982555542767,0.18653019913372776,0.09865763262781721,0.1625698891738233,0.12232787437111216,0.20157415548783256,0.12270303099006587,0.20219234556944754,0.12259181671906834,0.20200908461711128,NİĞDE,ÇİFTLİK,25157,-0.977
54988432B43554953634888,0.061779264556021556,0.10179132458832785,7.222781999423331,0.06159068746007285,0.10148121983961929,0.05808529157644981,0.0957075074944186,0.05297551584594269,0.08728943196953665,0.06146374470774185,0.1012722418173859,0.06163892876933897,0.10156061905901934,0.06157491605479549,0.10145525560339315,ADANA,KARAİSALI,22872,-0.546
54988432B43586111700831,0.25345426802021886,0.3809463444317521,23.13810026126215,0.24881694732505177,0.37574878327731376,0.22801187223866154,0.35124140197816645,0.20665510421706204,0.32338102828435583,0.24621076725201282,0.3728076774823568,0.2498355076487314,0.37689346592984135,0.2477572555367069,0.37455529414152533,SİVAS,SUŞEHRİ,25056,-0.28
54988432B43626736255275,0.2698188837570764,0.3313830550704488,20.124030824513866,0.2670461155060858,0.32864797956414576,0.2362082065350778,0.2938106421204616,0.19137030698923266,0.24353112629328463,0.2655416756617469,0.3270179293734426,0.26758536054107646,0.32921874711041016,0.2667439718060407,0.3283244480848715,KAHRAMANMARAŞ,ONİKİŞUBAT,447591,0.686
54988432B436343701670,0.4728965544981115,0.36773052534461836,8.68927860961109,0.4385582060031013,0.3426912421070025,0.2977872523712394,0.23690259054978816,0.1895951874109033,0.1532539514805185,0.43648798545334244,0.3409363489216784,0.4406480159722838,0.34427860043428166,0.44424209750593807,0.34671292123766995,ESKİŞEHİR,HAN,2126,-0.687
54988432B43742920895959,0.30227300121587414,0.4152841856336693,27.138324328906826,0.2963242314115468,0.4090798011239772,0.213009317193124,0.30875288413913365,0.0960085780184471,0.15741110171789044,0.2924903407018343,0.4047288288493387,0.2977445721490883,0.41065729542553825,0.29549535002308386,0.4081487821119476,İZMİR,KONAK,317399,3.465
54988432B43754311054552,0.25899284021115093,0.34743917231680366,19.017128719084347,0.25806769432639565,0.3459299467859831,0.24059377355327216,0.3216024249296984,0.20979122992849847,0.2842107835639796,0.25667758298446014,0.3437384894559802,0.2584538206053385,0.34655508823565895,0.25746051560342553,0.3449618478637045,ÇANAKKALE,ÇAN,46612,0.258
54988432B44345748787978,0.07889493642859599,0.1047085508644627,6.742934561696097,0.07710681334898772,0.10326460988469531,0.06738607177631314,0.09325683689028247,0.05793043257261893,0.08218334291090824,0.07567665710119144,0.10196664880310677,0.07760054338379757,0.10368705512608721,0.07642306553140968,0.1026565215968651,KASTAMONU,TAŞKÖPRÜ,36544,-0.319
54988432B44443308147205,0.00602467206157938,0.006542675949500697,0.29546192463361426,0.005942744664056681,0.006473490730028408,0.0049611757798649365,0.005601191953757901,0.0037667038791795748,0.0045054285550615285,0.005927774698459152,0.0064617606396768605,0.005952877487618667,0.006481783578312085,0.005955796025228343,0.00648557395553746,ESKİŞEHİR,MİHALGAZİ,2861,-0.452
54988432B44474126810300,0.016438977726356444,0.02708845444514744,2.2805846404387493,0.016369111836559223,0.026973328127407648,0.014981527894680364,0.024686841399091213,0.013073867581843899,0.021543363115874407,0.016302361397208927,0.02686333550708583,0.016390502944898553,0.02700857679514276,0.01635235742630125,0.02694571989734717,MALATYA,YAZIHAN,13937,-0.696
54988432B44685519111257,0.22645594045044068,0.27967361270536445,15.740678481478524,0.2213313425264674,0.27481585892156457,0.1635925103420268,0.21334643701260145,0.09492589690797582,0.13829537421389734,0.21798110292048511,0.27140197713304187,0.22255078723762775,0.27603486674745714,0.22050464875401335,0.2739808343770815,MANİSA,SALİHLİ,165007,0.616
54988432B44714852164400,0.11272630796434101,0.15217141053338953,10.232246021257126,0.11091806965011114,0.15073037854501403,0.10136403119882872,0.1411621482008085,0.09201786260154345,0.1304084879824965,0.10991828459857118,0.14985663052438575,0.11131714739172276,0.15106571598477375,0.11055643287267902,0.15042015320110566,MUŞ,HASKÖY,27684,-1.032
54988432B44792581222483,0.5357387976314137,0.6084485684084875,31.52320896522507,0.530097311165581,0.6028088440607949,0.43302823914473987,0.4986599236934788,0.13417873198230404,0.21976039439765652,0.5312690406022644,0.6040227419467034,0.5299026835345262,0.6026104720557832,0.5325879010392999,0.6053950795678408,İSTANBUL,PENDİK,752033,2.485
54988432B44858754124976,0.3183350381291908,0.3965807755829013,25.092665392941235,0.31533124803430007,0.3935114781570477,0.25816838773287154,0.3328236669451808,0.18253042820731438,0.2492179991558552,0.31291769713104184,0.39085198973127155,0.3161934145331928,0.394462605280074,0.3148966961306396,0.39295192810598817,KONYA,AHIRLI,4536,-0.907
54988432B44904988646230,0.050569358585855484,0.0833291333059605,6.940425369736904,0.050532576998833706,0.08326852392008233,0.04819946758619452,0.07942398266624916,0.04202625889249826,0.0692516541149748,0.050496968344450825,0.08320984731450742,0.05054363482186113,0.08328674520733795,0.05052743955650627,0.08326005834668912,ÇANKIRI,BAYRAMÖREN,2209,-0.836
54988432B45006727271001,0.458109554517815,0.623180254715607,43.269311070102,0.4451597941631481,0.611523324962369,0.3120781555283941,0.458570180398141,0.15251925953123874,0.251324083686516,0.43773641582216866,0.6040031023705403,0.44800966693639604,0.6143015625624876,0.4434752999133135,0.6098164536236843,İZMİR,DİKİLİ,49138,0.609
54988432B45078999476524,0.47666203982465866,0.5972184673972861,33.70455267628476,0.47090420061422306,0.5910305298171457,0.37063100301119933,0.47658952137676314,0.16563975627754637,0.25758193868294615,0.47212924698769615,0.5924212517405102,0.47069326264196065,0.590789771298575,0.47346821000912065,0.5939205393041718,İSTANBUL,GÜNGÖREN,251242,1.92
54988432B4509527375863,0.8775607602890722,0.8696536517018062,36.32995972398809,0.8661336969006422,0.8603697496376348,0.7355741592346096,0.7462349307328672,0.5543236723389925,0.5859497108429359,0.8567419885968995,0.8523982727674373,0.8700066412607278,0.8636039947412182,0.8628732966764703,0.8576183887040221,ANTALYA,SERİK,147062,0.852
54988432B4527245450623,0.23939205196884641,0.31500435177920444,19.10502540671175,0.23665580607148362,0.3126912275847744,0.21961894929407652,0.2934004284208307,0.20065163583944812,0.26873287381251204,0.23575254847779484,0.311812631205154,0.23708885554115472,0.31309177874120453,0.23661310196669622,0.3126390839746896,NİĞDE,ÇAMARDI,11631,-0.733
54988432B45288450631555,0.589217435917376,0.9701564531295211,85.19610229915715,0.587276936337439,0.9669589303157896,0.5445383455190976,0.8965562877113827,0.47395955906935094,0.780330228455078,0.5862218224840298,0.9652204247651544,0.5877385058976703,0.9677194782319168,0.5873110745560578,0.9670151962317304,AKSARAY,GÜLAĞAÇ,19099,-0.688
54988432B45351721911110,0.4915868585403294,0.6762873007944096,46.22456319890948,0.4864820360615123,0.6712775503511067,0.4323456543401197,0.6057476455922741,0.3516717038131211,0.5022707967695942,0.4867218917194619,0.671538410437137,0.4866349113340421,0.6714384118170922,0.487997155566979,0.6728763260296838,SAKARYA,ADAPAZARI,284006,1.392
54988432B45520240817550,0.28983723397473965,0.47759920596792693,36.950560291099,0.2891627588968045,0.47648779334074487,0.27499615086758267,0.4531437921120937,0.2549697575977588,0.4201439273504017,0.28812141614472353,0.4747718493099734,0.2894692396234669,0.47699281800473003,0.2887564583520644,0.47581828371670176,ARTVİN,MURGUL,6457,-0.165
54988432B45526631886391,0.07905975513891302,0.13027614071715293,8.396442799580603,0.078914844741817,0.1300373546590595,0.07586160491038285,0.12500616905490175,0.07152736987125718,0.11786413562884035,0.07882218547130267,0.12988466898297735,0.07895045741225318,0.13009603788236196,0.07891047138148247,0.1300301481542411,ADIYAMAN,GÖLBAŞI,47917,-0.133
54988432B4572982362376,0.4538808603457236,0.6010780293479078,39.95353540506556,0.4470632141038048,0.5944180623707173,0.35167068276055574,0.48587790613370674,0.2099318395260215,0.3134585535137808,0.4423573255240119,0.5894508930948577,0.4487428694486986,0.5961533644779525,0.44592323605700035,0.5932317752361133,MANİSA,YUNUSEMRE,270355,1.581
54988432B45752355908824,0.4205034031527539,0.5616200056415224,33.79152646434914,0.41525974086208733,0.5557517719017202,0.32793117638373454,0.44958265828561306,0.15742932131965823,0.25377802525050236,0.41638939622688004,0.5570882333914793,0.4150653861621053,0.5555204161559775,0.4176241050809652,0.5585272863763074,İSTANBUL,ESENLER,419878,1.354
54988432B45816327347427,0.05405463178383229,0.08907223155840964,6.664846900239913,0.05359235354353932,0.08831048084242185,0.047459475754276094,0.07820461030852857,0.03974387631086226,0.0654907014804372,0.05331318999640526,0.0878504699369285,0.05369217050468735,0.08847496109477819,0.053546948704819096,0.0882356619013821,KONYA,GÜNEYSINIR,9237,-0.621
54988432B4585133817151,7.431159362634635e-05,0.00012245203151934388,0.008920236930207345,7.407283476892818e-05,0.00012205860021599839,6.915329552789134e-05,0.00011395209159726098,6.23270843261938e-05,0.00010270373332047639,7.384146427499669e-05,0.00012167734359596137,7.414676189377756e-05,0.00012218041871268833,7.401541093826286e-05,0.00012196397615561357,DİYARBAKIR,ÇÜNGÜŞ,10057,-1.092
54988432B45859142187926,0.003299392236957539,0.005436800134122859,0.2788601548846086,0.0032423467779785593,0.005342799561667729,0.002987603944721929,0.0049230295644837555,0.0027719907367615305,0.004567738094489055,0.003209584389798252,0.00528881308668677,0.0032550625469039795,0.00536375284313115,0.0032290837207592056,0.0053209444483346266,GİRESUN,ÇAMOLUK,5709,-0.92
54988432B4589751730887,1.8932552535086926,2.7565078318519136,215.9585367234941,1.8621614846418475,2.7251053174317312,1.3935531733979396,2.0493491918077726,0.5585039365841221,0.7496361209748963,1.8546171601893273,2.7172823941562303,1.8658982036045162,2.728964630169507,1.8639375735951818,2.727211231191526,DÜZCE,KAYNAŞLI,20379,-0.099
54988432B45931517008549,0.043493370843127196,0.07166918858105208,5.21993780480895,0.04341319784037893,0.07153707801013773,0.04170409435436497,0.06872078537360084,0.03925241694265649,0.06468086555700638,0.043315154080009355,0.07137551967113322,0.04344292320140175,0.07158606001506136,0.043381328680025186,0.07148456341264765,MUŞ,BULANIK,68983,-1.036
54988432B46025215892894,0.21330340926890282,0.32202360287884474,27.386680395537958,0.2105785869108188,0.31870186424325875,0.17767474244272077,0.2691553930451856,0.13783633595107816,0.20701374653917515,0.20852726857727763,0.31583720218257727,0.211317330397889,0.3196947480601584,0.20999184645853355,0.31789550544833683,MERSİN,MUT,62758,-0.179
54988432B4616590264443,0.6050231800238709,0.5942964944292877,25.099021159784204,0.5957355737443326,0.5867737448106194,0.4942568648528079,0.49754250656365734,0.3349341908565499,0.35962260217729425,0.589176422528024,0.5811530396647767,0.5981017183935848,0.5887641608988009,0.5936843620152223,0.5850295030333218,BALIKESİR,ERDEK,32080,0.352
54988432B46438308523987,0.03196451327373595,0.052671721812036235,4.517113454813906,0.03193347976087115,0.052620584210081645,0.030496257388495887,0.050252302349147286,0.026962423281842163,0.04442918452465379,0.03192481392506762,0.05260630448403659,0.031937956582647566,0.052627961200595784,0.03194055821147811,0.05263224821316021,KIRŞEHİR,AKPINAR,6435,-0.596
54988432B46507991557572,0.36587796998939726,0.44614545939334754,23.93809935410583,0.3624438955834479,0.44283773439995716,0.3281081833240069,0.4038918619588335,0.2832052003093605,0.3508906833767441,0.3621960196057842,0.4425777127719158,0.3627101768112669,0.4431130328330724,0.3631824180770903,0.443592217334336,ESKİŞEHİR,ODUNPAZARI,431652,1.95
54988432B46518682235057,0.11238166665004465,0.1851839001057818,13.833078674776228,0.11202169174809615,0.18459076735244556,0.10525661481830643,0.1734433097165077,0.09576139573389969,0.1577970322496076,0.11156630684843098,0.18384039810206096,0.11215290532961836,0.18480697464812718,0.11185677885435305,0.184319029991215,TOKAT,PAZAR,12875,-0.633
54988432B46569875882636,0.13737585362286003,0.22637049667387554,17.218738766018216,0.13710949000181966,0.22593157772559885,0.13146363077615292,0.21662822547438276,0.12341164397026493,0.2033600112694008,0.13683816963361398,0.22548449095679104,0.1372161674996647,0.2261073628984241,0.13703783639514147,0.2258135055746025,ARDAHAN,HANAK,7668,-0.926
54988432B46575800975320,0.28840022513327124,0.3300530830743486,20.370417047128022,0.28390234189386243,0.3264501992866065,0.2507830175897547,0.29489385556486547,0.21275138127824947,0.2558144363602298,0.2806617833780334,0.3236207706470573,0.28501974665733587,0.3273917160552899,0.28262527542555077,0.3253504025358601,GİRESUN,TİREBOLU,32124,0.014
54988432B4660350003677,0.248404053861661,0.35377361445931366,25.369090613048268,0.24624937323739993,0.3514683249127106,0.22184450250915977,0.31942947162845625,0.19003026551721117,0.27672471354379535,0.24493578397728583,0.34986841606467073,0.24682951336649486,0.3521489370321457,0.24594510607042416,0.35110376699448803,ERZURUM,YAKUTİYE,189149,1.688
54988432B46629415876767,0.3410890327002588,0.5620528768785087,48.635036295261166,0.3392729289170979,0.5590602671544296,0.2975615340051583,0.4903274517857415,0.22662711526369467,0.3734403921001247,0.33686790342259576,0.5550972212380897,0.33996799181220894,0.5602056047711683,0.33843138193880967,0.5576735503302889,AFYONKARAHİSAR,BAŞMAKÇI,9089,-0.427
54988432B46815557775592,2.1275928414404204,3.1612994004178177,259.0688988746953,2.123220779733024,3.1553400778085017,1.9770739174393248,2.952981657652424,1.6348449113484513,2.4776291079869623,2.1203050566984527,3.15130739720104,2.1243840858367493,3.156932843035217,2.123081350456372,3.155130685901253,NİĞDE,ULUKIŞLA,18780,-0.314
54988432B46858449148239,0.17915747644057484,0.292920571835427,24.57179023416984,0.1787542879469841,0.2924137417622201,0.16993590304076608,0.278512848276751,0.15107337519147823,0.24790347705118093,0.1781573935145111,0.291542820585847,0.17891807713154456,0.29263805199335696,0.17849615617580916,0.2920440637224487,ÇANAKKALE,BAYRAMİÇ,28480,-0.229
54988432B47187297633278,0.8314618522159205,0.8839841410181823,40.92404115972791,0.8197195032420058,0.8733415332991461,0.6272097327049653,0.6887114178107288,0.2199657456292968,0.3145645713483208,0.8221043313192943,0.8756054861294736,0.8193116869760639,0.8729523130678702,0.8247514745354064,0.8780863276201103,İSTANBUL,KAĞITHANE,446420,2.174
54988432B47223063942173,0.014703139422213914,0.02422810767610727,1.452627252365426,0.014675519618963252,0.024182595248595434,0.01409291625409157,0.023222570545622972,0.013265493192050153,0.021859127374394768,0.014637587304460596,0.024120089672487938,0.01468613218574475,0.024200082834295228,0.014661878100931938,0.024160116500469786,GİRESUN,ALUCRA,8473,-0.54
54988432B47270758673920,0.0928002470375959,0.1105214429040674,5.874363250197314,0.09191965783055656,0.1098214859684528,0.08577918312332314,0.10402936950487031,0.07903472060331888,0.09720291502462498,0.0914331878241707,0.10940268585239957,0.09212017063094162,0.10998900883366765,0.09177221656514963,0.10969622636957312,IĞDIR,MERKEZ,152455,0.033
54988432B47330192202647,0.3018771851365632,0.4283983655726124,33.001141605212574,0.29875200954354064,0.4249664825206175,0.2548539637952073,0.36858478866713934,0.19659526936339647,0.2904062589662533,0.296226850543175,0.4219249411351317,0.29964128790266337,0.42600952602741554,0.2980368358558688,0.42411470933028883,MERSİN,ANAMUR,66952,0.316
54988432B47711735094491,0.40371455431381525,0.39868569599406434,16.005790680005724,0.3962220463162586,0.39309831157821185,0.35346912125465296,0.3585926834242375,0.3113444501791674,0.3229545072340371,0.39141253535274123,0.3893869150366324,0.3981476233997248,0.3945609944960698,0.3942972385863089,0.3916220654692149,BARTIN,AMASRA,13705,-0.102
54988432B47787159486686,0.0018784944667557975,0.0030954182574620633,0.28177417001336963,0.0018691480895139698,0.0030800171225279552,0.0016828973044686823,0.002773109601266263,0.0014322806796564472,0.002360138847401296,0.0018601111732691597,0.003065125923202971,0.0018720391741459642,0.0030847811057667235,0.0018668811228338554,0.0030762815725037893,MALATYA,HEKİMHAN,17116,-0.606
54988432B47827945301604,0.4735026029198833,0.5844642465560866,31.24834241530918,0.46915144896162514,0.5804220019277434,0.4299474602729537,0.5343993610930614,0.3658434480057906,0.4633209297020989,0.46782088634384567,0.5789980721579608,0.4698726505099768,0.5811686498358536,0.46925158328860317,0.5805267760612157,KAYSERİ,BÜNYAN,30362,-0.379
54988432B47932358770374,0.02458097472654269,0.03716718427847291,3.1745952596271088,0.02429495148497162,0.03685851530147452,0.021408219913394554,0.03275228696123051,0.017955917827312484,0.02755145550581258,0.024088045925030926,0.03661703603405443,0.024381051356452316,0.03695733839516418,0.024224926500717597,0.036787321050769824,ERZURUM,OLUR,5985,-0.637
54988432B48034047733274,0.0,0.0,0.0,0.0,0.0,0.0,0.0,0.0,0.0,0.0,0.0,0.0,0.0,0.0,0.0,VAN,SARAY,17036,-1.237
54988432B48182517932620,0.11222263383825148,0.18492255145330816,13.833567058998247,0.11194016956457911,0.18445710154899395,0.10582832552538998,0.17438589082121378,0.09677234407337654,0.15946327549181535,0.11184942598896233,0.18430757259073374,0.11197665451780373,0.18451722213616245,0.11198843322197471,0.18453663130482667,KIRŞEHİR,AKÇAKENT,3301,-0.816
54988432B48183111476065,1.053249718212486e-05,1.7355645518893783e-05,0.0013444621259976197,1.0515911938165851e-05,1.73283160442194e-05,1.015625477826622e-05,1.6735666260638753e-05,9.618700544965762e-06,1.584987435782418e-05,1.0500533113855974e-05,1.730297453036905e-05,1.0521186635946982e-05,1.7337007789712004e-05,1.0512420585053044e-05,1.732256292736977e-05,SİİRT,PERVARİ,26437,-1.345
54988432B48404533288068,0.6425443991211961,0.6715646319950486,33.55622155442909,0.6386906717392137,0.6679115734388207,0.608761578035242,0.6303707511551199,0.5725473986961458,0.5825298359882967,0.6393025269682933,0.6685856911667827,0.6385512915535123,0.6677476805078886,0.6400896685695304,0.6693795413379002,KIRIKKALE,YAHŞİHAN,39137,1.778
54988432B4842956932504,0.02025416854825797,0.03337519711850284,2.4810904290166604,0.020217081303417223,0.033314084063963315,0.01942706123149154,0.032012274238234335,0.01829509384855203,0.030146997248595996,0.020179260637571528,0.03325176246459747,0.020231941575047967,0.03333857109702661,0.020207096356832266,0.03329763068254228,ARDAHAN,ÇILDIR,8048,-0.773
54988432B4854228242513,0.1983342710892586,0.3268189151871116,24.94422669980301,0.19777542376339224,0.3258980361287836,0.18482337114876146,0.304555401990405,0.16296542989353974,0.2685374782598145,0.19689082307158987,0.3244403745916177,0.1979953541228094,0.32626044148155825,0.19742457458944612,0.3253199003089193,ÇORUM,ALACA,28989,-0.339
54988432B48804901701005,0.004069733081667175,0.0067061821617958395,0.5447351870113921,0.004060583610909286,0.006691105493042594,0.003839333675241041,0.006326525717882243,0.0034574723131652546,0.005697287435360125,0.004053578744817437,0.006679562743901985,0.004063211113181431,0.006695435140347207,0.004059617721394014,0.006689513882264294,DİYARBAKIR,ÇERMİK,49299,-0.887
54988432B48966185203589,0.038160639396882655,0.06240586521504835,5.443771743178142,0.03789907274199484,0.06197543428099836,0.03284393754642944,0.05365819090226575,0.026202261189011915,0.042750423468178915,0.03768153973118332,0.061617460068054984,0.037970105852668704,0.062092326297765045,0.03785735001013178,0.06190677521322226,KAHRAMANMARAŞ,EKİNÖZÜ,9896,-0.92
54988432B49000461137157,0.1311046920157695,0.19176104577189884,13.657638675510402,0.1297130013764357,0.1905611529847113,0.12055100948679413,0.17983729581226884,0.11068286677367103,0.16685646909381036,0.12926913555430253,0.19012449083773106,0.12994608773632857,0.19078237118197275,0.12971001762515016,0.1905582823172689,HAKKARİ,MERKEZ,76165,-0.077
54988432B490212621980,0.2682063079577003,0.40213415605412084,28.03805292860735,0.2668468381322684,0.400620891363639,0.2493995407793432,0.37743187760122715,0.22607431839893435,0.3451471365689898,0.26566982756388674,0.3991596779407773,0.26726522758680366,0.4011221310918471,0.2664530837226905,0.4001386109278946,KARABÜK,MERKEZ,135819,0.962
54988432B49228485155322,0.14319100049559486,0.10361011335386297,1.578824169465522,0.14253012858643777,0.1031320211515086,0.12927910937698694,0.0935458284750569,0.11134902512706259,0.08057456326806205,0.14183655186175353,0.10263026882975936,0.14275404682271298,0.10329400960184348,0.1423355503041534,0.10299125796216305,ŞIRNAK,BEYTÜŞŞEBAP,13971,-0.723
54988432B49266888844596,0.08426742548592851,0.13885743715228974,11.64747534557174,0.0839634078407894,0.13835647120002928,0.0776484849129034,0.1279506232875769,0.06872496949821545,0.11324628796788176,0.08370712757168208,0.13793416778734366,0.08405459121109446,0.13850672486018867,0.08391439338970647,0.1382757042723398,YOZGAT,YENİFAKILI,5008,-0.352
54988432B49369799231556,0.7538511260711448,0.8557135502481158,47.714739986420184,0.7377538433388066,0.8405767366409249,0.5332699281549226,0.6230794514336118,0.21062492270255553,0.2842438434862966,0.74090505080173,0.8437512534993248,0.7372186274328962,0.8400330537232632,0.7444518330755077,0.8472549051294826,İSTANBUL,SARIYER,344883,3.249
54988432B49466488520604,0.011302290586077351,0.018624125463465358,1.4397583527680544,0.01127569711304119,0.018580304242044564,0.010689607492556001,0.017614534821977005,0.00978768771841873,0.016128334577558877,0.011282067492566434,0.01859080147237362,0.011274217725541696,0.018577866479699858,0.01128962054494366,0.018603247533110982,KIRIKKALE,SULAKYURT,5564,-0.809
54988432B49471063177420,0.7009431949004031,0.8198308633342563,44.11079872046488,0.6889590950962922,0.8086926416358203,0.5250171638424895,0.637599135261221,0.21073038376474398,0.3183594964794277,0.6913426226258655,0.8110318239874827,0.6885541322212027,0.808293230280061,0.6940135632252316,0.8136153776174627,İSTANBUL,ÜMRANİYE,728913,3.364
54988432B49528694857663,0.1605543891560426,0.13148315976819475,3.709801351581582,0.15930885013688964,0.1304733986624015,0.1359301732359202,0.11172789045402215,0.10526897433987832,0.08686271496548684,0.15807381518796462,0.1295473147581951,0.1597282823822424,0.13079221683160847,0.1589746613060944,0.1302464880798347,KÜTAHYA,DOMANİÇ,13900,-0.483
54988432B49585252089849,0.9375561954498915,0.9394065085288048,38.65052806901326,0.9007420579110714,0.9115998201611192,0.7110345250788436,0.7538503308524157,0.5226315320534064,0.5830680229776548,0.9039323738670997,0.9140504632682109,0.9008005570956396,0.91165110498139,0.9113071622875126,0.9197179123035274,YALOVA,TERMAL,7497,0.158
54988432B4974900305842,0.0006912389606426946,0.0011390364661215974,0.08434117615588604,0.0006900193161884145,0.0011370267132167025,0.0006639657557863533,0.001094095169915588,0.00062625506986268,0.001031954797518776,0.0006891415207999707,0.0011355802655854796,0.0006903782873519201,0.0011376182326026164,0.000689921551363655,0.0011368656145130046,TUNCELİ,OVACIK,6700,-0.375
54988432B49773192126459,0.39722364527505655,0.5010281754266387,21.141633838765635,0.3848640908820568,0.49168231979377175,0.32757298199818646,0.441358756329862,0.2775087933492787,0.39192339809695254,0.38172661181740797,0.48918988350842846,0.3866539065849268,0.49308249400285314,0.3851051360093802,0.49186866219868436,KAYSERİ,ÖZVATAN,3877,-0.325
54988432B49774996339871,0.7312535405119257,1.041487759902638,79.86437313444338,0.7257239164459622,1.0360470727495796,0.6520138904892044,0.9521471120568591,0.5164436239614246,0.7798853950831811,0.7206602112429188,1.030731476706524,0.7273691050543355,1.037731617747609,0.7238756406250252,1.034125798120264,AFYONKARAHİSAR,MERKEZ,331982,1.178
54988432B50131654423390,0.24318873233909052,0.37796378865407554,26.452998965743863,0.24170701869303238,0.37565608166324543,0.2047797726151202,0.32185499050304106,0.13853395594565793,0.22441427677731168,0.24188843917916586,0.375933438706605,0.2417312250657202,0.37569302034051055,0.24236311021787768,0.3766641357940631,KOCAELİ,GÖLCÜK,181227,0.892
54988432B50302580927111,0.19108229108806754,0.286094047477123,20.08728190674402,0.18945382706305394,0.2841862322525283,0.16784711639514535,0.2547477952168228,0.13858272275399894,0.21351568057196935,0.1882044742185147,0.28257985622980253,0.1898993231550111,0.2847439095910676,0.18909829462534244,0.28373423291633565,MERSİN,AKDENİZ,254292,1.183
54988432B50394805884304,0.0023160225036504252,0.0038163851261556548,0.27989756572309343,0.0023099129418499335,0.003806317676143415,0.00218239293970994,0.0035961878355709053,0.00200326679179777,0.0033010204244079836,0.0023034405712900855,0.0037956523830831625,0.002311991100303859,0.00380974210444705,0.0023081022581226355,0.003803333997688588,VAN,ÖZALP,51357,-1.159
54988432B50445752113083,0.006122453803119212,0.010088693694889088,0.5002312148714501,0.006114171269386236,0.010075045581152893,0.005901247267343922,0.00972418543488271,0.005527335324378269,0.00910804635360137,0.006103886154162426,0.010058097576244013,0.006117681749087083,0.010080830215151425,0.006110902372025889,0.010069659031045848,ISPARTA,SÜTÇÜLER,9228,-0.811
54988432B505648184983,0.44416654867417055,0.5457872941045269,29.993410111813365,0.4419249437054479,0.5431967708972981,0.39538798267362685,0.49243888772289157,0.3272322921917089,0.41910455489370496,0.43848270539465395,0.5393534765707331,0.44278948576788957,0.54417482880199,0.4405550351569196,0.541661140228696,ÇORUM,SUNGURLU,49079,-0.243
54988432B50626886861490,0.4935812658693436,0.7341524712656624,56.84784263895818,0.4857223463590766,0.7271603041297254,0.4248060709860271,0.6506130022969157,0.3438435970586077,0.5350753305267705,0.4805876074276727,0.7217391655613473,0.4880245970112963,0.7294112313321925,0.4838577711365437,0.7252304712495451,ANTALYA,KORKUTELİ,58381,0.081
54988432B50709390359139,0.4908321672811148,0.6190144740194071,37.07021934842109,0.48219700530869597,0.6113586774965467,0.38836034516496426,0.5126517726079107,0.24470586040386014,0.3509984599950027,0.482093312499705,0.6112605374507408,0.48264155291877164,0.6117784663601079,0.4844292659008896,0.6134492729380413,BURSA,OSMANGAZİ,886111,2.374
54988432B50747108890679,0.023348316184974516,0.03847379136803308,2.8041014649230918,0.023305031720088392,0.03840246641858867,0.0223821683357943,0.03688175490229621,0.021058961954691292,0.03470135072068038,0.02325249845425511,0.03831590112225042,0.023321020349115047,0.038428812780037555,0.02328808443403686,0.03837454036419419,MUŞ,MALAZGİRT,40595,-1.027
54988432B50828281350950,0.6202203679598229,0.9561009059654685,66.45737514111737,0.6160889566431642,0.9502615165585429,0.5370389449119434,0.8372574761980757,0.43403015570636216,0.6886495568108174,0.6116033998429055,0.9435487127960166,0.6177132178970123,0.9526961728029206,0.614756360686344,0.9481462456964318,ANTALYA,AKSEKİ,10609,-0.182
54988432B50977665989913,0.48526443187206014,0.6363725714017371,38.746935495229245,0.47955991881592686,0.6300319001339872,0.3811280992873411,0.5115486963158478,0.18770195778352058,0.28765961629643266,0.48078280300329784,0.6314608021873811,0.4793523878887168,0.6297896076153475,0.4821320455169672,0.6330240403061271,İSTANBUL,SANCAKTEPE,507500,1.275
54988432B51005953593095,0.007033546485453122,0.011590009228709657,1.0342491812735273,0.006990735009656829,0.011519463679519084,0.006159995336666929,0.010150555334842394,0.005057714578167486,0.008334196519263374,0.006964310841478908,0.011475921441804943,0.007001398862763089,0.011537035775782438,0.006989695513108017,0.011517750777696532,ŞANLIURFA,HARRAN,101710,-1.447
54988432B51165292836212,0.14491450306087708,0.2247529042884835,17.449927380247278,0.1433254744981011,0.2230968719263161,0.12764224991684392,0.20125198776575615,0.10696605405079658,0.17029641715135588,0.142147428930669,0.22164666093210145,0.14372660332624101,0.2235632024757096,0.14291768323479495,0.2226062330287343,SAMSUN,ÇARŞAMBA,143206,-0.015
54988432B51178823005905,0.14076623611641845,0.19380414331536716,13.085124845267925,0.13997532212935837,0.19297886969444705,0.13094227874843428,0.18203512515476925,0.11947787735309706,0.16765457442019768,0.13956463540457412,0.1925131109239928,0.14018256221291928,0.19320849305389415,0.13991642077876806,0.19291282708461766,KARS,MERKEZ,121154,0.398
54988432B512462683964,0.02273451509161507,0.037462358465536284,2.5341946881561785,0.022665404922173973,0.03734847743791008,0.021261685908131565,0.035035403036409396,0.019322938604575512,0.031840699029430326,0.0226132689499872,0.037262566809460815,0.022683591232658475,0.037378445179900195,0.022657973084218668,0.037336231116560474,HATAY,REYHANLI,117645,-0.54
54988432B51380550593874,0.43081361813135566,0.4946742130300067,26.013527317960033,0.4258357703924232,0.48984518553618367,0.3360714912026211,0.39773514751813527,0.11394308675176615,0.18619061698502362,0.4268287252728589,0.49083744155199605,0.42567630799852374,0.4896912684342423,0.4279808078602607,0.4920069079413142,İSTANBUL,TUZLA,313865,2.73
54988432B51585452929549,0.5594959984897323,0.6517149400990695,35.766894002322985,0.5540398244825743,0.6469460957930444,0.49781743864623984,0.5900074509240297,0.4224533397650975,0.5116763547131844,0.5491544340907156,0.6422817326496298,0.5556197134823906,0.6484043912883467,0.5521011023945185,0.6451172595738566,TRABZON,ORTAHİSAR,335116,1.807
54988432B51640107069118,0.1149353785545829,0.18939266284909415,15.568560462532734,0.11440790691684735,0.18852348523551307,0.10391662452202952,0.17123575421270398,0.08981565704901329,0.14799991671820503,0.1139339773327002,0.1877425352175692,0.11459702457008471,0.18883511683571164,0.11430280047252818,0.18835028887402241,ERZURUM,OLTU,29765,0.025
54988432B51915781882505,0.2974083887003648,0.36764946191007,22.39352891081482,0.2948301586471561,0.36520128615371156,0.2594517489644589,0.3279235793745755,0.21073383258430495,0.27565202810948664,0.2926439585201001,0.3630165090667023,0.29567463009889655,0.36603051848484075,0.29413085538705164,0.3645250838426966,BURDUR,MERKEZ,120832,0.917
54988432B51986121551962,0.7767243399965326,1.233649896497526,93.37541310760315,0.7711530086741066,1.2275020809830983,0.7111900916488811,1.1408249797497427,0.6326093560814694,1.020436361225477,0.7682179047644235,1.2236220171602106,0.7723146698606888,1.2289695117840391,0.7706714851499152,1.2268238976802237,ADANA,POZANTI,19983,-0.185
54988432B52020069669764,0.24994199928081165,0.31910148861585136,18.831048790611355,0.24765233973506612,0.3170561898762198,0.22484613351899635,0.29257223169775615,0.1946757287367109,0.2589642941710397,0.2465670240769309,0.31598336683142886,0.2481096767826336,0.317496224217951,0.24749236281778403,0.31690032289757364,DİYARBAKIR,KAYAPINAR,454311,0.857
54988432B52055893511885,0.2115182330450165,0.348543443517802,28.35931796818635,0.21071736357796134,0.3472237730138942,0.19488859054969757,0.32114089389475076,0.17085260502474411,0.28153399962126197,0.21005432308787494,0.34613120906455863,0.21096995849311437,0.3476400004503589,0.21057758778112393,0.34699344939726245,ISPARTA,ATABEY,6204,-0.299
54988432B52081033175293,0.022153555976573574,0.036504670258782825,2.7772800884572373,0.022047088946459674,0.03632923654907003,0.019979601761640552,0.03292247709461734,0.01689183485117228,0.027834502299946606,0.021986154620503046,0.036228830614058835,0.022073289611982575,0.03637240930086045,0.0220457914581023,0.036327098598071636,NİĞDE,ALTUNHİSAR,12004,-0.975
54988432B52253881676489,0.8135301679642691,0.8252536267225964,34.865122037317924,0.809227403377357,0.8216293689945595,0.7819799905810676,0.790594364635496,0.7478144211510662,0.7454474002352496,0.8081941547501297,0.8206907565971161,0.8097386737419155,0.8220870317581482,0.8094245629706741,0.8218263101944402,DÜZCE,CUMAYERİ,16162,-0.237
54988432B52278117237199,0.15495059369216466,0.22177049967973192,15.083873163817238,0.15054572414539244,0.2166747428655802,0.11397707699040766,0.1696468578801512,0.07393981628094863,0.11617695241911864,0.14805206401807666,0.21361240154997865,0.15149398442138595,0.21781735638784958,0.14989684901952666,0.2158761738737764,MANİSA,SOMA,110188,0.416
54988432B52458051755801,0.455188088086439,0.6656697087973397,51.284228173797004,0.4472149710554362,0.6585632175424755,0.3881600709108306,0.5853784898640977,0.3152885028061624,0.48339463887468037,0.44111658324090175,0.6521295206063669,0.44924565852087506,0.6605576743911095,0.4446667396948254,0.6559453088718121,DENİZLİ,ACIPAYAM,54769,0.052
54988432B52534848164203,0.2522708846386308,0.3203487120438042,21.66611544491593,0.2501192295468928,0.3179758109700395,0.20985552417003242,0.2729786764225792,0.15744642127321729,0.21321665731210507,0.24753320206147486,0.3150575371367732,0.25091087714678983,0.31885458395578864,0.2492573619947558,0.3169862322782445,UŞAK,SİVASLI,19193,-0.434
54988432B52559980919488,0.0039783793510434345,0.006555647778722378,0.5552186684867304,0.003960043572697775,0.006525433740799789,0.003594464485946944,0.005923025695579852,0.0031018021223309924,0.005111207453849849,0.0039427650366125324,0.006496961846414687,0.003965493854972765,0.006534414817699879,0.003955889488156578,0.006518588562727975,KARAMAN,SARIVELİLER,11594,-0.631
54988432B52670947871077,0.1930813380635176,0.2671912734165456,17.472066792611727,0.1909163252350984,0.2650798026777308,0.1701986296680481,0.23999920305680586,0.1409701388543745,0.20309864479980794,0.19088695337985576,0.26505591070188034,0.19103897891346755,0.26520702507078436,0.1914538795597664,0.2656515864223327,TEKİRDAĞ,KAPAKLI,152509,0.149
54988432B52977689381309,0.5592981856499986,0.921621993497985,77.45504011165565,0.5525111589357379,0.9104382041512493,0.3059854492658665,0.5042085366432032,0.04351175143806138,0.07169947646858602,0.5496880920777043,0.905786301870438,0.5538250134016762,0.9126031980724387,0.5535154319719029,0.9120930640119712,BOLU,YENİÇAĞA,6443,-0.091
54988432B53167672259322,0.0884259463794721,0.1457099255283365,10.67272401145509,0.08829250201190088,0.14549003340778702,0.08541771368977724,0.14075290353270759,0.08125327980427631,0.13389067161810644,0.08815057854237285,0.14525616926471172,0.08834015650610869,0.14556855937314464,0.0882530460619139,0.1454250171566792,IĞDIR,TUZLUCA,21525,-0.953
54988432B53179569886424,0.05296390409991613,0.0872749101148473,7.941754762466447,0.05275107120039977,0.08692420008902044,0.048436948325149574,0.07981530786212618,0.04254117582009482,0.070100143842768,0.05252724823957638,0.08655538043496606,0.05282323371318392,0.0870431108250005,0.05268836917926722,0.08682087852782963,VAN,BAŞKALE,37568,-1.13
54988432B53180025567005,0.4268815578329439,0.5019887790152403,28.017071483319356,0.4167550859924221,0.4927087005985624,0.28299665243848565,0.3561453300103623,0.09896549675292338,0.15701100622399597,0.4104777592890214,0.48656847132201936,0.4191085710333732,0.4949713553017033,0.41538985801466105,0.4913843360923089,İZMİR,BALÇOVA,75743,2.902
54988432B53191699702586,0.2875029143569448,0.47375267051544134,38.90420318382546,0.2870677186780304,0.47303554694977706,0.2758048755626269,0.4544764237650492,0.25486817846412485,0.4199765433573198,0.2868815864986193,0.47272883486909406,0.28711794343129804,0.4731183082360053,0.2871117266708833,0.4731080641421149,KIRIKKALE,DELİCE,10577,-0.567
54988432B53264158604699,0.07148461472488278,0.0899399112179679,4.022371029832379,0.06998274270631027,0.08876210370239176,0.06309133065194293,0.08259432720113748,0.05717834837157579,0.07674182031116929,0.06950185046953183,0.08836796205311638,0.07022532759145073,0.08895803866636993,0.06993388434289305,0.0887224006369682,BİNGÖL,GENÇ,31654,-0.646
54988432B53366813523086,0.04930004890812538,0.0812375411185187,5.515440607970682,0.0489391842956339,0.08064290167201173,0.04203558967024382,0.06926702954476768,0.0330503257533872,0.05446094389023445,0.048934559213860994,0.08063528037590706,0.04894126291744686,0.08064632686384701,0.04906912988889869,0.08085702844693017,ÇANKIRI,ŞABANÖZÜ,12493,-0.13
54988432B53536511485227,0.02846957148598427,0.046912691476824704,3.5231866746478286,0.028398322991618728,0.04679528687746132,0.02690736135448618,0.04433845245264343,0.024608879515093558,0.040550971160570055,0.028341275488078656,0.04670128293594026,0.028419418181031917,0.04683004792446457,0.02838785307590154,0.046778034354848896,MARDİN,SAVUR,23404,-1.187
54988432B53827515712980,0.06301808960533639,0.1038423847218588,8.606726792623146,0.06254097118073682,0.10305618007307553,0.053207262678964605,0.08767592092538092,0.040508740406839334,0.06675105881928715,0.06220112566548657,0.10249617628747006,0.0626611434918754,0.10325420225122028,0.06250079855537578,0.10298998287090465,KONYA,TUZLUKÇU,6052,-0.686
54988432B53845687770419,0.02672692270771439,0.043842893773396834,3.1305821091903026,0.02668585291252843,0.043776011765135264,0.025810064053902838,0.042346557582939516,0.02454974091275828,0.04028832961573893,0.02664234926759319,0.04370506411606379,0.02670048247277778,0.043799861194046844,0.026673750302103054,0.04375627736822456,IĞDIR,KARAKOYUNLU,12614,-1.008
54988432B53887880755760,0.17790684484112496,0.29315822079569576,19.80981416374947,0.1773768947744443,0.2922849591806218,0.16646816689587138,0.2743093536951627,0.151331709139815,0.2493672159776546,0.1769820780302722,0.2916343727775792,0.17752878726860344,0.2925352504686252,0.1773244207128459,0.29219849144212723,YOZGAT,ÇANDIR,4360,-0.246
54988432B53975105954432,0.20023832272002093,0.2741940786177399,14.88688817368255,0.1989621183145088,0.27285057863587964,0.1832421655927565,0.2541253373529433,0.16317038551406687,0.22953708497327568,0.19766568788433417,0.27137743791284186,0.1993621210677584,0.2732927380813126,0.19845688499328315,0.2722824677735342,TRABZON,VAKFIKEBİR,27278,0.268
54988432B54046828010394,0.727313233698255,0.9505332499935389,67.22402200965047,0.7163771842360044,0.9405362451523535,0.5864210904119603,0.8081763292253893,0.40038177123145785,0.5919043861403037,0.7124841036912187,0.9369763751108452,0.7182363414238614,0.9422355614692569,0.7168508458599306,0.9410608957468573,BİLECİK,PAZARYERİ,9671,-0.301
54988432B54174343653702,0.06036457079390987,0.09946986687803781,7.619212244404287,0.060160266677981196,0.09913321074105574,0.05590918472582132,0.09212819852432624,0.04943214880970439,0.08145521780290246,0.0598483764805439,0.09861927225012253,0.060239504688406637,0.09926378061416241,0.06003642580132772,0.09892914343215632,ÇORUM,MECİTÖZÜ,12911,-0.719
54988432B54271266334519,0.8610599824895889,0.9187879091271459,37.60828051254878,0.8526471569718734,0.9109910307831459,0.7150258738497116,0.7755601843567353,0.22320332351228678,0.35638520217734704,0.8544241044760177,0.91271226901374,0.8523415296890848,0.9106937154675647,0.8563708029946638,0.9145773661314421,İSTANBUL,ARNAVUTKÖY,358469,0.771
54988432B54371486123603,0.05200459701076436,0.0856941459812156,4.382397850745435,0.051913331450492414,0.08554375688689411,0.050184793799020674,0.08269544026964225,0.04770045709305071,0.07860170385815125,0.051844229466653256,0.08542988934765565,0.051939284085187304,0.08558652212293048,0.05190100528844605,0.08552344560692071,MARDİN,MAZIDAĞI,37381,-1.019
54988432B54408958625108,0.33391240552493007,0.3530399969536361,14.502518833390656,0.33052622273944665,0.35045596516861743,0.30659457019119596,0.33025325537115097,0.28028952655442907,0.3070408432279036,0.328223293472964,0.3486113750607172,0.33137785391073293,0.35112437560975335,0.32965102339467506,0.34976055921441435,SİNOP,MERKEZ,70311,0.917
54988432B54459736325466,1.0277508550997572,0.9790079130556627,42.53120999107081,1.0137733939990365,0.9680038172565373,0.7931328937434455,0.7903336068251203,0.5039846729467309,0.5465713311395068,0.9981495157846139,0.955621001674595,1.018554459358352,0.97178524950281,1.0081891258320477,0.9635860303342629,AFYONKARAHİSAR,İHSANİYE,27636,-0.592
54988432B54492076476235,0.5858560697787439,0.6289153394690994,30.98245017066514,0.5742558756971194,0.619409297549928,0.4577717442396498,0.5141097519331572,0.3153291599487724,0.37839062514338084,0.5547522150375016,0.602498744303099,0.57957083854279,0.6238730683844788,0.563859413508278,0.6104674023323442,MUĞLA,ORTACA,58704,0.884
54988432B54526822258807,2.465950863537609,2.717048851414409,135.26174945696383,2.461410226272033,2.709566719653058,2.379278768778901,2.5742305645862595,2.2598524729119616,2.3822362766283907,2.4591890693732887,2.7059066595125265,2.4625026102467578,2.711366768239933,2.4615639958266415,2.7098201037072656,KAYSERİ,PINARBAŞI,20598,-0.512
54988432B54547584341772,0.004940777733420783,0.008141505803051641,0.19781807902880638,0.004938438730729299,0.008137651550742886,0.004885681779812681,0.008050717661947699,0.00480558629080936,0.007918734819629606,0.004934634877486574,0.008131383490344197,0.004939378458738677,0.00813920005210329,0.004936932342371347,0.008135169295879457,YOZGAT,AYDINCIK,9317,-0.928
54988432B54701256478195,0.945400819701766,1.033423615120042,59.050322998848685,0.9314463135937302,1.0220014327776614,0.7331621745648248,0.833371724988995,0.32489668987172,0.4303379050697585,0.9327066259998089,1.0231064447588982,0.9315956585401793,1.0221190409283383,0.9361320884187985,1.0260049309754475,KOCAELİ,DİLOVASI,55355,0.665
54988432B54705083603952,0.04723347912769345,0.07783220884744957,5.822451822332814,0.047121363676857944,0.07764746291414948,0.0450428828125357,0.0742225033366428,0.04213379780637892,0.06942885874522786,0.04704376072290223,0.0775195873176233,0.04715769627866802,0.07770733245381241,0.047110628546376536,0.07762977336569647,KARS,SELİM,20476,-0.977
54988432B54940394851011,0.513142859929692,0.41477223691109194,10.772017012512128,0.5128822496362556,0.41445985191554646,0.4960291568730611,0.39974097396697306,0.4386671664403573,0.354499780894644,0.5126538870236026,0.4142036259815265,0.5129611493866512,0.4145515172960021,0.5128521668987921,0.4144253828045975,DİYARBAKIR,EĞİL,21674,-1.166
54988432B54960387029794,0.006503758965664905,0.010717015461440193,0.817271870177411,0.006467578122419441,0.010657395992373668,0.005761985702261484,0.009494707627655845,0.004829496169767855,0.007958133964621318,0.006441379497254315,0.010614225408647334,0.0064767871554052055,0.010672570808878155,0.006464317243797443,0.010652022655693401,GAZİANTEP,KARKAMIŞ,9087,-0.837
54988432B55011186911160,0.8314767403533693,0.892846015873147,42.01071795816171,0.8196750133029308,0.8831364181141078,0.697546838578822,0.7724807813702618,0.5330863473701287,0.6192843270081618,0.8105985623360785,0.8752421421380263,0.823507228847837,0.8863993917257202,0.8164984628592785,0.8803946482699573,ANTALYA,AKSU,87070,0.476
54988432B55013104325920,0.29151876905070795,0.3654251401960154,24.86892536726637,0.2885599055119548,0.3625480750514062,0.2369859208951413,0.3123173820527998,0.16148279845951732,0.2297434837820533,0.28681536887504755,0.36090579815752444,0.28929129009478033,0.3632396042765678,0.2884745877788915,0.36247103440744294,BİLECİK,SÖĞÜT,18284,0.102
54988432B55023919833047,0.12656131173301238,0.14929679228273804,9.82188899638881,0.12501218278676943,0.1476147305954547,0.09688279971334032,0.11677589521118285,0.06182001221034257,0.07799647146957427,0.1239208154438085,0.14642640301131996,0.12540022069219808,0.14803673849207516,0.12488174015562584,0.14747224974086257,KONYA,AKŞEHİR,93613,0.372
54988432B55107269659829,0.2694930145744261,0.350681155994,24.109829737277312,0.2652758638935653,0.34685722747673076,0.20071592351314818,0.27408899857542857,0.06574627084506102,0.10833793270912202,0.26290723113112763,0.3444719204326964,0.26618070393433935,0.34774080340522034,0.264756464348722,0.3463417428908531,İZMİR,TORBALI,224133,0.927
54988432B55138126050611,0.25732201513135944,0.37975108745184233,23.06964145234071,0.25587962242103746,0.3781535605964967,0.23735218186941143,0.35384314831448166,0.21154906596792697,0.3193551304028837,0.2544327045088124,0.3763474351521651,0.2563249064463321,0.37868766135242254,0.2553162200763449,0.3774596531168431,TRABZON,DÜZKÖY,13105,-0.616
54988432B55145438477707,0.0003644868841480499,0.0006006082933775304,0.04253900299088253,0.0003637854667424103,0.0005994524846796916,0.00034901596849129545,0.000575115029686273,0.00032807840909799147,0.0005406137283730684,0.00036330073815601173,0.0005986537398641993,0.0003639859425482004,0.0005997828324557454,0.00036374142143319205,0.0005993799059967503,BİNGÖL,KİĞI,4487,-0.517
54988432B55187358367890,0.8151267228788983,0.5899604584372787,9.003903781751276,0.8004878981344917,0.579369706216516,0.5514994147596807,0.3992372101806507,0.2526974177158958,0.18306165918039713,0.7914657651697624,0.5728434004577799,0.8042413650163518,0.5820849383101869,0.7999466127199176,0.5789786249197607,BİLECİK,İNHİSAR,2079,-0.43
54988432B55191393233977,0.012163499337805962,0.020043241325004606,1.0757913801234846,0.012136451685926553,0.019998671699205498,0.011573100026279603,0.0190703703155691,0.010727120694983178,0.017676349777380886,0.012094466927629029,0.019929488430545823,0.0121470279181462,0.020016099412135842,0.012119692253756429,0.019971055193944407,ÇORUM,ORTAKÖY,6491,-0.697
54988432B55246961354568,0.37060600166979035,0.4570192403421466,26.42637497857533,0.36753362893847685,0.4542432388403868,0.3384124445910763,0.42257567658162853,0.3013044189063963,0.38110951194795084,0.3648540019859074,0.4515306934885081,0.36843996358083886,0.45512006032664487,0.366447824212544,0.4531613285656469,RİZE,MERKEZ,153597,1.079
54988432B55251089321769,0.21292795604130407,0.3212762088173896,22.79758554286276,0.21220886650088722,0.32010139938960624,0.1958815400943134,0.2956312507566897,0.16568937462654051,0.25269256807470686,0.212246133283377,0.3201616175994947,0.21224049827446625,0.32015269481627284,0.21247630973958184,0.32053584322766304,SAKARYA,AKYAZI,99561,0.153
54988432B5550622380583,0.31024295710372174,0.2680926969492477,9.443106897354518,0.2898213329647182,0.25307799496811595,0.203837382767417,0.18594019217434846,0.1357851876881667,0.12971491324544407,0.28873591659171566,0.25226798385978466,0.29103657944737205,0.25398384313507966,0.29331714199258896,0.2556808991730341,ESKİŞEHİR,MİHALIÇÇIK,7605,-0.552
54988432B55561929668739,0.4406313474938459,0.5343001662496518,31.06796247414531,0.43217714325944845,0.5273226858170634,0.3668509706892111,0.4632547120456108,0.29293741866818973,0.3845672647301897,0.42652745210956505,0.5222481762756904,0.434181819343028,0.5290665758965156,0.4301869302465092,0.5255585955990927,SAMSUN,TEKKEKÖY,59356,0.65
54988432B55663903529384,0.029191918041071754,0.04810298761791167,3.4948272663209896,0.029112242341467195,0.047971696512403135,0.02745286984594902,0.04523735153057943,0.025126904159273284,0.0414045818417761,0.029001309851061544,0.047788899883387546,0.02914468784851312,0.04802516082473409,0.02907180974567793,0.04790507092610646,ERZİNCAN,OTLUKBELİ,2123,-0.508
54988432B55699950689124,1.1805075090554251,1.7493551568753818,138.75049453161353,1.1716152496560155,1.741068200914161,1.050952420589397,1.593328530206871,0.8219760999787352,1.2768403916913367,1.1651295681485676,1.7342184206966749,1.1738924445766765,1.743369483420289,1.1696159639630046,1.7389967580634484,BALIKESİR,KARESİ,189444,1.108
54988432B55782833722779,0.0690156107919191,0.09064898358769007,6.698737977416258,0.06844169594893836,0.0899465338019984,0.05757318712447678,0.0765448901264048,0.04357291360236935,0.05917208408315915,0.06796679009587868,0.08936430589456253,0.06859714602169463,0.09013695887578321,0.06835052440355933,0.08983482696784201,KAHRAMANMARAŞ,AFŞİN,80124,-0.307
54988432B55907978535703,0.17235565664707106,0.28251511094162995,22.15057831927087,0.17188971415253618,0.2817780417711139,0.1629424973920595,0.267227000474218,0.15046731941226144,0.24686691627005444,0.17121511560899236,0.28068915913421166,0.17209240272261914,0.28210309227411207,0.17162486514063813,0.28135137142402356,ARTVİN,BORÇKA,21628,-0.29
54988432B5616470788648,0.21830092267442525,0.35972033648533214,32.7009499327211,0.217151151776914,0.3578257225319563,0.194351574172448,0.3202561528429007,0.16380124723828363,0.26991475368681744,0.21611903590317535,0.35612498272360094,0.21756312147296786,0.35850457388938856,0.21692232534626985,0.3574486580669068,ERZURUM,PAZARYOLU,3537,-0.612
54988432B56207670393992,0.09471426569391324,0.09441296420968423,4.006734537321671,0.0946114919802395,0.09425159504451928,0.08999579851565533,0.0891483831165375,0.0788671364819528,0.07868400678883139,0.09442972325323633,0.09399084806171394,0.09465366995526069,0.09431613474902449,0.09454560021651606,0.09415429711942884,AMASYA,GÖYNÜCEK,10823,-0.798
54988432B56214767138280,0.2573166399702651,0.4240111639446717,35.853327071787255,0.2560327416599671,0.4218955323360864,0.23505759949554406,0.38733230143088854,0.20602073830533882,0.3394848193870472,0.25516600066550216,0.42046730034166857,0.2563456256112359,0.4224111083531385,0.25589612720881844,0.4216704164926265,ÇANKIRI,KORGUN,4239,-0.606
54988432B56294268584472,0.094618098666956,0.15591346968716788,12.60002642195347,0.09415157357059777,0.15514472092245862,0.08491552276863233,0.13992538395596468,0.07254918292938718,0.11954789826526226,0.09389344041245397,0.15471936428462169,0.0942647999014371,0.15533129738457133,0.09416077736307814,0.15515988710356055,AKSARAY,SULTANHANI,12811,-0.667
54988432B56298915275499,0.016386753720815484,0.02700239875369338,2.4580100583318907,0.016291069863694614,0.02684472910732607,0.014410420849879705,0.023745760546990416,0.011910805531924288,0.019626847753388414,0.01616228568048765,0.02663251612558669,0.01632761966863316,0.026904956558359686,0.01624458909576937,0.026768137230052596,SİVAS,ALTINYAYLA,8245,-0.664
54988432B56342138183442,0.09349674188846205,0.15250545667331938,10.98235572113316,0.09321025726035866,0.15203348511653297,0.08749919134219811,0.14265791237242081,0.07940811916899854,0.12945786470004916,0.0930014272210443,0.15168957521361726,0.09328394950267456,0.15215486995683675,0.09318202262726766,0.15198698145777376,OSMANİYE,BAHÇE,22989,-0.302
54988432B56417495854630,0.02456190949752672,0.04047357308860193,3.042372518843887,0.02443043865120246,0.040256932973212645,0.021757181506635727,0.035851889935490204,0.017747451309906882,0.02924458164786619,0.024336010972869603,0.040101333281707514,0.024463690027772444,0.04031172521239247,0.02441878597822017,0.040237731481094385,KARAMAN,AYRANCI,7127,-0.683
54988432B56455899662396,0.19123920171813127,0.22570221076887514,14.12081684118532,0.18987229870270153,0.2243532320557882,0.16311958897614715,0.1970892920763186,0.1267415588046989,0.15848525971644456,0.1882417409168209,0.222736783125621,0.19035467359418495,0.2248298033403664,0.1893374907255993,0.2238241100200207,SAMSUN,SALIPAZARI,19406,-0.73
54988432B56795021168307,0.19608179257469902,0.32301901462945165,26.688781634488606,0.19538125705391438,0.3218652467696745,0.181730545458328,0.299382761660156,0.16220426566587726,0.26722200236325033,0.1941678429294381,0.31986681525605215,0.19568332254880433,0.3223627345711049,0.1948575303683986,0.32100269562865175,KASTAMONU,DEVREKANİ,12033,-0.416
54988432B56881334411640,0.0,0.0,0.0,0.0,0.0,0.0,0.0,0.0,0.0,0.0,0.0,0.0,0.0,0.0,0.0,TUNCELİ,ÇEMİŞGEZEK,7505,-0.427
54988432B5693993852815,0.021028257561287754,0.03465075544791935,2.384677852985683,0.02089452110863852,0.0344303820241245,0.019254752130593383,0.03172834008442862,0.017171858059872803,0.02829610834301561,0.020825157481587933,0.03431608334431685,0.020922365353909567,0.034476264291388295,0.02088646011276583,0.03441709896461103,OSMANİYE,KADİRLİ,127644,0.157
54988432B57432661063863,0.12275333252806572,0.16943055587621944,11.162957404885057,0.12142614948214292,0.1681639155948361,0.10768170213566006,0.15196055468112624,0.09037435327958682,0.13036183647705915,0.12087734620056657,0.16757812810289616,0.12166611345935245,0.16841352708037025,0.12140349254987033,0.1681401108836381,ŞANLIURFA,HALİLİYE,395975,0.096
54988432B57597376033780,1.0174145974070727,1.1773846148880096,57.4108646256613,1.0080702023793224,1.169133542217731,0.9305295165665054,1.0906895428258976,0.8310406667388553,0.9884225219776861,1.004143728060908,1.165416804029555,1.009955332685433,1.1708820490609309,1.0075604135525538,1.168656349225598,NEVŞEHİR,MERKEZ,163126,1.082
54988432B57660440186005,0.0065801342284373685,0.010842868045511222,0.771647425811272,0.006559724643190096,0.01080923674985415,0.0061391192735358755,0.010116155368218385,0.005555027401310767,0.009153677875035626,0.006539911550285519,0.010776588365417042,0.006566047822329414,0.010819656202505959,0.006554791583445734,0.010801107961897583,MALATYA,PÜTÜRGE,12372,-1.097
54988432B57830407060109,2.2550064044199856e-06,3.7158416585546014e-06,0.0003382509606629978,2.2548396801507574e-06,3.715566927190702e-06,2.197847567436739e-06,3.6216542597070546e-06,2.0063515445007235e-06,3.306103537510237e-06,2.254505943352443e-06,3.715016989462925e-06,2.2549202629506033e-06,3.715699713032926e-06,2.2548035919346805e-06,3.7155074603544145e-06,DİYARBAKIR,HAZRO,16024,-1.285
54988432B57845000399714,0.23858405824952833,0.31601619303808576,23.06619405627219,0.23750578222988947,0.31500871335006764,0.21338145407387626,0.2895953951639158,0.17453431116779689,0.24379649361748426,0.23614103038474704,0.3136574443187882,0.23795126026649321,0.31542346515479547,0.23704419703438484,0.3145389590749495,BURDUR,GÖLHİSAR,23969,0.074
54988432B57864735744186,0.46816916002264847,0.6692449254515673,49.0548108230687,0.46405545937518766,0.6646012111886098,0.389562234247996,0.5684310190304567,0.24579865019551142,0.37867552923631725,0.4610595940133008,0.660891190935067,0.4651008244553079,0.6658652479193753,0.4633372918196623,0.6637234259713025,MANİSA,ŞEHZADELER,168582,0.797
54988432B58047018778260,0.24610547256199325,0.2378836866539994,9.992280116358744,0.24099388748056808,0.23392633310917335,0.21118666496069538,0.20877420397634924,0.18166836622243643,0.1827172205395849,0.2373415051607597,0.23098548219604126,0.24245391786204903,0.23507880438684373,0.2394183101850009,0.23266693970951796,ARTVİN,ARHAVİ,22025,0.222
54988432B58079099572479,0.6006725155864651,0.6556362731091216,31.3317583915469,0.5895501387454457,0.6457698256148368,0.44873581479971836,0.5065284065445691,0.15938877008356117,0.2354644996818434,0.59169729975645,0.6477784515767061,0.58918553232608,0.6454264924330377,0.5941179537997228,0.650008396136919,İSTANBUL,KÜÇÜKÇEKMECE,785270,2.161
54988432B58223508141681,0.7981138318879654,0.9244945972701271,50.49026491814382,0.7824862560833012,0.9106058916245139,0.5806140959339593,0.7088026377274587,0.2343657327513983,0.35509615877337397,0.7871202642211763,0.914902543007117,0.780954696703892,0.9091716836860733,0.7901191482306886,0.9176362730867846,ANKARA,YENİMAHALLE,721531,4.481
54988432B58240098893835,0.34802269248156575,0.4092941021052777,26.674114771325,0.344470761978235,0.405481729625882,0.2787143155917058,0.33423358685900256,0.19513890863333724,0.24269885023743215,0.34001516618146466,0.4006879122049264,0.3458520365461581,0.4069656395492942,0.34292386783270595,0.4038185098277414,EDİRNE,ENEZ,10399,-0.284
54988432B58451955584879,0.05049316637404575,0.08320358235668378,6.6332476739556325,0.05034953091346186,0.08296689716278048,0.04691835924782029,0.0773129484254941,0.04118056144517057,0.06785809807045359,0.05011596182942121,0.08258201766490963,0.05040709750559919,0.08306175646818449,0.050257110849133375,0.08281460565511782,ÇORUM,OĞUZLAR,4610,-0.82
54988432B58494916258206,0.07665221661288482,0.1263089537805413,9.20958608375679,0.07647382192721291,0.1260149916865157,0.07275447838043193,0.11988618794275882,0.06737153778374924,0.11101607791758437,0.07644389542182545,0.1259656782321522,0.07649403383174587,0.12604829724020067,0.07652101488410831,0.12609275712207216,KIRKLARELİ,KOFÇAZ,2291,-0.677
54988432B58500670466408,0.30190886183249416,0.49749105975268365,44.425099786674515,0.3010603568825667,0.496092877452957,0.28196048723724293,0.4646197556197125,0.2476905734381112,0.40814915177562167,0.3000414106340966,0.49441383879902145,0.30141584707585833,0.49667866083115536,0.3007332341409483,0.49555383849130086,BURDUR,ÇELTİKÇİ,4914,-0.528
54988432B58587024435654,0.08046006283047678,0.1324700387056229,10.183934482404172,0.08020800045951315,0.13206064701345716,0.07511217593121029,0.12368836628462587,0.06804091608513993,0.11205537559454812,0.07986217238902672,0.13149419510111776,0.08030954670216929,0.13222657305043803,0.08008141501614113,0.13185347051338608,ERZİNCAN,ÇAYIRLI,7491,-0.543
54988432B58590356155974,0.2817689652899378,0.28020848920062963,14.090598702616777,0.278039682205946,0.27728573354681,0.2096722940345292,0.22077060965696085,0.11853415230737346,0.13815787836336543,0.2757822506355196,0.2755849023015726,0.27898344243092604,0.27800333922963505,0.27795621162231104,0.27726904801022706,BİLECİK,GÖLPAZARI,10049,-0.446
54988432B58678972551568,0.23430374588426472,0.2643924757559665,16.09366970899722,0.23397374063544943,0.26390344190102427,0.22354624770261994,0.2511511497380986,0.20480990978804767,0.2302872889350196,0.2334587839698815,0.26318825235179544,0.2341170155115888,0.2641107101302267,0.23379462191967254,0.2636504874662352,BARTIN,ULUS,22876,-0.576
54988432B58741997056063,0.0348136972959728,0.05736666044368017,4.143887792588413,0.03469055373690888,0.057163742187725096,0.031979379907712706,0.05269621932909209,0.027407631031097893,0.04516280616677116,0.034536571633852126,0.05691000760316312,0.03473809923941222,0.05724208855451703,0.034639412795660844,0.05707947118983584,AYDIN,BOZDOĞAN,31624,-0.514
54988432B5885906722527,0.5047651220227705,0.5467476043190105,26.10258554314185,0.4955100592462892,0.5383921295766719,0.3644053433528653,0.41049706611291276,0.1382006074136438,0.19476971352047437,0.4974068706853155,0.5401785394341236,0.4951857950892729,0.5380852208655048,0.49951066303911007,0.5421366671465763,İSTANBUL,BEYLİKDÜZÜ,422988,2.503
54988432B58902751390248,0.2647804054497174,0.3635406748392468,22.150114081612642,0.26352318119120477,0.3623492458064937,0.24094893990624588,0.3383798730405845,0.207326785804995,0.29949640570366737,0.26292982067765497,0.3617666666549364,0.26381682482722013,0.36263505427922627,0.2635653085271667,0.36239036547122094,KAYSERİ,DEVELİ,67818,-0.139
54988432B59053260264390,0.06920075901326053,0.1140224805435087,8.12119544244482,0.06691861078856755,0.11026192012184426,0.05747580657815972,0.09470238164086843,0.04974345940613575,0.08196192255474245,0.06564675857781907,0.10816615027704157,0.06741845353899659,0.11108556757391355,0.0664000326323014,0.10940740047714959,SİVAS,KOYULHİSAR,11782,-0.748
54988432B5911690801414,0.0003371090236121141,0.0005554945435885605,0.04026737348736034,0.00033550926080925636,0.0005528584245713315,0.00030693361828115404,0.0005057709472507519,0.00026886298203655703,0.0004430374419941501,0.00033441953935251905,0.0005510627612077025,0.00033591376295555005,0.0005535249707608352,0.0003353676063841231,0.0005526250037646332,ADANA,SAİMBEYLİ,13133,-0.946
54988432B59251116366587,0.03959608349972464,0.06524716572666568,4.753592786125757,0.039520113159675636,0.06512198038181907,0.03790356518208923,0.06245820244026028,0.03559022141544101,0.05864623138695408,0.039438116001161656,0.06498686393297347,0.039547097247068876,0.06516644526487098,0.03949679581055084,0.06508355761855102,AĞRI,DİYADİN,35439,-1.147
54988432B59259344726572,0.012000256583716184,0.019774246866756055,1.611933230089834,0.011981614332119372,0.01974352781648776,0.011586461925045258,0.019092388301847764,0.010953942924615366,0.018050111682580583,0.011955597210985472,0.019700656318493114,0.011989213480399755,0.019756049834915045,0.011972098896630878,0.01972784810421815,ERZİNCAN,KEMAH,6419,-0.604
54988432B59291188352966,0.17957978081954684,0.246706917928617,16.16373480951205,0.1790401279652124,0.2460469801022687,0.1679729211346841,0.2323988114739149,0.1526606073420216,0.21337114700058907,0.17852127831676604,0.24541123654343666,0.17921696278065233,0.24626343135720358,0.17891259199943185,0.24589081683975098,BİTLİS,MERKEZ,74904,-0.046
54988432B59383828552044,0.00012047533471444013,0.0001985215060510533,0.014667764931131687,0.00012019402005488201,0.0001980579505023421,0.00011430809950101941,0.00018835902071211334,0.0001060133852399383,0.00017469083567427094,0.00011990777438570595,0.00019758626954391082,0.00012029434970004057,0.00019822327556498376,0.00012011819132732828,0.00019793299850920935,ERZURUM,KARAYAZI,22570,-1.274
54988432B59635057977952,0.670277903442717,0.8306300263347175,56.57685140294036,0.6579469064301241,0.820757389684267,0.4817142438720022,0.6429871951395638,0.1708505073536033,0.2770476514130387,0.6614607467757369,0.8236801816200074,0.6567864877790769,0.8197790662856134,0.6637524923421241,0.8255495682357473,ANKARA,KAHRAMANKAZAN,63143,1.538
54988432B59840106930143,0.04495720213288406,0.07408131711288805,5.033002286811009,0.044817756561380505,0.07385153609644468,0.04197483227069172,0.06916691236732701,0.03806390756883932,0.06272241761905102,0.0447119996352458,0.07367726785887263,0.04485462279656606,0.0739122849671477,0.044802685854702526,0.07382670230458135,HATAY,KUMLU,16242,-0.951
54988432B59996123139029,0.4249380468831555,0.580158107254963,39.3078380046238,0.42299199085159456,0.5781058102811769,0.3840337175087017,0.5355182064113592,0.3272458104517475,0.4694809260124239,0.4219719789790382,0.5770255827308879,0.4234887518178457,0.5786307409192435,0.42306224205485865,0.5781792426523574,KAYSERİ,YEŞİLHİSAR,15409,-0.209
54988432B60002286024348,0.15624203464806052,0.2558598354640168,23.169969725383723,0.15543760610334956,0.2546119791571744,0.14066969806344937,0.2305879288209925,0.12090457237993017,0.19825167387451542,0.15407416034165186,0.25242001098433264,0.15578069993464566,0.2551571104882176,0.15484715756623457,0.2536658435721896,KASTAMONU,AZDAVAY,7266,-0.453
54988432B6005336917049,0.12640232758108824,0.20758868891666835,15.679337020872232,0.12597222836274968,0.2069226928369001,0.11816951536803437,0.19423615444438772,0.10705939210349233,0.17605687421048002,0.12543288506055625,0.20605839074323376,0.12612556953240536,0.20716585859261175,0.12577269475282643,0.20660417233292125,GİRESUN,GÖRELE,31536,-0.045
54988432B60131084551001,0.5382829058406476,0.6194692698353491,34.143012286790054,0.5338385947989656,0.6156681009795812,0.48926653175106083,0.5716130943083634,0.4311694129282193,0.5122887523689641,0.530518615999118,0.6125872211282958,0.5350819837958157,0.616788313670356,0.5327051144445994,0.6146282595352561,KARABÜK,SAFRANBOLU,69592,0.662
54988432B60280442746441,0.25289580333509676,0.31753233467997083,20.286409979848766,0.24779198453572984,0.3131298281347439,0.19477891518345708,0.2584934258272348,0.1263817214661535,0.18014684335259032,0.24565785725864947,0.31119875348420406,0.24875473894070071,0.31399149622411493,0.24770247695021905,0.3130825558810301,BİLECİK,MERKEZ,82863,0.821
54988432B60297346715567,0.5066402452872046,0.6108577826873487,33.07900288591918,0.49790838224133366,0.6025486212585434,0.37615767308775777,0.47337505437520266,0.16947995340827188,0.25530047708380543,0.49965082337397554,0.6043078522604345,0.49761117108704983,0.6022464504289002,0.5015954691691964,0.6062389345112689,İSTANBUL,BAĞCILAR,707635,2.346
54988432B60464897415028,0.37111651161883386,0.4410719034852122,26.446741667977086,0.3685108962643791,0.43810516400103405,0.30827211477683836,0.37269400576402306,0.21416648845460248,0.2741020975530598,0.3652923142189982,0.4346068126927553,0.3694534905652412,0.43914693470706345,0.36745976053777146,0.4369987060714923,AFYONKARAHİSAR,EMİRDAĞ,43350,-0.183
54988432B60562394154320,0.029733249255476317,0.04899500330071315,4.032472381541158,0.029615163083316336,0.04880041870132964,0.027028506535007525,0.044538077743122406,0.022968135755277598,0.03784732295727114,0.029472408653632085,0.04856518528659334,0.029656842076890285,0.0488690981251686,0.029568543372393983,0.04872359787119122,SAMSUN,AYVACIK,18557,-0.784
54988432B60654827640333,2.1777749855659185e-07,3.5885782845062093e-07,2.6133299826791018e-05,2.17376234667716e-07,3.5819661832215467e-07,2.0881736471422155e-07,3.4409315260205355e-07,1.965407596886447e-07,3.2386353361283717e-07,2.168853019009976e-07,3.5738765014248746e-07,2.1752506054484078e-07,3.584418563813493e-07,2.172166632446306e-07,3.579336735516862e-07,DİYARBAKIR,KULP,33973,-1.102
54988432B60755496163753,0.32653120330335433,0.45916807696861667,34.54891705697011,0.3254742121337308,0.4574925396044374,0.2998083915845356,0.42052142339478993,0.260497685164948,0.36699916900147334,0.32342833044416736,0.45435769806452475,0.3259558304362672,0.45824757419891643,0.3246078433789548,0.45615359735061034,KASTAMONU,BOZKURT,9250,-0.225
54988432B60759999719935,3.5000035640077107e-06,5.767371224639422e-06,0.00041017318271784065,3.4931740565617935e-06,5.756117434749864e-06,3.3499095634391078e-06,5.520043527955834e-06,3.1463692401179674e-06,5.184645982693915e-06,3.4859347331377246e-06,5.744188342439448e-06,3.495498026947291e-06,5.75994691654413e-06,3.4911488265237457e-06,5.752780222878188e-06,ŞIRNAK,ULUDERE,45988,-0.81
54988432B60831632759044,0.15707344798035622,0.19657606711349054,12.082463140416436,0.15194882483425673,0.19239880036162893,0.12488332317402424,0.16486857353498746,0.09935114920779932,0.1355978386575199,0.14785669713930205,0.18870682594127958,0.1535062384897967,0.19373051028141292,0.1499753327804664,0.19065478720860707,ÇANAKKALE,YENİCE,29636,-0.404
54988432B60901714548003,0.3262818913697446,0.33075945000045187,14.711334629189238,0.3235032649293088,0.3284794113174136,0.2885953939850882,0.2976650700004604,0.24006699554952432,0.25434997505306123,0.32201290772187,0.32720117663986564,0.3241109659551165,0.32899493922509826,0.3232874262817878,0.32829536142285093,DİYARBAKIR,SUR,97961,0.124
54988432B61004264745956,0.1688928475713874,0.25015387727238575,18.158817297093233,0.16730835444776748,0.24859505422107478,0.15087545378557993,0.2280810316025024,0.12850864623587957,0.1977853686667283,0.1665523568079041,0.24775242102188913,0.16759876048654068,0.24890870723594674,0.1672084550393504,0.24848508996025642,GAZİANTEP,ŞEHİTKAMİL,905880,2.375
54988432B61123808131498,0.45092971213537814,0.6455925049350062,47.79201629585869,0.44538993867070825,0.6406015276619944,0.3931106757773262,0.578932724700905,0.31500272643349714,0.4750531907208897,0.4368226006946857,0.6316055692604187,0.44783404889284867,0.6429530366711078,0.4407921137087839,0.6358874431567733,MUĞLA,YATAĞAN,45024,0.17
54988432B61168253276741,0.747696498258764,1.1813731296542085,94.55072256688355,0.7405491706310087,1.1739247188930237,0.6692458612053257,1.0740467341982558,0.5561112266098622,0.9010336024677611,0.7355641659824866,1.1678380847615355,0.7424416299459702,1.176105913863513,0.7388820314591751,1.171936940459781,AYDIN,SÖKE,123843,0.821
54988432B6129080988703,0.3424800919044053,0.45297306637720364,28.492765039880798,0.3369733542768674,0.4470144918220681,0.2443372427707925,0.33861585777247727,0.10212841518536443,0.1662341462957546,0.33315996713577495,0.44262668513195286,0.338353303164046,0.44858150646626316,0.3361586925856183,0.44608270481561,İZMİR,KARABAĞLAR,467572,1.078
54988432B61533400869276,0.31988068274187786,0.42801540224831913,28.780216299734413,0.3176382507194948,0.4256634963457318,0.2890257929175827,0.3904827217953809,0.24844445179186594,0.33727658403302074,0.3175913032382876,0.42561308719884694,0.3177901344729264,0.42583208297608394,0.3182621725384557,0.42635625072151595,TEKİRDAĞ,ERGENE,68648,0.687
54988432B61600421901359,0.8748781198821226,0.7735703415150739,25.975875537556817,0.8687228252941175,0.768621228899211,0.7504793140611897,0.6729294203304752,0.5960500090838741,0.5471848504990071,0.8621013773947495,0.7632875479900922,0.8709419536691827,0.7704068626288603,0.8667749592829007,0.7670524992005242,KÜTAHYA,ŞAPHANE,5540,-0.516
54988432B61684087584661,0.9372476542974046,1.2069030431435785,84.51933398696568,0.9304522634511881,1.2007775293464504,0.8054125102938668,1.084715012799642,0.6018412248321886,0.8593728516058714,0.9221816006540771,1.1935729810174092,0.9329320213124824,1.202951264507818,0.9275133687365401,1.1982142612750317,AFYONKARAHİSAR,SİNANPAŞA,38292,-0.627
54988432B61723076415933,0.23962873558234288,0.3577232895896784,29.564368161002527,0.23638984489766107,0.3545923547257629,0.20984269483659448,0.31967214389900417,0.17925192769591966,0.2758826156635933,0.23318055313354832,0.3508584501308674,0.23738808629192082,0.3556629867496211,0.2349079043687624,0.35291183756181377,KASTAMONU,AĞLI,3176,-0.503
54988432B61743790309044,0.1914273666217328,0.23098113339546722,12.338855699158334,0.1858505657833266,0.22648174516159816,0.1246641108309844,0.16765973135063295,0.05293713018721031,0.08722947180517748,0.18252001719352356,0.22364052310841778,0.187122714034061,0.22754591564758525,0.1851170672864469,0.22586104788271338,İZMİR,TİRE,87571,0.5
54988432B61783843665987,0.23603857063863454,0.31450757578666294,19.112538604276892,0.23397682489457147,0.3125628315470151,0.21557868941330138,0.2906778404571961,0.19148516681530642,0.26091394245628147,0.2330859408871755,0.31161505258351696,0.234354585189093,0.31295197246987655,0.23387313552371272,0.3124531941669136,ADANA,YÜREĞİR,396572,0.596
54988432B62220540436660,0.1797665615222357,0.296222696667354,23.045569168937746,0.17882697481546855,0.29467442814803374,0.16298772993983301,0.2685742246924818,0.13966272618228506,0.23013884797765055,0.17787247321595867,0.29310158258996166,0.17913714028541836,0.2951855246008088,0.17851657248732103,0.29416294139589744,EDİRNE,SÜLOĞLU,6101,-0.285
54988432B62353974928440,0.023650822117055735,0.038972266291290074,3.188018210600172,0.023572787250620397,0.038843678981315334,0.021971455917951015,0.03620497531137515,0.0197572266845998,0.03255632703669668,0.023490449344441774,0.0387080010421055,0.02359928499385561,0.038887342457382686,0.023549726602158184,0.03880567921419219,VAN,ERCİŞ,169040,-0.715
54988432B62375906766923,0.360859741664264,0.45171481704103816,29.539712566136153,0.3555801014043529,0.446979465259596,0.3058083427468233,0.3927096211934718,0.2478820021777294,0.3262093823009936,0.35119785944356063,0.4425716145911977,0.35703485304035676,0.4483822834179495,0.35390775823600307,0.4453234293940378,SİVAS,KANGAL,19406,-0.472
54988432B62800627366200,0.2527713492018775,0.416521348947112,35.192282379655744,0.25187641389248294,0.41504665783411027,0.22719142554369803,0.3743702731162839,0.18195764714249818,0.29983320846424866,0.2506575226524597,0.41303814608973205,0.2522342102149156,0.4156362412949675,0.25146835676007173,0.4143742536721035,AYDIN,KARPUZLU,10352,-0.693
54988432B6281772994077,0.018211061585270343,0.0300085273161148,2.185766488709266,0.018176183356165155,0.029951054318950964,0.017433857379848563,0.02872783571450806,0.016371347451393146,0.026977012015274263,0.018138536449075583,0.02988901904250785,0.018188572878061113,0.029971470004467562,0.01816547802602698,0.029933413876059956,AĞRI,PATNOS,105968,-1.05
54988432B62899385202427,0.29816413610542797,0.2929826431118434,13.176272582683412,0.2971786373600704,0.29204201165435456,0.27904385369171386,0.27421842043655936,0.24744043708812732,0.2446026013135976,0.29721084235144946,0.2920727252970254,0.29722999330004324,0.2920936234018906,0.297514789074372,0.292373933843352,KIRKLARELİ,VİZE,28769,-0.032
54988432B62918956167575,0.26671196444072887,0.43204211607994764,37.30408339200669,0.265422912348616,0.43043316563709727,0.23697385322547118,0.38580289666306455,0.18075793755849842,0.2949701667430204,0.2643062324819997,0.4286367295949916,0.26574842867677567,0.4309348920538614,0.2651465513594069,0.4298989451802513,AFYONKARAHİSAR,BAYAT,7580,-0.62
54988432B63047019861929,0.11975417190713927,0.197333160511672,15.00674778475911,0.11939534945287951,0.19674188617163027,0.11243028684687773,0.18526472595820767,0.10281083682421994,0.16941361659704834,0.11888782309519534,0.19590557476293496,0.11954013661643474,0.19698046916319428,0.11920099230607767,0.1964216208361046,RİZE,HEMŞİN,2299,-0.27
54988432B63110195465705,0.08716861664604969,0.1436380741168137,10.845413415483087,0.08688074254912655,0.14316370980473503,0.08096493342154037,0.13341552906464693,0.07276728953401126,0.1199072984008359,0.08646641782980016,0.1424809777959814,0.08699264788225773,0.1433481095021586,0.08672554505516554,0.1429079724763473,AMASYA,TAŞOVA,30034,-0.49
54988432B6320038983636,0.08500575461047914,0.13975665273950985,12.243581913976284,0.0844427314526361,0.13883279641756782,0.07293884504908316,0.11994755305264912,0.05625673984448358,0.09254701660671451,0.08365604949241216,0.13754095819351803,0.08465983733966065,0.13918913031849137,0.08415099309215775,0.13835349805909425,DENİZLİ,ÇİVRİL,59689,-0.127
54988432B63314623815647,1.4065560880303938,1.9391913582817417,126.59865181088274,1.399938430661533,1.9331916361485648,1.2704359495611663,1.795078756936561,1.0633513773941201,1.5468007095373946,1.395269719783307,1.928785310908344,1.4015992757384137,1.9347359411119822,1.3992088019990303,1.9325089888947622,ÇANKIRI,ATKARACALAR,5063,-0.518
54988432B63323632068596,1.9348166407813843,2.0477930049143747,97.43599822520558,1.9152169409097015,2.0325558911149098,1.6826781291317676,1.8361847587851108,1.3857903873945603,1.569116293230547,1.8956541722511606,2.0168098051637764,1.921307340385632,2.0373880529084967,1.9075535300509874,2.0264224485269096,TRABZON,ÇAYKARA,12921,-0.023
54988432B63547038185922,0.33342729356162903,0.5487809812432295,40.057766038459405,0.3328118434239439,0.5478079102647307,0.3177284899361964,0.5232298218776094,0.2875528499978477,0.47364089403957227,0.3325599471068337,0.5474029930975728,0.33292320616193233,0.5479863235225823,0.33286103407081913,0.5478865375065441,DÜZCE,GÖLYAKA,20840,-0.472
54988432B6366714807225,0.001004458802535017,0.0016551659700148422,0.1182334172346052,0.0010016480695031668,0.0016505343916431118,0.0009485674049566812,0.0015630670814842631,0.0008704101567154651,0.0014342781084846926,0.0009999596061947727,0.0016477521102766495,0.0010023335092429165,0.001651663872044764,0.001001541409086552,0.0016503586346170568,ELAZIĞ,KEBAN,7112,-0.416
54988432B63684136000380,0.019409320137844556,0.03198304013286214,1.5070613726640818,0.0193760026750531,0.0319281389955726,0.01874545881696836,0.030889117052741506,0.01785861998206381,0.0294277674615815,0.019352175651685618,0.031888876381570855,0.01938506844714013,0.03194307774409319,0.019372543871774315,0.031922439514947235,MARDİN,DERİK,61553,-1.085
54988432B6368425336150,0.24470575647780368,0.33818580575745594,22.606815408225398,0.24236131795150612,0.33551680781574517,0.21318173543337615,0.298300034970494,0.17086990945008693,0.24524343056243822,0.24134625667595225,0.3342730563992211,0.24282439709115242,0.33607624266518793,0.24233864289882595,0.33549164369992224,NİĞDE,MERKEZ,244326,0.575
54988432B63915674608769,0.49133858889908166,0.6463445604269861,44.14156795427576,0.4833914924518666,0.6392328372672259,0.40996891860591084,0.5595539404241061,0.2970334046233438,0.42440711950146914,0.4786950127062841,0.6346736990471027,0.4851587692148942,0.6408959736575822,0.4819014849317216,0.6378061639085816,BALIKESİR,İVRİNDİ,31295,-0.483
54988432B64009730200703,0.2351901475820493,0.35096138859313103,28.669888475903928,0.23133872994199609,0.34724429969532555,0.1938864261387763,0.2977961137713691,0.1421134683308356,0.22275386648985246,0.22960829725053825,0.3452854333444148,0.23201609627266315,0.34798158509048566,0.23110737913769414,0.3469802390186092,KONYA,SEYDİŞEHİR,66079,0.228
54988432B64031240079143,0.8614191842320991,1.011359032329689,51.35670857597402,0.8542502348055526,1.0048460946364564,0.7699364671897103,0.9201055363339699,0.6439328848987911,0.7941986705838655,0.8517043824462343,1.0023747011356408,0.8555777440207655,1.0061176865904855,0.8544371720959214,1.0050260009551542,KAYSERİ,MELİKGAZİ,593262,1.983
54988432B64045217411376,0.1648660909377741,0.1736809338696352,9.564364567116396,0.16397988235758812,0.1726634342741522,0.14696039921116205,0.15307556110176826,0.12213678823468492,0.12558219048778693,0.1632462476042159,0.17181923711893027,0.1642199924259504,0.17293944257919217,0.16383877803675279,0.17250105488851541,KAHRAMANMARAŞ,ELBİSTAN,132036,0.13
54988432B64064239831257,0.5103193976394709,0.6141566893298291,27.624087407971846,0.49207144523046403,0.6003646945436878,0.4082555602750999,0.5273606019814012,0.3365991395711331,0.4581157797352422,0.48737677689162384,0.5965835178560936,0.49472195590907847,0.6024441922268905,0.4923839855734504,0.6005682673899252,KAYSERİ,FELAHİYE,5529,-0.552
54988432B64089683735003,0.5013756250291499,0.5946023659890645,31.52263708195215,0.4950200927478313,0.588122396818762,0.387567386109854,0.4715893532324283,0.17145787701358722,0.250561109968404,0.4963563981759601,0.5895587008138967,0.4947903126397777,0.587874111813885,0.4978217444739494,0.5911127323919916,İSTANBUL,BAHÇELİEVLER,539035,2.423
54988432B64260003407372,0.12377077055360194,0.20395178675901468,12.913711519423277,0.12280435003941205,0.20235930099078372,0.10452014363454962,0.17223024427518915,0.0809214772718234,0.1333439212097325,0.12316659078555883,0.20295620805602296,0.12268076983573996,0.2021556632236903,0.12339035958304337,0.20332493845871624,ANKARA,KALECİK,12564,-0.359
54988432B64303277963843,0.27284882869909566,0.35970605410955053,27.027807957072675,0.2687751713857142,0.35652165320584517,0.23783764101296975,0.32567686388883155,0.19643542319726068,0.27661862249959435,0.2677349936231311,0.3556859642027687,0.2692825206368264,0.35692822359739096,0.2689746690840238,0.35670662874796943,DÜZCE,AKÇAKOCA,41134,0.257
54988432B64452586859960,0.19968759160654576,0.32904894200462115,29.27660668897078,0.1980909107154422,0.32641790141912586,0.16608656835566465,0.273680548495424,0.12140615903361568,0.20005533574448942,0.19695852446294693,0.3245519342084124,0.19849295685332338,0.3270804005521092,0.19796112905603336,0.32620404477747617,KONYA,ALTINEKİN,14374,-0.641
54988432B64593282211695,0.3902686861387191,0.45994552377239395,26.539559812976947,0.37451280679960486,0.4461240618056599,0.23231646188427213,0.29974319465919735,0.08101469433439824,0.12632563771228938,0.36583135037789294,0.43789421726558303,0.3779120140336839,0.44927359388120036,0.37258129016218433,0.44431359791476627,İZMİR,GÜZELBAHÇE,39474,1.882
54988432B64635925513807,0.18478764765370986,0.14612739398109176,3.8177890806678985,0.1828896292020275,0.14466925030309502,0.14764369844499586,0.11752602213380373,0.10301385553709617,0.08308262852143364,0.18132577971429514,0.14346715419927059,0.18340260472166714,0.14506345511635388,0.18258891274937009,0.14443813222397825,KAHRAMANMARAŞ,NURHAK,11675,-0.661
54988432B64680094373147,0.09739859314261212,0.11496071712314983,5.993867039331172,0.09684894167502416,0.11429976625932224,0.0867033309328097,0.10339252928461007,0.07236128401670155,0.08842740690663646,0.09649831658813882,0.11390231703000672,0.09698391034713569,0.1144549830457624,0.09681112445176532,0.1142565469933762,ADANA,KOZAN,132572,0.016
54988432B64689999411335,0.5469883860986847,0.7239603438372357,42.36431077411178,0.5396064549488021,0.7172845446050132,0.4705210686720828,0.6431714888168447,0.38373099044437037,0.5436751267754362,0.5331033761744954,0.7108325033413118,0.5416494511970893,0.7192376724594842,0.5369455129934002,0.7146797363384757,DENİZLİ,MERKEZEFENDİ,351085,2.375
54988432B647422472855,0.13676443378226896,0.22526624301432627,19.50508954378101,0.13598289630961943,0.22397927260719883,0.12061676268629923,0.1986749298429901,0.10016896933627972,0.16500153703482165,0.13549683156733372,0.22317885735207704,0.13617875739651109,0.2243018012761321,0.13596379266658204,0.22394781419987642,ŞANLIURFA,BOZOVA,50534,-0.947
54988432B6478152958828,0.24461702233588212,0.26699872765999816,13.703639925864941,0.24345612685410437,0.26596227493408003,0.23488577992678822,0.2564273430673653,0.22273153488471287,0.24273352446691726,0.24273116568547512,0.2652367927155408,0.24373060150025766,0.2662248631867317,0.24319940142181318,0.2657101631202762,MUŞ,MERKEZ,203810,-0.303
54988432B64920064899617,4.062438660366399e-05,6.694162278175403e-05,0.0027423081689914356,4.054606924932443e-05,6.68125699829361e-05,3.8950968874453585e-05,6.418413380160046e-05,3.6741329897209925e-05,6.054304943664503e-05,4.046874728768188e-05,6.668515741079027e-05,4.0573100267611934e-05,6.685711219959192e-05,4.0526299395579764e-05,6.677999284879408e-05,ISPARTA,AKSU,4073,-0.679
54988432B6508967515470,0.28020526423514847,0.31640277376515125,15.894297155940455,0.2790569277310277,0.3150800235274235,0.2535519991835149,0.2875121673138332,0.2078112909419628,0.24147923675498342,0.2777118380506512,0.3135548666675019,0.2794540145807887,0.31553262503290674,0.2786167186553412,0.3145796998224236,SAMSUN,19 MAYIS,28658,-0.137
54988432B65104046804588,0.3478387123214938,0.4053477938140266,22.426127729771295,0.3398656802222276,0.39788849207180504,0.24693514524394453,0.2971951040393952,0.07471368446578668,0.1215834331134662,0.3352839724443529,0.39317044753510466,0.341625541518315,0.39965312680507753,0.3388568268527144,0.3968628174608619,İZMİR,ÇİĞLİ,216430,2.046
54988432B65208484098159,0.10457275414624083,0.11933005686450346,7.12330976002093,0.09993523373212401,0.11577186419874963,0.07761001914846898,0.09531899598907621,0.05723101768533318,0.0739897967173661,0.09694012901051785,0.1132841439557242,0.10101490117528952,0.11663579664632835,0.09863661787006343,0.11470242618166701,DENİZLİ,ÇAMELİ,17447,-0.542
54988432B6527400252078,0.06939898282465683,0.11435693971233038,8.4394540815607,0.06907986041425804,0.11383108384583976,0.06305321570879033,0.10390026617100284,0.05465629351941497,0.09006366100049647,0.06871266227152757,0.11322600788994566,0.06918920418876037,0.11401126255912543,0.06895912680355441,0.11363213674779121,SAMSUN,ASARCIK,15673,-0.745
54988432B65496848768167,3.4822044671507713,5.738041540494831,520.9463082292615,3.4818133448485105,5.737397041862153,3.2377438929674285,5.335214841801579,1.6942621119498547,2.791836743236779,3.481967835670266,5.737651614722884,3.4817570779972966,5.737304324294113,3.4820559175280956,5.737796757652878,ANKARA,EVREN,2927,-0.478
54988432B65548594921961,0.4106245977123573,0.6312226454881057,48.74363068894004,0.40775053293757635,0.6281716951015452,0.3544414123216118,0.5567481489733123,0.2540512221181835,0.4091406843779176,0.40723104024977363,0.6273368306385699,0.40804325559630433,0.6285633572365843,0.4083411524031515,0.6286907695039359,BURSA,MUSTAFAKEMALPAŞA,103652,0.285
54988432B65637439254468,0.23849107371670053,0.3929900443621454,30.01903689984521,0.23804579670527337,0.3922563085885287,0.22761295857833527,0.3750648831215999,0.2103355532362819,0.34659485199623435,0.2377522878475376,0.39177265921237103,0.23816412340697185,0.39245128953697694,0.2380283446831301,0.3922275508205779,ELAZIĞ,KOVANCILAR,37874,-0.428
54988432B65670234538071,0.1364627786957171,0.22486591476004633,11.194842841076655,0.13600481332385966,0.22411127086919627,0.13215736748107698,0.21777137777016897,0.12753602045593163,0.21015623585260557,0.13566773676028368,0.22355582981386132,0.1361253316709047,0.22430986325176883,0.13587841693687505,0.22390299254265683,SİNOP,SARAYDÜZÜ,5656,-0.751
54988432B6573283101831,0.4096422502506597,0.44358761054535595,18.375295470541126,0.40096426963788356,0.4367592261392232,0.3309827440395439,0.37512391479543583,0.25392606359423153,0.30397933500557606,0.40184802650711476,0.437479316416616,0.4009803849794798,0.4367738250558256,0.40380689659068514,0.4390681524164899,YALOVA,ARMUTLU,11984,0.029
54988432B6573458732183,0.15781611230140521,0.22874651202634005,15.342497880257152,0.1555576782768533,0.22680337295135874,0.14095157718553356,0.20990174286364455,0.12526092071136602,0.189459517518521,0.15429662077159206,0.22555397985235523,0.156037031921985,0.2272538936672906,0.15514887323450874,0.22640750704133247,ORDU,PERŞEMBE,30053,-0.418
54988432B65769294434717,0.7659304839362407,1.1638577515165036,92.59289804931637,0.7594028611509476,1.1578691717445433,0.6619755063505994,1.0337885421638169,0.45797006807627566,0.7349234598419089,0.759389516110539,1.1578993643680984,0.7597252837745346,1.158170585376295,0.7611962044109093,1.1596535365309357,BURSA,ORHANGAZİ,81997,0.486
54988432B6587538084917,0.4755294711413615,0.5965985335245888,33.955832134086855,0.46840680567921944,0.589481987395895,0.36189889132323594,0.4712222713966022,0.15206347261992673,0.24803753762081493,0.46989400647808355,0.5910482061712324,0.46815196574782897,0.5892119200105536,0.471534563728985,0.5927505358146831,İSTANBUL,BEYOĞLU,215991,3.394
54988432B66052692688505,0.11917910114558752,0.14131765042466618,5.599250898776412,0.1164902000401479,0.13918041679162366,0.1047906073713337,0.12907596079986025,0.09521418472715464,0.12017651620289117,0.11500257135102152,0.13796178820920424,0.117093298182749,0.13966745150256404,0.11590346935826552,0.1387027348297595,SİNOP,DURAĞAN,16788,-0.687
54988432B66082429692342,0.20942254569228314,0.2339664765053653,7.3942501029521654,0.20921703962334345,0.23371357533109946,0.1993140093975691,0.22436486267592942,0.17987364119534383,0.20720389785549506,0.20890761732863525,0.233373835950363,0.20929790768433737,0.2338075496384647,0.2091318277933516,0.23361754240618415,ORDU,GÖLKÖY,24780,-0.61
54988432B66082608132209,0.9034571349167974,0.9257943357544386,40.82266431168863,0.8878679064598893,0.9124015312905516,0.6704467796660427,0.7103287324939666,0.24015134267408683,0.32064682387782567,0.8909172211031536,0.9151369613664099,0.8873494076462008,0.9119338562004051,0.8943437848747433,0.9181720813296509,İSTANBUL,BEŞİKTAŞ,165895,5.94
54988432B6640602467318,0.19580500065998727,0.18228785649640386,4.564688670889614,0.19457677903705595,0.18135216495801226,0.17094809156539453,0.16324268485258403,0.14009467721543184,0.1394477140004226,0.19325390127246234,0.18034296611411682,0.19502007873296412,0.18169007711156474,0.19418774453553728,0.18105549273833696,KÜTAHYA,EMET,17352,-0.299
54988432B66454172152747,0.23047748794754155,0.37966909988463043,27.664263021680295,0.22987783052973476,0.37868154091860357,0.21739216112492352,0.3581114616929908,0.1998217606067597,0.329164465955632,0.22924424047525324,0.3776377955803739,0.23008138419799753,0.37901684267746466,0.22970056355378454,0.3783895277891577,VAN,GÜRPINAR,28505,-1.116
54988432B66516402107678,0.03021780419560061,0.049793461978632256,3.5303344658255074,0.030151896469703694,0.049684857997274005,0.028773604091662745,0.04741368208134122,0.026831908182696085,0.04421411930731036,0.030109813065021074,0.04961551217725906,0.030168080817007243,0.049711526866953994,0.030149908923253744,0.04968158288112243,ADIYAMAN,TUT,9199,-0.979
54988432B66531887129041,0.03129344318913488,0.029355659872464836,1.1369530151321388,0.0303503598658187,0.02863748834398367,0.025964831119686598,0.024754367313273514,0.022225639756983006,0.021100434310474286,0.030069779020346705,0.028411711287459798,0.03048444243323333,0.028743520098974722,0.03033784079467907,0.028627292044851687,ŞANLIURFA,HALFETİ,41624,-0.798
54988432B66575483981903,0.1413238469800099,0.22741783943320606,15.068658790770957,0.14076626161832909,0.2266719070443141,0.1320884716774223,0.21334794983120134,0.12048087494179996,0.19515528498200516,0.1402361475970285,0.2258936220461644,0.14094981065186427,0.22693425144772592,0.1405986293750359,0.22642827854392866,ZONGULDAK,KİLİMLİ,32441,-0.197
54988432B66595965845834,0.8174134382324818,1.0139335289907982,56.614360281913186,0.8034561005022461,1.0012287282323231,0.6840851987797073,0.8776898420081038,0.5219201137937813,0.7024435011359385,0.7830668267942341,0.9812589681716943,0.8094455817017121,1.0068444919930768,0.7924112304225438,0.9905344167396103,MUĞLA,FETHİYE,187332,1.522
54988432B66719827251090,0.04961555005379794,0.08175742979737738,6.282393894408149,0.04951767079138929,0.08159614252118438,0.0474442549794524,0.07817952923157265,0.044489027275560714,0.07330984984125631,0.049417983143530825,0.08143187535368113,0.04955686893372112,0.08166073395202429,0.04949134308080181,0.08155275922808883,ARDAHAN,DAMAL,4526,-0.814
54988432B6679854543098,0.3116307426694474,0.3818757660862195,22.122289176982733,0.3077744540602045,0.37812353406156685,0.2636391377989586,0.3302493341454494,0.2057705713181988,0.2666912610620035,0.3050719721581392,0.37530260540658095,0.3087639582784485,0.37913526365975353,0.3069967440693796,0.3773187671183851,MERSİN,MEZİTLİ,233140,1.147
54988432B66867123396579,0.051379584617409955,0.08466423888925033,6.579617000303854,0.05125157022188448,0.08445329437802596,0.04845545294381683,0.07984580011828327,0.044190067933664985,0.0728172190555287,0.05107378276708548,0.0841603328903709,0.05130037482537054,0.08453371551492704,0.051187202275059566,0.08434722767337322,GİRESUN,DERELİ,20100,-0.824
54988432B66869796973700,0.48033309397596013,0.6265473295997649,36.707766849062146,0.4745405929112703,0.6201698827265825,0.3740096290660305,0.5018404613326766,0.1718990579271112,0.27775884785019533,0.47581203629523033,0.6216387045523055,0.47432140469453155,0.6199153322416123,0.4771948911480213,0.623215858759435,İSTANBUL,GAZİOSMANPAŞA,478395,1.46
54988432B66916600910791,0.5991621114712109,0.7890380104040031,51.78885715267568,0.5925275742071415,0.7829131928821939,0.5339270889725766,0.7132895198228878,0.4431684831055575,0.5947736482920415,0.5928185601299178,0.7832142541423635,0.5927129963400746,0.7830963127674275,0.5943877377201295,0.7847653824757423,SAKARYA,ARİFİYE,55589,1.148
54988432B66992053729181,0.023210064281641473,0.03824597730028922,2.938163464845098,0.023194846698188186,0.038220901482133036,0.022643261362104292,0.03731198886616397,0.02135702102743993,0.03519249802609765,0.02318430581383834,0.03820353201608257,0.023199173236858057,0.03822803083333814,0.02319429906657071,0.03821999908452842,ELAZIĞ,KARAKOÇAN,28320,-0.483
54988432B67026781349893,1.1098339799765367,1.0638927453595293,39.805879436496355,1.0893789048077895,1.0471561296946728,0.7866958648286234,0.7880701827209895,0.20274259986558382,0.2981729293944685,1.0933831306812751,1.0505413767246201,1.0886965041526186,1.046577063571107,1.0978672457704335,1.05429828999724,İSTANBUL,BAŞAKŞEHİR,536797,3.468
54988432B67060937110843,0.20868821920616593,0.26792765616401365,16.481822852977846,0.20538034313412074,0.2651687682126552,0.18106747912470486,0.2401158620568629,0.153277872979765,0.20886737893531607,0.20288741053691464,0.26285400405647896,0.20624637912118898,0.2659372409810787,0.20436440798979202,0.2642412788610022,TRABZON,ARAKLI,49230,-0.24
54988432B67214587682111,0.07300974457256734,0.12030682034047534,10.090857095209588,0.07269684079842278,0.11979121165891844,0.06640388297539122,0.10942155825637644,0.05785543647331128,0.09533526849414216,0.07239379098785961,0.11929184052254363,0.07279368636491422,0.11995079559167798,0.07262086313965796,0.11966601425415527,ADIYAMAN,ÇELİKHAN,14530,-0.631
54988432B67228037605884,0.17475554274551994,0.26326466203765453,20.218424694442408,0.16937579897764246,0.25706442900780785,0.12915828082579023,0.2014516884624993,0.0809184708614613,0.1299550564756839,0.16662050292426617,0.25360010054816284,0.17045640684588115,0.25838465501312563,0.16867097654856514,0.25619017070027855,MANİSA,KIRKAĞAÇ,37363,-0.219
54988432B67289676642995,0.3258015012351677,0.3096070741039822,9.105120131035747,0.32194610560685116,0.30659318536999625,0.2525507019645992,0.25174039561544975,0.1667222791605946,0.18317274001295974,0.31923885288801285,0.3044718460686782,0.32290997724316806,0.3073476433622351,0.321624715308025,0.3063415179127106,KONYA,YUNAK,20259,-0.559
54988432B67392778171164,0.23566904763648286,0.3258562262656246,23.35395728818002,0.23259558207861464,0.32329842566861294,0.21411409719383168,0.3028711431375038,0.19514257389424505,0.279129652819694,0.23159635957551375,0.3223637172694314,0.23311288291651724,0.3237662091803594,0.23255024238078634,0.32325686854023655,TUNCELİ,MERKEZ,41045,1.084
54988432B67500599414022,0.8983674121739316,1.4257309011555765,102.4284609048058,0.8927488930840873,1.4205784742160616,0.8340925251836615,1.3403469108629715,0.7321578962947943,1.1846947472385005,0.890284182694268,1.4179262529709793,0.8937282597660064,1.421577621893963,0.8923636380297854,1.4201898933403925,ÇANKIRI,ÇERKEŞ,16927,-0.232
54988432B67540218019421,0.28619445704072727,0.36391277709707703,21.94741104000658,0.282887947488333,0.36069233313257815,0.24415130529729356,0.31772672701825655,0.19403933577866828,0.26027627348452176,0.28051420740758704,0.3581964233796757,0.28375256933935117,0.3615805495373566,0.2822061569773615,0.35998254199199,MERSİN,TOROSLAR,322971,0.396
54988432B6759828088489,0.15467852355753917,0.15941663983408247,7.7457711622168866,0.15415523432370737,0.15894402202908334,0.14363938776917817,0.14950519466251233,0.12903577590544119,0.1362113167662779,0.15353452965713896,0.15839188271205398,0.15434577088369136,0.1591142058809093,0.15395359914591158,0.1587652936716358,MUŞ,KORKUT,19251,-1.22
54988432B67777118952628,1.1299103438518028,1.4437896132426764,86.31562259098357,1.1090263140733458,1.4260221759964324,0.9128738520525403,1.222281056429671,0.6573846316438012,0.9299978273586891,1.0954861904015634,1.4134894811168888,1.114034212357969,1.4305225047638777,1.1048123748416143,1.4222172747258515,BALIKESİR,AYVALIK,75815,0.907
54988432B67849230922765,0.09392059742951529,0.1547641141244096,13.931374685090633,0.0935161130342435,0.15409759718537105,0.08536420230505837,0.14066472647380626,0.07428162822093201,0.12240265396478978,0.09317439143447781,0.1535345019526709,0.09363746081132615,0.1542975563182467,0.09344982734414814,0.1539883703875493,YOZGAT,SARIKAYA,30785,-0.411
54988432B67949060177809,0.3538413654067438,0.46300869931867333,29.479974617529816,0.3452620331955413,0.4549315358559167,0.24215789322086045,0.34020334391451834,0.1065317873424933,0.17416386645807935,0.3401105952081286,0.4496361452997811,0.3472112871611503,0.45688631872238783,0.3441338599015711,0.45378414872264367,İZMİR,BORNOVA,452479,3.028
54988432B67969855832244,0.63004396247245,0.9110737779643604,65.96933526096838,0.6230688661527802,0.9046887879244122,0.5528979816909646,0.8212398426289889,0.44559233320393943,0.6806495705286785,0.6121427936132374,0.892929263983407,0.626132117400108,0.907698302172872,0.6172423279629469,0.8985609054819407,MUĞLA,MİLAS,152275,0.681
54988432B67997917440066,0.07807844377314895,0.11286628384451731,7.084474059877515,0.07572882763439652,0.11088899989339839,0.05702405398072958,0.08802075289093421,0.03239255111018806,0.05300647741608186,0.07464132992221112,0.10983262639577752,0.07617194602321073,0.11129713971030215,0.07547970500103243,0.11065282098186488,İZMİR,ÖDEMİŞ,132548,0.336
54988432B68103092763105,0.0591998559812819,0.0850395727842605,6.1052830607518365,0.05813149741547147,0.08405356695796966,0.05102977739504169,0.07544904157252089,0.04353605328962537,0.06542410916957138,0.05769960895731218,0.08360168654864793,0.05830713965689584,0.08423072951252754,0.05806453327166923,0.08398492983780534,HATAY,ALTINÖZÜ,69834,-1.038
54988432B68104406742537,0.4381208148297599,0.4907022462157591,25.579757443525185,0.4336579171588866,0.48689038929349565,0.3831738113183722,0.43878572880628336,0.3175843741108072,0.3744541022868935,0.4294282937174788,0.48302529152760676,0.4349926194169311,0.488080422706863,0.4319946133290074,0.4853834444859578,TRABZON,AKÇAABAT,131162,0.405
54988432B68279142747121,0.32588131492896916,0.4615148246714689,26.408656612745506,0.32064983662151514,0.45717959489291365,0.29003401700394454,0.4239445395853658,0.259133641030547,0.3860433862687385,0.31784917994101414,0.4545575587214411,0.321732333271191,0.45814654223274554,0.3197355717307586,0.4563413448586967,ORDU,GÜRGENTEPE,12499,-0.859
54988432B68378780511422,0.2934403950105546,0.26280917623060196,9.159979311425843,0.2853462284420181,0.25671739690045375,0.22376267725464227,0.20744483237658892,0.15797987211373363,0.1533158063600126,0.28481527294963127,0.2563051231504978,0.2859264696970992,0.25716416084763166,0.2869787580465661,0.2579673841241277,ESKİŞEHİR,SEYİTGAZİ,12565,-0.31
54988432B68476887974785,0.00011785078072706868,0.0001941967169851398,0.006003754449632671,0.00011751043244554695,0.00019363588473188454,0.00011541468182313107,0.00019018246772453117,0.00011316171721113304,0.0001864699905696537,0.00011739029803602443,0.00019343792500873044,0.00011756910574998335,0.00019373256769847938,0.00011749845564644164,0.00019361614913868873,DİYARBAKIR,LİCE,24060,-1.022
54988432B68647212812297,1.8924491098221996,2.141048352254846,100.85833555069946,1.8561840772732872,2.111004922309367,1.527278195617967,1.8065770579307057,1.1197691067984916,1.4143754648501408,1.7996860555596428,2.0607203872338835,1.87225002453526,2.1247414875979675,1.825773013360335,2.08419689714453,MUĞLA,BODRUM,207196,2.483
54988432B6867596275120,0.05520466023670004,0.09058159450948655,7.124238644379866,0.0549924896155093,0.09025692650026347,0.051112990965844124,0.08396401899561835,0.04579505703776948,0.07527588027881553,0.05472220866764421,0.08982607967549215,0.055069024467407926,0.09037735479004573,0.054893011505046406,0.09009920731994114,GİRESUN,ÇANAKÇI,5783,-0.637
54988432B68766699896789,0.012165247682259153,0.0198693245187279,1.3458964201507857,0.012140018636456201,0.019832019670416614,0.01167620799590115,0.019090957558376243,0.011021902417590096,0.018034899075226717,0.012116921124504777,0.019796369654389728,0.012147876430401555,0.019844014130641144,0.012133849958513424,0.019822725369886045,BİTLİS,MUTKİ,26748,-1.257
54988432B69064282981007,0.2970435685942785,0.2845797533213333,10.444984271954981,0.29667474802981386,0.2841048315046295,0.2852718984096414,0.2728467272653677,0.2598692839683167,0.2503853050131383,0.2963641331463277,0.2837295168607035,0.29677708981276807,0.28423351695650584,0.2966051293568893,0.28401893641711734,BATMAN,BEŞİRİ,31864,-0.792
54988432B69245819346506,0.7313414742221398,0.6777452320296284,26.942217551788406,0.7258555596728253,0.6730736599918897,0.6238830400993638,0.5857438474535328,0.48510788985239167,0.46463177569638403,0.7262127370122062,0.6733760826919615,0.7261010035736499,0.673280968916739,0.7280860441585348,0.6749607482074954,SAKARYA,FERİZLİ,36015,-0.139
54988432B69251305297416,0.041128896471829164,0.06777296356269617,6.167287821947476,0.04091079963599565,0.06741357952431799,0.036588104601023005,0.060290561932574184,0.030799714716175985,0.05075234499983649,0.04071498662870799,0.06709091519470005,0.040988969379615804,0.0675423890874363,0.04086736376308564,0.06734200508190473,ERZURUM,ŞENKAYA,14918,-1.119
54988432B69475506510516,0.0026147335103171286,0.004308606700455979,0.3005261130491253,0.002588061728191964,0.0042646564398561345,0.002162884479158319,0.0035640414300130772,0.0016117193704124724,0.0026558212724981044,0.0025663116223364523,0.004228816209310682,0.0025955520227748923,0.004276999087128237,0.002582827634482798,0.004256031602511471,MANİSA,KÖPRÜBAŞI,12217,-0.412
54988432B69574392637180,0.0006203474502059432,0.0010222201115416669,0.08561727552141794,0.0006174473510881716,0.0010174412740649168,0.0005594902245835797,0.0009219384388384803,0.0004812741472097403,0.0007930525260957185,0.0006142936759965576,0.001012244589363713,0.000618498344767381,0.001019173121073612,0.0006165223409489146,0.0010159170250857122,BURSA,HARMANCIK,6089,-0.372
54988432B69584017445691,0.05342996751565466,0.08804289811361087,6.846694518096157,0.05331246231421558,0.0878492708486291,0.05083574675288772,0.08376809270158092,0.04732318219760996,0.0779800232409886,0.05318590879414337,0.08764073359525396,0.05335416775870499,0.0879179938587804,0.05327644926379619,0.08778992787171437,AĞRI,HAMUR,14336,-1.275
54988432B6966801542176,1.4069645185367856,1.502779163295003,78.90605889321719,1.394232639356751,1.4925604551375382,1.2918154880661767,1.387942808803992,1.1352901984993438,1.1909785920858258,1.385487858713455,1.4850734071164107,1.3973970494524517,1.4951828875268902,1.3909079109553102,1.4897545381930348,AFYONKARAHİSAR,SANDIKLI,54376,0.052
54988432B69685064161896,0.34992756264145847,0.48072225276682956,31.30111056094216,0.34660514947197113,0.47743238480208716,0.308883658405875,0.4328979234361614,0.25749390155102597,0.3697121329215735,0.3439385683286042,0.47449034108049254,0.34748790581902544,0.47837249462217674,0.34569250287029635,0.47643933068009914,SAMSUN,CANİK,100247,0.553
54988432B69692013830482,1.5819408345422974,2.430020078141643,201.81231308553166,1.5756433367807192,2.4227885679205223,1.3927374958340641,2.177931088404692,0.9458738608327439,1.5164437620186857,1.575373359407776,2.42239402020334,1.5761409614308384,2.423394764260983,1.5777397091932666,2.4252052630290453,BURSA,KARACABEY,86543,0.56
54988432B6973395963202,0.5779260131662299,0.7562931942541378,46.943487740114364,0.5705275936224244,0.7497458928624638,0.49900105632008396,0.6723833973804829,0.389347646064692,0.5383141820981554,0.5712529383811088,0.7504132170363734,0.5705550095579371,0.7497776779674996,0.5729375077838549,0.751978312212597,YALOVA,MERKEZ,157901,1.137
54988432B69784551217741,0.0018754181295544548,0.0030903490115804975,0.2122216887492956,0.0018711900321024546,0.0030833818736522973,0.0017818855111843433,0.002936224216594497,0.0016548368863322483,0.0027268711203185165,0.0018673747800476788,0.0030770950300782677,0.0018725285682703978,0.003085587538542905,0.0018703614304639994,0.0030820164884008483,MARDİN,DARGEÇİT,26675,-0.866
54988432B69862067996452,0.018295585132693547,0.03014780679577762,2.744337769904032,0.018106458562313826,0.02983616050174535,0.014594413270468693,0.024048946693132976,0.010147854986772025,0.016721824927374188,0.017972585094027427,0.02961556130102523,0.018153971539407898,0.029914453272560572,0.018090565448173456,0.02980997153150952,ISPARTA,YENİŞARBADEMLİ,2353,-0.421
54988432B6991575510752,0.3909170397286784,0.44885462616702515,24.523653275438946,0.3873669897983165,0.44591896058206787,0.3586603716423427,0.41292704898558247,0.3074546349171459,0.35003496503814585,0.38604862081712976,0.4446874553522998,0.3879072667480698,0.44640411609530667,0.38719769823918665,0.44576451370851294,KONYA,SARAYÖNÜ,28401,-0.386
54988432B69940512809265,0.12108466221500568,0.19952556728381365,13.272473205812807,0.12073530653940753,0.19894989247841363,0.11348230691885662,0.18699826427607338,0.10329413188531751,0.17020999922278282,0.12047820471013929,0.1985262352835547,0.12083502112038753,0.19911420402681754,0.12070294046338823,0.19889655905401152,YOZGAT,ÇAYIRALAN,11777,-0.398
54988432B69998185816997,0.04257405702862166,0.04914798814949004,3.226461986310697,0.04221233172522637,0.04876414939796018,0.035356278433003416,0.04141762061128594,0.026482173385666094,0.03180763536730345,0.04178169560457132,0.04830598351839353,0.0423400185919842,0.048899785511129924,0.04207074169388965,0.048613554755560534,SAMSUN,VEZİRKÖPRÜ,87575,-0.537
54988432B70012419752472,0.4865370913955375,0.6241503671624729,38.47786379457696,0.47689215552175257,0.6155499725862408,0.36443344965445645,0.4973578229158965,0.20537548387504082,0.31328250443541344,0.4777588374713508,0.616366280273666,0.4770091407938332,0.6156619534072396,0.4801932725182836,0.6186386900120894,KOCAELİ,BAŞİSKELE,131387,1.562
54988432B70042500930466,0.32458615400377716,0.40050764650387544,23.547253908692305,0.3191462415072821,0.3959516027544645,0.27694350662990574,0.35281322027479384,0.23025216948534333,0.30176192249414335,0.31583067328652803,0.3928751162657467,0.32046701991788645,0.39713243879966953,0.3181006856753667,0.39499652283502024,KÜTAHYA,GEDİZ,48539,-0.083
54988432B70258579646367,0.17118070319992446,0.2553401681172851,16.931452601650943,0.169436944556152,0.2537241014114417,0.15635186571170268,0.2374778123654156,0.14163188881583993,0.21741958354481647,0.16807878310492236,0.2522473129192245,0.1699195994376906,0.2542147930614669,0.1688764802300446,0.2531291749116203,RİZE,PAZAR,32144,0.199
54988432B70315199389199,0.23164152975192617,0.18495640870288282,4.191887573688934,0.22549619164027504,0.18040464990830066,0.17380089085559589,0.14087575585414439,0.10307081933686287,0.08620109632814309,0.22543361868336723,0.18035763733902105,0.2257656398657105,0.1806069902908022,0.2268726417920464,0.18143636412625744,BURSA,ORHANELİ,18963,-0.354
54988432B70364934790471,0.5997710759175024,0.8547840836281119,57.78123456114115,0.5951172728589582,0.8506836421402092,0.5481192585440811,0.7973527177728349,0.4761118971539006,0.705985608775602,0.5937624249490735,0.8493731268345176,0.5957538048954344,0.8512865923959547,0.5953328709535746,0.8508892103130907,DÜZCE,MERKEZ,267249,1.032
54988432B70424898114793,0.03192705145047469,0.05260999152018132,4.129604699282974,0.03180156082555376,0.05240320572528278,0.02929080888150665,0.04826594179126445,0.0258950983976268,0.04267042665141418,0.03168216225516961,0.052206458531600476,0.031839999165422905,0.05246654513943764,0.03177237046888708,0.05235510531052676,ADIYAMAN,SİNCİK,15801,-1.202
54988432B7043343413230,1.0518629770037446,1.05920038131448,31.780579500436605,0.99147468999864,1.0129446054457405,0.4100995106089321,0.5439001003877728,0.199970336264174,0.329514853930853,0.9765097641465482,1.0013090033657004,0.9991747332276684,1.0189191578833359,0.9974395231195983,1.0176890969153376,BOLU,MUDURNU,18101,-0.461
54988432B70515567552987,0.4715996037664798,0.6738301310086249,51.48842096073329,0.4679038929556623,0.6697614984040895,0.40122054438485305,0.5841933568515651,0.2557892306817561,0.389449447209908,0.4653296744013232,0.6666049194406952,0.4688108764418565,0.6708458423295921,0.46728944599296707,0.6690204677194257,MANİSA,TURGUTLU,179326,0.489
54988432B70702003005022,0.4123110095053497,0.5860100117278465,36.24042762007043,0.4090571521996415,0.5832026536995802,0.38521704999374284,0.5568600904866432,0.3539672147137083,0.5189864922333204,0.4075863449490434,0.5817806378525261,0.4096713500603827,0.5837739657536793,0.40874321214240406,0.5829023473930965,YOZGAT,MERKEZ,109042,0.812
54988432B70812604960370,0.056598762797157164,0.0558422237208141,2.4051048584226966,0.05287906596283077,0.05306079750621823,0.03652241110306803,0.039499834949671436,0.023178548188530865,0.027555447532172324,0.05162150407474847,0.052063917870472556,0.05341536889538818,0.05347996550828031,0.052700403942704394,0.0529090316782728,KONYA,BOZKIR,24704,-0.574
54988432B70813006049679,0.4457534121363376,0.5613681342218619,35.192743430388944,0.43549655053433695,0.5528914833704088,0.34432233521295247,0.4594615367173586,0.2162565476032987,0.31012436352677636,0.4353830824599944,0.5527915011330633,0.4359843983701646,0.5533202760816184,0.4379719742712963,0.5550479546132365,BURSA,MUDANYA,112225,1.037
54988432B70826700680977,0.04225686824070456,0.06962176358310623,5.544142912534904,0.04215135315395194,0.06944834920316305,0.0399703321958636,0.06585624354524387,0.036869874117790996,0.060748616883157455,0.042076270160430834,0.06932476988847941,0.04217785965765071,0.06949196470749519,0.0421429842776521,0.06943457630805998,KİLİS,POLATELİ,4968,-1.155
54988432B70965233026524,0.4212529770517407,0.5132522530844605,28.852868446458505,0.41408915163220644,0.5074547248032611,0.37213855987208405,0.46492214488781125,0.3303179689893707,0.4178462999777388,0.4091310587129578,0.5029875636450993,0.4159471674406881,0.5090476539684761,0.4120028285134291,0.5056098371410505,RİZE,DEREPAZARI,6772,-0.37
54988432B70975944471904,0.020322144978459532,0.033487209949441016,2.4257786364630296,0.02023745030169158,0.03334764847964859,0.018547567775157238,0.030563028499034868,0.016245885348347155,0.026770273219253824,0.020104846947675586,0.03312914219693874,0.02027092084821538,0.03340280187117065,0.020184418849501024,0.03326026226252874,ÇORUM,UĞURLUDAĞ,5992,-0.923
54988432B71029132182367,0.08676599383338925,0.11918850803576038,7.500657286168625,0.08640605909039611,0.11877876387276509,0.07910842898784633,0.1102648408162594,0.06886871515237872,0.09795369154196411,0.08613657750731528,0.11847101957869498,0.08650828863871694,0.11889527991087165,0.08636847352217238,0.11873589863826521,DİYARBAKIR,ÇINAR,79114,-1.256
54988432B71099254802304,0.30521126681020916,0.44934600151090176,32.42284936341112,0.3017555781919168,0.4457745988811769,0.26154008260515593,0.3952520548240411,0.20612190413106982,0.32018100005346534,0.29998500804114053,0.44373811027386106,0.3024271625720956,0.44652842689575706,0.30153784393443356,0.445527585231887,KONYA,KARAPINAR,51756,-0.161
54988432B71168384186260,0.28747382702475466,0.47370473986634143,36.79772661315175,0.28535799070029344,0.4702182252641186,0.24472346404957318,0.4032598935234907,0.19023567261475952,0.31347389340426174,0.2838551823168238,0.4677418695494847,0.28589015809602836,0.47109514063541,0.28518018353513847,0.46992523129737107,KONYA,DERBENT,3954,-0.936
54988432B71225398808763,0.003977800472747156,0.006554693892256989,0.4861500182656468,0.003969880432449109,0.006541643101971325,0.0038017949672251895,0.006264668733893101,0.0035618531459741948,0.00586928812065567,0.003961336788894657,0.0065275647265958725,0.003972693372711183,0.00654627831745823,0.003967450278813622,0.006537638649435079,AĞRI,TUTAK,25920,-1.254
54988432B71285314938898,0.0043684849791127455,0.007198471116685093,0.49758778479809573,0.004281410835442506,0.007054988716901813,0.0037602149822638493,0.00619615245829469,0.003238193778028022,0.0053359561708046545,0.004255139790430754,0.007011698798399989,0.004295007436530771,0.00707739345005002,0.0042819627615189515,0.007055898190996113,ADANA,TUFANBEYLİ,16027,-0.521
54988432B71286228514784,0.018756220632355665,0.029866786564597878,2.3426437783720195,0.018585449177872162,0.029649767884900546,0.01680580372566346,0.02697476172585427,0.014631809691683607,0.023585558898875723,0.018499649139719708,0.029529982024949667,0.018618263558009444,0.029694507346697742,0.018572594659477287,0.029632053192728516,HATAY,YAYLADAĞI,42019,-0.863
54988432B71345383711908,0.7417692002373901,0.6779909403418628,25.88208566554444,0.7353361450249676,0.6718938373709743,0.5953389025005378,0.5407353453486051,0.2042236493968628,0.2066421424317827,0.7367683959212761,0.6732953157667845,0.7350886502595158,0.6716517130191854,0.7383152056960944,0.6748017589852545,İSTANBUL,ÇATALCA,81143,0.761
54988432B71616500059418,0.5458317459365379,0.6196979995785281,31.21677360774245,0.5402893233091132,0.6138747575522658,0.4481688922725271,0.5098653041705541,0.14741053207887292,0.22989938282388792,0.5414607108945554,0.6151737476873155,0.540087929176801,0.6136501655655856,0.5427447638933739,0.6165778804897396,İSTANBUL,BAKIRKÖY,218204,4.465
54988432B71738622898176,0.10090788490224611,0.07305616981342089,1.118771819253861,0.09472204442644004,0.0685813967649963,0.06997325903669412,0.05067336764894057,0.05140762102099394,0.037235673837943316,0.09214471138733327,0.06671668674350033,0.09578871213136142,0.06935307924927464,0.09399267420419592,0.06805366173938825,MALATYA,ARAPGİR,9917,-0.393
54988432B72028378604273,0.06785402223432145,0.09002819834815608,5.6421240442051435,0.06723750767054967,0.08942558800444436,0.060046158484734186,0.08110468371129036,0.04961574156307855,0.06896196270908325,0.06694602226204562,0.0891038577851126,0.06734853008867604,0.08954495690872649,0.06719967673912952,0.08938445335708581,GAZİANTEP,OĞUZELİ,36644,-0.389
54988432B72030220276956,1.2012091491668553,1.2683479173682952,61.6286924524638,1.1788837030387447,1.2492482752711793,0.8481218911215092,0.9449026799267031,0.2517796455064526,0.39280179243812,1.1856869097237084,1.2552490374010952,1.1766169732465996,1.24723516310501,1.190034693884937,1.2590382208346858,ANKARA,ÇANKAYA,952198,6.901
54988432B72106000461584,0.14047996665736995,0.23148551209196314,18.956595788648023,0.1399831053197049,0.23066677470239197,0.12964229403387198,0.2136269927825562,0.11498919127558155,0.1894813364555438,0.13957453707237474,0.22999352831567824,0.1401307276720982,0.2309100295710618,0.13990954405109926,0.2305455590704518,YOZGAT,BOĞAZLIYAN,35316,-0.197
54988432B72271864351662,0.5945040187889113,0.7607650786251456,43.80552484738546,0.5871461895912824,0.7541586890745519,0.5128304593425335,0.6769803852508403,0.41548500369716923,0.5700200567828028,0.5804147111364251,0.7476062138736579,0.5892282263494593,0.756122090007759,0.5844075920906279,0.7515231135504143,DENİZLİ,PAMUKKALE,343071,1.227
54988432B72298129420798,0.8194954000771268,1.025278473535625,70.59300124068852,0.8173143071925525,1.0226228086476408,0.7572883348293141,0.9519801046470782,0.6442208456761286,0.8216007050970868,0.8142246403725847,1.018891300783533,0.8181576563530969,1.023646734672431,0.8162250737832027,1.0213061259095493,SİVAS,GÜRÜN,17062,-0.475
54988432B7232586942515,0.00010827481203653841,0.00017841725697494108,0.012356498342987056,0.00010810723448532603,0.0001781411195570549,0.00010453331040376546,0.00017225194072335216,9.930907391383732e-05,0.0001636433462886019,0.00010793572880896712,0.00017785850930120646,0.00010816322374449383,0.00017823337970373986,0.00010806157653104078,0.00017806588352746097,SİİRT,ERUH,18339,-1.098
54988432B72387127190617,0.31464376824698015,0.41679397685837843,24.97835729082771,0.31287273004043,0.4149911958246843,0.29257526187801214,0.3901658665187295,0.26418903004148525,0.35486269170258616,0.3120950799579069,0.4141074664004177,0.3132102045677028,0.415365131817157,0.3128216586661662,0.4149340129370901,ELAZIĞ,MERKEZ,463686,1.135
54988432B72818442943555,0.1275717664295646,0.2102151387354048,18.587383599795285,0.126944886019071,0.2091821534899181,0.11419713410281307,0.1881761698570094,0.09640071639539248,0.15885090046502237,0.12609682949570933,0.20778471011585947,0.12718469532815646,0.20957731574713487,0.12663939003065322,0.20867875149599954,SİVAS,ŞARKIŞLA,37282,-0.178
54988432B72902905976460,0.4465960594925154,0.6390264238820811,41.11817450691542,0.444853528838051,0.6370670850112234,0.41786965161084844,0.602921841093178,0.3818842641954085,0.5562580188509625,0.44294421371912374,0.6347580472611423,0.44544538056891475,0.6377677854117676,0.4441621208319708,0.636241170355252,GÜMÜŞHANE,MERKEZ,54697,0.655
54988432B73072447730570,0.3498038246702743,0.4879586910907131,31.64043894859972,0.34405163764149743,0.48262206016572934,0.2905704199202211,0.42016691221731367,0.22370311347442473,0.3348923275253567,0.33495119479407753,0.47290380267506593,0.346618241458021,0.4851541095803895,0.339162759445786,0.4775025223005421,MUĞLA,DALAMAN,53327,0.548
54988432B73173192257924,0.16281398308374917,0.19155377821565053,10.229688833906799,0.16196360908699678,0.19077543798624763,0.15328515604045173,0.18120840022365753,0.14115471048236622,0.16755096032730024,0.16141274180412937,0.19021175031328066,0.16216673398161283,0.19097594531966652,0.1618003848030023,0.1906109773916301,VAN,İPEKYOLU,362816,0.404
54988432B73242449830307,0.04294767753701716,0.0707699849620896,5.2143515211590215,0.04282106704980034,0.07056135383718987,0.04022601971461441,0.06628518638369424,0.03617183765905514,0.05960462949308686,0.04265767366775374,0.07029211117138155,0.04286757890098764,0.07063799693404296,0.04276215323297493,0.07046427454978953,SİVAS,ULAŞ,7603,-0.595
54988432B73294820193521,0.8916483492666911,1.3608282712037054,108.53523853554611,0.8872450391791783,1.356363034293308,0.8048928905870196,1.2446628423973345,0.6029627034614986,0.9383198241557591,0.887706488331654,1.3568291765526141,0.887281315234405,1.3564179731468893,0.8888460909324148,1.3580625724854163,YALOVA,ÇİFTLİKKÖY,58589,0.828
54988432B73322112171643,0.4545977099478908,0.6596461790152296,44.72768608567768,0.4491614386492325,0.65320224793922,0.3590884136746795,0.5347990491920614,0.19970535721326485,0.32177386037114014,0.450947131853948,0.6554099970024848,0.4485586004224937,0.6524500030462427,0.4520592650151043,0.6567625974749876,ANKARA,ALTINDAĞ,418072,2.528
54988432B73440266741351,0.2814692027185333,0.3831824426517376,27.153574451881983,0.27838318466158724,0.38036585143246476,0.2506744315606088,0.34826535309394907,0.21780688835335474,0.3074995897537616,0.2767916402140419,0.3787185093371042,0.2790234264287114,0.38100461626726195,0.2780537717294392,0.38003105420558764,YOZGAT,SORGUN,80068,-0.038
54988432B73618387821891,0.2569308569564825,0.4233754634912421,31.652075217295096,0.25541077092624953,0.4208706373476645,0.22575614914776246,0.3720051978716619,0.18649188234604544,0.3073048058956357,0.25356000406120344,0.41782090915002806,0.2560835176001093,0.4219792018783382,0.2547950920096142,0.419856110132911,ANTALYA,İBRADI,3256,-0.264
54988432B73640437939057,0.21504036628884132,0.2946965837173434,18.561543968430342,0.2134465299819031,0.2931499154302537,0.19603760699815442,0.2724735965925473,0.17240984859614275,0.24347564502036115,0.21265012132790473,0.2922824104231933,0.21377761622513897,0.293500006043068,0.21332997829798953,0.29302495077983015,DİYARBAKIR,BAĞLAR,402275,0.017
54988432B73654359915704,0.21569485392909687,0.3019940422279362,19.521796016303085,0.2100459440730013,0.29706702473610425,0.17896221424174052,0.2633721209071813,0.14647796766234317,0.22298805778514372,0.20674437922466218,0.2939460270932303,0.21138153146050664,0.29828414208429926,0.20879564216324226,0.2959131909580534,EDİRNE,HAVSA,17302,-0.198
54988432B7371544527763,0.13522321490678407,0.2228233384035779,16.58303978950763,0.13494968909077054,0.2223726174566923,0.12915219266025224,0.2128193945879606,0.12088608074824811,0.19919834103498862,0.1346555749344844,0.2218879706582813,0.13504685356662494,0.22253272689425474,0.13486632455191552,0.22223524781298906,AĞRI,ELEŞKİRT,28661,-1.013
54988432B7377784075511,0.20879248958462987,0.2420180734557828,13.067653195080036,0.2077610523643888,0.24099808827180183,0.18737364672527357,0.22060204733813885,0.16006859194902057,0.19296677385391606,0.2059100802486478,0.23916808776065004,0.2082192751553504,0.24145088451103927,0.20696489956886788,0.24021293755985404,KASTAMONU,ARAÇ,18121,-0.565
54988432B73997329760660,0.45149622831362285,0.6143602125577975,34.11466966979599,0.4449175052006704,0.6092123843468612,0.411161510460536,0.5763594842125758,0.37931470445756604,0.5409598663555225,0.44290110806430466,0.6075062824578913,0.44598035356263865,0.6100902656669092,0.4448249884113834,0.6091352268450521,TUNCELİ,MAZGİRT,7257,-0.58
54988432B74105915560914,0.8127568797886449,1.0496552984725627,67.70259708378451,0.8041295515531833,1.0416953832127127,0.7065897998406416,0.9312095344510998,0.5387887095279531,0.736681391279972,0.7901427180048024,1.0267857656713069,0.807975769099991,1.0454798285389355,0.7967082436598194,1.0339315311199864,MUĞLA,ULA,27649,0.355
54988432B74200485211602,0.16705946024110566,0.16609746106101206,7.972020209312027,0.16672171232575245,0.16565141143930773,0.15300342997654331,0.15170310722695166,0.12769595391280844,0.1279361904840118,0.16633888535838257,0.16519370029132638,0.1668572551024828,0.16582159698176047,0.1666416394833315,0.165553399934747,ERZURUM,PASİNLER,25401,-0.765
54988432B74224800333323,0.39126300045791057,0.498259977486996,32.62245218269502,0.3797909576952403,0.488834588324854,0.30978450194233537,0.41780647106697544,0.235736866667372,0.3331049031803972,0.3726113271299206,0.4823469169244277,0.38261403099374197,0.4912843845634925,0.37707234023656344,0.48641851744439524,EDİRNE,LALAPAŞA,5932,-0.351
54988432B7423640406971,0.31267126274829543,0.3826424715109965,22.591842756468097,0.3066860959804398,0.37787390421121736,0.27137812431552866,0.34351026079344815,0.23604399823760547,0.3056860137953676,0.30252592514282933,0.37422839097174254,0.30824338998113116,0.37918055241695137,0.30493573498641896,0.37636470247411286,RİZE,ARDEŞEN,43519,0.078
54988432B74473203693004,0.6007662025451556,0.8973859158115671,74.25220745820305,0.5946238286223232,0.8911968550783208,0.5293180408145148,0.8120443562808788,0.4036645713309298,0.637415852890317,0.5921661992194868,0.8885246232038121,0.5957305837068101,0.8923757457140667,0.5944638408928004,0.8910217812844509,BİLECİK,BOZÜYÜK,81332,0.608
54988432B74566589804455,0.10762891170786906,0.17735293035314562,12.92411264699163,0.10743491232992299,0.17703325455582067,0.10329226897060388,0.17020692947713342,0.09734281485855678,0.1604033079034334,0.10725457590742264,0.17673609283159322,0.10749674257859634,0.1771351395940755,0.10739377147279497,0.17696546188326542,SİİRT,BAYKAN,23219,-1.061
54988432B7457666939336,0.3354283393227704,0.4331629747323274,20.21718047976906,0.3291413218532262,0.42773068758139526,0.2835756121404904,0.3816150873864588,0.23375757026010616,0.32789633268742585,0.32975288335057007,0.42828720505432805,0.3291520369166951,0.4277410527611178,0.3311214543052041,0.4295190052607187,YALOVA,ÇINARCIK,40174,0.141
54988432B74694372837116,0.08733164911485367,0.14390672206304192,10.514406621599669,0.08703359276561598,0.14341557924547682,0.08194427446164351,0.13502930551672912,0.07495302734024331,0.12350899796991717,0.08709405455778918,0.143515209315559,0.08702095950381267,0.1433947619207898,0.08717315414748232,0.14364555109639843,KIRIKKALE,KARAKEÇİLİ,3062,-0.423
54988432B74865173574888,0.0011374947132869095,0.0018684153689894065,0.14304915050600878,0.0011349353207446092,0.0018644888453243922,0.001086203534145851,0.0017853512620698928,0.0010176961807035862,0.001673336239367383,0.0011324575684637519,0.001860583849305873,0.0011359174302003562,0.0018660301818219055,0.001134246197446384,0.0018634323363907394,ARTVİN,ŞAVŞAT,16151,-0.405
54988432B75065207924044,0.3481979223309051,0.44135637971523767,24.73810239248159,0.343819272214761,0.437305870823015,0.3014431526583719,0.39174413209007614,0.24438944653346198,0.3286553272225182,0.3434933393263608,0.4369665804077914,0.344155437912514,0.43764210634196243,0.34472668087604963,0.43818529388877503,ESKİŞEHİR,TEPEBAŞI,398129,1.477
54988432B75072745188363,0.8561460634786581,1.0967517752208389,76.56522192887172,0.8535877427394214,1.094422825271237,0.7976946306067162,1.03930936918271,0.7102759141013575,0.9443103845953518,0.8541531424334582,1.0949307913769517,0.853468838149411,1.0943160941340768,0.8548936538861396,1.095608228300005,KIRIKKALE,BALIŞEYH,5888,-0.527
54988432B75199317168320,0.619983586499755,0.5764906885573463,20.299021913437258,0.5909865794138712,0.5550899199492546,0.45381379209925854,0.4472552293686144,0.33558553022017623,0.34954773711024717,0.5835542095187658,0.5494910815703947,0.5952210426510567,0.5582612497007792,0.5915658177193265,0.5555245494168808,KAYSERİ,TOMARZA,20156,-0.674
54988432B75263721717029,0.4464785641431699,0.4415705341847902,19.99011332935827,0.42774310019859324,0.42752999600694114,0.34360546586965435,0.35815250644338725,0.2729386983484887,0.29516525725723747,0.4196285627387131,0.42123935390970607,0.43105032034588237,0.430060303219172,0.4254644347079288,0.4257750316828222,MALATYA,BATTALGAZİ,274563,0.813
54988432B75303442304473,0.29690130493518774,0.39334407475438726,25.442179917832544,0.29483948133775273,0.39139761691065217,0.27155829528495734,0.36476245880971897,0.23989629991922545,0.3272410511384369,0.2930562815434167,0.38951951749418723,0.295410997076302,0.39197807297750636,0.29417321722969025,0.3907141276279549,GİRESUN,BULANCAK,70397,0.063
54988432B75596931390993,0.00025932906716033647,0.0004273272790443974,0.0381628630214686,0.0002591605898688196,0.00042704965901763743,0.0002518549460578253,0.0004150112827353153,0.00023313961622525918,0.00038417181278563837,0.00025903661804028733,0.00042684537592378724,0.00025920730343951815,0.0004271266345116676,0.00025915179790946403,0.00042703517146284835,ELAZIĞ,ARICAK,12340,-1.07
54988432B75676722749160,0.058818408728259323,0.09668501479073953,6.348804432210057,0.058652058692628274,0.09641492091959694,0.05541976342701101,0.09112346787220221,0.0503414669512641,0.08279642211742852,0.058580686459921996,0.09629816645130294,0.05868339356170384,0.09646610834461879,0.05866317987736185,0.09643291625421174,DÜZCE,YIĞILCA,13492,-0.88
54988432B75798552461852,0.2436013027658938,0.28886957013245523,14.68741970581879,0.24225864961107088,0.28762091738730894,0.22997274234280632,0.27291592839401574,0.2152616704427304,0.25404558414207945,0.24157284888275604,0.2868905291487035,0.24254403229628282,0.2879127841047609,0.24212278799181233,0.287478205545613,MARDİN,MİDYAT,125791,-0.36
54988432B75808003725453,0.1931531051424492,0.2536182449480742,13.91031743790613,0.1888103089875331,0.2500981168758555,0.16470741949837508,0.22589330195323312,0.1410828763562168,0.19937582467528234,0.1859385038946477,0.24753239596790416,0.189867530474012,0.25100175886349274,0.18761427046001408,0.24904800305966937,TRABZON,ÇARŞIBAŞI,15004,-0.34
54988432B75995786409497,0.21038427322907863,0.31092633997475433,24.388250874940237,0.20849473133839155,0.30831342940141676,0.17258504864218766,0.26066794669876037,0.1080362900729465,0.1701411569079842,0.20698772038154659,0.3063241948062825,0.2090078683033865,0.3089992127335242,0.2081348596759916,0.3078357780574665,MANİSA,AKHİSAR,181472,0.543
54988432B76021463807070,0.40638189736417996,0.5173417960170015,35.05766163529007,0.3942145374657556,0.5071560970506155,0.27576665856215765,0.3838422016271468,0.1069729166780145,0.17625519163531522,0.39641906433772156,0.5090833188334255,0.39385207683841933,0.5068426232173285,0.3989982372364883,0.5113302033475455,İSTANBUL,SİLİVRİ,240029,1.312
54988432B76024124703750,0.1228902096385732,0.202500782041447,16.876123624586203,0.12264835277170663,0.20210224578028654,0.11677652215703403,0.19242653365494175,0.10661742495490767,0.1756861835951927,0.12248772407453605,0.20183755881383902,0.12271218803313044,0.20220743471598907,0.12263840893118141,0.20208586013419833,ELAZIĞ,PALU,17872,-0.737
54988432B76125229912177,0.34604716040489153,0.4756697647572745,34.7590769030181,0.3380347277350488,0.4679342195776688,0.22921037850975803,0.335712768018213,0.08652127323618836,0.1425713695588849,0.3328272847117409,0.46237013193958165,0.3399641418630252,0.4699298491989779,0.33690035530610923,0.46673713959183627,İZMİR,BERGAMA,107549,0.379
54988432B76166578755153,0.4113389739147522,0.5342683824198377,30.95720747473591,0.4088463723183119,0.5320441517861073,0.38573523041383,0.5065523278278866,0.35522063202451803,0.4705412199829409,0.4089117214191871,0.5321062928867015,0.4089464449342717,0.5321416486862379,0.4095345289693024,0.5327017234145615,KIRKLARELİ,LÜLEBURGAZ,157136,1.12
54988432B76227245488219,0.7009641859859811,0.7725214404312802,36.15756494237311,0.6958982122635108,0.7680547088700408,0.6341329070469969,0.7107184589755413,0.5502631445361471,0.6300919524655867,0.6933418177313503,0.765771969663091,0.6970640819733003,0.7690937836253388,0.6955878527655814,0.7677874091899547,NEVŞEHİR,AVANOS,32093,-0.044
54988432B76333131904133,0.15353827490463107,0.20011861923842825,12.964579261278173,0.1498836864431622,0.1967378714675724,0.11145154327914218,0.15360004607706473,0.06434194426573832,0.09654075731591771,0.1476144858605668,0.1944298668066104,0.1507227651694263,0.19756689592223292,0.14931961657356624,0.19617205039200097,MANİSA,ALAŞEHİR,104565,0.038
54988432B76430100737170,0.19886225195722512,0.27454082729775575,15.293436525139372,0.195986307994744,0.2720334208947858,0.17634728739641342,0.250308922029795,0.15524487427381692,0.22477552406113485,0.19389235335288302,0.2699742368457475,0.19672423194220692,0.2727224206881248,0.19513001984896924,0.27120868476325044,TRABZON,BEŞİKDÜZÜ,23246,0.17
54988432B76534692680801,0.1286168989925164,0.1925949911979174,12.87281610487783,0.12649059711954147,0.19051566028947597,0.10984547225138268,0.1687852288150367,0.09142336100163255,0.142702216981188,0.1250569704225258,0.1888703926196402,0.12699741051007032,0.19106480824779767,0.12598635539070913,0.18995028150224513,SAMSUN,BAFRA,143387,0.256
54988432B76630597783829,6.816550227099158e-05,0.00011232438742452202,0.0101121892666256,6.782035324883902e-05,0.0001117556444212161,6.092338519400511e-05,0.00010039069168066548,5.1550867489462343e-05,8.49464820040023e-05,6.75616210790672e-05,0.00011132930072083374,6.791853816809235e-05,0.00011191743536446497,6.778424549318633e-05,0.00011169614538724967,DİYARBAKIR,KOCAKÖY,15088,-1.131
54988432B76667969574644,0.15599257511548287,0.25704747795978444,18.78944458278323,0.155577264191424,0.25636312086445834,0.14687403404052535,0.24202177571558908,0.13442696610574742,0.2215112647617174,0.15511452420508098,0.2556006092747077,0.15571876250765204,0.25659628443198745,0.15543945549722735,0.256136037125005,ORDU,ULUBEY,18027,-0.73
54988432B76694666867888,0.23480818896833364,0.35352706893898095,24.29425633698977,0.23245617658698847,0.3512733541775891,0.2156760160534262,0.3301192737635638,0.19707642869905093,0.30434952076498106,0.23061277513679768,0.34922815251361405,0.23316122647748536,0.3520056940562554,0.2316734016671957,0.3504243837868681,ARTVİN,HOPA,27844,0.502
54988432B7673990663622,0.4133838263854752,0.3222700927219259,8.008842972761434,0.37726996627367865,0.2959678292427923,0.2235931558270849,0.18135956223979965,0.10255536271054633,0.08928910512802223,0.3666352061017057,0.28828183726888923,0.38255435768872403,0.29980002146899454,0.37663744034229174,0.2955807934296547,BİLECİK,YENİPAZAR,2692,-0.501
54988432B7686376545923,0.11594861294290118,0.16961662113209242,12.453926150606074,0.11428985109126125,0.1681124111674168,0.10243049606276862,0.15348685966131828,0.0894589809352939,0.13579954119116344,0.11311505056132648,0.1668572305738431,0.1147056918188616,0.16852846089235352,0.11383104527172928,0.1676343506636768,TOKAT,REŞADİYE,43108,-0.657
54988432B76895088825803,0.4277949561121386,0.4061959186573757,17.784882825923265,0.4274051818511092,0.4055541038762808,0.417915819117558,0.3923743560498261,0.38887720290199457,0.3624142142836073,0.42714445555356195,0.40512635906379024,0.4274999910261789,0.4057100586627027,0.427370560198371,0.405497207146972,OSMANİYE,TOPRAKKALE,22358,-0.084
54988432B7698417663735,1.0418765772114138,0.9176169402563688,27.806363550782176,0.9743252616382121,0.8665342860095898,0.2974676199061725,0.3376603578192929,0.08075557331709249,0.13307054157537773,0.9565302278814296,0.8532753077019816,0.9834623212475114,0.8733638442799985,0.9816734274832175,0.8724077610127142,BOLU,SEBEN,4438,-0.425
54988432B77006112817305,0.51693751911671,0.6572578449447934,39.265959334730816,0.5052111817014314,0.6464008090222852,0.3845121339222474,0.5091965848226304,0.1792315745774026,0.27521212069047885,0.507320655091891,0.6485187140313937,0.5048581811270418,0.6460434266428603,0.5097604744562871,0.6509128441923541,İSTANBUL,ÇEKMEKÖY,315959,1.45
54988432B7739562354117,0.16270120281159214,0.21115678756047554,14.938953081261115,0.16198990652090067,0.20999103980512526,0.14169516495793624,0.1816091926036785,0.10067994660627373,0.13192522364557296,0.16146621787353024,0.2091437610461878,0.16217145467511107,0.21028713915257077,0.1619288084848779,0.20989165589582576,KONYA,HALKAPINAR,3947,-0.765
54988432B77407650026764,0.34461344189138715,0.42885609485974885,24.97042273042554,0.3419990971183851,0.4258276602563445,0.2764261924812386,0.3530041167372224,0.13079434820886432,0.200283072131885,0.3424288327494282,0.42637464372262124,0.3419728858626153,0.425780993043536,0.3431428534232106,0.42720938909412304,KOCAELİ,ÇAYIROVA,162262,0.962
54988432B77479397394986,5.26043820004807e-05,8.66824828864214e-05,0.007482241911859684,5.2443345863657605e-05,8.64171245333067e-05,4.912200881055948e-05,8.094416332139504e-05,4.449779985615875e-05,7.332430546336689e-05,5.2281664110806823e-05,8.615070232204669e-05,5.249662820431835e-05,8.650492416913233e-05,5.2401065552390795e-05,8.634745424694569e-05,BATMAN,SASON,28150,-1.063
54988432B77607425257095,0.14430939397037823,0.2190546480836416,15.300286195374634,0.14175481803456466,0.2165372422498377,0.11940939017346244,0.1864843173562606,0.0923140757878982,0.14691236866593746,0.1401116760784104,0.21461576186610157,0.1423650875427084,0.21721061712774267,0.14123506548352605,0.2159443425694579,BALIKESİR,BİGADİÇ,49275,-0.138
54988432B7766374171238,0.08567402402084719,0.14104729365358565,12.831586943597081,0.08526762803238652,0.14038384566341702,0.07723496721860598,0.12717235282036204,0.06639187172841823,0.10932355433342719,0.08453864194347649,0.13918699050179292,0.08544765383805926,0.14067887670141443,0.08495339394955866,0.1398681913096715,KASTAMONU,CİDE,22496,-0.533
54988432B77763600838598,0.3004722720103618,0.43855762895272443,33.63093844530024,0.29771355637373476,0.4359708454456644,0.2685113928195364,0.4005177902433829,0.22718781042018354,0.34514178023166675,0.2971387427739633,0.4353664049505689,0.2980770145519389,0.4363456553112627,0.29805145695213775,0.4363179972124259,KIRŞEHİR,MERKEZ,163368,0.686
54988432B77928955362752,0.8526174544671774,1.3041745804030411,105.42569441895144,0.8427403482322084,1.2927063961753922,0.7490573591791293,1.1643302289671698,0.613154105683185,0.9645789832755692,0.8414204582686404,1.2907559533449826,0.8436011476364984,1.2938387920151195,0.8443663150167262,1.294465804844188,TEKİRDAĞ,MALKARA,50123,0.068
54988432B77963946080728,0.3619968651930676,0.5268306755124551,40.54448357264055,0.35629032111898296,0.5220604824315415,0.3187869245320887,0.4787943124608862,0.2727023123573941,0.416754698420055,0.35254323405038407,0.5184517538106458,0.3576530004250491,0.523294078238227,0.35481100364310686,0.5206706281094295,SİVAS,YILDIZELİ,26567,-0.762
54988432B78096221215444,0.20416409529983884,0.22387625066242167,12.24031268576004,0.20246229888760164,0.22220903963453542,0.17039711083924297,0.19054037579896926,0.1291740772679144,0.14947090587403528,0.20044259533857453,0.2202281397713004,0.2030618336091266,0.22279636347196463,0.20179842588404537,0.22155830032784735,SAMSUN,YAKAKENT,8916,-0.538
54988432B78199019874123,0.16241612593573937,0.14880940042114704,3.9043926844358787,0.1541475029649451,0.14278478487147686,0.12018777793684741,0.11729259219451503,0.09396210989212622,0.0969729697110107,0.15030552755424276,0.13995774083431928,0.1558544066902196,0.14403532075360814,0.15287656528750732,0.14185144445510045,KÜTAHYA,ASLANAPA,7813,-0.782
54988432B78675491052886,0.2625965635835824,0.30508263029035826,18.526720676829626,0.25159169966823935,0.2967317650718392,0.19896065994286552,0.24913797518209332,0.1495205872090021,0.19701916525913596,0.2509625892149703,0.296208841789294,0.25226863526569665,0.29727152454624606,0.25349625670025255,0.29821262294800016,ESKİŞEHİR,ÇİFTELER,14487,-0.202
54988432B78684581776772,0.1265605731477626,0.18956715406855107,15.041700967650138,0.1260126534406059,0.18886495135217188,0.11882821068609557,0.17798355291265325,0.10760781444363135,0.1603910233782058,0.12541050650340468,0.18800202573130068,0.12618730714432477,0.1891060428648817,0.1257728895867597,0.18852565435203653,DENİZLİ,ÇAL,17277,-0.232
54988432B78726151143019,0.17028181311258053,0.24277654691569572,16.450994519976422,0.16809145372885045,0.24082374300882992,0.15166496530392565,0.2212013209207805,0.13231157806484198,0.1960112027138496,0.16717536492847526,0.23988104452037287,0.16845948980655254,0.2411874289542418,0.1679504265106345,0.24068186443062656,HATAY,ARSUZ,115077,-0.064
54988432B78779774927417,0.20482957202740096,0.30110760152275196,23.92544422516895,0.20065357411939153,0.2970473634662698,0.16623933101068775,0.25162312817228244,0.12701285188096595,0.19544815123873302,0.19722018067364083,0.29306760651929703,0.2017691521894654,0.29825440730452685,0.19924924387678325,0.2954624783963266,DENİZLİ,BULDAN,26231,-0.011
54988432B78813645008161,0.09168088890775376,0.1510734806025408,12.90751009236768,0.091299127413007,0.15044440688326816,0.08359568014535065,0.1377505226372947,0.07310823083806942,0.1204691078476996,0.09060585040852094,0.14930201209044722,0.09146952510617797,0.15072519138373133,0.09100072601410857,0.14995269548642937,KASTAMONU,İNEBOLU,19678,-0.236
54988432B78882156403317,0.14332487812143063,0.2361734103224674,18.60779501591474,0.14274503683506917,0.23521793702403734,0.13102595523841393,0.2159070155510438,0.11504669639216399,0.1895760944603806,0.1422221015554553,0.23435623450607188,0.14295327658385706,0.23556107837033077,0.14262916915730176,0.2350270081011376,ERZURUM,HORASAN,34896,-0.778
54988432B78938998312930,0.5571296507734221,0.6109247264553698,31.7700277555731,0.5541407649238596,0.6082133328129208,0.5002038848877252,0.5575332787954748,0.42790511652450536,0.4881813883843361,0.5508113653241453,0.6051470009748091,0.5551453981472791,0.6091340460974066,0.5530475818586301,0.6072117487803764,ORDU,GÜLYALI,8881,-0.145
54988432B78941092059801,0.09262310107088086,0.1526260753978735,13.622024866073767,0.0922311829835383,0.15198026545567825,0.08432363381496155,0.13895005828638907,0.07356176799095686,0.1212164548366474,0.09189951565875677,0.15143373784502978,0.09234884017657935,0.15217414317525968,0.09216664218530475,0.15187391392324687,YOZGAT,SARAYKENT,12605,-0.587
54988432B78961906506617,0.2643191530164247,0.2007186045243794,3.8919507650294607,0.26382728377282544,0.2000892729846586,0.24659862773321853,0.18642818689673213,0.21153604046795338,0.16008211348511678,0.263269490672958,0.1995296617316631,0.2639827437088475,0.2002624313526441,0.26365741667092896,0.19990314989475003,ORDU,MESUDİYE,11829,-0.842
54988432B79088719689200,0.17298483612814003,0.28468178279739237,22.03594474538355,0.17191002560892737,0.28293151905423863,0.1504041668493216,0.24757707983081131,0.11981971142386297,0.19724193040714527,0.17114710634924327,0.2816810566953709,0.17217979326720004,0.2833731569984301,0.17181908869313522,0.2827825589113014,KONYA,DOĞANHİSAR,14097,-0.616
54988432B79162079631621,0.7361047181107538,0.8277358588255985,41.99560100258805,0.7242470838365016,0.8168802188851116,0.5488745810372375,0.6416045691723814,0.19511084493397915,0.3007320228896391,0.7266411161469891,0.8191804735491488,0.7238383192188123,0.816485290995593,0.729304810770673,0.8217055024161398,İSTANBUL,ÜSKÜDAR,514294,3.045
54988432B79254890835341,0.4177811315226795,0.5595160221573183,37.089498371120044,0.411608488148434,0.5539529364411531,0.3580077958621609,0.49485389327519785,0.2917882681132709,0.41537783176995713,0.41149462543381504,0.5538454883764429,0.41196831046213817,0.5543012504809874,0.41310481509609265,0.555397242114433,TEKİRDAĞ,ÇORLU,306939,1.577
54988432B79409783151776,0.285598895868952,0.2883842283976428,13.172325776232777,0.27513238035785104,0.28026992564470105,0.18599326653204964,0.20298730743593768,0.08712193523754877,0.11090672017045637,0.26923666349113734,0.27549542842614044,0.27738162796183896,0.28206421283814276,0.2736446125506746,0.27907401528360143,MANİSA,GÖLMARMARA,15140,-0.543
54988432B79438437943955,0.05647896995842267,0.07675865251242885,4.201311290636788,0.05634036206844124,0.07659942405585118,0.05349133092973075,0.07329918595693953,0.04953915956715459,0.06868506812547528,0.05619209966496123,0.07642877900901432,0.05638941797082378,0.07665583372963494,0.05629812328666647,0.07655084494360827,AĞRI,DOĞUBAYAZIT,113699,-0.647
54988432B79616482779548,0.0757675265685873,0.12485114500666568,11.359177972473846,0.0755479234966869,0.12448927896437206,0.07099113916321134,0.11698052465565312,0.06462620868403111,0.10649227336643996,0.0753966000605543,0.12423992538081023,0.0756105935551735,0.12459254785691805,0.07553416198925869,0.12446660249547783,BİNGÖL,KARLIOVA,25265,-1.017
54988432B79652739540199,1.288574791413026,1.2682665138337441,50.863734360658135,1.2511627415421978,1.2374428085884286,0.7650674781380357,0.817382536730205,0.19202850665568877,0.30997615174667564,1.2591426989931502,1.2441590360569839,1.2497950598379772,1.2362892539779715,1.2679203045062626,1.2515057314680087,İSTANBUL,ŞİLE,50090,0.698
54988432B7974453528026,0.4234495988810727,0.5366556811764945,32.346267789706054,0.4134936810178899,0.5274236968074345,0.3047473508417472,0.405574424966298,0.14912761484342793,0.2208355443717965,0.41532870350053286,0.5292650484216634,0.4131840599975875,0.5271097917051127,0.41742675580192606,0.5313213874528933,İSTANBUL,BEYKOZ,246833,1.732
54988432B79784154417408,0.16553490592508274,0.2586891321142965,17.94410446661571,0.1633424656706411,0.25629108209257956,0.14352376295220395,0.2284922295661359,0.11916369250797328,0.19199533253829798,0.16040992380417868,0.2526786333915122,0.16426158917295355,0.25735036659119537,0.16181740986664597,0.2544845579139071,MUĞLA,SEYDİKEMER,65648,-0.505
54988432B79821561664997,2.8924827114905094,4.766287020266766,432.9630016264631,2.8921812660998523,4.76579029292347,2.689754963403281,4.432228451647647,1.4073420418442135,2.31904449436147,2.8922894112987887,4.765968496601558,2.892142602235855,4.765726581886447,2.892361351005273,4.766087040193159,AKSARAY,SARIYAHŞİ,4717,-0.491
54988432B79971827749664,0.6355440114948664,1.042226419080243,85.44007212797317,0.6335049691337674,1.0389738961260704,0.5908768838125271,0.9694853407847434,0.5220269837569174,0.8568348237798928,0.6323491971301402,1.037112379717642,0.634011424975353,1.0397874537109246,0.6334909872428149,1.038956492512926,NEVŞEHİR,DERİNKUYU,21107,-0.615
54988432B80108419437417,0.3529013392998823,0.5815174162520853,49.304857291327245,0.35098831558885374,0.5783651000611826,0.31414690677068546,0.5176571387099144,0.26457393520635947,0.43596987054251196,0.3475481986036974,0.5726964110593732,0.35190754659931645,0.5798798260840521,0.34948935742801385,0.5758950888152888,ÇANAKKALE,LAPSEKİ,30654,-0.056
54988432B8015815916555,0.4613855491408236,0.6446481975403562,42.82957321944177,0.4571570088198668,0.640201619067096,0.3954827805709805,0.5656129508402548,0.31351173564368023,0.46164648310567413,0.45302084295372047,0.6354893189586539,0.45876433776338127,0.6419820247814938,0.4557499112899889,0.6386144964602628,ANTALYA,GAZİPAŞA,55850,0.152
54988432B80335300627236,0.17549538694068145,0.2612048350058888,19.118968120316232,0.17282031359747724,0.2585954447235109,0.1496702622479032,0.22850580197071094,0.12150586883537429,0.18869951408352126,0.17055766261965405,0.2559960949454527,0.17354356045289776,0.25937433250593367,0.17188857219318185,0.2575496067944987,DENİZLİ,SARAYKÖY,30883,0.078
54988432B80355579984190,0.20310255949499256,0.33272022580395244,25.61288610021769,0.20238380879475354,0.3315476067629189,0.18949254607932492,0.31053553413352825,0.17146812957500016,0.28114009200578416,0.2025451949272275,0.3318109026593991,0.20234635642310603,0.33148644766338536,0.2027361027913252,0.33212210328636965,KIRIKKALE,BAHŞILI,7353,-0.005
54988432B80433190891515,0.22106097255412827,0.3642683982126012,27.031483606239362,0.2203945242975292,0.3631702123314934,0.20656279990134851,0.34037803860629534,0.18717249925843119,0.3084263391523053,0.21995635296643273,0.36244818543060237,0.2205694670275084,0.36345848622847365,0.22036595566000233,0.36312313639714444,ELAZIĞ,MADEN,9139,-0.592
54988432B80507521007844,0.13441723258509938,0.2214952256846498,20.152947811517627,0.13383137536180978,0.22052983921302044,0.12202512928341522,0.20107528647948641,0.10596673637310339,0.17461396680047542,0.1330265775699573,0.2192036783844673,0.13405409952306066,0.22089684824462252,0.1335383705944322,0.2200470204863673,GİRESUN,DOĞANKENT,7327,-0.593
54988432B80615389544588,0.5977959495389971,0.7655429128411931,54.81737198246828,0.595275411636061,0.7627140789879298,0.5393755772064904,0.6990549011783465,0.44367418686834414,0.5891613617376344,0.5923805848219031,0.7594058308126523,0.5962925744690794,0.7638719251653606,0.5943449671363548,0.7616518585716238,BURDUR,BUCAK,68312,0.439
54988432B8063224387677,0.005496599925099972,0.009057399988780968,0.525980312794126,0.005470317979767334,0.009014092108526855,0.004953301849466599,0.00816214327532152,0.0042642875540407,0.00702677265408298,0.005441570306423352,0.008966721155615719,0.0054794481627418205,0.00902913699451047,0.005461778616634935,0.009000020786510785,BURSA,BÜYÜKORHAN,9148,-0.752
54988432B80643331900802,0.8328119432786246,0.8853990110677981,41.31212977596896,0.8183178082934036,0.8727232218571017,0.6105892037261397,0.6762794080788692,0.20180656013360376,0.2999381945822703,0.8212108957403524,0.8753643002273273,0.8178245217152046,0.8722705334633762,0.8244414217732245,0.8782773336911921,İSTANBUL,ŞİŞLİ,261959,6.959
54988432B8068662711190,1.0598825468824393,1.419858619816209,93.3057891448978,1.0510678020019188,1.410940505786781,0.9551024703692976,1.2855389279905782,0.7878597848008079,1.0670789286262405,1.0361530923611493,1.3929505690397572,1.0551010492711301,1.4153756814032816,1.0431480973312959,1.4015872644240208,MUĞLA,MENTEŞE,126288,1.555
54988432B80772091068357,0.7746297794741904,1.0420401248382556,71.05965723292522,0.7642334755223468,1.0324858952782534,0.643873618585599,0.9004670098571458,0.47835066895117156,0.7008830605532985,0.7563387362545533,1.0245254316790775,0.7670116087992729,1.035204925028529,0.7617712685381797,1.0300281786178906,BALIKESİR,EDREMİT,176251,1.072
54988432B80891618089015,0.09189893652149646,0.15143278353183864,13.763310893933415,0.09141722415789869,0.15063900890459636,0.0818629948019601,0.13489537137585358,0.06905934451878633,0.11379727737020982,0.09097596112256666,0.14991188743573797,0.09159073437826087,0.15092492228548213,0.09131573376363858,0.15047177113791171,ERZURUM,AŞKALE,19983,-0.578
54988432B80955885520909,1.894050362336952,1.8171851130851373,78.80387978173832,1.871342105660677,1.7991334944252226,1.5962126713344205,1.56463965107406,1.1605321034053337,1.158378667415845,1.8724995360939412,1.8001116337337222,1.8720674180730013,1.7997047870511673,1.8785127295542605,1.8049687258772935,SAKARYA,SAPANCA,47505,0.695
54988432B81043238073761,0.14019228703605566,0.2310114682404238,17.873306287658398,0.1397901524679266,0.23034882339042695,0.13085016989860496,0.21561735318585265,0.11688490933638733,0.1926051360728794,0.1393129692101601,0.22956251190834068,0.1399313271473496,0.23058145366318578,0.13963938684242563,0.23010038897763932,ORDU,İKİZCE,12537,-0.979
54988432B81083365712780,0.3785488977412297,0.48494674822306505,30.11178855353864,0.3714620641129546,0.47823333287214415,0.2782363192612066,0.37496747618753873,0.12028111065790328,0.19530009012924418,0.37354158567578916,0.48032443506980727,0.37077714348159957,0.4775344094951371,0.37489481275799713,0.4816520210276302,ANKARA,SİNCAN,605366,1.05
54988432B81091968456381,0.23258444010456675,0.3463431624621494,24.88599680004721,0.23113330576038282,0.34483622022502275,0.21408334029623147,0.32262084362660026,0.19144593153334913,0.29141437867276904,0.22978391682537555,0.343229010661536,0.2315549806909676,0.3453150478779702,0.2306224017177872,0.3442389067280826,GİRESUN,MERKEZ,143915,1.145
54988432B81190990661925,0.18166288436527112,0.2993474928561401,22.896920437510918,0.18129504429324342,0.29874135911716404,0.16839218898697073,0.27747979322210736,0.1408236953367967,0.23205191462800476,0.18100868807580495,0.2982694959952419,0.18139160381463101,0.2989004716994604,0.18126220647975294,0.2986872483549486,KONYA,KADINHANI,31478,-0.526
54988432B81237191806076,0.7784826726776797,0.8347628676028528,35.2841296091088,0.7688251773962609,0.826823432638744,0.6633708729443749,0.734307794416169,0.48678385326778423,0.5779716706142496,0.7621298391136135,0.8210025735388538,0.7713386581050213,0.8289539193419228,0.7665476135927825,0.8248241002282617,AYDIN,DİDİM,103141,0.842
54988432B81292966390728,0.6482459012433539,1.067446352780699,85.73534825499983,0.6454971475156204,1.0629281088668194,0.5795242758734038,0.9544158459563152,0.45939387975813634,0.7567059685648175,0.6419508896428365,1.0570987300895738,0.6465189904784634,1.0646076916835585,0.644260287699425,1.0608950302151803,AFYONKARAHİSAR,KIZILÖREN,1977,-0.64
54988432B81439827862263,0.001513451312807697,0.0024938933323213714,0.21320604885192548,0.0015068910860919456,0.002483083268246977,0.0013770906038064051,0.002269195609909639,0.0012010287929585964,0.0019790776705784995,0.0015010725401638076,0.0024734953596230315,0.0015091805160187448,0.0024868558336284615,0.0015056093027538684,0.0024809711217291075,ERZURUM,ÇAT,14015,-1.131
54988432B81567150601582,0.09407412520191025,0.13653181593937042,9.78660393405622,0.09353822273689202,0.13599118149676825,0.08765765482156973,0.12851610032025923,0.08022625195775757,0.11857641486210985,0.09315794032701014,0.1355513727836379,0.09367954094338451,0.1361476987474645,0.09342456621467886,0.1358620881402235,AĞRI,MERKEZ,150035,-0.231
54988432B81711897085768,0.11588699302388061,0.10961628394487363,4.7518742903962945,0.10859091456476916,0.1042274745418425,0.0774833255182918,0.07950302812734263,0.05227704897047629,0.05786906972325432,0.10492162218185995,0.10144223134882989,0.11012896711185784,0.10538078773446621,0.10727456755525777,0.1032329828619691,UŞAK,ULUBEY,11365,-0.261
54988432B81810188934288,2.879489702012249e-05,4.744876896643755e-05,0.0036606342000908005,2.8705561157539202e-05,4.7301559663998664e-05,2.6863798595225945e-05,4.426666892453304e-05,2.430607758082976e-05,4.005200847938968e-05,2.8580981118894777e-05,4.709627435016897e-05,2.8741975757137807e-05,4.736156432114859e-05,2.8659977910792184e-05,4.722644673888112e-05,BİNGÖL,YEDİSU,2842,-0.968
54988432B81913319762602,0.220609432238771,0.2976024144346605,18.754594805670315,0.21853823571674877,0.29569049568191397,0.2027894923821179,0.2764230521269984,0.18265202256885268,0.25049963256021524,0.21771167549740997,0.2948160362525688,0.2188966988690648,0.29605563706862037,0.21844193404818646,0.2955902353767671,ADANA,SARIÇAM,263080,0.862
54988432B81969335457168,0.3841941284393522,0.5887612728177268,50.45801150528174,0.3774070632466653,0.5814695959724002,0.3111734043440931,0.48789723974914245,0.23427352737546114,0.37285671433073597,0.371590003639371,0.5737876127355073,0.37931855055896485,0.5837795603112026,0.3752233251927808,0.5785525736366951,AYDIN,BUHARKENT,13137,-0.293
54988432B81976291496552,0.0456723554202923,0.05629372927653367,3.3467053758446865,0.044614615518950906,0.05547688209280502,0.039409300204822396,0.050622259434886845,0.034704675898286394,0.04567577870529007,0.04414424150003466,0.05508437149636633,0.044817122668643086,0.05564073650442266,0.04448486638983824,0.0553693498299845,BİTLİS,GÜROYMAK,49372,-1.002
54988432B82014905265154,0.38132479715667317,0.34271080612500293,13.702227641543804,0.37208663779385837,0.3352861747287689,0.21680435171194692,0.2067327324760603,0.030711275126344827,0.04630979406317411,0.37559385820845737,0.33810854505866667,0.3708806399903833,0.3343145260279421,0.37768725809822645,0.33979073774249147,ANKARA,AYAŞ,13136,0.032
54988432B82471311142852,0.25093700289407356,0.2985168312592596,20.09381599549394,0.2334835332982991,0.28390563013771075,0.1326959716122399,0.17469883060502087,0.03659976488469646,0.05915049577253512,0.23770840812869007,0.2877228602282831,0.23217019119883456,0.2826925484834085,0.24070869540113518,0.2903442164307282,ANKARA,GÜDÜL,8028,-0.493
54988432B82480836109015,0.36680201015022834,0.4628492052491121,26.385124915305223,0.3606396882357872,0.4566805601166944,0.2720452533541438,0.3579859856273052,0.11969391785124767,0.19192642825986803,0.3618598425614775,0.4579900389530636,0.3604316363126159,0.45645550097396753,0.363223439171587,0.45942570851096676,İSTANBUL,AVCILAR,440663,1.64
54988432B82856135372204,0.18910107297301026,0.3116042789294074,27.404085204235674,0.18871243444326455,0.3109638731034559,0.1812009250597229,0.29858626768677987,0.16635913179565645,0.27412968362113127,0.18816389514745885,0.31005997980953276,0.18886071830888365,0.31120821802597093,0.18850220277175317,0.3106174494297056,DENİZLİ,BAKLAN,5266,-0.532
54988432B82883997351457,0.15502771026658624,0.20375181743090082,13.946319126104218,0.15375634646835293,0.2024946575121724,0.13977393494638146,0.1855098105984585,0.12144430314461725,0.16282119033882275,0.15306203895439413,0.20171249605803376,0.15403906416046156,0.20280241638801935,0.15362189165236026,0.20234570489369053,MARDİN,NUSAYBİN,119559,-0.395
54988432B82979993724988,3.2413555585771388,2.9441008308004966,101.46476738700677,3.2013440049337833,2.9118603839355006,2.7031138820159466,2.492307314701581,1.9651108284846899,1.8791685609831525,3.167512231370296,2.8836429646695647,3.215115893698414,2.923210248243859,3.1896598719132796,2.9021546481430818,ANTALYA,KEMER,52339,1.501
54988432B83102483310447,0.3836944889132308,0.2782110641038952,4.313223620611447,0.3795027057988493,0.27517437700892483,0.30223687554019857,0.2191982016266333,0.2049055515168835,0.14868030778499114,0.37906748719416933,0.27485975528926226,0.3799658983988577,0.2755096707220654,0.38076544657472633,0.27608956225483,ESKİŞEHİR,SARICAKAYA,4477,-0.525
54988432B83298049825125,1.5634007026661774,1.4357578793792414,49.17187536840988,1.5513282666061572,1.4264074484639302,1.4389516439915606,1.3306421383276528,1.2134083300973264,1.1428970034935697,1.5431910183624127,1.419773092594428,1.5547917421519182,1.429172278187589,1.5485164359053438,1.4241339654896743,BURDUR,KARAMANLI,8097,-0.034
54988432B83441396702588,0.2685276111491792,0.3493729371793301,22.59945383998099,0.26614093592373644,0.34639214311153643,0.23306973639897488,0.30446717432991194,0.18535081270256643,0.24704361964571533,0.2647959848836548,0.34464608190394397,0.2666421008677487,0.3470386432702791,0.2659329651265363,0.346125520336391,ÇANKIRI,MERKEZ,99287,0.704
54988432B83485436335892,0.42885689602384774,0.48070626438072134,25.423077979791316,0.423657462100077,0.4763889263746938,0.3804585806370913,0.4341082537874812,0.3211993819237652,0.37489547658651473,0.41967476393584224,0.47274502408144975,0.4250247458357597,0.4775909938923125,0.42204383060053785,0.47493384960921997,TRABZON,ARSİN,31493,-0.083
54988432B83633646725804,0.02218366181902666,0.03654588327993039,3.027895215218872,0.022049461753136042,0.03632575927927294,0.017446887578998295,0.028745941829912247,0.009034131484179449,0.014886363246964365,0.02191533906057895,0.03610514923787343,0.02209246105178219,0.036396440265856846,0.022020567263001528,0.0362782409357215,İZMİR,KİRAZ,43340,-0.599
54988432B83968093361276,0.2646496244476309,0.24159891892425006,10.044719245985652,0.26168637010441276,0.2391080170110547,0.2073322475686056,0.1930934143287014,0.13906365556316644,0.13485650673353775,0.25819801864541897,0.23609942907513728,0.26277005233507034,0.2400253259171371,0.2605402204797984,0.23809777668456766,UŞAK,KARAHALLI,9408,-0.609
54988432B83996271763455,0.29115716470984193,0.3773487574318645,23.4653829065216,0.2858163987813287,0.37172762379727686,0.21214428670743063,0.2827960758889238,0.08080763694023534,0.13178527286030148,0.28248241836662397,0.3678567737306775,0.2870680480030171,0.3731431279117137,0.28509061188772705,0.3708955594995972,İZMİR,KARŞIYAKA,339624,2.222
54988432B84046531787884,0.2938039948723936,0.4841357086422152,35.77221031319344,0.2926541860598726,0.4822410322117781,0.2668815142593698,0.4397723423930473,0.22352868877516896,0.368334747078689,0.29135870866427166,0.48010632037022677,0.29307369533955674,0.48293230743589494,0.29224660927150614,0.48156941956965726,AYDIN,KÖŞK,28307,-0.306
54988432B84066107129786,0.008354029765915054,0.013765926234243551,1.0392920587248287,0.008331417812418173,0.013728665835062282,0.007860626614468036,0.012952887308493569,0.007195605112708453,0.011857052460650467,0.008307530821895635,0.013689304406062716,0.008339093869514525,0.01374131458527255,0.008324732996352663,0.013717650470331029,VAN,ÇATAK,16361,-1.064
54988432B84070698117276,0.6514703404371526,0.7842805356128282,41.72387269489342,0.6403073549890401,0.7745938326008721,0.5376574789943541,0.6702604716608026,0.4181124738288006,0.5420830121443571,0.6319616856567567,0.7667008438545011,0.6438880810652653,0.7778679346406604,0.6373660602593492,0.7718461619270953,ANTALYA,ALANYA,371547,1.676
54988432B84158817868170,0.023171323616394988,0.03818213970873256,2.9409797395780704,0.023113615960760753,0.03808704795626439,0.022073201228528905,0.03637263313392806,0.02062585475128444,0.0339876685839535,0.023071341121991704,0.03801738668758738,0.023132169549105977,0.0381176209055712,0.02310627942173434,0.03807495867026923,KARS,DİGOR,17557,-1.164
54988432B84437905813511,0.26222824944832424,0.342070652133294,20.054289121214456,0.25927969033933956,0.33940987573361897,0.2321758254066809,0.30990807526042896,0.19879091850378616,0.2716129494356403,0.25798393540317716,0.3381137343893029,0.2598254721563662,0.3399406637354904,0.2591255002695357,0.3392533307707117,ADANA,ÇUKUROVA,380653,1.529
54988432B8459545237186,0.12960674226037958,0.17657919558616825,10.698622599216018,0.12728793985864037,0.17454232166294095,0.10748129872856166,0.1529698847629559,0.08422683084130639,0.1253718890642647,0.1256987137094844,0.17297653636690904,0.12789943778848423,0.17512034403318552,0.12675199103473636,0.1740230185005632,AYDIN,NAZİLLİ,162156,0.756
54988432B84703414085242,0.0,0.0,0.0,0.0,0.0,0.0,0.0,0.0,0.0,0.0,0.0,0.0,0.0,0.0,0.0,KASTAMONU,DOĞANYURT,5057,-1.113
54988432B84747582634168,0.5887258804707665,0.8028891583490538,60.958834370876446,0.5845665075288305,0.7992505198700438,0.5306621803633854,0.744357646477248,0.449915764452645,0.6507150844286907,0.5808483189050904,0.7957235794321348,0.5857506988456946,0.8003382110371602,0.5832830238858158,0.7980278617023896,SAMSUN,HAVZA,38103,-0.124
54988432B84759555585504,0.1936406091258708,0.31907505372838496,27.38875617905365,0.19323779491395912,0.31841137562361,0.18169569787853737,0.299393725089427,0.15907380833154633,0.26211904446838485,0.19256016856259198,0.3172949045762445,0.19340058281761194,0.318679586318078,0.19297283510030197,0.3179748238554361,ÇORUM,DODURGA,5036,-0.511
54988432B84830435055173,0.1153532420845988,0.18800748187440197,14.294834762169877,0.11508570356143719,0.18758010999822702,0.10891122713549416,0.17766812742656948,0.09885691978257588,0.16144627733112096,0.11479746641310946,0.18712048092290567,0.11518167599670973,0.18773318298743677,0.11500387031966987,0.18745003339516284,ZONGULDAK,ALAPLI,43217,-0.17
54988432B84852030517373,0.03995968224377901,0.05727547917547227,3.920781739126617,0.03912504751409665,0.056491501186481705,0.033502322471635475,0.049591664685640795,0.027614358016943542,0.04166341302595861,0.03883949445280804,0.056188328247354445,0.039256253012383606,0.056626406754085395,0.03911288892926271,0.056478847024936746,ŞANLIURFA,VİRANŞEHİR,215727,-0.803
54988432B84880544185271,0.25291690239533066,0.416761194217045,34.144099628003275,0.25170087289253235,0.4147573980967001,0.22746042561745722,0.37481353646057836,0.19481919164701064,0.321026701648812,0.25005807240853506,0.41205036078489216,0.2521660332359409,0.41552389799601624,0.2511085562070483,0.41378136760265605,SİVAS,DİVRİĞİ,15657,-0.218
54988432B84889548595985,3.489988034411127e-06,5.750867447960771e-06,0.0004187985641293352,3.4809230062386107e-06,5.7359299252764085e-06,3.291468166136024e-06,5.423742702265364e-06,3.025025248446778e-06,4.984693087490018e-06,3.4713166642295205e-06,5.720100415544757e-06,3.484006883508132e-06,5.741011595823106e-06,3.4782358084746136e-06,5.73150191062569e-06,VAN,BAHÇESARAY,11438,-1.244
54988432B84935584659514,0.3957853159292943,0.5475211838771025,39.65605812058437,0.3949462561819354,0.546237171652096,0.3702730246428612,0.5133704833913071,0.32515642323279337,0.45529748576063883,0.39360036713084856,0.5442953281114709,0.39527864355151504,0.5467337410455586,0.3944487933612823,0.5455104349085732,AMASYA,SULUOVA,46928,0.061
54988432B84973807429467,0.08644705493701314,0.10508337237774384,6.462205956417477,0.08209260883201344,0.1014241896857035,0.053251528681232126,0.07131273446407374,0.021162278208963662,0.03441450011305914,0.08317070786279238,0.10239163103644688,0.08175475613317025,0.10111530287102694,0.08392784896641967,0.10305182939676494,ANKARA,ÇUBUK,101437,0.298
54988432B85224967015288,0.2974270514783939,0.2998461779550704,13.230515018692836,0.29473824990963843,0.29749221253090075,0.2444412025989746,0.25294358834753256,0.18014334810771535,0.19528361425799134,0.29445917621332895,0.29724760825825064,0.29503567758689486,0.2977528398137038,0.29555013925423695,0.2982034844551472,ESKİŞEHİR,ALPU,9725,-0.401
54988432B85329501367983,0.015388380767451759,0.025357261159577614,2.0216054047141183,0.015350008898669897,0.025294031277721517,0.014475369425006419,0.023852784021800324,0.013051497686530956,0.021506501584688323,0.015320828591147922,0.025245947422133763,0.015360986675327632,0.02531212066307455,0.015345958314454974,0.025287356649419883,DİYARBAKIR,DİCLE,35948,-1.122
54988432B85338768534815,0.5807270329488022,0.838601905042415,63.779723788276975,0.5766250664770116,0.8336215904709058,0.49157409307177763,0.7250767880147924,0.3618981387723211,0.5500091608268702,0.5712975962386089,0.8270990781085937,0.5781849058063404,0.8355204777845567,0.5747519735862328,0.8313355430225023,AFYONKARAHİSAR,DİNAR,46878,-0.132
54988432B85449040916206,0.0007601089797028709,0.0012525217694660353,0.09832255882933268,0.0007581878866970555,0.0012493561565405133,0.0007182457505404972,0.0011835387587844418,0.0006623095904379982,0.001091366109730743,0.0007561544483614805,0.0012460054188829079,0.0007588412254088366,0.0012504327402688897,0.0007576187728070523,0.0012484183600461037,ŞIRNAK,GÜÇLÜKONAK,12562,-0.959
54988432B85482798443397,0.06100848698869071,0.08687877465478219,6.305396859910748,0.060222890597877624,0.08621263369521169,0.055280176308105326,0.08058145456573446,0.05009653595584794,0.07392489353011411,0.05993261608403969,0.08593281742944966,0.060342721884717926,0.08632397224970992,0.06018859926063851,0.0861802714704291,KİLİS,MERKEZ,135430,0.193
54988432B85515105263219,0.32464148473087895,0.4143854173307125,21.989091841603077,0.314979957424572,0.4071194886364758,0.26955884168302624,0.3668917916194032,0.2268296004555513,0.3224452992885603,0.3124849854713002,0.40511095373368794,0.316381315283191,0.4082121280935267,0.3151380533626173,0.40721441363563676,KAYSERİ,SARIOĞLAN,13510,-0.613
54988432B85612149706662,0.05076773542866418,0.08365602237162183,7.324729015948212,0.050419041624731424,0.08308143821071051,0.04369185501784461,0.07199625451023665,0.03487140531428849,0.05746175279378161,0.05016154335574968,0.08265712775508936,0.05050851331433187,0.08322887133144445,0.05038391213352937,0.0830235511791719,GAZİANTEP,NURDAĞI,38269,-0.45
54988432B85758697491434,0.15468304163790766,0.17865955016085747,10.952276741032618,0.15373746138076858,0.17768406683224636,0.14234484579978252,0.16443893697413545,0.12649713427619705,0.14616811249057052,0.1532546309448298,0.1771479063697201,0.15393294855909762,0.17789693476898427,0.15368242060805293,0.17762281151016904,ADANA,CEYHAN,156081,0.103
54988432B85980099192103,0.35792826772000447,0.364725916564856,17.889488843743568,0.3537950041723155,0.361297272807233,0.2791544976732217,0.2983994126281684,0.180760168217137,0.20969427933602622,0.3486495322757602,0.35710834991470736,0.35533316768597467,0.3625552178184301,0.35197941403145,0.3598274667029134,AFYONKARAHİSAR,HOCALAR,8220,-0.772
54988432B86025337203985,0.1412944343056912,0.12713364374138558,4.510585339915437,0.1364815079268969,0.12360636000152303,0.1163740982124283,0.10808717968482075,0.10057810160252983,0.09526888017048694,0.13509739890676414,0.12257607031419475,0.13722629058416624,0.12415793895662743,0.13641720625538944,0.12355864500632988,TUNCELİ,PERTEK,10569,-0.465
54988432B86036130950643,0.06583989388392064,0.10849220650067899,8.133641562283318,0.06510720079645028,0.10728486115034166,0.06214343113705366,0.10240110616624938,0.05942564967498914,0.09792269512679853,0.06470142865990736,0.10661622224719192,0.06526721333902841,0.107548532805747,0.06494149889079424,0.10701181445622507,SİVAS,GÖLOVA,2998,-0.594
54988432B86037969006851,0.3384178431397692,0.4441286696221317,29.873585484146453,0.3351304072314109,0.4408234969260623,0.30345298719260455,0.4041962091080427,0.2630047750677184,0.355639283028662,0.3339680096488658,0.4395675841041874,0.33568598983173364,0.44141414572845455,0.335174146194186,0.4408702214161541,AKSARAY,MERKEZ,327575,0.96
54988432B86248275111612,0.6506194698442898,0.8994829618085995,68.07557107758606,0.6440407520046394,0.8940782469202294,0.5846971879753257,0.8348234806622971,0.4998965950048717,0.7351459725303684,0.6393362471937225,0.8898438366408286,0.6456614839031268,0.8954840241714974,0.6423820608403535,0.89259155005499,SAMSUN,LADİK,15942,-0.26
54988432B86259306109163,0.652476226643652,1.0516963808810484,87.73509841146142,0.6485332732515435,1.046996539419445,0.5918626912764153,0.9608179288008389,0.4982638231774916,0.8120025773403275,0.6443344453292877,1.041155660232297,0.649750717144132,1.048599729087494,0.646863163115792,1.0447158979560698,DENİZLİ,TAVAS,40104,-0.165
54988432B86310086710434,0.13472745471484152,0.1747025401747192,9.780589337184605,0.1339031974774409,0.17394922451799302,0.12533800776266937,0.1645710907379379,0.11411504757015682,0.15173222952415402,0.13335074763841423,0.17339004064507704,0.13410508685986902,0.17414695285723886,0.13374006309979236,0.1737864347141385,VAN,TUŞBA,167758,-0.19
54988432B86380728470389,0.2604948546470836,0.4267337771935613,32.7344051935073,0.25987162970162003,0.4257265842817669,0.2463789386093137,0.4038708934554046,0.22634450540743684,0.37134784493162215,0.2592907453826342,0.424797422925901,0.26008683190519216,0.42607337890793273,0.25973888314216753,0.4255184341256644,BAYBURT,AYDINTEPE,5982,-0.598
54988432B86465154282957,0.018420008188442312,0.030352833430260667,2.526028141800385,0.018375045132149014,0.030278742466552933,0.017434093398610604,0.02872822463063109,0.01610834299966367,0.026543628368910267,0.018342981730374942,0.0302259077944236,0.018386368393014288,0.030297401147234008,0.018371574201524826,0.03027302300226137,KİLİS,ELBEYLİ,5273,-0.835
54988432B86482877826828,0.5414143817433393,0.5799165257500052,29.214730717657453,0.5375420177026167,0.5766293597329412,0.48311683188349697,0.5268642620087851,0.4120911813777775,0.4601182845507624,0.5335257037010517,0.5731213575262656,0.5387575879508076,0.5776833249097382,0.5360684356237155,0.5753641148750465,GİRESUN,PİRAZİZ,15109,-0.168
54988432B86685660972424,0.06332011382507798,0.10434006587052806,8.763855316937434,0.06310032350096073,0.10397789127053522,0.05860537960967435,0.09657103879713679,0.05240998550276835,0.08636215270773061,0.06286859720671842,0.10359604835610253,0.06317493151129416,0.10410083174303918,0.06303540817953306,0.10387092259179151,VAN,ÇALDIRAN,50170,-1.22
54988432B8670840315207,0.0645633531642435,0.09854689150628913,7.317551133529653,0.06379868342953342,0.09777038145365086,0.05753322866217663,0.08938383351786999,0.050186119118695846,0.07873306645489575,0.06346146043432169,0.09737699835767655,0.0639325349527537,0.09792082482263527,0.0637475369574104,0.09771215360999583,HATAY,DÖRTYOL,132987,0.323
54988432B86746221394106,0.38166145436551424,0.4392455841556651,23.71292577103359,0.37550406630345035,0.4342937060794929,0.32873576257703385,0.3901220819629596,0.275579064718637,0.3367502425071021,0.3728807429267568,0.4320204518553748,0.37655357379884064,0.4351838088152183,0.37510110269354674,0.43394870068804825,HATAY,BELEN,37876,0.064
54988432B86802398359191,0.11384891005376957,0.1876023597669759,15.707217226424913,0.11324740715916964,0.18661119206602628,0.100307477801218,0.16528853485636844,0.07643506006394285,0.12595111916446003,0.1130941362599705,0.1863586294164604,0.11332143668106737,0.18673317929448435,0.11337266148316624,0.18681758847984942,AKSARAY,AĞAÇÖREN,7480,-0.563
54988432B86910929123877,0.0518938834783942,0.08551171015533925,7.207197519078896,0.05173534812401346,0.08525047263822753,0.048495254828511546,0.07991138640706175,0.04400187398543812,0.07250710955369377,0.051589561452814375,0.08501024263930526,0.05178532768345686,0.0853328298894939,0.0517018378274278,0.08519525374581137,BATMAN,KOZLUK,58781,-0.885
54988432B86957506981644,1.0087238964355096,1.3858304844037597,107.18712511943438,1.0069578258396936,1.384412630119443,0.9632835457378336,1.3417853802362476,0.8836609275840066,1.249808784867139,1.0043179098386883,1.3822347384968041,1.007691090394214,1.3850041749766415,1.00596517456061,1.3836081328849497,RİZE,İKİZDERE,6287,-0.5
54988432B870340746196,0.4461164144480379,0.5695275344580235,34.385940227296075,0.44032751552659827,0.563371745580503,0.3525287407055652,0.4588262632950133,0.21389231090583896,0.2847607028199084,0.4422036063773243,0.5654478526473725,0.43969644619021925,0.5626671833802446,0.4433787105859336,0.5667281712784131,ANKARA,PURSAKLAR,168881,0.447
54988432B8708369070409,0.3726456106884206,0.2780626533657639,5.22219434829045,0.36978792790807763,0.27595853939932824,0.3150582912956919,0.23562628644867803,0.24393771219343768,0.18317256278613464,0.3667131584645574,0.2736941129360064,0.3708189066131425,0.2767177156118866,0.3688834341116556,0.27529245992908896,KÜTAHYA,ÇAVDARHİSAR,5503,-0.562
54988432B87097212821795,0.2685899025006125,0.3135423455750694,16.40962210738717,0.268082557109216,0.3127981561715744,0.25293780187515835,0.29538562024326476,0.22532124606239176,0.26611336916587836,0.2677186516586472,0.3123120110698126,0.2682297966771818,0.3130025714459423,0.26804824766241436,0.3127537948531135,NEVŞEHİR,GÜLŞEHİR,21173,-0.385
54988432B87156479266793,0.2903102436350175,0.47837864011814224,34.847890870224184,0.28981774327369025,0.4775670888268083,0.27926771516534177,0.4601825555203468,0.2640703562936888,0.43514006380741643,0.2894986533689543,0.47704128652375605,0.28995677300638395,0.47779618461629647,0.28980086777291797,0.4775392810615373,TUNCELİ,PÜLÜMÜR,3580,-0.492
54988432B8720609877048,0.2466724157689527,0.36031476614608793,24.010193816887657,0.24354923421104968,0.3576288139594584,0.22345853456383777,0.3344415820154327,0.20181317160608492,0.3063268771649186,0.24362427368893178,0.35770027429736434,0.2436603431981323,0.35773455872448556,0.24433564079390616,0.3583643936226203,KIRKLARELİ,PINARHİSAR,17694,0.002
54988432B8721285077518,0.15670038570938497,0.21451570782686247,15.163115269929325,0.155475866987431,0.21329916397188683,0.14329795217231042,0.19865131127473054,0.12711576773619587,0.17850743777923395,0.1548939775414897,0.21265643724075478,0.15570295208955218,0.2135434173278706,0.15539085903346894,0.2132069926302094,OSMANİYE,MERKEZ,284895,0.515
54988432B87255554726822,0.1277846679801009,0.21056596188566423,16.7527717185863,0.12691774821946378,0.20913743531700985,0.11355941943531121,0.18712533172052784,0.09611960971369314,0.15838768762611016,0.12634699749756303,0.20819694162043675,0.1271246187549538,0.20947832044806516,0.12682592839236007,0.20898613289145374,ÇANKIRI,YAPRAKLI,7002,-0.893
54988432B87330314310527,0.1755376790312415,0.2181725351018477,14.31570579093734,0.1733291665755554,0.2163886612087078,0.15598629173854148,0.1994594654623495,0.13526320363940927,0.17708854183232559,0.17228283593398078,0.21547902724793544,0.17376046783796814,0.21675417533690455,0.17311344322517982,0.21620629041696574,YOZGAT,YERKÖY,33000,0.079
54988432B87370140672235,0.04709551064440037,0.03909289065683358,1.1113018883924237,0.04434692960615606,0.03708900067085589,0.033054340907512095,0.028581954839416737,0.024298416855178,0.02172959920643495,0.043471048793156664,0.036442123038734835,0.044754408575969316,0.037388433324955665,0.04424028029755908,0.03700925270283236,ADANA,KARATAŞ,24005,-0.564
54988432B87552585727000,0.2670867334380225,0.2562037636722722,6.809344320060139,0.2613544315908932,0.251977502532691,0.22210788432764877,0.22188452590813196,0.18112252109513566,0.18978419160370855,0.25805609206978125,0.2495034992449823,0.2626978719757452,0.25297839308470105,0.26030435055272266,0.25119218248164876,KÜTAHYA,HİSARCIK,10799,-0.514
54988432B87659764102191,0.12963063232630112,0.1815671388724313,13.124653212043563,0.1291496464376126,0.18103469459538254,0.1201291722132742,0.17020846427692995,0.10685135425432628,0.15351323350342408,0.1287984595181864,0.18064295925809912,0.12927711555293403,0.18117583136119292,0.12909084075719407,0.18097485444669675,KIRŞEHİR,ÇİÇEKDAĞI,13350,-0.697
54988432B87892506897385,0.19042338079486393,0.2564226599450917,18.812786139011493,0.18451229662654337,0.2500901303874054,0.11712798996049885,0.1655618690911873,0.041708565174488364,0.06796074067464002,0.1863590287882427,0.25221246056404634,0.18390006496989758,0.24937595384065872,0.18753980623676322,0.25353371740776665,ANKARA,BEYPAZARI,48359,0.269
54988432B88005070896558,0.5208197233590317,0.6391141334320021,35.67105915845771,0.5135164590377739,0.6318632636575754,0.4065119405777965,0.5129433927153042,0.17332849465088238,0.27030971631277145,0.5149909598963951,0.6334102170259319,0.5132671862372455,0.6316014344677742,0.516643438516348,0.635123595351585,İSTANBUL,MALTEPE,525044,2.685
54988432B88117784045273,0.0011381926402426069,0.0018755350848600216,0.13890070545456432,0.001135840630335649,0.001871659399018741,0.0010864498706090362,0.0017902723829197721,0.0010165753931842137,0.0016751319143268801,0.001134216769083587,0.001868983570126948,0.00113651242195151,0.0018727663897870114,0.0011356930525751644,0.0018714162176294504,BİNGÖL,ADAKLI,7491,-1.097
54988432B88177358385570,0.040376676604380275,0.06589070163838164,4.361577562052289,0.0402180349788507,0.0656663746386577,0.0378704437560211,0.06194631251947364,0.03474679513487102,0.056910362895866394,0.04007492116155193,0.06544778378163468,0.04026420398526592,0.06573538617115875,0.04017352940568331,0.06559881807325725,ORDU,KORGAN,26428,-0.704
54988432B88316498186109,0.7051598498945536,1.0728874738481515,87.94327381141686,0.7007213801101442,1.0668324572021304,0.5869932224271329,0.9032480703331811,0.2846597207349053,0.4667571029587836,0.702307558631531,1.069057602645029,0.7001760789063892,1.0660636101704943,0.7032844494909442,1.070419910012258,ANKARA,BALA,20109,-0.611
54988432B8852789210155,0.5529288709244905,0.7319451722701689,44.02927954837895,0.546742266509708,0.7261292233003845,0.48051435935752723,0.6525241647436292,0.3895042954848899,0.5467515483549944,0.5419045007251284,0.7211120329737551,0.5487707962356143,0.7281571699502278,0.5450534209334972,0.7244005393451314,ANTALYA,KONYAALTI,199414,2.465
54988432B88681826210305,0.4811138091489266,0.7733735325416895,57.71706538169118,0.4789850511019139,0.7711805488441743,0.453142693814078,0.7339218866227702,0.4058562601451808,0.6600502076268627,0.4783572108046363,0.7704367832737911,0.4792788184304069,0.7715182798934213,0.4790899692027108,0.7713047694279096,DÜZCE,ÇİLİMLİ,19022,-0.196
54988432B88727338828677,1.4709052083404255,2.3299405638983246,191.3894244447107,1.460788769169296,2.320291789282569,1.3636971850663455,2.188467274777615,1.2146508257729536,1.9640417523711233,1.4561608826057042,2.315077937018366,1.4626209432138417,2.32225910085742,1.4600231972150812,2.319451689397497,ÇANKIRI,KURŞUNLU,9130,-0.173
54988432B8876383914528,0.2679613929145215,0.36277655434375095,21.73582344435559,0.26516595147759064,0.360560052762536,0.23997624149274913,0.3360434498227151,0.20607470784447493,0.29788042511841145,0.26426902633977967,0.3598027406995315,0.26564700160969573,0.36095933698993504,0.26523307011310954,0.3606160726585696,KAYSERİ,YAHYALI,35207,-0.395
54988432B88783696627318,0.08781753243947946,0.08398873682722066,3.1662281739132174,0.08756355505675005,0.08377469887483538,0.0823686264269671,0.07937492071829157,0.0751484307801932,0.07323032811398034,0.08723215289858355,0.08349532684463919,0.08766143062541154,0.08385713588298424,0.08744771829563219,0.08367716503501206,SİNOP,GERZE,30701,-0.106
54988432B88821463332228,0.40101726476403987,0.5708298720366795,40.460604291349355,0.3969880324881439,0.5663742025508425,0.3239286813819594,0.4752276953507632,0.19721383299574644,0.3055989429776173,0.3974145075482126,0.5668694469175308,0.39704383603419535,0.5664386014275613,0.3985621587983563,0.568187584288989,KOCAELİ,DERİNCE,147892,0.68
54988432B88890114136269,0.18346942383764225,0.25900288650085546,19.569057320355213,0.17949846119065546,0.25534426824030615,0.1530683334821487,0.2233314428393647,0.12529409497298497,0.1862189584291958,0.17677210047336012,0.25244929525541726,0.18047431706709213,0.2563222930047312,0.17842778322932107,0.25423238710171137,SİVAS,ZARA,21340,-0.4
54988432B8890840155709,0.1906910953442631,0.25629158100598726,17.490650291891757,0.1867822632572595,0.25193458258912654,0.15231088542867857,0.20991232811452862,0.11370625438360406,0.1614997892378954,0.18390147097047477,0.24856141235431453,0.1880265599781076,0.25336347194348163,0.18576423960579172,0.2507510056978945,ANTALYA,FİNİKE,52436,0.315
54988432B88923492741350,0.21429624739865819,0.313910982209302,19.598029904781495,0.20862998385849166,0.30843145203077793,0.16373164154248615,0.2501733339064769,0.11268090638540453,0.1778426705957933,0.2092596643863674,0.3091046847733722,0.20861672230698744,0.30842165631796836,0.21051774075649649,0.3104386204710214,KOCAELİ,KANDIRA,54260,-0.235
54988432B88971047069977,0.9137537771872526,1.2009989963747711,80.84809489852212,0.8987857189339165,1.1880407288249983,0.7474224911157631,1.0286740164037522,0.5474460463219061,0.7930417962038928,0.8882987795545527,1.1780840812967508,0.9025759531867823,1.1915262697824487,0.8955034647329903,1.1849669388233481,BALIKESİR,BURHANİYE,68370,0.586
54988432B8910528917269,0.5081778541438386,0.6728399513153559,43.84515204753833,0.497920852376918,0.6636591610039795,0.390416663561951,0.5447198492415491,0.22639495138252339,0.3459116082728282,0.4987738890056357,0.6644830187563884,0.4980394996766114,0.6637743946453408,0.5012239169597843,0.666810620222978,KOCAELİ,İZMİT,381254,2.023
54988432B89158159538815,0.43725099386553534,0.37683753885721716,11.35526746232116,0.4281925622547501,0.37012434293740615,0.36436976259871645,0.32085923085764273,0.29637520844377463,0.2672137240423508,0.42490943075931936,0.36765031853697455,0.42969616989861664,0.3712519846088354,0.42796953585108244,0.3699565500221469,ELAZIĞ,SİVRİCE,8070,-0.647
54988432B89273666554884,0.41928706729464865,0.31098582521403717,5.19164578636324,0.41364586433005507,0.30688082148904455,0.3771304445623252,0.2799791398661913,0.3151819669257988,0.2344485097511246,0.4113277067948793,0.30518253008262564,0.4147299797309055,0.30767306072681466,0.4131075739844469,0.3064865481492468,ISPARTA,EĞİRDİR,29200,-0.087
54988432B893295612098,0.43678812278124124,0.646998150039209,49.90662977102911,0.4286769706375402,0.6394269209222584,0.3329149985322692,0.5114535124751486,0.17037870806130914,0.27088011404352397,0.43086761885972663,0.6416818060812949,0.427968080632439,0.6386757780414095,0.43233985322231516,0.6431309940932102,ANKARA,POLATLI,131894,0.581
54988432B89494188716886,0.20712101904090377,0.2975653325307698,18.292963640941256,0.2067466453617694,0.29704194990140526,0.19804839236903526,0.2854262907168408,0.1847792946188617,0.2682076572219965,0.20633888868600095,0.29647905294870425,0.20687559051002366,0.2972211982069367,0.2066334091491552,0.29688509943854324,ŞIRNAK,MERKEZ,105697,-0.333
54988432B89533170865064,0.21459688368826924,0.28483735230218166,17.659841196273856,0.21321919608555612,0.28347824052357895,0.19546708518618758,0.26310407132918034,0.17184226380738435,0.23529702784011955,0.21207593194373994,0.28223342105232035,0.21363116674246582,0.2839133227090815,0.2128523013872692,0.28308342652702495,ZONGULDAK,EREĞLİ,173884,0.612
54988432B89555629027377,0.5835252264343422,0.6001027822623901,30.349131358025986,0.5672969736197806,0.5862937910227268,0.36638692478545626,0.3994265141818236,0.0835595025337141,0.13153663950039868,0.5719736506156783,0.5904304258513386,0.5657599798862255,0.5849217160092423,0.5750394652341988,0.5931041370792114,ANKARA,HAYMANA,25798,-0.578
54988432B89638439219394,0.5425034583245132,0.6665309919244323,37.0946342950191,0.5352019068104082,0.659173371098558,0.41425607986792756,0.5278543631873113,0.18546649712689153,0.28498324852561174,0.536775981309113,0.6608260625788482,0.5349315862925778,0.658888540938708,0.5384984294991003,0.6626156933429002,İSTANBUL,KADIKÖY,458573,4.91
54988432B89653427211969,0.15107696292506997,0.11367090142672834,1.8945917404379917,0.14375578951005313,0.10837280976421036,0.11442311493713515,0.08710137927004576,0.09237916010715938,0.07107456267158163,0.14165724115095812,0.10685329277430569,0.14473323053394438,0.10908042542801556,0.14364422166985552,0.10829203526923573,ADIYAMAN,SAMSAT,6834,-0.84
54988432B8973824492298,0.00031236798578601643,0.0005147257994954653,0.03748415829432197,0.0003118207694630817,0.0005138240862209414,0.0003001166325347404,0.0004945377908514415,0.00028328317036205834,0.0004667992975698475,0.00031149284400624664,0.0005132837245301631,0.000311969923791816,0.0005140698655088309,0.00031181874949942856,0.000513820757687117,HAKKARİ,DERECİK,24869,-1.135
54988432B89770527018948,0.6450545010280356,0.8426968266718616,60.306516279509886,0.634469625998761,0.8341209572910453,0.5357586100031974,0.7372778320451788,0.39589665056438195,0.5746537499922816,0.6263261562614479,0.8270920311865316,0.6372937889234674,0.8364891697877094,0.6314219114571591,0.8315222913966933,AFYONKARAHİSAR,İSCEHİSAR,25220,-0.392
54988432B89902778138642,0.19122717887441665,0.2799032602017405,20.21646059194338,0.18981522220801625,0.2785280427363441,0.17628914587433397,0.2613590547954593,0.15984352624594783,0.23908799623089821,0.18897277098473556,0.27757684189611465,0.19014225222844697,0.27888083133502833,0.18959573284534406,0.27828531510731563,BİTLİS,TATVAN,105045,-0.128
54988432B89911278235882,0.09623139071346769,0.13477591756207394,8.843242139502738,0.09452260006526973,0.13332387078476934,0.08424072014944203,0.12183619028475802,0.07377905054467541,0.10868867487436992,0.09340873398573726,0.13224364094658478,0.09493112866310499,0.1336983934781167,0.09408146108618656,0.13290536254093896,TOKAT,TURHAL,77707,0.037
54988432B9007948244439,1.0377382186561115,0.9295599754858006,36.3782825575928,1.0333782697212288,0.9254360660877703,0.9085827939352185,0.8157755432636209,0.6760598297922452,0.6194203880892852,1.0336729357047059,0.925712048537295,1.0335829065803803,0.9256285484006858,1.0352046167682398,0.927155534501828,SAKARYA,TARAKLI,7064,-0.437
54988432B90144731477668,0.04001310600250436,0.06593434319336657,5.104436549311869,0.03991736333517,0.06577657663843138,0.03791170789224046,0.06247162015008771,0.035083637224520445,0.05781147249824397,0.03981587635220852,0.06560934449294828,0.03994994429648895,0.0658302641548426,0.03988898637042111,0.06572981654606509,ŞIRNAK,İDİL,76548,-0.842
54988432B90296339099195,0.7857681420901156,0.7662875991802031,19.197439857880894,0.7599271951786101,0.7473023227298694,0.6226459887253543,0.6431641385085685,0.49588172736072106,0.5446161711518706,0.738982129468004,0.7317002892549556,0.7678430195515388,0.7531545888754219,0.7498123476081813,0.7397870318657004,ÇANAKKALE,ECEABAT,8746,0.058
54988432B9057851226548,0.029532749648152147,0.04866461630404713,1.9816234009108424,0.0295100948877327,0.04862728536681957,0.02901599516259584,0.04781309861393707,0.028289395789150823,0.04661579459935218,0.029495514821902744,0.04860326006210681,0.029515683776811772,0.04863649484259947,0.02950940872317464,0.048626154692048756,ADIYAMAN,KAHTA,136769,-0.512
54988432B9062232449039,0.4480591802221831,0.5287860748863027,29.337071083406094,0.44283008110329936,0.5242273479249189,0.38562773481300494,0.4677453122685016,0.30942190699635574,0.3897161409578939,0.43870231203199156,0.5203559221116445,0.4442056500489004,0.525486048560258,0.44141336671549625,0.5229115632532775,SAMSUN,ATAKUM,261809,1.734
54988432B9070985819609,0.3649548750911334,0.5120795518976827,31.452801187832456,0.3607341857972095,0.5079179595848085,0.3226726284735455,0.4604348375874456,0.26631531861272734,0.38928885231418714,0.35788837452947625,0.5047179789055021,0.36183062012437495,0.5090931018897433,0.3597748671197903,0.5068597836265498,AYDIN,EFELER,310241,1.518
54988432B90803924076576,0.235454716677044,0.38798667853751345,34.26144918797431,0.23483125195850318,0.3869593217330041,0.22069122654154047,0.3636591238291825,0.19487190992788384,0.32111357181638744,0.2340825307118711,0.3857255648827232,0.23509234720335342,0.38738955935262387,0.234591104633745,0.38656360248725047,BURDUR,AĞLASUN,7347,-0.476
54988432B90807122868998,0.03482658973490912,0.05738790484528631,4.470808607437162,0.03467599385469501,0.057139750141951794,0.03165850057215899,0.05216746836852596,0.027189428331823175,0.04480324768463788,0.03452067313770157,0.0568838097643504,0.03472731855015701,0.05722432393346587,0.03463314043922399,0.057069135483782146,MERSİN,AYDINCIK,11271,-0.186
54988432B90947496422305,0.1873186644280103,0.20785862010267336,10.574932743392939,0.1856293078668093,0.20637411383002766,0.1626809650240598,0.18451178951845465,0.13380479446368915,0.15635338200719953,0.18420379711978838,0.20506066351091318,0.18613928533448915,0.2068372040623451,0.18519969373370745,0.20598091060637616,KÜTAHYA,TAVŞANLI,100882,0.309
54988432B91005720032741,0.668938080926962,0.7821677342270491,42.48328761797098,0.6597737781826108,0.7742540608025553,0.5654316913401043,0.6814547424903723,0.4354403161558359,0.5496612133172627,0.6529414048233364,0.7678556794939678,0.6626705028340708,0.7768869919321005,0.657383120779167,0.7720384752189776,ANTALYA,DÖŞEMEALTI,97121,1.216
54988432B91142232694102,0.7550498188004275,0.9983473120930975,67.38805679107806,0.7478662104323793,0.9916662790828066,0.6588580436684379,0.896896954422194,0.5220919239798385,0.7384550623096452,0.7417208660683918,0.9855981581491253,0.7499843823059722,0.9937095157113439,0.7456644697950918,0.9895168211354612,EDİRNE,KEŞAN,85259,0.623
54988432B91196125429368,0.0619184196897671,0.08334354612409123,6.121992209654391,0.06150360580208905,0.08282643745154894,0.0534860006732193,0.07275542367439547,0.04297658893289306,0.059467602953662206,0.06124650322228169,0.08250540324987649,0.061607355939904636,0.08295589217553248,0.061493474059574386,0.08281378538610325,ŞANLIURFA,SURUÇ,98022,-0.91
54988432B9128675861083,0.3386207991246772,0.5141049147597605,36.69127503840463,0.33788338380393196,0.5130589835112968,0.3223978521480851,0.4909821191675403,0.30050167619002655,0.45961677206551665,0.33713387149692614,0.5119946340390064,0.33817845200409336,0.5134777049262124,0.3376853237665846,0.5127778201856283,ARDAHAN,MERKEZ,42136,0.088
54988432B91293750640231,0.20577832241350685,0.30143753713836613,23.98515853388495,0.20497938110747563,0.3006749971727474,0.1819478111576349,0.27258086891824834,0.1378104007256451,0.21192044075054478,0.20438246650875835,0.30007919478837153,0.20518494577235724,0.3008755017427288,0.2049107278484481,0.30060793895797244,KONYA,CİHANBEYLİ,49126,-0.159
54988432B91546860150128,0.12090297511026009,0.1332296159594971,7.1414828031208994,0.11667692701877841,0.13005967483142425,0.0975941490219192,0.1137899962380553,0.08122559316532173,0.09819904374161086,0.1150538588302254,0.12878916831797854,0.11739748624007616,0.1306149089626112,0.11632355073012556,0.12978535414939188,YOZGAT,ŞEFAATLİ,14008,-0.362
54988432B91560004091691,0.0498688153177255,0.08217476502823183,5.924303260674192,0.04973353529675844,0.08195184808374145,0.04700700668973801,0.07745902333550607,0.04290735461357599,0.07070354009593588,0.049585192340204205,0.08170740579008016,0.049782333810237764,0.08203225918541575,0.04968697788121755,0.08187512990509577,KARABÜK,OVACIK,3986,-0.776
54988432B91646102966816,0.5032742370644991,0.7313188571680909,51.77973493576984,0.49291091747846993,0.7214823240619097,0.3927746790113247,0.6022057371368166,0.2602426442834256,0.4226268079589168,0.4869748799769304,0.7150913220802689,0.4951983864492542,0.723856178487149,0.49143389786900255,0.7198345092138383,İZMİR,SELÇUK,38578,0.69
54988432B91709779235115,0.3764998198366878,0.4645396008855882,26.055106330128922,0.37503837169128446,0.46286988063249196,0.3408875699946046,0.42788846897662197,0.28574288108381113,0.3712954455928945,0.3742787750364551,0.4620474404496379,0.3754020841814261,0.4632682634207999,0.37508492929084364,0.4629172339177257,KAYSERİ,İNCESU,29780,-0.295
54988432B91755987711190,0.043115139305520196,0.0710459315910655,5.17023995419337,0.0430349585627318,0.07091380826596849,0.04133477639477596,0.06811221634390613,0.03889817483810878,0.06409713880274423,0.04297444365630958,0.07081409067323508,0.04306273242460721,0.07095957455415879,0.043026667246651426,0.07090014568051628,KARS,ARPAÇAY,13770,-0.943
54988432B91769619824833,1.0738261784095577,1.247410268250512,78.3916118777541,1.0668595554179596,1.2402481512930874,0.9127122255199768,1.081121742697219,0.685662650671431,0.8401412194887179,1.0664259259009528,1.2398036479338517,1.0674850323239744,1.2408919426881573,1.0691743011770314,1.2426293507105872,ESKİŞEHİR,GÜNYÜZÜ,5008,-0.541
54988432B9177912033932,0.049349883235596276,0.08111983989945751,5.884676897129389,0.04905942290392289,0.08065877770223102,0.04148023682279739,0.06823990840267573,0.028896150373174098,0.04755630706393097,0.04875477692160604,0.08016535324296342,0.04915912907953234,0.08081928660352605,0.04897633680513337,0.0805249316370454,İZMİR,BEYDAĞ,11904,-0.481
54988432B9192246794602,0.0016852456936464462,0.0027769793208023727,0.20448331367014275,0.001616426598489511,0.0026635779308165435,0.001332441848340259,0.0021956225569735,0.001112685781541071,0.001833504406829016,0.0015778875085616917,0.0026000724988337865,0.0016315440603338527,0.002688488766716037,0.0016007233370723076,0.0026377018034428705,SİVAS,DOĞANŞAR,2770,-0.625
54988432B91961372611243,0.04235334540271871,0.06979063337385677,4.974211516122496,0.042110333381212006,0.06939019362731139,0.03748358298194063,0.06176614792897165,0.031188902796067265,0.05139365638477905,0.04194562273381387,0.06911878034706088,0.04217063053195363,0.06948955239816838,0.04209425844750814,0.06936370505140389,KONYA,EMİRGAZİ,7647,-0.733
54988432B91991689904144,0.1717954711482604,0.21117401601056374,13.06140435492184,0.17068460283862022,0.21011963098375108,0.14898291210476364,0.18864391727885743,0.11848959204577562,0.1564103184335063,0.17065740443337576,0.21009763141083865,0.17077949745086768,0.2102076724304091,0.17107174834030842,0.21048734872347713,TEKİRDAĞ,SARAY,51468,0.125
54988432B92019352916706,0.07515390756971906,0.12353553512900811,10.364266452819587,0.07497622918105315,0.12324521478961066,0.07094209521519429,0.11663602535813045,0.06444497533268236,0.1059791890023101,0.07472806580859126,0.12283913637581055,0.07504403700334705,0.12335611889643724,0.07488644075298598,0.12309831645855603,GİRESUN,YAĞLIDERE,14688,-0.576
54988432B92026614951064,0.5232465627126778,0.665304359298091,46.57415121068242,0.5183313230184259,0.6601648351731736,0.4226733475482795,0.5551287119102395,0.2883543808813957,0.3980542572012306,0.5120034942485626,0.6534921253498245,0.5201954074417643,0.6621192356128892,0.516095972228738,0.6578134261581015,AFYONKARAHİSAR,EVCİLER,7038,-0.525
54988432B9206806134552,0.6621822477698809,0.5491705512975229,16.16644619804422,0.6496732774806929,0.5399576705501706,0.5698597450752481,0.478768502128742,0.4873108882286748,0.41417341769288213,0.6403376807900917,0.5329507602424579,0.6533308668105032,0.5426781562318065,0.6456742377293694,0.5369658834946139,ARTVİN,ARDANUÇ,10889,-0.454
54988432B92152901818020,0.32552007295020624,0.39658885801396787,22.53585272704579,0.32399700453407976,0.39501839760195084,0.2976853069681145,0.3665672043802313,0.26237781130810656,0.32800855469953766,0.32200276110372617,0.39289832500524197,0.32457930639003074,0.3956302982491993,0.3232279086545803,0.39420421246945697,RİZE,KALKANDERE,13350,-0.453
54988432B92223927432104,0.18700681271043554,0.3081533177648282,23.8893915686585,0.1857619146553952,0.30610195150506714,0.16193464315388917,0.26683892862342695,0.13089728525133487,0.21569499074381612,0.18425317011641437,0.30361581408254223,0.1863120836172189,0.3070085301930838,0.1852591069757436,0.3052734156221408,ANTALYA,ELMALI,41550,-0.15
54988432B92272966578930,0.19271026998214544,0.2716706517340542,19.408730249765814,0.19059387279574982,0.2695658545214118,0.17067399670504002,0.24411444447277914,0.14559129596092454,0.21087527977253148,0.18943739069845664,0.2682301082835019,0.1911220477164519,0.27014844918576414,0.19032197978818663,0.26925817526237317,ERZURUM,AZİZİYE,71827,0.062
54988432B92286094750173,0.17802807237144938,0.29334067701384353,19.763129907539742,0.17767293654091013,0.2927559021457676,0.17021270377647352,0.2804655269080947,0.15964105999946307,0.26304817633636335,0.17720095055157348,0.2919784484484381,0.1778115737859893,0.29298424046274296,0.17750725566669975,0.29248300770568514,GÜMÜŞHANE,KELKİT,38520,-0.429
54988432B92573303470858,0.2580951670181492,0.3276721500107274,21.408856033508773,0.256438992477805,0.3256815267113603,0.22613355240822203,0.2881053328669168,0.1773789021549968,0.23056040848364864,0.2549322959391208,0.3237961108097642,0.25695051912630223,0.3263156898866912,0.2560190922067333,0.32515796730947916,MERSİN,ERDEMLİ,157566,0.331
54988432B92605767261652,0.03414392432644484,0.05601250677642762,3.950370947557674,0.03393059436892633,0.055661257041990035,0.031071415722060437,0.05097143262336681,0.027391450646550592,0.04495174514773988,0.03381501746467253,0.05547113894018491,0.0339769473222825,0.0557375354074615,0.033917835335479395,0.05564026405191053,ADANA,İMAMOĞLU,27196,-0.434
54988432B92706545600609,0.22179349126919684,0.2705763938820155,15.032257335445545,0.21897071602635595,0.2681672158438674,0.1949172501733881,0.24359466662477836,0.16613844451217943,0.2127603081263864,0.2166056809238906,0.2659305455796,0.21972874676984183,0.2688552060533013,0.21799769149271983,0.2672606900983623,AMASYA,MERKEZ,151433,0.651
54988432B92712728908494,0.25581725588000026,0.3494628477744762,21.116649785523098,0.25382918406739985,0.3475897372322606,0.23203371586668392,0.3227324955794065,0.20483009241199665,0.29009113384688967,0.25230561302608695,0.3459853805314838,0.25439480781478824,0.3481635023932654,0.25333413456353215,0.34707608160856607,ZONGULDAK,MERKEZ,115279,1.189
54988432B92775377874874,0.24504295059927636,0.40378634942552644,29.820104634702968,0.24439796246250578,0.40272352593057414,0.2310278111895907,0.38069194101636034,0.2120298723802429,0.34938678271788404,0.2436217891141242,0.40144453299444627,0.24464702076753056,0.4031339288559964,0.24414571508091767,0.4023078679852444,KARABÜK,EFLANİ,8663,-0.658
54988432B92870291656697,0.16890786273498787,0.24720854923735874,17.78697592661748,0.16605297650312578,0.24486959683945406,0.1482657268566288,0.22502096451436615,0.1262596723486945,0.19585512432408653,0.16597919227157357,0.24478400015504156,0.16620498263066755,0.2450094795879363,0.16664463546551042,0.24537416772510579,TEKİRDAĞ,HAYRABOLU,29706,-0.182
54988432B9289353120970,0.09908787377595722,0.16327884857116673,12.320228133119334,0.09879011843466301,0.16278820176011133,0.0919063912864213,0.1514450676326767,0.0802741405422937,0.13227722765977887,0.09856811313612697,0.16242237728391332,0.09887016148380941,0.162920098191054,0.09875893239506704,0.1627368128217611,KARABÜK,ESKİPAZAR,12570,-0.383
54988432B93214958535035,0.06396659590994071,0.09196872964522394,6.238128083397627,0.06195222598989442,0.08985151196644767,0.04937277604067205,0.07393125420805129,0.03653897081751414,0.05638976639228013,0.06119058601375238,0.08898257778349107,0.06226481409337065,0.0901997975897992,0.061853884183308644,0.08974067682528201,KONYA,ÇUMRA,68803,-0.233
54988432B93266011015625,0.4894516009664023,0.5005247210316766,21.65360089342378,0.48299315287560585,0.49555252502442637,0.43390141136015303,0.4537100332896218,0.37923451851993945,0.4051826872338723,0.4783926163980482,0.4918240990144792,0.4846667264388883,0.4968804815304564,0.48124729741800965,0.4941488353576124,GÜMÜŞHANE,TORUL,9779,-0.368
54988432B93269367761582,0.35569624288497137,0.5446238725314154,44.050618435917876,0.3542023205046822,0.5427090354645158,0.3190296259568185,0.4942001022659248,0.2554683168406985,0.40115080997134145,0.3533314408720874,0.5415903642838451,0.35456967658505784,0.5431779114120029,0.3541762885005839,0.5426746375631125,NİĞDE,BOR,62594,0.116
54988432B93270610822610,0.061636582406867875,0.10156591136479856,5.748243204090767,0.06152150086169687,0.10137627784586965,0.059207519348934645,0.09756325590260888,0.055785177110002054,0.09192385645951608,0.06144950277423602,0.1012576380530075,0.06155048913763325,0.10142404526822507,0.061516963622755376,0.10136880129882284,ELAZIĞ,BASKİL,13397,-0.714
54988432B93290960432341,0.12530381185187983,0.20635889038968458,16.204972395212316,0.1250132350494067,0.2058867666301382,0.11903309595367977,0.19605944012547935,0.11008706197902063,0.18133820124812725,0.1246140917521844,0.20523283353986024,0.1251303852339461,0.20607824243552333,0.12486701362199515,0.20564739179742947,ERZİNCAN,ÜZÜMLÜ,13960,-0.63
54988432B93447432062077,0.27693697063736095,0.42474058768579964,31.562974126914934,0.27590653345276983,0.42316046016435493,0.25611581363835395,0.3934232419922038,0.22818597882425654,0.3518273424011669,0.27616058534095844,0.4235518116613671,0.2758430804146802,0.4230616869989248,0.27643617965345574,0.42397155070250986,KIRIKKALE,MERKEZ,192821,0.726
54988432B93570541264630,0.29411770246819297,0.4279620256634866,29.75506287933754,0.29317042626521317,0.426433662358486,0.27033663271756486,0.3936214949338363,0.22664437416848368,0.33470991512444337,0.2932284695080353,0.4265261838572229,0.2932095329119647,0.4264959368746841,0.29352943270170706,0.427007946000474,SAKARYA,KARAPÜRÇEK,13734,-0.453
54988432B93591493775599,0.2447529534407788,0.3225901482847657,21.55158912411184,0.24370179038890374,0.32138283772632403,0.22249276632197598,0.29664921999330984,0.19328318865883184,0.2619780221291329,0.2424962991514199,0.31999324649089333,0.24409854867223982,0.32183919404371086,0.24332706652617256,0.3209510179406882,ZONGULDAK,GÖKÇEBEY,21070,-0.17
54988432B93613395519692,0.06864361388914748,0.11311222867619225,8.23799767566647,0.06818249127141304,0.11235238221663416,0.0592345451066149,0.09760778945073784,0.047474710412927695,0.07822971426351537,0.06785295346138231,0.11180936366015427,0.06829889797809,0.11254419936143589,0.06814353681119807,0.11228819232973648,KONYA,TAŞKENT,5669,-0.71
54988432B93760304684016,0.20622855975559054,0.3398272714532024,30.83488498230447,0.20513937070057317,0.3380324853910687,0.18354961296157135,0.3024564794660127,0.15463660917250155,0.2548130919604209,0.20416144303167,0.3364210379184402,0.20552975947780538,0.3386757753075091,0.20492244186782366,0.3376750260099813,ERZURUM,TORTUM,12881,-0.592
54988432B93817562876661,0.14461095598014556,0.2382926334316304,17.576859115635767,0.144058732349517,0.23738266902199248,0.13286010030001208,0.2189293540305975,0.11743213652978085,0.19350686725994828,0.1433113056125601,0.23615104528892536,0.1442698638925418,0.2377305755208249,0.14378955718795314,0.2369391171647442,SİVAS,HAFİK,8950,-0.742
54988432B93840376788897,0.9642641397935278,0.9644088236650888,40.039394154199464,0.9576783180985609,0.9576674134867795,0.8548055399611854,0.8416794957806776,0.16822936069929662,0.27297958405913875,0.9590657082002596,0.9591685807901191,0.9574403122666745,0.9574082378382096,0.9605921130900513,0.960795132865876,İSTANBUL,EYÜPSULTAN,425216,1.839
54988432B93890673668777,0.18728989281362102,0.2416110848616132,16.299381111366234,0.18643947543286105,0.2406454292467761,0.16934170720973088,0.22095144321755492,0.14589629301298201,0.19349227096942437,0.18546672867192499,0.23953798820475677,0.18676002013292525,0.24100973187808267,0.18613763094770017,0.2403021684348215,ZONGULDAK,DEVREK,56900,-0.038
54988432B94080378973677,0.42457127402277417,0.36718591650367965,12.141973300533593,0.4203245708896296,0.36381651850890856,0.34131511180990254,0.30059819335496757,0.24089097925922795,0.21949415444227788,0.41988392145694353,0.3634665138024713,0.42079425646297175,0.3641895224666171,0.4216068116916751,0.364834652604912,ESKİŞEHİR,BEYLİKOVA,5611,-0.424
54988432B94200918295696,0.46536826936111525,0.5453175676798329,32.31704870208035,0.4553150581171988,0.536643057688027,0.3549109042643819,0.43610266089836197,0.2354793465477496,0.3082854707347708,0.44690771295738746,0.5288118526808138,0.4581523970735755,0.5392110259565818,0.4521977071630165,0.5337713093560131,AFYONKARAHİSAR,BOLVADİN,45906,-0.045
54988432B94235279152789,0.43672202079564193,0.6546469849466208,50.306865530661376,0.4340137430238047,0.6520859160925144,0.399857231523256,0.6092376808393007,0.34492187264123086,0.5327212119204154,0.43122068189534435,0.6490414751475565,0.43481793375635236,0.6529116531658405,0.4328515054008659,0.650846253395713,ÇORUM,OSMANCIK,42673,-0.194
54988432B9428918047476,0.37764224507138483,0.5501079577282882,39.78949980166888,0.3762696859007927,0.5487406007395911,0.3475813000045538,0.516397012928611,0.2952791932040037,0.44877583177086,0.376353367803638,0.5488232306264065,0.3763297220255279,0.5488014684216432,0.3768094616707111,0.5492822605881504,SAKARYA,GEYVE,51708,-0.043
54988432B94361787420306,0.07090497721932264,0.11683854539570238,9.421828452859257,0.07048482300042036,0.11614620742869952,0.06283232603092068,0.10353628003536967,0.052404612685428544,0.08635329927899715,0.070159897932971,0.11561078983557412,0.07059289423842763,0.11632428923258795,0.07042443614302026,0.11604670083753568,KAHRAMANMARAŞ,TÜRKOĞLU,81055,-0.477
54988432B94555839005307,0.7111259399026659,1.171806601874724,96.52008062316993,0.7035318027929681,1.1592928409480674,0.621406908826525,1.023965907238813,0.5221826832035507,0.860462375548177,0.6967078320105043,1.1480481744759294,0.7057310378944579,1.1629167816122952,0.7009562029519765,1.1550487194386279,SİVAS,İMRANLI,6788,-0.587
54988432B94612974297738,0.12343352223741813,0.15684628278144672,8.756413553249246,0.12151756435466936,0.1550955234123946,0.08590494030886187,0.11909709770223839,0.04055645461777218,0.06682252085567231,0.11990019795489068,0.1535942599526993,0.1220863795349128,0.1556186852348193,0.12117531099524238,0.15477915782397014,İZMİR,BAYINDIR,39971,-0.304
54988432B94698647501880,0.43873801790572553,0.5658575902778787,39.59677443497073,0.43509140477166747,0.5625983913624325,0.3969725236488102,0.5207163270430923,0.34242181728241394,0.4568625257844776,0.43180370782276173,0.5593059742621922,0.43611087587845226,0.5635746462892472,0.4337584183308334,0.5612863238836031,AMASYA,MERZİFON,77077,0.547
54988432B94777693463903,0.3366678545938893,0.4308394815702095,28.36708263831773,0.32776841836959447,0.4232302817351742,0.27217445287425274,0.3598433367250869,0.2124957964915511,0.2826701044565674,0.3243789727113256,0.41991128103110476,0.329164665377219,0.4245520302637659,0.32731336453103965,0.4227810268822404,KONYA,HÜYÜK,14878,-0.506
54988432B94880790490903,0.07443386560046233,0.08864728845803958,4.89398976780263,0.0739354629970824,0.08816415047349821,0.0656098771599581,0.07963601150443221,0.05478496527860782,0.06835401374696895,0.0734536669655676,0.08768182875853647,0.07410119549732076,0.08832848244664647,0.0737925201572229,0.08802165013509136,KÜTAHYA,SİMAV,60886,-0.027
54988432B94897839100366,0.3067983252539974,0.27505632179632267,8.102761462792609,0.2991062508521257,0.2686717883578375,0.24040146731145207,0.22153736116492612,0.16895422014343867,0.16438650033648464,0.2941757795262824,0.26463227556246927,0.30133614550812343,0.27051131839844816,0.29733813702897843,0.2672190865310039,ANTALYA,DEMRE,28075,0.18
54988432B95082960881175,0.9025851897348872,1.4872967286644831,129.80383024976086,0.9020194538235363,1.4863644984663706,0.890601948632249,1.4675505202251595,0.866498216073553,1.4278319396514167,0.9012749423221528,1.4851376785129142,0.902239636967319,1.4867273203619429,0.9017460565475466,1.4859139893301363,ERZİNCAN,REFAHİYE,10954,-0.391
54988432B95140172364371,0.016974369656534094,0.02490413896908446,2.048385149688733,0.01683024808931767,0.02470436663694617,0.014106094570271455,0.020902110905007747,0.010603075317645585,0.015985226810868107,0.01663382135957207,0.024423885033143026,0.016885166711120645,0.02478117076678499,0.016757901100465218,0.024599001440377504,DENİZLİ,BEKİLLİ,6243,-0.231
54988432B95156445816279,0.31562234459564964,0.4498753091517511,30.14648262044868,0.3130656293954602,0.44729257935908373,0.2838055684691072,0.41167684304323277,0.2460378061238886,0.36310371543673164,0.3105898139879177,0.4444981270422752,0.31384384773096247,0.44813594133788276,0.31209263971213386,0.4462100368862932,TRABZON,YOMRA,51660,0.48
54988432B95277821649488,0.15849351837883666,0.2424568061381968,17.092649963477385,0.15785119861471902,0.2416156642271787,0.1471992739985507,0.2260287547298775,0.13144562331942045,0.2030870036384582,0.15745030056671258,0.24104188743154234,0.15799570338088545,0.24181907847820927,0.15779308985777485,0.2415332093074094,HATAY,İSKENDERUN,228149,1.056
54988432B95310559341669,0.2422160502777571,0.2738643255799776,14.007471792780562,0.24192128780779826,0.27338319816473267,0.23431331244656414,0.26259533824034254,0.21725378146773497,0.2427160615764217,0.24170144084631695,0.2730300215026413,0.24199785801752008,0.2735072985344288,0.24189120634543157,0.27333460371981033,OSMANİYE,DÜZİÇİ,88274,-0.269
54988432B95455201540726,0.4478130500225768,0.6232227899399676,43.81820942045369,0.4421211959593083,0.6179598631095614,0.3889538716234749,0.5557674245583895,0.31884480001452337,0.46703054338581784,0.44200934797791325,0.6178459585751294,0.44246084127223456,0.6183045729450901,0.44351781934382845,0.6193616794718859,TEKİRDAĞ,SÜLEYMANPAŞA,226582,1.314
54988432B95500955332095,0.09598391623806875,0.14113735416026005,9.253441973234622,0.09459489278274408,0.13990243754210158,0.08494285889235072,0.1282134830605257,0.07445026111211427,0.11408552977988062,0.09402380724268088,0.1393149423274385,0.09482592083726647,0.14013035126912263,0.09450661235405511,0.13981372683793922,HATAY,KIRIKHAN,108200,-0.206
54988432B95701093255845,0.16085229551687172,0.20115558757261773,13.17409973534855,0.1572489900563079,0.19820563137877673,0.13575618152878904,0.1766888221348396,0.11398590689996771,0.15260945394849493,0.1558602461954158,0.19697224059089583,0.1578236304323967,0.19870443094010937,0.15703389372017007,0.19801888629763362,HATAY,ERZİN,43103,-0.24
54988432B95842578753435,0.3800713749655757,0.47124351682753834,27.15124674972112,0.3757506973498478,0.46696407178053007,0.31760076379423824,0.40342753511483553,0.2329995549956353,0.31073588085484594,0.37345250851845085,0.46453760797330557,0.3766103859854998,0.4678590344149562,0.3754705166228115,0.4666705819332303,KONYA,MERAM,349685,1.053
54988432B95867498741596,0.08383793209445328,0.06551615654390877,1.5900689598280493,0.08213753908149199,0.06424010249698393,0.05304588543376732,0.04223058021847733,0.018405062926597663,0.015768293524497778,0.08061242853893293,0.06309424599992046,0.08265465788727111,0.06462832852899043,0.08177273327381925,0.06396613040644993,MANİSA,GÖRDES,25456,-0.362
54988432B95928924596257,0.12031533711140892,0.1950901444425368,11.752222485206648,0.11985679200133689,0.19441923784663417,0.11294135950768233,0.18351438512240628,0.10359240475761874,0.16867408383377747,0.11933384927927371,0.19361164193255662,0.12001120964854532,0.19465364522116135,0.11965678959367161,0.19411222376817144,TRABZON,ŞALPAZARI,10575,-0.527
54988432B95992453735660,0.1562023713844959,0.22416061856069805,15.025201887654307,0.153799500920116,0.22210580223354626,0.1384446735063198,0.20442254487788483,0.12225982942178845,0.18346689206384792,0.15219133447257702,0.22051062499364546,0.15438250261472167,0.2226493568840706,0.15316558171189243,0.22149196263290247,TOKAT,ALMUS,28135,-0.626
54988432B96002875694716,0.04233247728800734,0.06975624650478714,5.057332044625894,0.04225576629672457,0.0696298407010081,0.040634757630113004,0.06695871235278393,0.03830908433789749,0.06312642447703173,0.042185145296078634,0.06951347009751244,0.04228002786671844,0.06966981936905466,0.04223970912285401,0.06960338139008557,SİİRT,KURTALAN,60674,-0.746
54988432B96055728964295,0.08295381123992704,0.12932069471948088,9.638239188150967,0.08280327956757884,0.12910180278389635,0.07958512246507744,0.12439061395903855,0.07486438181410986,0.1174213158470043,0.08266403250114204,0.12889907793194105,0.08285110332617437,0.12917138167190922,0.08277164422076866,0.12905576242269215,SİİRT,TİLLO,4090,-1.092
54988432B96253439504552,0.09638679340601404,0.15882795790315524,13.38622753507897,0.09601364655874702,0.15821307956085198,0.08845352413714723,0.14575536867236386,0.07812112988431336,0.12872945649666634,0.09539865935321654,0.15719969216057264,0.09617430956483888,0.1584778230621806,0.09576194582618518,0.15779832239399477,KASTAMONU,PINARBAŞI,5782,-0.63
54988432B96395317243392,0.00012023207460961987,0.00019812065750819162,0.009638618179622973,0.00011668148475277781,0.00019226992924567535,0.00010245116813368449,0.00016882094781307068,9.175755810921838e-05,0.00015119981754427715,0.00011471380858276664,0.00018902755571239337,0.00011745718048431182,0.0001935481351558437,0.00011587805785979666,0.00019094602740987976,ERZİNCAN,İLİÇ,8543,-0.301
54988432B96423732732859,0.47204114255479607,0.7778382086271638,68.69080922210902,0.4701116229813919,0.7746587102462286,0.4265348976273228,0.7028521685456555,0.3561719379922121,0.5869067698457391,0.4669181964285771,0.7693965223450211,0.47101839551206076,0.7761529069534696,0.4688040588453132,0.7725040816480349,BURDUR,ÇAVDIR,12539,-0.448
54988432B96595900966368,0.11159813954231444,0.18389349809194108,13.52250801547129,0.11107869893052376,0.18303755415286688,0.10335755740849088,0.17031451298414566,0.09312335940647286,0.15345041042405727,0.11066822419232814,0.1823611662149071,0.11121416742283918,0.1832607816639642,0.11097166520933598,0.18286118198856602,KARAMAN,KAZIMKARABEKİR,4679,0.022
54988432B96614579404360,0.12987624472068743,0.10056546864682207,2.365583402353892,0.12473492939394741,0.09681860249675543,0.1036810405385023,0.08102596829846921,0.08751868958209129,0.06856861234104597,0.12193302889182228,0.09474112920230446,0.12587770265788015,0.0976576906615953,0.12362128120316702,0.09599121209147891,SİNOP,TÜRKELİ,16298,-0.194
54988432B96920408348513,0.5952559279601852,0.6848765422486343,37.60163829502542,0.5884151732046179,0.6793034711079473,0.5350868268988836,0.6285986525315981,0.4747782990100404,0.5679582301731291,0.5827779734064569,0.6743163861697185,0.5905236509519212,0.6811012640533659,0.5860395462467072,0.6772283037053594,ARTVİN,KEMALPAŞA,9263,-0.432
54988432B96933409073399,1.337472442152152,1.5298266546957355,84.76745563179304,1.3125489688879866,1.5092147398953197,1.107504440357816,1.310195772377842,0.8170193823829182,1.0145234343042888,1.2965598932499653,1.4950190742034832,1.3188309972510996,1.5146369786311007,1.3071608337020324,1.5045119854872493,AYDIN,KUŞADASI,141431,1.495
54988432B96952912352901,0.1756040983953491,0.17187011847399178,7.320691548531289,0.17337285732360158,0.1699527861205291,0.1330964517781227,0.13482479403436984,0.08303939465938426,0.09052530101274388,0.170992540074128,0.1679033915722067,0.17413897050464106,0.17061134275933587,0.17266275041355789,0.16934301648662117,BALIKESİR,SINDIRGI,31482,-0.477
54988432B97004073269629,0.12781832850183777,0.1682124647804529,9.876503295809208,0.12691119449040444,0.1673696817660159,0.11871320267944376,0.15839966098415229,0.10710372566218082,0.1453052454254056,0.12647887041402334,0.16693091232253499,0.12709435588052212,0.16755068734993317,0.12682581350610564,0.16728418194133998,MARDİN,KIZILTEPE,275217,-0.201
54988432B9710176470958,0.35868313519756495,0.4981634263250222,33.621250156865216,0.3544315564349865,0.49377929967667966,0.2981140284384132,0.4272312174460566,0.22617029976811864,0.3379826171562727,0.35083681439694353,0.48976144625663814,0.3556592109079164,0.49511914608129953,0.3533344361900088,0.4925663173975702,BALIKESİR,BANDIRMA,169476,1.072
54988432B97142079698078,0.431888582331444,0.5686715789375377,39.156182132254415,0.42703009704882233,0.5642533625358287,0.3822855071407714,0.5144290516762162,0.32849436041318636,0.45052261386755277,0.4219051505428222,0.5590120369538987,0.42857982971108916,0.5657588287394041,0.42469034938545114,0.5619025828268706,KASTAMONU,MERKEZ,158953,0.892
54988432B97259494958593,0.7660958413030875,0.8500325320968133,43.408732790849726,0.7585279004252609,0.843262566218965,0.6991977199417078,0.7768069242774214,0.6283076709362287,0.6904057197540011,0.7523983089563915,0.8370798358286422,0.7605255417287046,0.84518049027002,0.7559847816752374,0.8407432309136957,DENİZLİ,HONAZ,34468,0.636
54988432B97290216608091,1.0389028626380483,1.7117010694211785,139.4006523953728,1.036515304622609,1.7077693061524515,0.9766692524170277,1.609199116260516,0.8562620022435312,1.4108466696552755,1.032965413609956,1.7019233108170426,1.0374343336902814,1.7092827388127343,1.0351601438665872,1.7055376381020195,DENİZLİ,SERİNHİSAR,14661,-0.064
54988432B9750170463020,0.7481673848738436,1.0245611276266677,64.86383657293341,0.74147970417734,1.0182977379656057,0.6687005965809537,0.9358456532497722,0.5741170967688429,0.822976113082142,0.7335706188654898,1.0099317759775432,0.743960734365934,1.0207886187938584,0.7378795737810291,1.0145470207071126,ÇANAKKALE,MERKEZ,208613,1.846
54988432B97522403673638,0.23587613987952835,0.29087945855266273,14.631882814280841,0.23360937385305072,0.28883659150916263,0.21023233843842004,0.26438173647230917,0.17864233201290147,0.23129075997549545,0.23108299824503295,0.28630470004464054,0.2344209311689251,0.28961347342291094,0.23245269316190564,0.28769254897767893,ÇANAKKALE,BİGA,94526,0.426
54988432B97580121786260,0.2573651186615698,0.3187786650045989,19.520368907626633,0.2537921956508504,0.31578746012190967,0.22691337153708732,0.2883079701825121,0.19615221631190138,0.25458687788034795,0.25121674047232034,0.31339277569442564,0.2546961314024941,0.3165930792793251,0.2527899282074117,0.31487054012676763,TOKAT,MERKEZ,201969,1.015
54988432B97639118870532,0.0485971435158003,0.08007928048843592,5.943807597603834,0.04850048902577895,0.07992001141505159,0.046449203958961814,0.07653986558047221,0.043520965721011814,0.07171465993608034,0.048396241772953534,0.0797482308453471,0.048534818747085706,0.07997658057082346,0.048470843003997885,0.07987116014681193,AĞRI,TAŞLIÇAY,17431,-1.124
54988432B97717565208806,1.0204157585634823,1.5688251466667122,128.46206641707377,1.0145342095756897,1.5592012028964246,0.833560142174493,1.2767477873648452,0.43271603916458495,0.6563657806098739,1.0168465570729883,1.5629701179027096,1.0137180169809545,1.5578748079915257,1.0181857853732534,1.5651612474169736,ANKARA,ŞEREFLİKOÇHİSAR,32831,0.115
54988432B97750786537608,0.209711985728081,0.2966375138409133,20.333064951707566,0.20647744082233907,0.293891455039413,0.18623878721345705,0.27087736248538746,0.1651867848529916,0.2439391339822812,0.20496875169649179,0.2924353144546206,0.20710726602747584,0.29447414318625453,0.20610114477993627,0.29353927477987124,BATMAN,GERCÜŞ,18894,-0.962
54988432B97753800028148,0.14295832502224604,0.2355693972813724,12.287143813756591,0.14279670149445317,0.2353030710144499,0.1392687589768954,0.22948966146047609,0.1340895105265187,0.22095519915731296,0.1425798677783595,0.23494576836836403,0.14286001182736577,0.23540739496315016,0.1427208335116733,0.23517805433582256,GÜMÜŞHANE,ŞİRAN,18377,-0.515
54988432B97910607288533,0.240134316849963,0.3562901870035939,24.991821286206463,0.23905165726410393,0.35495284230620844,0.21781717222367933,0.3280439720594065,0.18445337310578963,0.28321041327696655,0.23908477972955994,0.3549810577045857,0.2391077979740939,0.35502452641255944,0.23945057542111517,0.35543108889940217,SAKARYA,HENDEK,93990,0.328
54988432B97960602645981,0.5407533538299427,0.6708277611474119,37.577445830566035,0.5336606712631762,0.6634728911962438,0.4162556119788251,0.5322887435172944,0.17762196005939165,0.2809570449215583,0.5351778579209447,0.6651270339232302,0.5333997801928776,0.6631868725613448,0.5368385103978486,0.6669134308417878,İSTANBUL,BAYRAMPAŞA,272978,2.266
54988432B97969826728737,0.1976081535700197,0.2622142387627916,15.315001620926278,0.19618786724776782,0.26086520369252825,0.18086096124294046,0.2436071336850755,0.16069248265379055,0.22020754884834498,0.19518069824244347,0.25980287464542556,0.19653779872389113,0.2612223282371041,0.19587418450256683,0.2605388131217069,ORDU,FATSA,129844,0.363
54988432B98025236452990,4.170598744969923,3.3342833759229245,65.22059019138327,4.169023571459395,3.331927563293652,4.141211044229713,3.287291704152482,4.09902127561416,3.2188255921955338,4.167688653266163,3.3298270089869044,4.169512741719269,3.3326869121188425,4.16868936451628,3.331399977991302,ISPARTA,GÖNEN,7065,-0.034
54988432B98169837554418,0.0019923552333173835,0.0032830401546040037,0.2417134545610958,0.0019832770095280536,0.003268080887935867,0.0018262515727433437,0.0030093314412319963,0.0016094752528483043,0.002652123373673833,0.0019776071977122335,0.003258738066159355,0.001985487968056388,0.003271724146681748,0.001982676587350745,0.003267091501061049,ADANA,FEKE,15586,-0.954
54988432B98216013465603,0.05269457975889067,0.08673232199925972,5.680418805207244,0.05252729869682815,0.08646237327867201,0.04964817336550265,0.08174089734661497,0.04572619919734806,0.07529529549227532,0.052364312830198594,0.08619645114242767,0.05257898209114041,0.08654645198729058,0.052478394669914025,0.08638267679209605,ORDU,ÇATALPINAR,12888,-0.854
54988432B98307515925592,0.029190990381535296,0.048101459003206275,3.2408619030209693,0.029129988363837934,0.048000938739418374,0.027857823404763934,0.045904641566064455,0.026067180492094565,0.042953986739785226,0.029090187058525126,0.04793535340535621,0.02914508147501152,0.04802580944982791,0.029127583649270358,0.04799697620585322,KAHRAMANMARAŞ,ÇAĞLAYANCERİT,22440,-0.84
54988432B98311610120765,0.1144480317232145,0.18858960364065291,14.95831768588875,0.11400047333311554,0.1878521085686631,0.10429916059112061,0.171866104290044,0.08927662651896799,0.14711169214604897,0.11400004377203068,0.18785140072988674,0.11402945591811942,0.18789986661339367,0.11416636601704278,0.18812546963077717,SAKARYA,KOCAALİ,24966,-0.253
54988432B98497297447828,0.16747010353455632,0.2759603635964916,18.86673088762868,0.16711881675711043,0.2753815066854095,0.15976662507250747,0.2632664279478158,0.1494025608534398,0.24618832941041843,0.16669396289951902,0.27468142456602324,0.16725126117482556,0.2755997510699152,0.16698144397383624,0.2751551412481136,BAYBURT,DEMİRÖZÜ,8139,-0.724
54988432B98585505562385,0.45519244953160176,0.532653215045673,28.803855655722007,0.44883440306884004,0.5268887615207262,0.37485308476307894,0.45171844003511846,0.2689463356526375,0.34283331648655296,0.44572366873991726,0.5238737999839592,0.4500218997097993,0.5280214276919751,0.4484507505680131,0.5265202857287449,KONYA,SELÇUKLU,703449,2.562
54988432B98751035289582,0.29420200347951114,0.39661325919529167,25.89645145680576,0.29198477802160994,0.3945051015959444,0.2665524972586946,0.36551274158314034,0.234347187448166,0.3269682594437412,0.29028759329159093,0.39269894261789934,0.29256105937880167,0.3950963031016366,0.29145264086618167,0.39394239489271654,ORDU,ALTINORDU,239714,1.121
54988432B98936853989480,0.5598435339266389,0.5857634762792213,28.587049076785366,0.5433377640353054,0.5713342836693619,0.3261265371234418,0.3691963727105814,0.0790791866568507,0.12632180392976156,0.5324014524292751,0.5614077163513816,0.5473828711699,0.5749728285900585,0.5409727888297139,0.5691967998622459,İZMİR,URLA,82021,1.768
54988432B98947703445317,1.0300549725133976,1.381248909573677,88.33920256747393,1.0135098205047293,1.3670600116674936,0.8569933937451236,1.1994096200555202,0.6491927720491606,0.9478308486508756,1.0025259084025953,1.3566904554048893,1.0175473138152566,1.3707405676951114,1.0100557643605634,1.3638539433299188,BALIKESİR,GÖMEÇ,19020,0.062
54988432B99023740963316,0.00013936268781055796,0.00022964443914641914,0.01118124688931318,0.00013922541013312395,0.00022941823042630242,0.00013621211187885633,0.00022445286129878667,0.00013176285889863188,0.00021712129916177415,0.0001391369508970062,0.00022927246564532182,0.0001392593206705835,0.00022947410884310387,0.00013922126034515087,0.00022941139232819587,GAZİANTEP,ARABAN,32540,-0.736
54988432B99037585062650,0.37223337591740807,0.455329199392455,29.401050787511554,0.36336564506324975,0.4484168746341853,0.3188327191370769,0.4058380916656466,0.278124877339445,0.36186375301536144,0.35744316424465494,0.44336664467778875,0.36581477871344975,0.45041441983318614,0.36077906721439035,0.4462469158781764,ARTVİN,YUSUFELİ,17564,-0.29
54988432B9927108056692,0.668993157477589,0.5513954877449343,12.721961321236337,0.6639990153866985,0.5474376625643408,0.570879611752334,0.47574566033818316,0.4497559139901903,0.3823219620623873,0.6587025960052333,0.5433054635749858,0.6657768207505501,0.5488261820199524,0.6624256369894426,0.5461968781321207,KÜTAHYA,DUMLUPINAR,2812,-0.226
54988432B9941685819623,0.010733936639393574,0.01768758121784727,1.3918715719634267,0.010717640157068165,0.017660727569984463,0.010362610836985593,0.017075703627265123,0.009825656494809395,0.01619090023624625,0.010702529143349062,0.01763582735942613,0.010722822556646193,0.017669267224774608,0.010714209827414322,0.017655075008729947,SİİRT,ŞİRVAN,18773,-1.277
54988432B99449067758267,0.24601052786344188,0.29519375498547734,16.184113735891785,0.24466229750018156,0.2933635364151599,0.21167459328387644,0.2537592875097032,0.15919140386209113,0.19490746699180517,0.244789049045867,0.29354102454729547,0.24470184032228245,0.2934141780743419,0.24522522672864452,0.2941341134323556,SAKARYA,KAYNARCA,25440,-0.351
54988432B99760089985669,1.1230564083844097,0.9749502083922301,31.542132167289807,1.1028213206954296,0.9595071830771458,0.88015892262107,0.782360432963033,0.6195666236282369,0.572177198463028,1.1012608888109685,0.9582938391354036,1.1045148119251937,0.960822197050332,1.107536836119388,0.9631635206911654,ESKİŞEHİR,MAHMUDİYE,7407,-0.351
54988432B99817490386194,0.1502130197767609,0.24752381875710985,21.123410087021032,0.1494260999291863,0.2462271175389538,0.1339910258930024,0.22079291433930529,0.11333210217153751,0.1867507540888264,0.14899410220092402,0.24551526361608617,0.14961593456780056,0.24653993060104396,0.1494421048409939,0.24625349073147315,AKSARAY,ORTAKÖY,31089,-0.212
