shapeID,ENERJIK_NOM,ENERJIK_K1,ENERJIK_K1g,ENERJIK_NOM3,ENERJIK_K13,ENERJIK_NOM3p5,ENERJIK_K13p5,ENERJIK_NOM3p8,ENERJIK_K13p8,ENERJIK_NOM3Y25,ENERJIK_K13Y25,ENERJIK_NOM3KIS,ENERJIK_K13KIS,ENERJIK_NOM3Y26,ENERJIK_K13Y26,il_ad,ilce_ad,nufus,sege_skor
54988432B10253984912437,0.11222156340821661,0.13307179679901399,9.020535564072896,0.10534412201565702,0.12733225572001278,0.066414960010503,0.08555699673623281,0.030238946158670222,0.04272519142326839,0.10215034744341861,0.12432789712835896,0.10664267125738436,0.12850557010211164,0.10451285454146912,0.12656525288991777,MANİSA,DEMİRCİ,35629,-0.192
54988432B10287230279323,0.8034583359401669,0.9757300503083132,50.67266150352241,0.7974947548585656,0.97011519708388,0.7216855938180394,0.8922560849476642,0.6074513090417732,0.7757078643389838,0.7953258896401482,0.9679351213173173,0.7986160258430687,0.9712288896561828,0.7976530756228203,0.9702731267304218,KAYSERİ,HACILAR,13701,0.963
54988432B10558365680808,0.10121664605231771,0.1644036489811647,8.904541192399014,0.09913306790146956,0.16112897776887877,0.09037273427264107,0.14732828751938176,0.08258672712310759,0.13497442286590117,0.09797440377680648,0.15930758893619684,0.09958863908780652,0.16184502090058506,0.09866062688178387,0.1603863680193531,SİVAS,AKINCILAR,4641,-0.511
54988432B10626729870430,0.3220114007388304,0.3688920043193704,20.292443740715644,0.30722051460131317,0.3557660162924283,0.1898568521508104,0.23346512853693616,0.07548376148958165,0.1035216119664437,0.29953496583220485,0.3483549402273203,0.31028348744769213,0.35864780723227224,0.30549547387691117,0.3541226129992005,İZMİR,SEFERİHİSAR,63712,0.924
54988432B10630286252901,0.27986760590090987,0.36788121742532015,23.0210080387874,0.27597355037783994,0.36458672909119305,0.24181877948594757,0.3302562815787135,0.20078491047272093,0.28528081080201856,0.2759092805804614,0.36453768592471153,0.27619997355686865,0.3647867192212969,0.2769330748562434,0.36544893416742447,TEKİRDAĞ,MURATLI,30410,0.193
54988432B10710239542127,0.002372369279027,0.0038378854052236997,0.29650581178362995,0.0023612121960478174,0.0038235898241231105,0.002202799530185944,0.003578911549671331,0.001988157040419758,0.003237487452913025,0.0023495792820999507,0.00380668548210368,0.0023647715382781823,0.0038285594209495413,0.002356910150729266,0.0038174256243231133,TOKAT,YEŞİLYURT,8045,-0.729
54988432B10923405291908,0.19845016333023205,0.19686744027569775,8.502986444665389,0.19657024525924163,0.1954001938976664,0.1795697757634144,0.18082973609819283,0.15942459860765756,0.16302041514477333,0.1957010733823976,0.194687616341239,0.19702360944219732,0.1957656582175762,0.19644197072368097,0.19529461859651728,KARS,SARIKAMIŞ,35518,-0.804
54988432B10954011235531,0.4947362714709716,0.6138949907367482,34.302441927728246,0.48902496313282645,0.6077384468443461,0.3844196470417324,0.4899615138853661,0.16415936641470083,0.2589715634505666,0.49026355052987547,0.6091388128249577,0.48881114104121065,0.6074956310695505,0.4916092890735972,0.6106429407525076,İSTANBUL,ZEYTİNBURNU,275471,2.382
54988432B10964336547790,0.4169397289734438,0.40494746420080396,17.40966212942501,0.4087190952627336,0.3980203109121702,0.2580968800707822,0.26994193537577255,0.060883184663875094,0.09578657381295683,0.4118355369464091,0.4006339545218251,0.4076432018760725,0.39711832465657015,0.41368814682113225,0.4021895344324195,ANKARA,AKYURT,46956,0.705
54988432B11094776022203,0.22542661295124522,0.3695260542059289,22.71357427498387,0.22492578150414091,0.36884239643789185,0.21595496942795916,0.3546266113642576,0.20066268278754165,0.3298525608274644,0.22442696757982988,0.36809079469563255,0.22510920552514052,0.3691104366485169,0.22476272571492215,0.3685993653730338,BURDUR,KEMER,2727,-0.549
54988432B11123047057176,0.20056750496606732,0.3299473104177285,24.478777220957223,0.19978723410779914,0.32867695874554936,0.1821007776055469,0.29968306548604423,0.15240159730329444,0.25091146220041793,0.19889623398009956,0.32722036791003484,0.20007473146607044,0.3291463723119948,0.1995071849298253,0.32821935919668005,AYDIN,YENİPAZAR,11596,-0.296
54988432B11153156770264,0.30566178015945333,0.3430696407819144,20.441778966810897,0.3033298778842569,0.34106953536622153,0.27556623319076223,0.31398816444574595,0.23708985101679353,0.2751455015248177,0.3012007007735647,0.3390921502083174,0.30399491404558343,0.3416702524783311,0.3025224681769383,0.3403271597925142,GİRESUN,ESPİYE,39182,-0.178
54988432B11210263033857,0.5183746809662638,0.5826955250964153,24.647442625208598,0.5126255010055738,0.5779872770252907,0.4635580734655298,0.5323061625394514,0.3966439965117537,0.46963089277852244,0.5082996846061523,0.5741328351066591,0.5141037202097593,0.5792612176998956,0.510880699561695,0.5764514130399161,TRABZON,TONYA,13332,-0.469
54988432B11239792936467,0.5092632467214105,0.8069000798484036,68.3501913451306,0.5078596204852127,0.8049213709489137,0.48635965180030655,0.7708383518320574,0.44665164374455096,0.7065620318862716,0.5061798227000307,0.8023496215986499,0.508335964381632,0.8056317775702159,0.5072042279860132,0.8039256778602057,DENİZLİ,BOZKURT,11176,-0.311
54988432B11310133229622,0.07186753219436338,0.1184246614563463,9.965664304142972,0.07130783896898925,0.11750238850901469,0.05829023005681924,0.09605172947948763,0.037903261600958006,0.06245770219360381,0.07075461108914538,0.11659076927876846,0.07148539132292785,0.11779496259308221,0.07116861884396346,0.11727297898748695,MANİSA,SARIGÖL,34786,-0.3
54988432B11333989170250,1.3235653757827017,1.1584182187005294,40.63328900374293,1.3222431304861784,1.1562480190654212,1.2885771885652024,1.1079233826183947,1.131730970070161,0.9622467323791065,1.3203333039489604,1.1531129472232178,1.322752700653285,1.1570845928538402,1.321516580830994,1.1550552764578574,DENİZLİ,GÜNEY,9043,-0.457
54988432B11359051677875,0.10976140476504316,0.18086689223054614,14.478872147387195,0.10927214516382622,0.18006068112423337,0.10242155552178277,0.16877215159825404,0.09271289835648931,0.152774045041789,0.1090596131854586,0.17971046696189427,0.10936935566359973,0.1802208664008692,0.10927929958321349,0.18007247031008672,AKSARAY,GÜZELYURT,10419,-0.755
54988432B11506112394599,0.045801228716805246,0.07547211987748975,5.4956566865197365,0.04572100199550881,0.07533992078814872,0.04400507670098119,0.07251238704816655,0.04153715225529175,0.06844569506561458,0.04567292526858464,0.07526069905983714,0.04574286932380466,0.0753759541800201,0.04572070585120613,0.07533943279603715,HAKKARİ,ŞEMDİNLİ,43034,-0.633
54988432B11733036150032,0.25819051379178243,0.42545077464659653,36.674587653057245,0.2576184365349006,0.42450812206822996,0.24278193342093432,0.40006036323996286,0.21418130059191226,0.3529317874568621,0.2574294258586983,0.4241966707582507,0.25772815993532644,0.42468892363022454,0.2577148979848574,0.4246670705173119,KIRŞEHİR,BOZTEPE,5049,-0.584
54988432B11866351639272,0.19308304136027793,0.2797377952664324,18.502326838323118,0.19227402840714322,0.27870680572879597,0.17615350844106556,0.25791711874546974,0.15437581282137725,0.22952085163605265,0.1911093660968863,0.27721603297781555,0.19259806904782895,0.27912126293976797,0.191833976310213,0.27814355379301886,TRABZON,OF,43591,-0.06
54988432B11894887373653,0.11488669753207821,0.18931244535124167,14.35182654612532,0.1144601370509361,0.1886095510257026,0.10616947223761744,0.17494803874349418,0.09474145721855368,0.15611674221183433,0.11415259116389481,0.18810277117055657,0.11456879368514745,0.18878859745638651,0.11441936637335262,0.18854236834191274,OSMANİYE,HASANBEYLİ,4914,-0.58
54988432B11965473551698,0.0878126915286675,0.13636111304993467,10.570236693245889,0.08674420044274353,0.13497347841114368,0.07204152366783288,0.11275055416035193,0.05353188015648442,0.08444495116159002,0.08660364873013482,0.13484402716552707,0.08685230172645633,0.1350992123040412,0.08697102226265627,0.13534616560218923,BOLU,GÖYNÜK,14257,-0.441
54988432B12089273300588,0.311105144761078,0.4063358394699634,19.129256864944665,0.3029619707633454,0.399234606882708,0.22596449739089355,0.32148751581280804,0.1406080887345409,0.2302744196060299,0.3053090849276945,0.40139552875795886,0.3021982106156133,0.3985222581471692,0.3068586511715548,0.4027914218204185,ANKARA,NALLIHAN,26083,-0.102
54988432B12282198097688,2.9148625930582837,3.117442627368351,153.98884496329978,2.839636254052509,3.056676883931003,1.8858033649257528,2.175071564585151,0.5148243926598347,0.8186862713473649,2.7957301654472015,3.019256961572857,2.8563181237248343,3.070635158141996,2.8300312719672354,3.04856819628279,İZMİR,ÇEŞME,51902,1.998
54988432B12649673902080,0.08245361302407367,0.12285881053708286,9.813427637488498,0.08227512853389761,0.12260359288417252,0.07778071367537068,0.11630941045712757,0.07007802719806908,0.10548692593283268,0.08201861335484936,0.12223995922285921,0.0823439068205254,0.12270166571952834,0.0821830864529169,0.12247279378112293,GİRESUN,GÜCE,8194,-0.805
54988432B12652451571712,0.14731716720676274,0.24275015481428855,19.840973264737137,0.14602553830914777,0.2406218229183022,0.11151022231528077,0.1837474918775265,0.05454714530996427,0.08988343890781025,0.14483589784239842,0.23866154547927468,0.14642363662865432,0.24127780511298794,0.14577586643702894,0.24021041716139985,İZMİR,KINIK,28604,-0.297
54988432B12770771460380,0.6770497755561541,0.7973658100743859,48.14580684203814,0.6725764977754967,0.793796035704421,0.5836401742426629,0.7165492033567171,0.45090481764160223,0.5843072588740207,0.6723288422129531,0.7936326733213694,0.6729461326101265,0.7940803430011003,0.6740644102229262,0.7950104180805604,SAKARYA,PAMUKOVA,31536,-0.024
54988432B12859589940172,0.07246243679694239,0.11940495636850086,8.73825220582321,0.07227218785652151,0.11909146061215795,0.06829969175732421,0.11254550736567938,0.06271753647809743,0.10334712766688353,0.0720706220732957,0.11875931675093362,0.072336903443518,0.11919810016477654,0.0722158001304439,0.11899854386425883,VAN,MURADİYE,41402,-1.112
54988432B12971115509737,0.2633754782361843,0.30854827489726866,14.303851011398894,0.2618722157160975,0.30704372243671524,0.23294069469046935,0.27798290446269913,0.1949629086063332,0.23957407440292253,0.2602140924617765,0.3053576923846053,0.2624175877501688,0.30759154954622925,0.26136958091697376,0.3065232593254506,KÜTAHYA,ALTINTAŞ,14739,-0.516
54988432B13012659541885,0.31927145503009585,0.5259578624310067,39.19341160898778,0.318699189379095,0.5250212131290363,0.3065956837206369,0.5051021934013025,0.289228798653781,0.4765037380838288,0.31833829062709057,0.5244283179961442,0.3188585973951756,0.5252829157027818,0.3186842701524335,0.5249967128129003,TUNCELİ,NAZIMİYE,3095,-0.744
54988432B13089930907673,0.1618374276892492,0.23991064167670428,15.838027420520007,0.1598059891174077,0.23809739774867908,0.14548740389701784,0.22063975959295415,0.1298207098148387,0.19942648400140028,0.15838019536606518,0.2365972733770894,0.16031240948885697,0.23859599050563624,0.15924857146206203,0.23752560046416735,TOKAT,NİKSAR,63594,-0.169
54988432B13153830049799,1.771246937122057,1.547431035603762,49.89237457302034,1.7664438575983639,1.5434501418124995,1.736233850150377,1.5094047043928196,1.695675240105512,1.4565022813124757,1.7652958603981033,1.5424255602390085,1.7670117374453993,1.543949148144375,1.7666572056399583,1.5436564904009107,DÜZCE,GÜMÜŞOVA,17344,-0.134
54988432B13184104417142,0.08118122961305368,0.13377194596769276,11.518582983184915,0.0810741869798057,0.13359555911793272,0.0773405478364513,0.1274431988232156,0.06725880122121813,0.1108303085048349,0.08092584118309995,0.13335111214421672,0.08111687954924807,0.13366590873101308,0.08102450241423652,0.13351368796308044,EDİRNE,MERİÇ,12329,-0.806
54988432B13336850419353,0.0866171805288522,0.1427294073865119,11.840048859395164,0.08616139481691654,0.14197835517997945,0.0771405202555302,0.12711358964047018,0.06506287864999481,0.10721182628983171,0.08587753574039128,0.14151060689348052,0.08627570991316688,0.14216672573006567,0.08615024263638599,0.1419599784086683,ŞANLIURFA,HİLVAN,41969,-0.84
54988432B13359639505311,0.13542409813142933,0.18070377525902032,10.284791935761113,0.13358092276509462,0.17919617788250702,0.12281197776394402,0.16827784945089153,0.11196141773343238,0.1560602790531247,0.13293810548290041,0.17862316679801427,0.13389630655238946,0.17946995551673361,0.13351666183489905,0.1791397650346182,BİNGÖL,MERKEZ,175438,0.214
54988432B13394167497593,0.0847297457785175,0.13961925716283602,10.330468816889145,0.08447318157112493,0.13919648587134228,0.07968376059887261,0.13130438856546886,0.07284352182606375,0.12003291539508507,0.08427653005435441,0.13887243983014186,0.08454685460647691,0.13931788567461398,0.08443660707868242,0.1391362177397787,MARDİN,ÖMERLİ,14112,-0.858
54988432B13587691087198,0.1695669449989118,0.21547983451880062,11.734770170254444,0.16140229226884578,0.2085825533750865,0.1065715588664067,0.15109761641300543,0.0527860416189274,0.08698182499763593,0.1575630984951145,0.2050020656035638,0.1629785228427961,0.2100071146938997,0.1605279464923404,0.20777983824270368,İZMİR,FOÇA,37711,0.844
54988432B13628237636764,0.6647806016608514,0.7645400802345969,44.714362273016754,0.6630745890670368,0.7629431573576613,0.619861481063261,0.7213816874203224,0.5419123809229354,0.6440363428808125,0.6604526681769403,0.7604736251529703,0.6637458690247056,0.7635725091628406,0.6620772802433522,0.7620044004933832,AMASYA,GÜMÜŞHACIKÖY,22319,-0.269
54988432B13760722847594,0.010930960540260902,0.01801224088051552,1.4102334199427506,0.010895129229932125,0.017953197378315574,0.010159426786885105,0.01674089315566851,0.009141583903015577,0.01506367264652386,0.010846343562225214,0.017872807444144916,0.010908910146892246,0.017975905830598958,0.010877576888204446,0.01792427430188038,YOZGAT,KADIŞEHRİ,9854,-0.847
54988432B13849312279861,0.25726836716959056,0.3717669379817776,26.055073918952957,0.2541223584960144,0.3686494908545953,0.216793821191773,0.322466265738987,0.16630422572612671,0.2550854146563552,0.25253275145374976,0.36688781337395454,0.25472541445676083,0.3692997599902272,0.25392696233935064,0.3684363200011812,KONYA,ILGIN,53167,-0.121
54988432B13977847971239,0.16086556255241397,0.21377001747497568,15.082472880717551,0.160017400685562,0.2127362015276947,0.14344128609189924,0.19244518106001227,0.12131631396297213,0.16517677187314592,0.15920614175054604,0.21174848661975512,0.16027778300567236,0.21305313128963566,0.15981392216214418,0.21248866168730438,MALATYA,DOĞANŞEHİR,36037,-0.59
54988432B14215635599319,0.07058967722638755,0.0608845596048871,2.1140632309666962,0.06999093691014523,0.060434649172044254,0.05856559462664857,0.051646157833178837,0.04357592998628494,0.039731381933998645,0.06981444598055116,0.060308104422600525,0.0700986195155017,0.060512874636029855,0.07009933114408014,0.0605202360353683,KIRŞEHİR,KAMAN,33354,-0.126
54988432B14217813536294,0.0350306777251648,0.05772420484634898,2.157589033272779,0.03500187473978989,0.05767674274924049,0.03436812710282959,0.05663244155975748,0.03342918163535244,0.05508522968651227,0.03498182869034852,0.057643710494672325,0.035009613397822534,0.05768949465444247,0.03500006805441874,0.0576737656593516,MALATYA,KALE,7462,-0.717
54988432B14260044534811,0.21799761149669286,0.32869227751596897,22.81626820923125,0.21707582008989035,0.3275204266232689,0.20457403031096835,0.30890344454744906,0.1870003991302867,0.282992671305189,0.21608577459521244,0.3261027035515481,0.2173843301432086,0.3279447571301483,0.21668594232108326,0.3269693325311525,RİZE,GÜNEYSU,15013,-0.195
54988432B14282860472632,0.0001786742097642988,0.00029442269904429567,0.021440905171715853,0.00017834499527369694,0.0002938802132596078,0.00017132292304147947,0.0002823091115196265,0.0001612506579265262,0.00026571184499444504,0.0001779422125035661,0.0002932165002902491,0.00017846709854958177,0.0002940814173175161,0.00017821407588069395,0.00029366448183929797,ERZURUM,KARAÇOBAN,19922,-1.172
54988432B14340726912856,0.5259855114102003,0.4837367139906334,18.230293713047317,0.5223633537985996,0.48073727898054525,0.452525245629624,0.4224829395044574,0.36119287031830755,0.3457804646502745,0.5184596040445724,0.47749885380308893,0.5236710347091553,0.48182095513661055,0.5212154841493246,0.47978548196025694,KÜTAHYA,PAZARLAR,4713,-0.592
54988432B14406336237626,0.113195522658016,0.1552324786748113,10.576284238014756,0.11237934172482873,0.1542764885732784,0.09810935658127946,0.13783458507196003,0.07769180053541339,0.1129924351519242,0.11150517525298351,0.15332170250750177,0.11266098855807241,0.15458960335240926,0.11209140943434433,0.1539708567161,EDİRNE,UZUNKÖPRÜ,59085,0.1
54988432B1446118549854,0.1579691109309194,0.2600857947312214,20.02699603830537,0.15677279304798283,0.2581148405452396,0.13823845623500955,0.22759986505545968,0.11440698557863124,0.1883812766511284,0.15606950533174924,0.25695642147136166,0.15702913716309164,0.2585371150487124,0.15670247772279616,0.25799903882032693,ÇANKIRI,ELDİVAN,6198,-0.573
54988432B14467270081386,0.050920283658169224,0.07033772543852267,5.398666437852728,0.04954694883252773,0.06909628515014155,0.040329642810109326,0.05799410210194934,0.0307545543951182,0.04528079206664264,0.0489301018994646,0.06845541383637183,0.04978259090214751,0.06933111938044906,0.04941899289308217,0.06896640957228937,KAHRAMANMARAŞ,PAZARCIK,66777,-0.388
54988432B14556173736384,0.40884814169668643,0.4671376425035687,24.789646007632488,0.3980025931144747,0.45867845661673967,0.33561433555605885,0.4013896251789245,0.2741705242133674,0.33993359687675173,0.39068231673114223,0.4525230428390768,0.4006748681327434,0.460850725450257,0.39496378186866565,0.4561561919664541,TRABZON,MAÇKA,24931,-0.15
54988432B14645765693693,0.5021413598851777,0.6943489888503451,50.3240517678063,0.4997080192296881,0.6920354332739608,0.42511901930362234,0.6123380371338448,0.26054779050404103,0.40584333348062757,0.5000117989039554,0.6923275574918658,0.49974285368227794,0.6920680100618934,0.5007684770261016,0.6930505480238395,KOCAELİ,KARAMÜRSEL,59488,0.328
54988432B1484249621136,0.3275631589146486,0.4148721653906037,24.56702486128927,0.3231687391550792,0.4106245655967561,0.2718096003702723,0.3539921381640568,0.20040283438850187,0.2736919720486661,0.32100721525819936,0.40836590580718324,0.32399250309818156,0.41147002356311074,0.32290320469897676,0.4103503848918573,KONYA,KARATAY,395499,1.481
54988432B14970064024432,0.0,0.0,0.0,0.0,0.0,0.0,0.0,0.0,0.0,0.0,0.0,0.0,0.0,0.0,0.0,ARDAHAN,POSOF,5976,-0.492
54988432B150490693817,0.01031142674215477,0.016991361520096386,1.5299436756776241,0.010247759409465566,0.016886449300498305,0.009008394230679782,0.014844200217538947,0.007368460242855208,0.012141886371647446,0.01020832830847869,0.01682147399603685,0.010263664283189316,0.016912657648395196,0.010246208690266044,0.016883893996446388,ŞANLIURFA,AKÇAKALE,131351,-1.258
54988432B15058920594435,0.1537797788534879,0.1914179188573167,11.48175857704067,0.1499130337339982,0.18815862298384517,0.12234233498683929,0.1592571813067051,0.09324167359047156,0.1263479422375385,0.15007151628164184,0.1883036056588967,0.15002193350710105,0.18825836664085469,0.15097232828160756,0.18911462791263484,SAKARYA,KARASU,75887,0.159
54988432B15496700745430,0.6969392668813859,1.0752845203723258,85.75125227199847,0.6948003451210766,1.0726690487720074,0.6429292322368728,1.003726048863827,0.5399902421248681,0.8546757791692988,0.6921016783011351,1.069357371659941,0.6956171896436856,1.0736621395583321,0.6938758382562387,1.0715402498313276,EDİRNE,İPSALA,25278,-0.408
54988432B15523271257274,0.03200328292743292,0.052735607171302885,3.6089643619527445,0.031907567034602694,0.05257788473589552,0.030478082325860578,0.05022235314157307,0.02845837652093964,0.04689424420439242,0.03183895305500642,0.05246482133916046,0.031932611179722126,0.052619152945846175,0.03189186465722783,0.05255201006526333,DİYARBAKIR,SİLVAN,86752,-0.824
54988432B15558909248688,0.6803601790644842,0.9458701281468751,71.64303887254401,0.6766855852092994,0.9410291292906273,0.5483637612099016,0.7883401410406394,0.27538941678621903,0.4533897455193508,0.6732961670778304,0.9366267198981424,0.6778063656334495,0.9424972055505,0.6759728285174395,0.940091929158473,İZMİR,KEMALPAŞA,122840,0.983
54988432B15641118678695,0.15498066887241513,0.22629063319095796,15.447265729760781,0.15408249551863423,0.2252859944530542,0.14090253575175593,0.20840969128397077,0.12302038940444397,0.1846089965188987,0.15306247044684484,0.22404456714925025,0.1543857289518499,0.2256446956483535,0.1536892481755061,0.22481205598177129,TRABZON,SÜRMENE,25281,0.056
54988432B15644410313065,0.37890597389879854,0.5081026880812856,32.293048042236315,0.3754750021727001,0.5047266730431768,0.33421643164390197,0.45743905882712416,0.2772356972604986,0.3897646257580229,0.3726295997674092,0.5016465633105763,0.37640641400845865,0.5057045254218785,0.3745055334480217,0.5036896835712935,SAMSUN,İLKADIM,330290,1.343
54988432B15919915720396,0.14605683611441106,0.24020474874590908,15.955788727581483,0.14554177876434168,0.23938646159487853,0.13667192751994342,0.22489229096714208,0.1246192914051194,0.20512303403360485,0.1448999807752169,0.2383466146007539,0.14572570163305681,0.23968259600722477,0.14530081459132302,0.23899696217054064,GİRESUN,EYNESİL,12548,-0.35
54988432B16159073535028,0.2997005642921364,0.3238545726014643,18.290881353180556,0.296940086727676,0.3216345532769139,0.24453994619024624,0.2771443385330514,0.17169083489502784,0.2087110057176347,0.2893418350684746,0.31544894791224204,0.2985909438023849,0.322964297009453,0.2930697177849644,0.31849638931418767,MUĞLA,KAVAKLIDERE,10854,-0.34
54988432B1626041363194,0.09369311134108094,0.12247093980422136,6.819450776363913,0.09153834017994679,0.12076153409540408,0.08052579831107938,0.10998068334744936,0.07028088703020108,0.09862383608579321,0.09044475879124741,0.11981523044332042,0.09197025920488136,0.12112240026947668,0.09117742454791707,0.12045381756947894,ORDU,KUMRU,27638,-0.606
54988432B16266988631438,0.27636511634871647,0.406129945849836,31.047998451199685,0.27388443479962854,0.40344700368266734,0.24266304522409488,0.3626709990059049,0.19796728378104272,0.3020473268527389,0.27181135274531676,0.4009086264194006,0.2745986214084359,0.40428867786006706,0.2731993057443848,0.40262024639942645,UŞAK,MERKEZ,265371,1.204
54988432B16312548829707,0.13504351171924675,0.12231435872235712,3.324990127971303,0.13336959180302566,0.12102849208206246,0.10331039096679728,0.09773341456056005,0.06621810174400863,0.0687421246745719,0.13219464438210723,0.12012414268100767,0.13378799202149494,0.12135024550873758,0.13323003397402855,0.12092108330712181,KONYA,ÇELTİK,9482,-0.544
54988432B16358110737710,0.40683372676466856,0.5732668618305231,37.50375296187385,0.39859602707582853,0.5667967469812437,0.35286065840393915,0.5198496345629064,0.30109147468314457,0.45585576853208043,0.39408590872042554,0.5628939922997859,0.4006858395655937,0.5685243481922926,0.396981950433453,0.5654239803088273,BURDUR,TEFENNİ,9514,-0.325
54988432B16406650788150,1.524990384144551,1.2927007227033087,41.20645122358666,1.5221962318054234,1.2898423284895288,1.456621674830162,1.2261205624682714,1.283455907405034,1.0747188127546805,1.522376682627109,1.2900249453903667,1.5223191719365454,1.2899658574197035,1.5233181981239288,1.2909751454200056,SAKARYA,SÖĞÜTLÜ,15288,-0.077
54988432B17114220369178,0.6897015643826981,1.0556021104051685,85.40774698935179,0.6758417648954417,1.0390047082400584,0.34351392372770156,0.5506868702285602,0.03621722375408968,0.05967941754793137,0.6710755958209158,1.0327920323997735,0.6781397955849625,1.0419493117255916,0.6775926690077672,1.0412517531714427,BOLU,DÖRTDİVAN,6214,-0.784
54988432B17229261486281,2.085903257505959e-05,3.437190335585327e-05,0.0027198228094594953,2.083158714612323e-05,3.432667826559244e-05,2.004487226681413e-05,3.3030314797971416e-05,1.8450185647778513e-05,3.0402560411226662e-05,2.0810057977523558e-05,3.4291202099582486e-05,2.0839550593565876e-05,3.433980058298147e-05,2.0828629410038213e-05,3.4321804452844866e-05,DİYARBAKIR,HANİ,32285,-1.267
54988432B17351022548299,0.2731555007309791,0.3401202782056954,21.23496443071562,0.2634368165170945,0.33246501771587905,0.2143055331256601,0.2849439399745047,0.16673915464168018,0.23164308290455968,0.2632938994766172,0.33235669411729263,0.26391014781608124,0.3328541302829627,0.2654689381457445,0.3341512527207923,TEKİRDAĞ,MARMARAEREĞLİSİ,33623,0.287
54988432B17518540104638,0.6816242442248681,0.7039441579960253,35.290991196298144,0.6704958156870566,0.6943038528314518,0.5136169872708733,0.5507843284165577,0.3206316196711006,0.36785828403541565,0.6587388323902234,0.683868708643023,0.6741732359346319,0.6975381323620446,0.666254518440603,0.6905535773917223,AFYONKARAHİSAR,ÇAY,29140,-0.328
54988432B17530851783527,0.0011634374499985322,0.0019171339537454872,0.14360282929270904,0.0011609323383105152,0.00191300598393067,0.0011134898667624251,0.0018348293934705962,0.0010466863185302686,0.0017247492593415955,0.0011589584579678278,0.0019097533870458083,0.0011617583843747431,0.0019143671580591902,0.0011605523250098498,0.0019123797909182468,KARS,KAĞIZMAN,42717,-0.784
54988432B17532401262571,0.45732226129570364,0.49224024983983905,26.67091758789508,0.45312102466538035,0.48883727409972727,0.4055366001281412,0.44629059512558766,0.32735710006719465,0.3739652558751963,0.4500228250635961,0.48616225233346977,0.4541691629310546,0.48972282228480685,0.45205342717569674,0.48792317665706314,SAMSUN,KAVAK,25370,-0.331
54988432B1769560269502,0.09002389108388245,0.14833587537411672,12.368644193868912,0.08992614076447684,0.1481748015013697,0.08632994240131533,0.14224920983937742,0.07805667265276259,0.12861727747247628,0.0897556894252388,0.14789393311290805,0.08996599212894678,0.14824046874658284,0.08986151246551986,0.14806830709587523,AMASYA,HAMAMÖZÜ,3628,-0.665
54988432B17723605206621,0.6850009108680821,0.8518926540716323,48.054139727863465,0.6758343963504039,0.8438578528048623,0.5869030707318388,0.752459075613856,0.4677725625324676,0.6241870230677493,0.6690111715974395,0.8373245308464524,0.6787544170897039,0.8465593463244119,0.6734342235193038,0.8415881549714214,ANTALYA,MURATPAŞA,510887,3.173
54988432B17733923685340,0.26212893021443107,0.43194094566381724,35.007341592923545,0.2612813698776751,0.4305443199153123,0.24480334051093258,0.40339151544796686,0.22205593665956735,0.3659079186434562,0.260528472525096,0.429303681599676,0.2615411551045328,0.43097239886282357,0.2611073294832368,0.4302575329036846,BATMAN,HASANKEYF,7152,-0.697
54988432B17876819529278,0.16953879149150858,0.2793688675269724,20.271669369646208,0.16908267711728095,0.2786172922849347,0.16058637462989808,0.264617000565174,0.14804266112512782,0.24394729085757744,0.16873823105647448,0.27804971436434245,0.16921201813486628,0.2788304196784909,0.16901855515203076,0.27851163231461296,MARDİN,YEŞİLLİ,21166,-0.936
54988432B18155993888482,0.0005477709328124559,0.0009026271710360724,0.06881678831461589,0.0005443679836742503,0.0008970197279064645,0.000490170083611044,0.0008077114162022053,0.0004198006456457771,0.0006917553423888944,0.000542503969916073,0.000893948171230981,0.0005451347682416827,0.0008982832498340374,0.00054427894218703,0.0008968730036812456,ŞANLIURFA,CEYLANPINAR,93105,-0.835
54988432B18249389019037,0.010299324672884453,0.016930197622745,1.1570315457900957,0.01023023432878673,0.016817681387464294,0.00895351040269784,0.014726563561691804,0.00695589646645497,0.011452045860683806,0.010229060771928247,0.01681576231042534,0.010234914897092929,0.016825330817033003,0.010252864980660725,0.01685465198718047,BURSA,KELES,10939,-0.392
54988432B18439797691554,0.0,0.0,0.0,0.0,0.0,0.0,0.0,0.0,0.0,0.0,0.0,0.0,0.0,0.0,0.0,ELAZIĞ,AĞIN,2532,-0.622
54988432B18592908532301,0.032718547754528336,0.033780681885799836,1.724387117199758,0.03246112768634028,0.03353581500254103,0.02756054182145136,0.028844231433284868,0.021222048968639398,0.02274132311865976,0.03229834544119757,0.033378148993645974,0.032525545752943856,0.03359724406973058,0.032452471683931214,0.03352590772296237,ŞANLIURFA,BİRECİK,91837,-0.66
54988432B18647546937138,0.20648687863335533,0.31962188220386933,25.53974922320885,0.20164055863777958,0.31418307340298846,0.15290909375878442,0.24408920562493186,0.09537842863221323,0.15695866817047632,0.2030156843518032,0.31588338221483203,0.20119795410637525,0.3136247767850032,0.20395081120459316,0.3170063719847316,ANKARA,ELMADAĞ,45644,0.462
54988432B18669123151161,0.3768316547390584,0.4220982986895574,22.07397669879516,0.3731604360560354,0.41895800893131796,0.32718539290688525,0.3756478756926266,0.2695607183184479,0.31942878817747306,0.3693329083179239,0.41549567095554574,0.3743347592080244,0.419999124005901,0.3716685672311414,0.4176184300754772,TRABZON,KÖPRÜBAŞI,4271,-0.482
54988432B18726314643148,0.13685525659118408,0.18083410166185757,11.66828424690189,0.1354655377159644,0.17955847882922885,0.12403270706401534,0.1659241088608888,0.10896686130961772,0.14762499989330446,0.13444679451660568,0.17846178858756173,0.13581890381406234,0.17991619629501704,0.13507010729564606,0.17914241415399654,TOKAT,ZİLE,52729,-0.186
54988432B18782972179490,0.006513588313648032,0.010564409274737618,0.8280546434790836,0.0063758581174087415,0.010350036448279962,0.00414340213671013,0.006759544793132514,0.001540954103097466,0.002537483503040876,0.006374760000562059,0.010348547477903869,0.006379992095793319,0.01035640681409953,0.006423406170850626,0.0104256928982967,BOLU,KIBRISCIK,3783,-0.655
54988432B18897698290342,0.08179880245819411,0.13478959403320018,10.711259509228288,0.08145900269389891,0.13422966563687264,0.07461524057060721,0.12295238662377542,0.06531239650489609,0.10762298647012125,0.08115281454886926,0.13372512309436516,0.08158099190073553,0.1344306817296736,0.08139115176591795,0.13411785961083694,ERZURUM,KÖPRÜKÖY,12903,-1.189
54988432B19023122389933,0.23489046031716349,0.32184980261555873,19.7468131869352,0.23258428263746486,0.31966238004996445,0.2097329945324471,0.2933445149238427,0.18112730566828356,0.25862676347579366,0.23152509807967894,0.3185413957973616,0.23302508911563596,0.32011549590146265,0.23245692670075874,0.3195253813550392,ADANA,SEYHAN,782204,2.043
54988432B19168401993834,0.5092935168159487,0.7543280936002925,55.60670643027804,0.5034370657260695,0.7487603182597086,0.44689664487343594,0.6805297281935788,0.365250727486794,0.5700017757480578,0.49938463955419526,0.7444744691375937,0.5049838708936507,0.7503304371953633,0.5020931561208108,0.7473732677081404,AYDIN,GERMENCİK,44697,-0.282
54988432B19253807136892,0.7028217279535109,0.8519832930351962,50.17347012076623,0.688085823153429,0.8391609486262204,0.5264624492108754,0.6759704732230619,0.2930554765727725,0.4241303569136095,0.6893166598839279,0.8402907216298894,0.6882693201136858,0.8393355010521812,0.692890587955804,0.8435579598848065,KOCAELİ,KARTEPE,154377,0.837
54988432B19331703481644,0.41371682242149455,0.5781784645024656,43.45385213776631,0.41010827728445254,0.5737298785045669,0.36254583599360546,0.5020749253501171,0.28940542999314045,0.39230121252114114,0.4081720569822299,0.5710205774682137,0.4108336983743096,0.5747174083795692,0.4098719082054731,0.5734042020868596,KONYA,BEYŞEHİR,80353,0.369
54988432B1936830285057,0.5021275535774766,0.640399385460313,38.13119149219416,0.49700630891030245,0.634641769853484,0.4023749250743285,0.5214962892704266,0.16267965693166164,0.26685088067769247,0.49815372046530215,0.6359681144209751,0.4968131253769624,0.63442045255021,0.4994163249168912,0.6374295602031262,İSTANBUL,SULTANBEYLİ,378908,0.684
54988432B19409093219384,0.923318005392066,0.9015164642804947,33.06499021232069,0.9064618086561901,0.8884465935333207,0.7421047901471022,0.7522655673260151,0.5383071033866758,0.5796437349495139,0.8936664148088947,0.8781633760205269,0.9119077514800493,0.8927616058472265,0.9019677129480683,0.8848535974039685,ANTALYA,MANAVGAT,266480,1.538
54988432B19462176511596,0.3749737260875477,0.4977620779780855,31.907306699001893,0.3709236337655827,0.49402570685397396,0.33335161050781636,0.45325639673431745,0.2868186012600113,0.3994873023090348,0.36825514768923373,0.49134733076343173,0.37195532563007644,0.4950309493895473,0.37009373794847283,0.49320350421962694,KÜTAHYA,MERKEZ,277000,1.23
54988432B19525680012961,0.0002443267212748338,0.0004026061333713169,0.029317064843830957,0.00024331922074671364,0.00040094595518908786,0.0002229411834674049,0.00036736664486268966,0.00019514241429462176,0.0003215593139627405,0.00024172573280898318,0.0003983201760117795,0.00024372023407075378,0.0004016067524321391,0.00024268253583357253,0.0003998968139010694,ÇANKIRI,KIZILIRMAK,6830,-0.715
54988432B19751816948051,0.003011139816160398,0.004961812412900519,0.39818322928407435,0.0030007079398798753,0.004944622572382073,0.0027874222984981215,0.004593166510055852,0.002493491208283305,0.004108821371335277,0.002991017647507268,0.004928654727673902,0.0030039810097809722,0.004950015998079676,0.002998455939758052,0.004940911684532114,YOZGAT,ÇEKEREK,18426,-0.619
54988432B19771634656837,0.00365511412716604,0.006022965306827331,0.4554655412031357,0.003641406037227226,0.006000376860269477,0.003361592251166294,0.0055392944789311735,0.002938298812189329,0.004841783646473907,0.0036315762420733714,0.00598417914027358,0.003644849066335334,0.006006050347921859,0.0036401498584656754,0.005998306905450894,GAZİANTEP,YAVUZELİ,23436,-1.049
54988432B19879435718056,0.025739709366491448,0.04241437370449418,3.482952981928904,0.025639674661593777,0.04224953464992147,0.02362893099583854,0.03893619369299862,0.02090329916395782,0.034444846667583004,0.025526844638070794,0.04206361123040452,0.02567691401685406,0.04231089835485049,0.025605208706092123,0.04219274100489948,KARABÜK,YENİCE,18984,-0.448
54988432B199390104970,0.5672691191924008,0.7450521726554801,48.66219647251736,0.5616687194078267,0.7396054359055021,0.4955083768352277,0.6639619875513231,0.3950400221835233,0.5433675426849631,0.5619431877295088,0.7398981093341194,0.5618436457004635,0.739784040506399,0.5633896013397557,0.7413824025536523,SAKARYA,SERDİVAN,168855,1.527
54988432B19989775131060,0.22129677017906374,0.3116863006587835,24.107270789178248,0.22005107354617331,0.310436390384872,0.19586027183663693,0.28453707823731156,0.15220808347313858,0.22962551740828557,0.21853430345659777,0.30893811648770275,0.22050425234758575,0.31088386272636687,0.21951379697058,0.3099062093569452,AFYONKARAHİSAR,ŞUHUT,35303,-0.488
54988432B20130561704636,0.6043635092415258,0.5820976555228103,23.632133063453047,0.5945642380511709,0.5731796124810032,0.4313424298889632,0.4247679918103354,0.07233664221330809,0.11919621628372928,0.5877510206154566,0.5669156292376958,0.5970482855990138,0.5754574383711347,0.5930991393801999,0.5718326469799423,İZMİR,MENDERES,112853,0.903
54988432B20226026057781,0.08294611453151228,0.12856574092750106,10.73870226347848,0.08246553764717361,0.12793659339120997,0.07519287628854564,0.11701812384401514,0.06563433686917508,0.10239552073272921,0.08193161988866264,0.12716445306861707,0.08262494871501526,0.12815894946212997,0.08226850364960758,0.1276534118211288,GÜMÜŞHANE,KÜRTÜN,11327,-0.705
54988432B20261833520035,0.20814356108709303,0.3429807693596843,26.688196681271304,0.20781850185153475,0.34244527977844713,0.19825167641244731,0.3266814825751113,0.17908990633434235,0.2951068073427384,0.20741742567295124,0.3417844151874498,0.20793492665990532,0.34263710579341283,0.20769634360590328,0.34224398228767117,SİVAS,GEMEREK,21342,-0.478
54988432B20396107752960,0.486177401858908,0.5437529936838105,28.74457491631696,0.47089713359653224,0.5306038426027929,0.30184005164714295,0.3670914510095975,0.09575001241920834,0.15152276753703395,0.4619228635904904,0.522407166522443,0.4743324120381604,0.5336880006856346,0.46892383064256915,0.5288167061517616,İZMİR,NARLIDERE,61320,1.632
54988432B20434166663535,1.0483855790009255,1.148439433755829,53.59120466427989,1.0390027571699838,1.1402724892449623,0.9286373700072628,1.0355392962305912,0.7614386065040768,0.8786702914879377,1.0357342400214895,1.1372462602469093,1.0407110675550162,1.141834861628053,1.0392430804109456,1.140493241108131,KAYSERİ,TALAS,173657,0.631
54988432B20444305553089,0.14814823138093933,0.213499522959841,15.17168759491689,0.1466236435283121,0.21193800211391908,0.12986612121715177,0.19056946064628114,0.10877222120004562,0.162274112177028,0.14596918553502755,0.2111811182539426,0.1469074506602178,0.21225747691707242,0.14659675972913994,0.21190741891963044,ŞANLIURFA,KARAKÖPRÜ,312031,0.446
54988432B20591788095048,1.420380754147893,1.3751590586417732,52.79854111764787,1.4009525866516286,1.3596407909898296,1.1878605656571044,1.1834285353059635,0.9285612866110903,0.9612150216961122,1.3775459007695343,1.3408865843469626,1.4082635447658847,1.3654821199146485,1.3903592645380738,1.3512122433621603,ÇANAKKALE,AYVACIK,35411,0.133
54988432B20612067222805,0.12601560156535913,0.2074085526813925,15.037238204897369,0.12564278604575607,0.2068082000730163,0.11813102283800507,0.19448609546413254,0.1076020478586947,0.17717819319485065,0.12521942267717567,0.20611708750600413,0.12577071128918013,0.2070163285177967,0.1255105215293969,0.20659244433938762,ORDU,AKKUŞ,20465,-1.012
54988432B20693988968005,0.12979805601918373,0.1797889090168922,13.489311349163904,0.1293754414114031,0.17912538585670298,0.11906658589944157,0.16444829388543955,0.10317545506200787,0.1431244137249434,0.1285598486060084,0.17788562252298543,0.12956722558250716,0.17942382654303063,0.12903057045840233,0.17859623297386723,KASTAMONU,ÇATALZEYTİN,7185,-0.448
54988432B20916998387085,0.7400696988257103,0.8998985031458097,47.58433820724205,0.7342180891954156,0.8943998540615798,0.665570501979959,0.8221049685845577,0.5627525984952526,0.7146792326108523,0.7321325519487488,0.8922895550918835,0.7353052551105661,0.8954833679879094,0.7343704417049073,0.8945520118879543,KAYSERİ,KOCASİNAN,421472,1.558
54988432B20934882721919,0.2052461223935911,0.2771705037840296,18.01765173657711,0.20222810691501752,0.27450341720881144,0.17331722577225614,0.24244427388265735,0.13126409139666884,0.19214011200758918,0.20032904620226435,0.27259177945499463,0.20293019147522254,0.2751804107243337,0.20162785623365967,0.273908838557854,BALIKESİR,GÖNEN,75730,0.326
54988432B21001477531,0.03427651550921483,0.05635873127981517,4.365938151278033,0.0340962711449318,0.05606254233305826,0.030537987535159714,0.050208595058672215,0.0257784895880911,0.0423777625999527,0.03387958622653901,0.055706215864908766,0.03416013584139518,0.05616753616653175,0.03402526214668773,0.05594579936446311,SİNOP,DİKMEN,4810,-1.014
54988432B21059504662364,0.5400293222525615,0.7329917582460393,47.10462055401345,0.5326507509880145,0.7250687839933866,0.41748967372119805,0.5866927507888876,0.21205512442091015,0.3367076662581433,0.5349995310646176,0.7277109983998201,0.5318621474128746,0.7241727278429521,0.536478058405145,0.7293447516906031,ANKARA,KEÇİÖREN,931722,1.365
54988432B21435707194985,0.2813925367331693,0.46224693001240696,33.1837557756549,0.2804026972751119,0.46062715394887,0.2601948600206333,0.42754421605475695,0.23232438779752543,0.38189878482931766,0.27897391683805545,0.45828880262228333,0.2807969473811698,0.4612723374738476,0.27986526854513644,0.45974762241549705,TRABZON,DERNEKPAZARI,3717,-0.374
54988432B21454530006409,0.3658414522974158,0.4807297357181098,30.304389224121863,0.3592946222253372,0.4742598204714472,0.2848701467520373,0.38971355568864197,0.17907794838543328,0.2657215041911872,0.35921441237592083,0.47417430252420717,0.3596337949291252,0.4746181489764319,0.3609920280229165,0.4760373584648101,BURSA,İNEGÖL,306004,1.018
54988432B21829167543516,0.3014442439758755,0.2746184415047282,10.040469926663352,0.2964809636512088,0.2708344266066828,0.21679296104008453,0.2077945129065514,0.10151467551559284,0.11261111902742352,0.2964122569964333,0.27078243008117,0.2967778042182392,0.27106279041891496,0.2979421871418146,0.2719622780780818,BURSA,İZNİK,45510,0.099
54988432B2183648295887,0.11318500431903968,0.16576762251225094,12.80330973940717,0.11150754423956223,0.16442493453296989,0.10116303732265498,0.15306491112772985,0.08774926981147387,0.13522584074506486,0.11079122564982621,0.1637872586848916,0.11183905609271196,0.16470765646903884,0.11134154595991141,0.1642799184411311,ISPARTA,YALVAÇ,44596,-0.1
54988432B21974085302576,0.13787385707226302,0.15556849600564546,8.624913417925567,0.13666616006841845,0.15454475264915266,0.12520683015947978,0.14315305587157057,0.11084450961429052,0.12844439507139901,0.13618823174422487,0.15410321495842966,0.13686909356320295,0.1547284639579791,0.13664208706506856,0.15452270818236669,ADIYAMAN,MERKEZ,296876,0.542
54988432B22127329253106,0.22996384422111643,0.37854255864008196,34.43300710673317,0.22872709262551574,0.3765256414791288,0.20456956446039629,0.33680251634398445,0.17226697726619652,0.2836367856458098,0.2276210605400859,0.37471556658471705,0.2291680323549298,0.37724718910190114,0.22847785331146195,0.37612034374246567,ERZURUM,İSPİR,13984,-0.381
54988432B22219772223336,0.40292138231921737,0.5460940660954392,41.204164619743324,0.3931514629697687,0.5376625635200128,0.3197867401506879,0.45566835491249363,0.23274935571449942,0.346429770352162,0.3862615959126863,0.5308814491032424,0.395627543911084,0.5399746570387033,0.3905303053489062,0.5351313834166007,AFYONKARAHİSAR,DAZKIRI,11723,-0.088
54988432B22317545762154,0.17919664941664762,0.29526726186641544,19.726631780719092,0.1784617598184754,0.29405644509237616,0.1657523678692784,0.27311645974769916,0.14760058867107564,0.24320919079715103,0.17745359042967768,0.29239539412504834,0.17872614515955348,0.29449204569551257,0.1780542670249544,0.29338506301417,ÇORUM,BOĞAZKALE,3587,-0.604
54988432B22429834730887,0.16021562114809373,0.24872782100203153,18.93420838157719,0.1586917984687127,0.24707658984108027,0.14119635967942604,0.2225216055529366,0.11707878680257995,0.186524465039458,0.1576507704497192,0.24577379405519323,0.15907662679104134,0.24753706439939763,0.15839718332562297,0.2467175627299966,MERSİN,TARSUS,358510,0.613
54988432B22474177192054,0.39542337557100715,0.4765614348032504,31.38931402498247,0.38421298677037913,0.46790868207179914,0.3288651709423451,0.415985258714958,0.27413201335839177,0.35525474543561103,0.38058188303292956,0.4650972936757868,0.3861253051524001,0.46939711818108193,0.38382792144033295,0.4677066428037917,NEVŞEHİR,HACIBEKTAŞ,10564,-0.211
54988432B22642598779433,0.38349220425208175,0.6318910546226016,53.74670277817535,0.38203815286207127,0.6294952196460416,0.35349653914895784,0.5824675577776091,0.31418769146057574,0.5176989392192195,0.3823585399695711,0.6300231191540225,0.38197075604236613,0.6293841704219157,0.3827704197708231,0.6307017709390526,KIRIKKALE,KESKİN,15841,-0.48
54988432B22653723739411,0.5295804731579163,0.5747193827189568,28.084324147626006,0.5222861607621943,0.5681564361445133,0.434650034747863,0.4796450068239628,0.25047785212314944,0.3057562061695864,0.5221996922819432,0.5680731230067189,0.5226570850685036,0.5685129886475908,0.5241526907034348,0.5699353060615338,BURSA,KESTEL,77374,0.777
54988432B22713208717881,0.26045260804805787,0.3719676414261091,27.836010526529908,0.2562385825205437,0.36826112139594674,0.22770380461977474,0.33419070124379097,0.19722128086805216,0.29367331919211376,0.2532720142199326,0.3652000884700247,0.2573475180609154,0.36933130830945765,0.25505479456225594,0.36706981105425257,ERZİNCAN,TERCAN,16145,-0.527
54988432B22762038949408,0.0009802145496801886,0.0016152158374733454,0.1462152888859222,0.0009753468135692468,0.0016071946910196436,0.0008783425522435746,0.00144734925794915,0.0007478094421705361,0.0012322543618639883,0.0009705400974340148,0.0015992740944212778,0.0009768716216842304,0.0016097072983026436,0.0009741023762896354,0.001605144084034238,MALATYA,ARGUVAN,6859,-0.877
54988432B22791175863711,0.12066127964144033,0.19882790957371727,15.4894469407721,0.12010546425773366,0.1979120266062922,0.10898638519094322,0.1795898005052229,0.09391216158722882,0.15475021338597636,0.11979546011255199,0.19740119598748207,0.12024058079691392,0.1981346741624418,0.12011515904567177,0.19792800185887713,AKSARAY,ESKİL,27946,-0.542
54988432B2283015809064,0.7572284124573609,0.9144692108873995,55.15070278550344,0.7527383837487969,0.9103198484322257,0.6745698508198493,0.8325585501511369,0.558308491714899,0.7103030673215475,0.7457212793121281,0.9036177725290732,0.7546835266544891,0.9121510369730813,0.749661138433967,0.9073945304903689,ÇANAKKALE,EZİNE,31894,0.043
54988432B23049550027928,0.03236865303733177,0.05333767086056412,3.846737805887783,0.03228488406208459,0.05319963477902227,0.030908516051897483,0.05093162987237075,0.029012078549168523,0.04780664474520077,0.032225303365551114,0.05310145659478703,0.032311664034553586,0.053243763317690804,0.032273626773491826,0.053181084808683665,KARS,SUSUZ,8417,-1.064
54988432B23191513902101,0.02437138068803403,0.040159616158776765,3.5548778211269263,0.02431436575921952,0.04006566589449672,0.022792300429052597,0.03755757822353038,0.01987255612557305,0.03274636904295718,0.02427768739444411,0.04000522660016345,0.024328819172639855,0.040089482499004056,0.024312546683344326,0.04006266838730389,ŞANLIURFA,SİVEREK,277399,-0.797
54988432B23223928850559,0.913845437385691,0.8736569705415405,39.695532556844476,0.8901148079067004,0.8557806320124701,0.7588997647388345,0.7463083341549116,0.6331569001716784,0.6352614282017347,0.8740641966910518,0.8431204827598203,0.8962021549561051,0.8604798327036729,0.8833277409030353,0.8504706038880018,RİZE,ÇAMLIHEMŞİN,7051,-0.287
54988432B23323224712482,0.19574019256507538,0.2353170488552673,11.879949594481936,0.19365680571545235,0.23350437363902993,0.17799934597122774,0.21804024066658464,0.15970044385935608,0.19923557206436246,0.1926049813616067,0.2325326228958166,0.19408251706379992,0.23388995868638368,0.19339575617689686,0.23326609123968428,BATMAN,MERKEZ,517785,0.367
54988432B23399506189072,0.2128146520273417,0.3180616716038586,23.35568549989385,0.21161414213263963,0.3168272824500051,0.19784064763952713,0.2991672004802282,0.1796130629611498,0.2743980844290313,0.21049190567547837,0.3155051274966814,0.21198820493498619,0.31724700809182205,0.21118475730053196,0.31632998460771966,ERZİNCAN,MERKEZ,169506,0.724
54988432B23414498187301,0.3475656973707902,0.3920377247737959,20.071532564602318,0.3442475700696488,0.3892194520998549,0.3179853172841398,0.3627317615707935,0.2838138604778787,0.3276986745032313,0.34167674632979067,0.3868034669604776,0.34516079362559826,0.3900416928219477,0.34318777330647005,0.3882385585932269,RİZE,ÇAYELİ,42032,0.054
54988432B23567974096892,0.5329791387417222,0.7363590167136682,52.17170444919689,0.5278406273167272,0.731331798720945,0.4730032410047223,0.6658840771217265,0.39996296991192154,0.5740076329978491,0.5248641818179568,0.728069129664571,0.5290896059561448,0.7326557430222861,0.5271730896634707,0.7306049943552211,ISPARTA,MERKEZ,273638,1.551
54988432B23570910336885,2.561060850159773,2.2403575500409825,81.95875003126595,2.5581165476376566,2.2367712113760754,2.5001410148797185,2.1638789184275655,2.2723712349101137,1.9369049790536776,2.5544699365624663,2.2323671486377883,2.559197340614848,2.2380745556087724,2.5568275902279147,2.235216653509319,AFYONKARAHİSAR,ÇOBANLAR,14457,-0.801
54988432B23630404748183,0.030331158812983625,0.049980249833706955,3.64501967083342,0.03020503982262713,0.04977242860651092,0.027656531551924716,0.04557294909244596,0.024182872388395914,0.03984898866281684,0.030008876607869585,0.04944918719848501,0.03025471947982938,0.04985429167326451,0.03012743464547061,0.04964454934655292,ÇORUM,BAYAT,13312,-0.868
54988432B23635827316109,0.3310621093006696,0.5076325861102513,38.78118637475898,0.328518905109646,0.5044080304316274,0.27777715960317456,0.43150490856469353,0.1794389932545418,0.28380437324618385,0.3287901962703045,0.5047725682094253,0.32855449373021983,0.5044557615327191,0.32951840865818827,0.5057399383715698,KOCAELİ,KÖRFEZ,183077,0.55
54988432B23701812134716,0.15769276217452943,0.23092501773916813,14.571374821394954,0.15674257398261382,0.22978713582563676,0.13879635146507202,0.2075888278788828,0.11343526151614285,0.17481952486170932,0.15568350680223716,0.22851285523506717,0.1570918000269972,0.23020579784137007,0.15640627848058516,0.22938334750840245,AYDIN,SULTANHİSAR,19791,-0.265
54988432B23708733321039,0.47155434034201305,0.6665427884763289,44.22884688038433,0.46430871766080567,0.6588406279712378,0.36560642071213495,0.5352078268735115,0.1929603118871971,0.3144320422278338,0.466459256632861,0.6612940177959857,0.46359895485293734,0.6580173298413581,0.4678533985791253,0.6628396615643811,ANKARA,MAMAK,690329,0.779
54988432B24237027631041,0.23702397083369633,0.29529847793575675,17.00022422492825,0.23595065918292418,0.2941702030344777,0.21743757370600683,0.27358479485372017,0.18868776112172891,0.2422148665622657,0.23528286222627495,0.2934272137911156,0.23621166356584156,0.29445769719118703,0.23585615430027687,0.29406556923201993,DİYARBAKIR,YENİŞEHİR,232622,0.466
54988432B24385589746851,0.0,0.0,0.0,0.0,0.0,0.0,0.0,0.0,0.0,0.0,0.0,0.0,0.0,0.0,0.0,BİNGÖL,YAYLADERE,1889,-0.451
54988432B24416647543453,1.1125229635635026,1.3721842737475989,73.54195803837828,1.0935340522628745,1.3563050705782627,0.9107219604393777,1.1740774416042747,0.6784426617353214,0.9255399444743424,1.063212184380311,1.3280776372633187,1.101985871294431,1.3637132165788295,1.0773179694037014,1.3414309343861621,MUĞLA,DATÇA,26067,0.923
54988432B24437456666423,0.14930240851011212,0.10807282140071443,1.6519696146618394,0.1407498294824636,0.10188616248633971,0.1065351013706832,0.07713225665090533,0.08087058171450347,0.058561103456962034,0.1360132921949658,0.09845970545490869,0.14262289672492995,0.10324111956197685,0.13881558769126,0.1004869295236425,TOKAT,SULUSARAY,6536,-0.911
54988432B24535022405738,0.15227683405396625,0.25092461045851155,20.927530755437218,0.15171903306484777,0.2500054555734138,0.14053578384365034,0.23157748869373126,0.12518899939298142,0.20628877072163243,0.15184367266416707,0.25021083903243574,0.15169278266183622,0.2499621996691854,0.15200327797088464,0.25047383963698616,KIRIKKALE,ÇELEBİ,2587,-0.608
54988432B24536505693490,0.2030097652503319,0.21277521807976268,10.708227535550108,0.19524849591988022,0.20696387527987745,0.16062145499907055,0.17781607757967877,0.13164047082763058,0.15099413589312952,0.1907785744679773,0.2034624941966872,0.19698337892851675,0.20829449820385507,0.19343723971299664,0.20555729250482235,TOKAT,ARTOVA,7589,-0.583
54988432B24577207429015,0.09640038469372027,0.15885035388081334,12.812561159622154,0.09605079006289492,0.1582742853205283,0.08924600756855516,0.1470612376678435,0.07971509317444456,0.13135601896853635,0.09544927039557738,0.1572830899811814,0.0962009773415425,0.1585217667225721,0.09579296283949601,0.15784943280767627,KASTAMONU,İHSANGAZİ,4976,-0.49
54988432B24627803634340,0.05401542441264347,0.0890076249200869,7.033543699672193,0.05388073168546893,0.08878567572927376,0.051064155898751254,0.08414446955697742,0.04709973157638438,0.07761181713507576,0.05375033864795865,0.08857081164737289,0.053925021603249114,0.08885865748277073,0.05384861767933257,0.08873275767033136,BİTLİS,ADİLCEVAZ,28769,-0.832
54988432B24762133254880,0.1089958974259972,0.17960547494375675,15.315968289560214,0.108827115253808,0.1793273525289322,0.103219505542026,0.1700870285408882,0.09112920378023574,0.15016440354838326,0.10853443608258585,0.17884507032570354,0.10889573569306923,0.1794404265700238,0.10871394482669756,0.17914086818602795,ÇORUM,LAÇİN,4094,-0.789
54988432B24776068854278,0.07132324802165664,0.117527779833717,7.407618215728743,0.07123292094591366,0.11737893719172568,0.0693052346761197,0.11420245976271078,0.066519637170884,0.10961230018106519,0.0711135055596837,0.11718216228857864,0.07126795625802684,0.11743666903320316,0.07119126611278782,0.11731029757992428,SİNOP,ERFELEK,12565,-0.585
54988432B24795897015329,0.09940803236260339,0.16380641186822514,14.751133630034834,0.09850650880089892,0.1623208645100519,0.08121298372280919,0.13382427098265878,0.05802633025352925,0.09561687045610426,0.09786669662316876,0.1612665700570515,0.09873315389869343,0.16269433453410206,0.09843079332025471,0.16219609912729122,KONYA,DEREBUCAK,5353,-0.621
54988432B2483198976675,0.09764058481247825,0.14721392636857114,10.498380622069797,0.0968100827399081,0.1463105719571855,0.08712269876795001,0.13316418651434536,0.07447823305290888,0.11519389074673299,0.09644513157393114,0.1458603743902395,0.09696738023980218,0.1464993675757937,0.09679514845522712,0.14629245370171629,ŞANLIURFA,EYYÜBİYE,414516,-0.568
54988432B25026961514665,0.019426546352418004,0.032011425810883155,2.5561646345049422,0.019303064121491274,0.03180794948510891,0.01763286974791887,0.029055772010561937,0.015478304833231477,0.025505439714226485,0.01923108173905224,0.031689335571274915,0.019329600545184924,0.03185167669955789,0.01929249422202537,0.03179053220740844,HATAY,SAMANDAĞ,122952,-0.029
54988432B25326258827765,1.1071175554851098,1.8243289799644022,162.1362949859541,1.1017968574483812,1.8155614343917097,0.8653230441083819,1.4258954693444639,0.3939154703260854,0.649101267170585,1.103986111725858,1.8191689284677675,1.1009972266808796,1.8142437878823605,1.1052030687927092,1.8211742530454786,ANKARA,ÇAMLIDERE,10203,-0.526
54988432B25362626597569,0.37005715200169487,0.5282474158546067,35.377722782587654,0.3661269791924502,0.5244586707703232,0.32656792340129515,0.4783724611426641,0.2750218587338682,0.4132111583979457,0.3648884521044218,0.5225174206854933,0.3666324633519826,0.5251245224670915,0.3663765409732849,0.5242887831651111,TEKİRDAĞ,ŞARKÖY,34458,0.097
54988432B25487476963014,0.18732375574751187,0.2937533199739301,21.051341348715205,0.1858817438552919,0.2922323946662734,0.17154956461436507,0.27203655735746785,0.1540372732584984,0.24574522311328464,0.1846653538436028,0.2907016316369166,0.1862831773934771,0.2927065840304636,0.18541924409584384,0.2916636940147894,TOKAT,BAŞÇİFTLİK,8445,-0.936
54988432B26148640442068,0.0064076795996993886,0.010558694088213761,0.9611001513599223,0.006375793514084339,0.0105061516009621,0.005740390668600297,0.0094591229279677,0.004885412604160557,0.008050274109282097,0.006344942715605728,0.010455315079184692,0.006385660650509217,0.010522410852601628,0.006368046431011439,0.010493385812821481,MALATYA,KULUNCAK,7414,-0.873
54988432B26216305629532,0.5053502469421749,0.5407093166804255,26.167979614044945,0.49833868980853063,0.5339932321042014,0.3820962526825761,0.4168676703045153,0.10980420296022668,0.16620548783314776,0.4997989467336681,0.5354625013433535,0.49808799411881766,0.5337397738000791,0.5014053985258762,0.5370591725738579,İSTANBUL,BÜYÜKÇEKMECE,283239,1.891
54988432B26373171559037,0.07462856495138993,0.10812562382168885,7.339436022753031,0.07342048945009626,0.10705406237718842,0.06545364594399644,0.097602698723048,0.05684723439958149,0.08617835918622224,0.07293631308927905,0.1065645523276636,0.07361786212606514,0.10724606109669929,0.07334533312410853,0.10697971730123602,HATAY,PAYAS,44530,-0.028
54988432B26387222249237,0.1566715504687236,0.2203803775817714,14.846000639368876,0.154902480601463,0.2187226643638811,0.13808883178951034,0.1988749231140866,0.11595408419460845,0.17107063858688454,0.15410710193955282,0.21787915166885005,0.15521247556556397,0.21904126963704743,0.15479774960949422,0.2186136119640371,GAZİANTEP,ŞAHİNBEY,957792,0.854
54988432B2651757206264,0.12564550342224676,0.20704100658487312,18.846825513337013,0.12497896922264921,0.20594267908528763,0.11176831031304642,0.18417390866537223,0.09407846100753389,0.15502424467588838,0.12438049620279376,0.20495650406851568,0.1252178729269508,0.20633634907003218,0.12484619654844005,0.20572389379360193,ERZURUM,UZUNDERE,8263,-0.561
54988432B26639415415250,0.013449061515792279,0.022161614685834344,1.5311763744470712,0.013411238658233779,0.0220992894749232,0.0126350120067564,0.02082020870495888,0.011560932304129136,0.019050320115814545,0.013359888555416598,0.02201467381669486,0.013425760433562433,0.022123218727459523,0.013392798496751786,0.02206890343251953,ORDU,AYBASTI,19784,-0.464
54988432B26755452490814,0.24876011940852533,0.2958252017556926,19.86802675412084,0.24456137748186166,0.29218139176931884,0.2063763062814538,0.25231927642925106,0.16193487101144724,0.20313751063041363,0.24228730653187885,0.29000667991487167,0.2455381508318607,0.2930880874800435,0.24405442287891244,0.2917034597144916,ISPARTA,ŞARKİKARAAĞAÇ,24310,-0.249
54988432B26897526032895,0.005692214510117889,0.009379737354477898,0.3405949129195689,0.005684702624385859,0.009367359128907154,0.005557102687579675,0.00915709757049916,0.005380208754672606,0.008865608444901432,0.005677517363090526,0.009355519121181915,0.005686989192580597,0.009371126978673113,0.00568254411368259,0.009363802294666717,ORDU,KABATAŞ,9949,-0.805
54988432B26930911195610,0.22189518678602257,0.3089185197085837,18.284967144450622,0.2172737546383181,0.3053750966774183,0.19339824131260883,0.2823200166288487,0.167919545669839,0.2525513236707571,0.21604046841431182,0.3043321753484244,0.21795489349186722,0.30592511872325046,0.2173423167787303,0.30541016702934115,KAYSERİ,AKKIŞLA,5440,-0.812
54988432B26980759759875,0.005278951016020184,0.008688241458457384,0.7225414288739429,0.00526544448984548,0.00866647091944253,0.0049930359763428415,0.008219534152532262,0.004610821021768469,0.007591170514715455,0.0052540507657575205,0.00864794012053115,0.0052696046705444435,0.008673224460761629,0.005263143330603265,0.008662769138699193,MUŞ,VARTO,28804,-0.844
54988432B27026287555316,0.3158961253799258,0.4799643333432981,35.311622116091534,0.3147922883466412,0.4785103862236216,0.296163174425486,0.4513989123458523,0.2708606014413118,0.41398084676823776,0.31395926821982784,0.47733944782817517,0.31512886575412846,0.4789760270931178,0.3146215145151185,0.4782721015040461,BAYBURT,MERKEZ,68715,0.161
54988432B27102438634757,0.25594058179786816,0.3677835843264553,24.702788362409404,0.2515574173773137,0.3624878836803707,0.18312112670054168,0.27319908838727663,0.09102425517501424,0.14986676107347408,0.24838887037704765,0.35842879286273865,0.252701311027193,0.36393408276038997,0.2508730131948397,0.36161403380105767,İZMİR,MENEMEN,220510,0.838
54988432B27162920946888,0.08460973841718421,0.06179308750360653,0.9940967812064045,0.08111150132299948,0.05926186468392883,0.06710321621317,0.049111701250064976,0.05658391660878122,0.04147751569520118,0.07923063931631036,0.05790028389865344,0.08188457481987128,0.059821375028154156,0.0803652264025654,0.05872167789419954,SİNOP,AYANCIK,23818,0.146
54988432B271913105949,0.2862336650425704,0.3973957714449597,25.253629725966913,0.28433934426079993,0.39564804443544555,0.2667825256658378,0.3749372221177977,0.24287178077970029,0.3456173956105689,0.28437115878006525,0.3956698677883571,0.28441775833965927,0.39573193858047245,0.2848399342752508,0.39614864654250304,KIRKLARELİ,MERKEZ,114710,0.85
54988432B2727016024210,0.6643468333209812,0.9943787113031265,69.22895253244234,0.648247161841007,0.9750524006397767,0.552407641977202,0.8459383647521431,0.4572004785998303,0.7106633090766759,0.643765515740113,0.9694175292885046,0.6507403287205717,0.9781481754734446,0.6485863109123713,0.9754734399529871,KAYSERİ,SARIZ,9213,-0.67
54988432B27415936221667,0.0013542803896919922,0.0022316085131808884,0.17182062495942216,0.001351980157021907,0.0022278181468373083,0.0013028562694595157,0.0021468708876735652,0.0012322874317471032,0.0020305862392337266,0.0013495386705925359,0.0022237950199116953,0.001352800893000646,0.0022291705709078097,0.0013513010204220745,0.0022266990528673042,IĞDIR,ARALIK,18477,-0.852
54988432B2751478310709,0.14978202179886982,0.2468136122415712,18.834537656219027,0.1493904855289984,0.2461684314653341,0.14063868923434242,0.23174705811795726,0.12687576685081564,0.2090682576338777,0.14892987716456624,0.24540943240196958,0.14952734238366244,0.24639394674583284,0.14924643866011558,0.24593106834515407,ORDU,ÇAYBAŞI,11656,-0.932
54988432B2777192469074,0.5564666597582755,0.6082722927468612,29.17225230263364,0.5484135884591108,0.6006518705964937,0.4073863774463378,0.4626076008559651,0.13584329423726035,0.20845667682173125,0.5501337248223118,0.6023449215526311,0.5481172185539369,0.6003591069624759,0.5520111503559594,0.604175309059635,İSTANBUL,ESENYURT,1003905,2.479
54988432B2790906472505,0.22346795105147005,0.3229295849729589,24.016055043468363,0.2219187876511347,0.3209852814253861,0.19282487014557764,0.28411183368859366,0.14719210319521858,0.22267743001093934,0.21805374400472666,0.31627980403532463,0.22277617456455345,0.3220344055014264,0.21995686261803354,0.3186019691695839,MUĞLA,KÖYCEĞİZ,41810,0.205
54988432B28277823667542,0.25153555919822973,0.1932319132803645,3.9852139768884602,0.2398473781029735,0.18472466173066046,0.19218017386196692,0.1491887585434504,0.1557420135901447,0.12140353217662084,0.2315489233280153,0.1786265025583623,0.2429005283040714,0.18695664721935654,0.23578841099537384,0.1817474962709376,KASTAMONU,ŞENPAZAR,4083,-0.859
54988432B28290030678848,0.2917742281849615,0.36996945390635694,15.903817252977833,0.27904784754769657,0.35766672374808584,0.22347377790784187,0.3007975530471301,0.17743910471822452,0.2510758802285505,0.2732752792146367,0.3519796027379609,0.28153187939925384,0.3600948025417611,0.27726210999504425,0.3559147872461494,MERSİN,ÇAMLIYAYLA,8383,-0.505
54988432B28558182878988,0.479413921562163,0.7899872115396132,57.52967058745957,0.47787232663130774,0.7874469426279769,0.4461096679116471,0.7351078405191628,0.40203857905452306,0.6624866774075288,0.4763701570255152,0.7849716395031267,0.4783509109758313,0.7882355628469826,0.4774963112359693,0.7868273374386001,MALATYA,DOĞANYOL,4002,-0.973
54988432B28682407811483,0.08563288042550453,0.14098888683850888,12.818769045095795,0.08515639076832944,0.1402049006339805,0.07491158872465663,0.12334536842373647,0.05917190262140452,0.09743722158988855,0.08384972889305817,0.13805313853179246,0.08543997354189882,0.1406717027939833,0.08449681971416989,0.13911849419139194,BURDUR,ALTINYAYLA,5060,-0.663
54988432B2869647225389,0.24877702909766958,0.3524612026978865,19.394716233216077,0.242198998756198,0.3468113307927354,0.20084227757159617,0.2994210706789388,0.15890528096378528,0.24588509257177457,0.23853692287329883,0.3431878967059828,0.2436361609267923,0.3481605485818728,0.24101144307715103,0.34566277891953895,BALIKESİR,DURSUNBEY,32168,-0.456
54988432B2872798866020,0.6733395123221038,0.7251296310786497,40.465786718556956,0.6719382174671812,0.7231430657391118,0.6226280232444008,0.6678171760806199,0.5343297237724516,0.5771545537180548,0.6687803362613912,0.7190912827282928,0.6726113846005154,0.7240643222299896,0.6706479937724793,0.7214490757625699,KASTAMONU,ABANA,4474,0.084
54988432B28758296950663,0.20750847784792573,0.34193634438431014,15.496693844875523,0.20715974122355152,0.3413616896630759,0.20059133472184074,0.33053814678464416,0.19141129562291023,0.3154111069482585,0.2067125008631082,0.3406247186462909,0.20728563783272874,0.34156914444641256,0.20699626619807798,0.3410923124637042,GİRESUN,ŞEBİNKARAHİSAR,19130,-0.204
54988432B28761186895791,0.4973608248038217,0.6058522709944304,33.71375910449588,0.48988487432300454,0.5986416648791685,0.37230643533235863,0.47528213391638946,0.15426866990539698,0.24837174315132798,0.49138797504364273,0.6001614624467991,0.4896326150462555,0.5983881184306636,0.4930806074102825,0.6018641980645535,İSTANBUL,KARTAL,475630,2.321
54988432B28793494841069,0.05854489252554567,0.08103957858660497,5.691414263176075,0.057434486627612885,0.080198098628229,0.05173005090897869,0.07475129339285815,0.04522036895918348,0.06698932076859482,0.057044498174697617,0.07988512273832918,0.05761475669425164,0.08033958181272029,0.057373338715662935,0.08014909006502072,DİYARBAKIR,BİSMİL,119815,-0.727
54988432B28826403720694,0.45860704031774047,0.432924507437795,17.46855032655013,0.4485696143458774,0.4247867310075706,0.3539831562731739,0.34079533118765454,0.17920220035620074,0.19165808792561467,0.4484550077818639,0.4246874621139792,0.44905154683954124,0.42519519349457735,0.4510069837273398,0.42683659445340655,BURSA,YENİŞEHİR,55609,0.062
54988432B28913521474336,0.14235427964364564,0.2167378647721691,15.881602739111568,0.1408366112117936,0.21525927808452155,0.12796522907408106,0.19813859703299075,0.11297230641006088,0.17649974619674932,0.13964561556101981,0.21386284688253057,0.14123814199081747,0.21569705301637113,0.14037340202497148,0.21472717714203265,TOKAT,ERBAA,103409,-0.097
54988432B28918062782607,0.4649112321084989,0.5192709241636452,27.181055726138798,0.45033860542741305,0.5070750664550594,0.3210507474454399,0.3773853861379893,0.09017382748946204,0.14854588116494227,0.44304835870032266,0.5004183556967571,0.45325926655364707,0.5096683312701907,0.44869964913704385,0.5055994931833555,İZMİR,GAZİEMİR,137220,2.031
54988432B29112177447975,0.7317266072235241,0.8340091826575553,43.04097504022279,0.7206301326561001,0.8236569471353399,0.5562672664062631,0.6553578874685496,0.21258521403809783,0.3192153276847852,0.7228763295812028,0.8258571158365094,0.7202480404674783,0.8232813983270797,0.725382340218136,0.8282820230298211,İSTANBUL,ATAŞEHİR,412125,3.545
54988432B29207959806558,0.6965338146034544,0.7887566174587521,42.316140438060565,0.6822625974783841,0.7763057160441295,0.498029821496545,0.5960677261444142,0.17716920312719017,0.27734672948263733,0.6863979499761533,0.7800802283120872,0.6809018171964594,0.7750503124096328,0.6890968899342385,0.7824990859271698,ANKARA,ETİMESGUT,632458,1.957
54988432B2925959455693,0.6900668191986155,0.9707310132557341,66.96785137875408,0.6705238203790667,0.9527058596239405,0.47949729762590504,0.7170088740336252,0.2339354202848157,0.38347967593020715,0.6758649672317242,0.9580743361948882,0.6687986180500726,0.950929185702315,0.6794682461089032,0.9615723610334727,ANKARA,KIZILCAHAMAM,27841,0.022
54988432B29479303092234,0.28961310448544964,0.3791273778433808,25.106032905138793,0.2884455170326574,0.37785318710804844,0.2652450733557727,0.35167188600505306,0.23259441366716865,0.3137033505179548,0.28687708675974327,0.3761206523136173,0.28888197383608166,0.3783328765768407,0.28787356635030753,0.3772227022027196,GİRESUN,KEŞAP,20859,-0.24
54988432B29488154081251,0.2098292915663087,0.2824022118246393,18.94674765954662,0.20801985990574515,0.2805433311223455,0.18987668296384924,0.25796686020869436,0.16671293525285005,0.2280834616926175,0.20689906221870288,0.27926270019612875,0.2084229496930371,0.2809893245535971,0.2077235099289066,0.2802097336245018,MALATYA,YEŞİLYURT,309890,1.023
54988432B29554911606653,1.2087325041060042,1.7877244335664022,135.16931741951706,1.1906480016842311,1.769386358236846,0.753706921381503,1.1978031479124844,0.19128379759663197,0.3145621761027166,1.1848847460813152,1.7631818328332032,1.193471988595187,1.7723891475091453,1.1927742939292931,1.7716399057166647,BOLU,MERKEZ,222589,1.48
54988432B29564092922191,0.06993507992438455,0.05058686752577623,0.7692988978706875,0.06678525839117239,0.04830847918998719,0.0541859686200457,0.03919491985160861,0.0447364982116376,0.032359745272439226,0.06593612950512798,0.04769427120073633,0.06725445237310991,0.04864786545670434,0.06677936410919966,0.04830421562639736,HAKKARİ,ÇUKURCA,14299,-0.386
54988432B29828557517044,0.5691034347804202,0.6029501812197996,29.635388153708845,0.557022428380687,0.5922326888972077,0.45301723830550505,0.4917546554129659,0.33664220307767373,0.3765128882973513,0.5482376126533774,0.5840664859464935,0.5608379832266773,0.5957141013482834,0.5539116180255554,0.5893606112991285,ANTALYA,KUMLUCA,75588,0.515
54988432B29874817302279,0.10846474162545346,0.17873022649790984,13.015768995054415,0.10826434446180826,0.17840000830985087,0.10399056029941442,0.17135758696720343,0.09786126682184286,0.1612576227290418,0.10811250400338213,0.17814980276729983,0.10833397347522448,0.17851474429826708,0.1082435487205935,0.1783657406991803,KARS,AKYAKA,9382,-0.832
54988432B29894117930942,0.36277294870131765,0.4882260086830226,30.54738100615505,0.3572231175694538,0.482854962253566,0.2917272648401928,0.4076051436867769,0.19174039356651743,0.28693231918381923,0.3571544020626173,0.48278317329504683,0.3575173938685983,0.4831616341742374,0.35869504618717446,0.4843748296521733,BURSA,YILDIRIM,654589,1.085
54988432B29917734585763,0.11000696412192773,0.15207531502703459,10.408241220100653,0.1087499128854603,0.1508162956117679,0.09680833786948344,0.13639360851500637,0.08268333815282931,0.11846757100419629,0.10814632211564827,0.1501485304090938,0.10898364875684799,0.15106823313851966,0.10865885447934709,0.15071699317966347,HATAY,ANTAKYA,301855,1.146
54988432B30085289837224,0.7030900596268862,0.8623838516125839,41.92863591030974,0.684635973700637,0.8482684707990835,0.5970382512219601,0.7690977342766915,0.5203760226907933,0.6916531023185113,0.6850436754139899,0.8485949248088789,0.6852399126135736,0.8487518469723381,0.6889772755799132,0.8517138750189918,KIRKLARELİ,DEMİRKÖY,9364,-0.286
54988432B30163162134141,0.1752266080852288,0.22341664359691954,10.765992610712551,0.16096750785885083,0.2111628296918435,0.07877648079174603,0.12069731139671691,0.04345959100310934,0.07161352552993541,0.158095682339571,0.20840108126608395,0.16250421734632414,0.21261162331906197,0.1621268666108981,0.21225757593018396,BOLU,MENGEN,14152,-0.245
54988432B30290835875558,0.24534756546386038,0.40428829948713946,27.355933381861544,0.24502487540454165,0.4037565647821437,0.23425264365686307,0.3860058801698203,0.21133116388415485,0.34823543781178484,0.24478588053305372,0.4033627445704071,0.24510486452254923,0.4038883723443487,0.24500320260596645,0.40372085193997825,ÇANKIRI,ORTA,17223,-0.699
54988432B30380906676277,0.43624634062344325,0.6749705492602903,56.16325182692312,0.43370589104049906,0.6717384695523093,0.37201751736146693,0.5857803753690672,0.243593346006223,0.39262426331446193,0.4313240955656126,0.6686489458111903,0.43449101258518114,0.6727473876944284,0.4331366019639697,0.6710006912000844,MANİSA,KULA,43015,-0.119
54988432B30515055342266,0.11105079799421497,0.1829858644198262,15.144494236095163,0.11064203648642788,0.18231268007773335,0.10232525135871702,0.1686096482649937,0.09090795370711671,0.1497971535199852,0.11029552988945403,0.1817419107555723,0.11076483860425845,0.18251495260303074,0.11057459249504323,0.18220163066047781,YOZGAT,AKDAĞMADENİ,39642,-0.393
54988432B3051798529844,0.007558994102054834,0.012455851622473979,0.9339448540915459,0.007543897435653538,0.012430975053693826,0.007230408153655738,0.011914401561363806,0.006785838682048786,0.011181831685073973,0.0075288168128384795,0.012406124921834643,0.007549855425965538,0.012440792741377195,0.007539952894291431,0.012424475164785094,ARDAHAN,GÖLE,22038,-0.831
54988432B30574350937467,0.2575776734182518,0.3571224793842481,22.87950653758483,0.2542795398173707,0.3542861616076688,0.2312386250229584,0.3292345852107072,0.20531926049724014,0.29801806025149913,0.2528118074618717,0.3528854078997179,0.2549186176296279,0.3548758380823277,0.2539853369715707,0.3540102128167245,MARDİN,ARTUKLU,198718,0.311
54988432B30601194399557,0.31178071888070524,0.38142416379605204,22.04246007968631,0.30781947166372015,0.37769415424295305,0.26291182603501945,0.3299308464445613,0.20582955385052318,0.2674235347673573,0.30501553706957313,0.374857361926189,0.3088461160278236,0.3787101817555707,0.30701221441432125,0.376885106759223,MERSİN,YENİŞEHİR,281358,1.948
54988432B30610507715485,0.08423111063508028,0.1387958938157993,11.072545800103027,0.08401729103858088,0.13844364203960766,0.07955296045608735,0.1310875713374375,0.07327660067983793,0.12074552094834297,0.08380977079047747,0.13810172100487134,0.08408767797535927,0.13855961153142995,0.08396593301671937,0.13835902297546968,BİTLİS,AHLAT,45637,-0.706
54988432B30800064682822,3.280259237205493,5.378659378120333,484.2528896515083,3.270949230050445,5.364898967404931,3.104527960419702,5.096990063541356,2.8436004467907887,4.671771213291771,3.2638358008725867,5.354291123390899,3.273459275076404,5.368623569722864,3.2694370134213315,5.362952714009952,ÇANKIRI,ILGAZ,13948,-0.249
54988432B30848484740175,0.16736669971284465,0.24510608989414456,16.307366223497045,0.16616726860674375,0.24385811480262606,0.15200133229810905,0.22579487275845125,0.13415549995718182,0.20198523095524643,0.16496243483437278,0.24243281746824538,0.16654791444660513,0.24428741650796207,0.16569192828473925,0.24330491117106537,TRABZON,HAYRAT,7410,-0.676
54988432B31063140501282,0.2991510266096067,0.41406236603978375,27.226552013348545,0.2947443802640214,0.4090334572149464,0.22010951895089967,0.31540577183130103,0.09650768254378284,0.15894432477234266,0.29161720184612944,0.40523609197022564,0.29587630445089463,0.41038642389632035,0.2940755764147917,0.40822750866528934,İZMİR,BUCA,520941,1.227
54988432B31153885682838,0.2598405780662509,0.28124344082943176,15.9482613912207,0.24817767944047156,0.2720946884014632,0.1900373024248299,0.21656824834755808,0.13804413035608187,0.16110169768883476,0.24304165682535114,0.26747583311235884,0.25048798404070327,0.274034675719248,0.24685172224685895,0.2708201754848712,ISPARTA,ULUBORLU,6287,-0.113
54988432B31165455278537,0.225217225809646,0.3570477497170726,26.919806586172356,0.22398779677068567,0.35570745114481445,0.21077225475788364,0.3366729444721493,0.1940571579230634,0.31118622846630395,0.22278099140164506,0.3541381101758666,0.22440579589689846,0.3562147586663108,0.22349238288972437,0.35507738488235235,ARTVİN,MERKEZ,35710,0.913
54988432B31167647566127,0.324671946144443,0.5337972642538845,46.52747577676576,0.3237896714140824,0.5323572168904355,0.3031651885261116,0.4986248058314152,0.2628879290019116,0.4325724943690999,0.3228651907347439,0.5308477951468011,0.3240918308524674,0.5328504621911194,0.3235361237281243,0.53194328589343,MERSİN,GÜLNAR,32785,-0.278
54988432B31268227976167,0.17533817526880102,0.23513984032698482,16.491678738461555,0.17405990135139102,0.23369366194606234,0.14821045711972883,0.20311915990830062,0.10613661276526005,0.14877557176484713,0.17260304730810472,0.23204914658818238,0.17451360637570854,0.2342016091978495,0.17360147631149817,0.23318069790978793,UŞAK,EŞME,34444,-0.172
54988432B31302636835519,0.001100848956121157,0.0018139994648855497,0.11140790672846501,0.0010967886893694587,0.0018073088815190317,0.0010186465425834365,0.001678544792979303,0.0009133649130771795,0.001505059758066294,0.0010935354647218808,0.001801948157200727,0.0010978677480293774,0.0018090869745269675,0.0010961929720548775,0.0018063272474048648,KAHRAMANMARAŞ,ANDIRIN,31609,-0.718
54988432B31401632471854,0.40822461042638386,0.6726794186536014,56.99713501670055,0.40683242269047665,0.670385371755129,0.3713242901073158,0.6118746178264399,0.29845175291961845,0.4917941123125248,0.40527152353038176,0.6678133096879644,0.40731886257198774,0.671186930231052,0.40637369881142754,0.6696294832902714,BALIKESİR,KEPSUT,21386,-0.536
54988432B31459503377293,0.036060824689384915,0.05942170024883643,5.382486769363258,0.03593236907422167,0.05921002868765447,0.03330709552475663,0.05488405391388755,0.029691358426800967,0.04892597481103874,0.035783943181919874,0.05896544973091975,0.03597593958780268,0.059281824993479414,0.03588618391902691,0.05913392392655798,KARAMAN,BAŞYAYLA,3353,-0.528
54988432B3164241130289,0.9494669338835965,1.1278156078441925,61.10148641107776,0.931653061030619,1.1135059510751781,0.7891888521013786,0.9767504129699796,0.5902241225459763,0.7703213057043516,0.9074490441263884,1.092154212190873,0.9390397395189894,1.119650446795914,0.9184486572888478,1.102045132245862,MUĞLA,MARMARİS,97373,1.671
54988432B31644697369800,0.020768024995540462,0.034221939367033286,2.909326116557685,0.020684859863018424,0.03408489830880885,0.019000419197987926,0.031309245529191294,0.01669737820845145,0.0275142515843827,0.020630676531665407,0.033995614003697265,0.020706578789874443,0.03412068716201676,0.020681460929980727,0.03407929748348464,ELAZIĞ,ALACAKAYA,5336,-0.729
54988432B31653952568158,0.18636196233968172,0.3070907212832907,15.181538538159172,0.1860021723027688,0.3064978525424864,0.1785886100046515,0.2942816461620351,0.1682587363380044,0.2772598874553203,0.1856764385523694,0.3059611023864964,0.18613160818633623,0.3067111394082484,0.18593008722663962,0.3063790694080723,ERZURUM,NARMAN,11119,-0.796
54988432B31664517784670,0.4861217590624506,0.752132336410316,56.52273303633312,0.4807445435589266,0.7470411923525522,0.4317120176486917,0.6813226088331523,0.3617656468314411,0.5773722691218436,0.4761280747619262,0.741693486082408,0.48219771022908847,0.7485909763384483,0.47880629495433663,0.7448354233804967,DENİZLİ,KALE,18855,-0.379
54988432B31670824468199,0.5610316586709028,0.717903202656554,50.67068647668397,0.5579255284362103,0.7147863939101657,0.4954378159461591,0.6492284598126793,0.40494259454494336,0.5477531919017604,0.5569674258543964,0.7138199891024652,0.5585024233099571,0.7153671544234803,0.5584656750165176,0.7153296709137115,KIRŞEHİR,MUCUR,17920,-0.281
54988432B31747989283018,0.1827801075481343,0.2727567176562861,19.946354899010064,0.1813168943811605,0.2709202469009553,0.16247186597768748,0.24395437199316397,0.13559838137278105,0.205683881622213,0.18043038803880534,0.2697004166934893,0.18162637883243896,0.27133707385560357,0.18114118182420175,0.27068104558530703,KAHRAMANMARAŞ,DULKADİROĞLU,213930,0.595
54988432B31972473687163,0.4460408910838474,0.3226484483853067,4.907755155846617,0.44333731713612123,0.3206928017636735,0.3903763860351418,0.2823831743390883,0.320192418005177,0.2316151328597461,0.43961813024660934,0.3180025065026639,0.4444338849565641,0.32148600967486424,0.4419714209799925,0.3197047733343532,ERZİNCAN,KEMALİYE,4484,-0.276
54988432B32118226842539,0.2398458759343134,0.31784637399140536,21.521593888273724,0.23902746102390923,0.31677280923265505,0.21829078931208193,0.29109628801267595,0.18231181297286342,0.24843194446846228,0.2380155058826199,0.3154623461252475,0.23931933036793443,0.31715398179335996,0.23870382268829465,0.31635338297824694,SAMSUN,TERME,71348,-0.202
54988432B32155349148151,0.16101354148704577,0.26506738676996205,21.27778960768458,0.16032101326452913,0.2639277502774806,0.14293441796022724,0.23532709112703856,0.11250066977082358,0.18526287608030512,0.15960632158149113,0.26275182937020763,0.16054799330060907,0.264301270256883,0.16013223287845807,0.26361716993555134,BALIKESİR,MANYAS,17650,-0.303
54988432B32272260481073,0.25992531395886376,0.35462152585208817,22.61640063382656,0.25524846426334896,0.3507471290461635,0.22778292323730956,0.3208680810716069,0.20029510648057539,0.28714465618572377,0.25201192692647584,0.34768871427548564,0.25646034562815306,0.3518247055664473,0.25388734919356515,0.3494900958945839,RİZE,İYİDERE,8495,-0.187
54988432B32280148114029,0.6395824738733182,0.9035535726238418,64.31576360897412,0.631563949726784,0.8962342076808811,0.5455154710579585,0.7954753563411205,0.4149721109141386,0.6259884193733586,0.6261051049507244,0.8905913223130789,0.6335394580866999,0.8981908606678073,0.629857218417083,0.894501889109139,BALIKESİR,ALTIEYLÜL,188858,1.245
54988432B32461225341522,0.21235967911936504,0.34889246318307926,29.009884374388555,0.2115794799072454,0.347617231491858,0.19646866497656895,0.32285873933274356,0.1749282727108519,0.2875411639473662,0.21023242014853047,0.3454119045475634,0.21191525609218806,0.34816662994475545,0.2109978227380836,0.34666513654019854,KASTAMONU,SEYDİLER,4639,-0.169
54988432B32556235228389,0.06227307318076558,0.08593640210608704,6.325596897587712,0.06179616167353015,0.08547544412532083,0.056902272947626065,0.07953464043426256,0.050887838499354764,0.07183718421675589,0.06147309045227573,0.08511910473022051,0.06191400104397941,0.08560011129916889,0.061700800917040374,0.0853721294637595,ŞIRNAK,CİZRE,166290,-0.475
54988432B32684259878344,0.14300162675870384,0.23564075069123505,17.16019521104446,0.14204082258705544,0.23405751963711194,0.12339690579311209,0.2033357254258979,0.09889439524001437,0.1629600310270198,0.14135427655917202,0.23292621627321727,0.14228335308049692,0.23445716591272042,0.1419597096227988,0.23392386018007322,KONYA,HADİM,10621,-0.681
54988432B32742798326876,0.10816491035035786,0.16904140003060564,10.956063294779286,0.10730146584959674,0.16814845597246242,0.09965638225340208,0.1576714512999003,0.09054886810849896,0.14425537138194444,0.10673894140014548,0.16746780889414659,0.10750345707953406,0.1683803253672751,0.10712369862980554,0.16793813059602014,ORDU,ÇAMAŞ,8407,-0.776
54988432B32773336843775,0.3534363448014651,0.2907189744214998,8.394461034976244,0.35145639644297766,0.28919517321812555,0.31227943509753087,0.2587512418493214,0.2596115136875817,0.21722985496881297,0.35002695461887445,0.288093114049344,0.35205543787026744,0.28965419810923343,0.35128239866406696,0.28906056096742655,NEVŞEHİR,KOZAKLI,12678,-0.13
54988432B32789090404224,0.033428023922258465,0.04902763506875728,3.7977878312001114,0.032851183232799425,0.04853120094709769,0.02902827623682851,0.04404812236670508,0.02435697339150071,0.03771294652737555,0.03262921631601403,0.04831289992215244,0.03294177584362386,0.04861694146377084,0.03282113254480914,0.04850229680580079,GAZİANTEP,NİZİP,152660,-0.157
54988432B32797670855633,0.27481214607297677,0.314644383393198,18.70684124669867,0.27222729836395515,0.311950144522602,0.23671118174837447,0.2692052834438388,0.1853966367106698,0.20762624802911692,0.27082458426525263,0.3103436158886285,0.2727506922447431,0.3125371736379349,0.27205651462145225,0.3117568429142901,KONYA,EREĞLİ,158010,0.453
54988432B33032294423976,0.4219353031280053,0.5380292450724204,31.201187201734246,0.4174932600033475,0.5341883349828497,0.3799255777988281,0.49421988770988823,0.3310412440510646,0.4387956118723072,0.41416006712129627,0.5309704754003993,0.41863880226291117,0.5352468970484493,0.41620592126554473,0.5329661164963743,SİVAS,MERKEZ,393912,1.138
54988432B33037798502080,0.21083869839628178,0.2813397718979219,21.68973125033331,0.20999804065969896,0.2802830009564886,0.19297352346725105,0.25877603957530826,0.16972090691397204,0.22926927657191057,0.20901152122560535,0.27904134092180427,0.21028638066465463,0.2806456543896321,0.20968519080680645,0.27988937458077084,KARAMAN,ERMENEK,27629,-0.275
54988432B33062852785358,0.007753288982115423,0.01277601435370077,0.9502937998672359,0.007731691918739805,0.012740426309411286,0.0072896015054783716,0.012011941471752038,0.00667890064985449,0.011005617198883363,0.007695441670643424,0.012680692473735503,0.007741124607319657,0.01275596966977979,0.007716738116964506,0.012715785155629405,BARTIN,KURUCAŞİLE,6316,-0.732
54988432B33089612553406,0.1577274450198853,0.1985138367604768,9.531615719959342,0.15629366846006096,0.19714468560375045,0.1462824704558391,0.1868714704152234,0.13531464486978412,0.17523779621793573,0.1553244335227206,0.19618704720400026,0.15665294710341046,0.1974945531072898,0.1559248687700706,0.19678231365549584,SİNOP,BOYABAT,44901,-0.003
54988432B33125693367385,1.0383417693747836,1.6115818280656324,133.67491243726886,1.014589951724457,1.5779523317504056,0.5214085054389515,0.8369537638103316,0.06563220086898135,0.10814996607262982,1.007031516003812,1.5669095177534926,1.0182756946980078,1.583318550805861,1.017479768190318,1.582177354370824,BOLU,GEREDE,37196,0.024
54988432B33332852238285,0.27690841374073233,0.4162537181360467,31.54839755053779,0.27471594256324755,0.4133058656633025,0.2290438325661618,0.3504523843308647,0.14910547372256946,0.23644202226131683,0.2728143657776046,0.4107703926897375,0.275355277967991,0.41415704818413884,0.27426495049065347,0.4127055495208925,MANİSA,SARUHANLI,58475,-0.192
54988432B33535114810594,0.27657379706609686,0.34667917100534296,24.599439188919757,0.2732226975354075,0.34348105965146475,0.22934018549480556,0.2957694794669839,0.17265622069156442,0.2306792317145497,0.2705903621143841,0.34077785710277286,0.2741590784249184,0.3444220698314632,0.2724737716637518,0.34271905438462213,MERSİN,SİLİFKE,139610,0.519
54988432B33750113115729,0.21806149206029576,0.3593249155820834,27.80529360216766,0.2164869184568153,0.356730376246288,0.18959430601239521,0.31241651711651613,0.14892517373678155,0.24540137892614014,0.21506327577111128,0.35438450490539014,0.21695800827950604,0.3575066326270321,0.21607932811375175,0.35605875255309044,BALIKESİR,SAVAŞTEPE,16266,-0.426
54988432B33764412560738,0.7592266259567635,0.9486520288210938,65.34393580561333,0.7537112621069569,0.9428645040382362,0.6533801869074775,0.8384649312840974,0.4994323141541673,0.6615451961624371,0.7521886562690447,0.9406976732154658,0.7545621714597541,0.94390189721863,0.7546642240298019,0.9434388914404943,ESKİŞEHİR,İNÖNÜ,6114,0.323
54988432B337940392373,0.6249683660016734,0.6926103903218256,35.842568636928284,0.610742006786034,0.6809790502842532,0.47381476705495706,0.5520878972757948,0.26926250522754225,0.3504831524888271,0.6105822373284291,0.6808411822686163,0.6114284151533558,0.6815702085517641,0.6142161933835318,0.6839500136876384,BURSA,NİLÜFER,578059,4.072
54988432B34008430678481,0.3177624818801196,0.5222076263811452,40.218664456348236,0.31665765598167106,0.5204349491081917,0.29575460622253485,0.48618955719759355,0.2578973530252137,0.4241047994140172,0.3154846636514592,0.5185455923526442,0.31704400927022564,0.5210550507391446,0.31626738731759574,0.5198161065425944,AYDIN,KOÇARLI,22234,-0.531
54988432B34132798290249,0.2513383359750638,0.32760236315096725,18.3963910699925,0.24856905762258835,0.32519827358940695,0.22424578791343378,0.29938048453577965,0.19601300413336642,0.26757519232159205,0.24668722469110196,0.32337519170863804,0.2492984477622378,0.325877493087869,0.24794688836121317,0.324605067747522,ZONGULDAK,KOZLU,50616,0.622
54988432B34153029371714,0.19306683610130826,0.13965436344241236,2.123973224058349,0.1798351463617676,0.13008335223629078,0.1269081265153596,0.09179887751528283,0.0872126901037635,0.06308523882947945,0.17478352159529426,0.1264292947428467,0.18228840210314476,0.1318578935955875,0.17863882006917728,0.12921799548371504,ISPARTA,SENİRKENT,10331,-0.387
54988432B34226837880284,0.5834846838253732,0.7823322057597487,47.72478326672567,0.577031208602934,0.7762130459360859,0.5114726644470918,0.7009002999980758,0.4183603511043752,0.5902398647909609,0.5722164144100601,0.7710825530389352,0.5790835868351643,0.7783057360712929,0.5753412188051777,0.774440261052983,ANTALYA,KEPEZ,649102,1.392
54988432B3445581450876,0.06385351020989644,0.10521900639297889,8.409341900787636,0.0636936341131953,0.10495555957563739,0.060042961991300714,0.0989399138880372,0.05410378217187163,0.08915322248555409,0.06357185972639563,0.10475489746730444,0.06373943327118028,0.1050310282833243,0.06367673330975653,0.10492771011616012,DİYARBAKIR,ERGANİ,141098,-0.572
54988432B34477640243489,0.23186565943041965,0.2718023043022818,16.176139961826124,0.22520561103865908,0.266680106477279,0.19310354576778363,0.23719114099993327,0.16468348041441674,0.20791708946576615,0.22096249143934873,0.26315795877740494,0.2268627354918812,0.2680075610225611,0.22339094939651039,0.2651939225185851,RİZE,FINDIKLI,16388,0.018
54988432B34565722813998,0.901067411796428,1.443883807197798,119.71672910049581,0.8941607287798468,1.4352876132166623,0.8052728838479578,1.300017196682157,0.6828518659179982,1.1067290690492617,0.8852978403780937,1.4226766642085527,0.896831271118996,1.4388820318459672,0.8902069305633541,1.4297569157899166,ÇANAKKALE,GELİBOLU,44689,0.465
54988432B34660982943926,0.8503369175089374,1.2579097685004201,99.67958778271893,0.8411303461408556,1.2503959320852114,0.748908927548553,1.1368780866032535,0.5318543673342663,0.8131163072381326,0.8419768187593656,1.2511185201529924,0.8411565944058347,1.2504278053105382,0.8439457355067655,1.2528176041659795,YALOVA,ALTINOVA,35490,0.556
54988432B34754350739794,0.034762203750098516,0.04502047698410041,2.5529109650035013,0.03405043352408893,0.04446086088346834,0.03039274430601316,0.04088666096543682,0.02699720016743851,0.03713117643624555,0.03382961284292411,0.044272693083547414,0.03415092686932718,0.04454460595837993,0.034038933607231266,0.044451253184586655,ADIYAMAN,BESNİ,75398,-0.444
54988432B34790562397224,0.5448875987764101,0.8399998688605546,67.49010576069008,0.540565331266962,0.8351198308404695,0.4699864516665911,0.7354036856314562,0.35826693043545393,0.5684458962712992,0.5366375435656318,0.8300948162800826,0.5419168691100913,0.8367764673603688,0.5392999413872853,0.8335277859666904,AYDIN,ÇİNE,47906,-0.07
54988432B34891185513050,0.780731330241914,0.754662260062376,33.28682809842687,0.7744810026675292,0.7496760512927493,0.6566719934413563,0.6544209233803981,0.501929366689458,0.5250156104446693,0.7671057006814547,0.7437144201390209,0.7770681108403306,0.7517357111693931,0.7720687042741402,0.747707436794747,BURDUR,YEŞİLOVA,13915,-0.336
54988432B34962882153864,0.21370373122152037,0.31692350255245266,24.75293009842512,0.20976584985939045,0.3131393282982694,0.1771840253926151,0.2703375753400457,0.1387192468581631,0.21517083032298465,0.20742449065709428,0.3104778624062008,0.2106737056671611,0.3141150718600715,0.2090744247075628,0.3123725297200068,MERSİN,BOZYAZI,26832,-0.211
54988432B34987359358505,0.0944602309745442,0.14562636822739494,10.79422650085764,0.09428502177180545,0.1453773120569052,0.0905466119307157,0.1400219393014458,0.08507321750989397,0.13210396289474474,0.09412301464780772,0.14514670829411172,0.094340674786982,0.14545646972112047,0.09424821123563823,0.14532493664571655,SİİRT,MERKEZ,180837,0.074
54988432B35038871298949,0.1527839513837461,0.1884099271308043,10.730428297827574,0.1521629510763725,0.18778324334844862,0.14386979985758744,0.1781939343653696,0.1321602016454032,0.16442707299944287,0.15168498141386272,0.1872568970879782,0.15233000765059693,0.18796258626896542,0.15202450805755482,0.18763240761156474,VAN,EDREMİT,132309,-0.377
54988432B35042353333735,0.317426414339469,0.4233437884802192,26.114754502512834,0.31329427973569574,0.42005502576123555,0.28647841611646213,0.3935377295651278,0.2554139207736061,0.35821895522796376,0.3133734841016864,0.4201064188655517,0.31344693777532817,0.42018939248862397,0.314312815499713,0.4208936246133205,KIRKLARELİ,BABAESKİ,46355,0.252
54988432B35345810127315,1.573648592847489,1.578835350351222,74.2256429357319,1.5442038673425464,1.5543311690151929,1.0914161332285794,1.1480129015475462,0.2536283134625839,0.3921908734963656,1.553076617860902,1.5619421292832525,1.5412536500674556,1.5517815489561662,1.558774608317235,1.5667699591031663,ANKARA,GÖLBAŞI,172810,1.79
54988432B35509610678021,0.2917165128525679,0.39254292294700127,25.313070363869542,0.2856643808936972,0.3863339450410514,0.20542329087851763,0.29028074874388954,0.08793040058904615,0.14386137899008294,0.28189552133262363,0.3820839114454517,0.2870777574178722,0.3878879383561686,0.2848444817984521,0.385420588744174,İZMİR,BAYRAKLI,296481,1.322
54988432B3557290765638,0.7098192206346466,0.6480524691490481,24.152029062259608,0.7058736267536195,0.6448377836643979,0.6283157138150799,0.5811453037511357,0.5248816787990943,0.49539660578050515,0.7015532689182534,0.6413068493341385,0.7072080383989828,0.6459265315412713,0.7045876180937067,0.643785541174714,ORDU,KABADÜZ,6794,-0.744
54988432B35702566688880,0.20104242025027871,0.26976090694285493,17.947345804326854,0.19911109942624064,0.2680259166203095,0.18058175381214903,0.24740666573426487,0.15784406340961468,0.2203251603300214,0.19773863189781377,0.266636841692686,0.19963360043536163,0.2685326908876496,0.19865818288752699,0.267574033977813,ZONGULDAK,ÇAYCUMA,91796,0.08
54988432B35722603775069,0.5299031580853121,0.7121428809410718,50.34442237711864,0.5234357573010998,0.7058066458258189,0.448463022676853,0.6220616285232086,0.3487664928640633,0.5019017774866975,0.5177338493571757,0.6998400891501005,0.5253990014302058,0.7078117923157148,0.5213827573192155,0.7036782009743562,EDİRNE,MERKEZ,200753,2.113
54988432B35777167420059,1.6470021272869297,1.535930656412407,53.54136349444988,1.6261289667628007,1.519601256167999,1.4451473055361357,1.3721469432264406,1.226086572652687,1.1906186073004714,1.617134279342555,1.5124377489046898,1.6304134963602936,1.5229965155682381,1.6249731606766433,1.5186879636108594,NEVŞEHİR,ÜRGÜP,39979,0.527
54988432B35906022990026,0.6249718434233461,0.7696449851076713,43.91932787212414,0.6119255856370309,0.7589364549421659,0.5163682591908101,0.6659189127768229,0.40706340791728823,0.547964514716591,0.6032970737781737,0.751242649072056,0.6158161067151304,0.7622853263725526,0.6088205084065914,0.7561984996650027,ANTALYA,KAŞ,63957,0.203
54988432B35969765693903,0.3413693172711531,0.5322843198236931,37.42210233634599,0.33970202796980403,0.5299667807092937,0.3102229323290228,0.48905454505404117,0.2649245979131106,0.4238495920173505,0.3379665769892943,0.527591292097453,0.34028339627670184,0.5307645192104793,0.33914770481637435,0.5292076328051346,AYDIN,İNCİRLİOVA,58230,-0.091
54988432B36041856094312,0.15477705244536114,0.2550053381278642,19.669008216684144,0.1538718820793871,0.25351419450125334,0.1363721407102321,0.22468544708339208,0.11339351930685335,0.18683051824068964,0.15311980913642162,0.25227525478535895,0.1541175277775635,0.25391886247544543,0.15372777794139633,0.2532768024237856,KAHRAMANMARAŞ,GÖKSUN,49145,-0.502
54988432B36117430101282,0.33761922311477605,0.4342737630474668,28.50387515916803,0.33351202671956554,0.4304847107672201,0.29537240779825735,0.38709217916018324,0.24827757059885724,0.33141373777341976,0.33125863951141876,0.4281411636684919,0.33454190678309376,0.43151612958385943,0.3329819116749244,0.42994262659248705,ERZURUM,PALANDÖKEN,181922,0.378
54988432B36177439275968,0.02319167668522314,0.03821567787557894,2.8747422263328004,0.02306355120742468,0.038004550320911,0.02050363056902875,0.0337862652942696,0.016888762546515224,0.027829618270161654,0.022920991120186397,0.037769637147285914,0.023108963303028758,0.03807938121997947,0.023020402713304945,0.03793344942663427,MANİSA,SELENDİ,18568,-0.528
54988432B36260416662231,0.4656469828882424,0.5231145178785775,27.333559165446744,0.4594669012987708,0.5175491988225286,0.37221708430668954,0.42946671139324405,0.1903033759962064,0.25071054084863215,0.46014009025496966,0.518250862731304,0.45949564978739216,0.5175492688037032,0.46168251998681603,0.5196787657401334,KOCAELİ,GEBZE,414960,2.334
54988432B36267085321319,0.00044300299324328575,0.0007299886039929841,0.0587094773553481,0.0004411976937167049,0.0007270137977246338,0.00040613465523425514,0.0006692362682181928,0.0003579480868396792,0.0005898335410807457,0.0004396506901927803,0.0007244646164323496,0.00044182008238255964,0.0007280393813894352,0.000440866200166606,0.0007264675564631524,ERZURUM,TEKMAN,20826,-1.277
54988432B36427542576396,0.02566489164436575,0.0422910876649832,2.907657632116946,0.025506751159406347,0.04203050082107695,0.023444970001772664,0.03863305933206766,0.020808252315234258,0.03428822669554695,0.025422333547071543,0.0418913959032308,0.02554070793843429,0.04208645543559824,0.02549738584376912,0.04201506847910129,OSMANİYE,SUMBAS,13049,-0.987
54988432B36565352267385,0.48273221667884925,0.6336170253724104,37.03136685115426,0.4807274025112808,0.6314264366033496,0.43847311643869674,0.5840942908954225,0.3751845339353784,0.5110919342559351,0.47756811461247534,0.6279668249762704,0.48152136564806536,0.6322936241599465,0.4794671843000346,0.630049158811644,ÇORUM,KARGI,15119,-0.583
54988432B36689852261015,0.2116278123787708,0.2846355582154052,18.09921893642461,0.2096382302010325,0.28258576467907315,0.18676631984565095,0.2547707606863043,0.15246193076479167,0.21235559938629534,0.20962830895208162,0.2825917730563695,0.20975053415034103,0.2827027795783667,0.21017716144908286,0.2831914283040973,TEKİRDAĞ,ÇERKEZKÖY,223975,1.034
54988432B36753420123285,0.009597868814155678,0.015815547442826428,1.336897517049793,0.009546415633763078,0.015730761931444643,0.008543152290406527,0.014077565861385621,0.007214534437475421,0.011888244555448756,0.009509311581888436,0.01566962118196086,0.009559478174437312,0.01575228662987066,0.009541868561659738,0.015723269181130088,KİLİS,MUSABEYLİ,11692,-1.243
54988432B36991847269691,0.0431338925590585,0.05896124653450793,3.789733452761359,0.0430185685725489,0.05881763173009299,0.040623152864396446,0.055814758729415846,0.03727194865991407,0.05158747896813679,0.0428965272388817,0.058665415138609595,0.04305778502280444,0.05886650174343087,0.042984409831020365,0.05877504555598587,ŞIRNAK,SİLOPİ,152610,-0.621
54988432B37281508268494,3.4484680252922133,5.088244559803022,414.57058143536676,3.4308450322943136,5.068700914570533,3.104952546069549,4.656218623476723,2.5675474151651794,3.920399710194332,3.4291876883568486,5.066774698478377,3.4326155308470634,5.070750364298344,3.4357011636771912,5.074302203474616,ESKİŞEHİR,SİVRİHİSAR,20189,-0.163
54988432B37425525232192,0.1902640552020818,0.15369523279614744,4.429200951378653,0.1799220825529703,0.14614703695988135,0.1373859858222896,0.11402926173414718,0.10456010635610119,0.08841866402580274,0.17255577728276789,0.14069764572115895,0.18262750712816264,0.1481338299103614,0.17632136015790092,0.1434903491679094,KASTAMONU,KÜRE,5108,-0.564
54988432B37474601695355,0.1900152113974315,0.2626676863509367,16.26091256572564,0.1887740135495008,0.2615524739399925,0.17734756560938672,0.24868156161184002,0.1635101556191804,0.23206115340225628,0.18777435527521127,0.2605355553552205,0.18913701652254175,0.2619043448683021,0.18839085257840502,0.2611710163040385,BARTIN,MERKEZ,163766,0.475
54988432B37568422397165,0.3822527574726046,0.5208563323765723,32.34090457828094,0.3727735563977426,0.510976321985675,0.25660806796346447,0.372955310324143,0.12283540116717641,0.20241046761889864,0.36657910493943563,0.5040271072562496,0.37508721446419735,0.5135227367329829,0.3714264216096807,0.5094787949461166,İZMİR,ALİAĞA,110892,1.154
54988432B3765894828003,0.7451870345496416,0.7976220601403564,38.034225985966756,0.7437369849643156,0.7957885822733898,0.7056701354777496,0.7535426665211333,0.6316891713839272,0.6787638206974312,0.7427248882028873,0.7945578614160437,0.7441582796286655,0.7963076245377808,0.7436299404554912,0.7956636449834316,NEVŞEHİR,ACIGÖL,19430,-0.746
54988432B37815210260305,0.02709857244733475,0.04465353366172196,3.469090049303606,0.026961606492687515,0.044427838604233716,0.024279544078290298,0.040008286078473086,0.020721097177685385,0.03414461083253816,0.026861166375417973,0.0442623315035848,0.026996851675387297,0.04448591627438247,0.02694850824518547,0.044406255067430116,HATAY,HASSA,57457,-0.627
54988432B37822408254427,0.010423771883954458,0.017176485942456014,1.5130973621051624,0.010398091192052017,0.017134168818830748,0.009860053295513335,0.0162475799267013,0.009101512203702575,0.014997641752179405,0.010381848865233412,0.017107404409423255,0.01040526890067684,0.0171459963811245,0.010397419488704736,0.01713306197351309,TUNCELİ,HOZAT,5332,-0.304
54988432B38029735650586,0.6573837917645978,0.8923384924486437,65.15114486062595,0.6493602791397156,0.884564267057599,0.5616996950691178,0.7786437508975864,0.4439536692618165,0.6248684059286945,0.6439618802750534,0.8782898406923433,0.6514114401375248,0.886773525296917,0.6478795308084015,0.8827198397257406,ISPARTA,KEÇİBORLU,14033,-0.147
54988432B38192653794481,0.03721378618437805,0.061277932837589394,4.397969476230419,0.036992173433536696,0.060916118617839084,0.03271406291444438,0.05388002185994956,0.026923064729364385,0.044347597148466256,0.0367377898075949,0.060498956502742895,0.03707524224501364,0.06105224719948306,0.036911291444057574,0.06078372142096394,AYDIN,KARACASU,17225,-0.422
54988432B38234648965516,0.6690136378775081,0.8097418032487094,48.611470406119096,0.6620549219571258,0.8034293426367771,0.5934506472543641,0.7280575314031473,0.4926443322382868,0.6110852737415399,0.6623652398608271,0.8037356623216436,0.6622613976982185,0.8036288029309052,0.6640664724021821,0.8053695871842121,SAKARYA,ERENLER,92549,0.69
54988432B38360360890356,0.4884228843613331,0.667547662157851,39.46019807702337,0.4829827215903783,0.661302645781271,0.3862591643063314,0.5430318512195692,0.19977546512660496,0.3253398231042362,0.48419815435555186,0.6627646886735928,0.4827727436552311,0.6610488306389809,0.48551346045545085,0.6643278561346453,İSTANBUL,SULTANGAZİ,529306,0.816
54988432B38529977657987,0.40413962708542756,0.6659488235835027,58.60765015807986,0.4032821099191427,0.6645357907853867,0.38666969361729947,0.6371615410171171,0.35427721671156315,0.5837846127413578,0.40208639867256185,0.6625654754670184,0.4036095143083987,0.6650752938512787,0.4028292920085639,0.6637896289773445,DENİZLİ,ÇARDAK,8497,-0.236
54988432B38557557981800,0.0016778109545319746,0.00276472821886852,0.16753153857841166,0.0016200370643700609,0.002669527323908927,0.0013474499137552988,0.0022203531273941464,0.0011023920695774558,0.001816542236051766,0.0016005615249822837,0.0026374351664595844,0.0016283160309225584,0.0026831695595785254,0.001617478740777566,0.0026653116705243405,KONYA,AKÖREN,5744,-0.672
54988432B38576388688416,0.44860940520014425,0.5257977546073896,31.632752614090375,0.44111369311303256,0.5197485544661024,0.35269960983769044,0.43554311492702186,0.20112754300033386,0.2760530956137373,0.4410295718509178,0.519681038418289,0.44148908853981667,0.5200616955091258,0.4430117395557592,0.5213307401794757,BURSA,GEMLİK,124400,0.743
54988432B38658846076,0.08691495371778717,0.06286895871908676,0.9560644908956587,0.08625802479442675,0.06239377653699388,0.07365391684003632,0.05327673615694108,0.05725047767501,0.04141149208092611,0.08567270650924622,0.06197039310831456,0.08649266316668137,0.06256349957668032,0.08612791305939953,0.062299661670122346,ERZURUM,HINIS,23011,-0.909
54988432B38688250747899,0.233901904588491,0.2734199889938031,16.62047432783217,0.22778438161052636,0.2683741665061212,0.18247357813999787,0.2235718834826056,0.13345769903299687,0.17143859346525683,0.22385209619504368,0.2648090094637997,0.22927662354598616,0.2696798032537482,0.22643425575158485,0.26716659687342253,UŞAK,BANAZ,34624,-0.264
54988432B38711157277910,1.3342968789584706,2.0515727848218765,175.2524046820738,1.3282393041496425,2.044743932251376,1.1710162237397783,1.8211489785028316,0.8466670758209154,1.334118440387539,1.3231250944008526,2.03851604633913,1.3299420268331155,2.046768251179537,1.3268744816049638,2.0431765780884175,BALIKESİR,SUSURLUK,37676,0.225
54988432B38730133189438,0.3782795415270788,0.5559787243543808,22.73922912254008,0.36709011250447393,0.5463674672137455,0.29667061529311267,0.46563647656479973,0.22864280688656313,0.3767618863931668,0.36202057843923385,0.5413803464683161,0.36919253768993393,0.5483463836182915,0.3659300144066385,0.5452512298495718,İZMİR,KARABURUN,13725,0.676
54988432B38814369243914,0.8442522091116804,1.373313982118788,116.97095465931486,0.8386787236165516,1.3657277732142654,0.704718680339171,1.1513774508561059,0.39289054874269175,0.6423348868607505,0.8395573069553404,1.3676887548380277,0.8384073848569961,1.3650589341083041,0.8409592044721119,1.3695536685711225,KONYA,KULU,51732,-0.125
54988432B38852323422695,0.14466418183790353,0.23837612496091123,19.18985681049974,0.14417531404232428,0.23757058755505214,0.13467130754489376,0.22191025342950477,0.12101896784846164,0.19941439024268476,0.14335827750697483,0.23622430989742263,0.14438290439557794,0.23791264632839548,0.14382791329044387,0.23699815587013195,KASTAMONU,DADAY,7736,-0.451
54988432B39031228995551,0.009000375929237718,0.014830987510705444,1.1893720258312523,0.008970557571066169,0.014781852263343673,0.008244654208609129,0.013585695148660662,0.0069987937878394635,0.011532743084681482,0.008921876237891074,0.014701634253562669,0.008982768929657518,0.014801974368040295,0.008951226000867193,0.014749997341011827,DENİZLİ,BEYAĞAÇ,6011,-0.57
54988432B39086486871912,2.1026759864022917e-06,3.464828751440143e-06,0.0003154013979603437,2.0958234369651345e-06,3.4535369925271827e-06,1.9547674891060147e-06,3.2211023678562882e-06,1.759222708750627e-06,2.8988800275856614e-06,2.0892248998162383e-06,3.442663799805721e-06,2.098070989427488e-06,3.45724055144082e-06,2.094201266372891e-06,3.450863949536207e-06,BİTLİS,HİZAN,29948,-1.103
54988432B39242508990660,0.3469117743428145,0.45575025919214135,28.21732409806917,0.34139602020123505,0.45124299614775,0.30520559664334657,0.41393686700265747,0.2655921486725057,0.36828317971528485,0.3382842902054468,0.4484065179987618,0.34257278613643255,0.45227106017951807,0.34038267174118375,0.450330883656796,ORDU,ÜNYE,135914,0.266
54988432B39563572942554,0.030999229710217985,0.051081109532351524,4.216195462040252,0.030984493383533266,0.0510568267380846,0.03008684185622695,0.049577659790490974,0.027549108487084136,0.045395935360404295,0.030968755994377924,0.0510308943743868,0.030989754528505394,0.05106549615100546,0.03098140245809404,0.05105173345343227,ISPARTA,GELENDOST,13985,-0.641
54988432B39641834885080,0.4894251826173577,0.6169342590361737,35.12397269282355,0.4830960904413063,0.6102956515184949,0.37907869304018493,0.4920365198960858,0.1638418028695172,0.26247570392176367,0.4844456938258852,0.6117852514691455,0.4828639347912894,0.6100380063956343,0.48592258510658015,0.6133935621755084,İSTANBUL,FATİH,351786,4.226
54988432B39702519018087,0.32360458435614264,0.35543400574029566,17.789273720928673,0.3211816412744915,0.353185707967359,0.30220418074995425,0.33315978651957223,0.2785709408715404,0.30755620568381425,0.3196400589615928,0.3516626658064567,0.3217259792795214,0.3537111890530303,0.3206581463549066,0.3526761740853527,KARAMAN,MERKEZ,207973,0.761
54988432B39717738295698,0.0010185279901991757,0.0016783494401469146,0.11685137917114267,0.0010123278775086507,0.001668132778687316,0.0009307586529735722,0.0015337214874424924,0.0008259669926181999,0.0013610438328449865,0.0010090038158564753,0.0016626553278301715,0.001013664424821732,0.0016703351663057474,0.0010119603920232304,0.0016675272292427721,ADANA,ALADAĞ,15839,-0.764
54988432B39718054130595,0.0794147318006147,0.12140011978080842,9.146114004638182,0.07843226972510049,0.12035796463934983,0.07021697190612869,0.1091456090280552,0.06076870536280717,0.09533287935963874,0.07799137182505515,0.11982540737709058,0.07860614847016124,0.12056074028595772,0.07836508027797746,0.12027837224180254,HATAY,DEFNE,139605,0.338
54988432B39847004244827,0.15256911928211855,0.25140624351497937,20.560093190510166,0.15196972725017788,0.25041855413293396,0.13883983405004383,0.22878287095713737,0.11165470536257636,0.18398670830675634,0.1514071118853247,0.24949146602960706,0.15215156064313642,0.25071818259303374,0.1518022623628459,0.2501426023646936,BALIKESİR,BALYA,12296,-0.6
54988432B39970193514521,0.2279422448311816,0.26861285067073065,15.614490789800506,0.2209620748703458,0.2629739144021614,0.17847517495119325,0.2211017975677641,0.1363570497734774,0.17589897894820267,0.21678772399590457,0.2592654126319818,0.222509366887342,0.2642978259305854,0.21946443519491918,0.26166418838391997,SAMSUN,ALAÇAM,24560,-0.417
54988432B39980691668600,0.12488624086080942,0.17057562338276636,11.087067776989521,0.12255822037563538,0.1686769382446451,0.10933080977528185,0.15463044601998222,0.09621682648466273,0.13883339094819344,0.12137674487566545,0.1675950948031519,0.12303632247754671,0.16909575575924685,0.12219298664217826,0.16834917024111729,VAN,GEVAŞ,26253,-0.794
54988432B40127483323381,0.08429757458870601,0.12754066977602763,8.933295007394495,0.08282366592917431,0.12611102680712905,0.0707597773651823,0.11022829093920741,0.056701526367709906,0.09006011617375845,0.08181012426030888,0.12492877829356555,0.08320622873987873,0.12652590028026403,0.08247104769619108,0.12570431069480548,AYDIN,KUYUCAK,26196,-0.224
54988432B40132817708640,0.38168800183536267,0.5141203802946078,33.64505788755802,0.37888179170723085,0.511294187780259,0.3434198321452936,0.4692268270388404,0.29166090235057646,0.4062368163813336,0.3758288851404231,0.5078803970700869,0.3797488660185353,0.5122268221171278,0.377614932383243,0.5098959879440196,ÇORUM,MERKEZ,299565,1.026
54988432B402287673455,0.40835559370894586,0.4163721162120956,20.506669477510517,0.4031322679639325,0.4116210005531854,0.3100630349965751,0.32677198857760364,0.19221766500166615,0.21629672257325597,0.396743319409605,0.40598418282225757,0.40504720519566295,0.41332095467242186,0.4009042144196909,0.4096848782824865,AFYONKARAHİSAR,SULTANDAĞI,13641,-0.368
54988432B40385589534090,0.19656208274774936,0.2805787540083287,18.280428310630796,0.1942407310521222,0.27799143776305113,0.1605563502332508,0.23410938709481283,0.10584163236759628,0.15967849429642295,0.19454996263366123,0.27839598337478527,0.19423140993576837,0.2779660398250149,0.19513070936040314,0.27907327589149183,KOCAELİ,DARICA,235632,0.603
54988432B40899353462768,0.05120740626876447,0.08363537386077348,5.688760540110518,0.05087605611397366,0.08314012578762689,0.04565545209974409,0.07476361889385574,0.03864739065175513,0.0633999168394909,0.050540895876367606,0.08261485258687166,0.05100408214820933,0.08333765325502548,0.05076443593189435,0.08296626795615125,ANTALYA,GÜNDOĞMUŞ,6953,-0.815
54988432B4104847116325,0.10857396367234506,0.1789102046261657,14.940348759606035,0.10805013203155094,0.1780470250675105,0.09887444958332467,0.16292716420150236,0.0864430093093909,0.1424424047989685,0.10759158960180977,0.17729143028990488,0.10820009448139319,0.17829413599245095,0.10793400687705748,0.17785567186965387,MALATYA,AKÇADAĞ,31479,-0.514
54988432B41050600008895,0.18383553253322457,0.30292762307485693,18.18617170992887,0.18353933314858464,0.30243954019822905,0.17724044586227117,0.29206011611537647,0.1682249862398761,0.2772042734134446,0.18315274198962486,0.3018025080680871,0.18365416028489767,0.3026287544974915,0.18340614621581472,0.30222007228355197,GÜMÜŞHANE,KÖSE,6107,-0.629
54988432B4112577845530,0.007902764689980869,0.013022323216123365,0.951273687386553,0.007878872407187723,0.012982953066421474,0.007387908637373564,0.012173933799274112,0.00670427442644474,0.011047428581726488,0.007835624737197084,0.012911688748292864,0.00788949078873257,0.013000450233796892,0.007860338394704963,0.012952412374586355,KASTAMONU,HANÖNÜ,4286,-0.427
54988432B41170442786608,0.4334387286506799,0.5435728039554417,37.76334188016707,0.4264653796845681,0.5382847610165772,0.35188004891892793,0.4691201710711733,0.2405351608099524,0.34318774239838007,0.42380234024482216,0.5362720468611933,0.42769819440090473,0.5392165447586234,0.42645264013541984,0.5383262497635535,BİLECİK,OSMANELİ,22025,-0.154
54988432B41213332539670,0.14522294690687795,0.11176023127616969,0.9876538548169308,0.1451293347747386,0.11168884389586954,0.14303819505004461,0.11009371495540209,0.13989554294946532,0.10769577324086577,0.14506879420440966,0.11164267403214934,0.14515248830191194,0.11170650098999006,0.1451264870952239,0.11168667221219075,ADIYAMAN,GERGER,14497,-1.289
54988432B41389891217354,0.0446071353264661,0.07350447049284503,6.4335515374933445,0.04437288205818291,0.07311846358340428,0.03877924570186107,0.0639011651513972,0.029489019059641224,0.04859255622376378,0.044192997665736256,0.07282204672273952,0.04443585348318814,0.07322222907332677,0.044347272358958134,0.07307626344283882,KONYA,YALIHÜYÜK,1704,-0.682
54988432B41479825758135,0.01201139883626587,0.019792607278554926,1.683320914474018,0.011953635769531694,0.019697424218641662,0.010852167680859129,0.01788240453557749,0.009367080214306666,0.015435249678723617,0.011913853084013815,0.019631869566625257,0.011968683143923093,0.019722219563127526,0.011949162572185758,0.019690053200531736,ADANA,YUMURTALIK,17806,-0.448
54988432B41555288308569,0.13681794518751791,0.2254511647368842,15.97920928364514,0.1364685323885393,0.2248753958025114,0.13063683195219775,0.21526581093432884,0.11989047860737242,0.19755776923742718,0.1363723252042109,0.22471686380779982,0.13652252314971697,0.22496436278689233,0.1364960259137279,0.2249207001466747,KIRKLARELİ,PEHLİVANKÖY,3276,-0.387
54988432B41651789151995,0.479493624921673,0.5429066339744288,27.792968761064575,0.4586909547631343,0.5270842666420184,0.3610758847101604,0.44149385630727883,0.2737336314476265,0.3549528682082787,0.4454996967390661,0.5164946958313301,0.4634871471791062,0.5308350403271886,0.45298660633097176,0.5225524874262931,DENİZLİ,BABADAĞ,6199,-0.43
54988432B41717304515053,0.11327655616630167,0.1860181583691318,13.510361490569723,0.11282080930941729,0.1852672415495892,0.10355946921600737,0.17002915594949414,0.0907789574491638,0.14904264689027746,0.11209972066230094,0.18407948017060397,0.11300220385474526,0.1855660978657443,0.11253245558127242,0.18479223556688545,ÇORUM,İSKİLİP,28132,-0.492
54988432B41731057290221,0.06876748349484145,0.11330928400973639,10.215536559807113,0.06827079477043448,0.11249098438421436,0.05870255197906101,0.09672541427402753,0.04620396966509284,0.07613127229983412,0.06791206956201665,0.11189993631830453,0.0683970348566972,0.11269897874129683,0.06822609426071752,0.1124173361157401,GAZİANTEP,İSLAHİYE,66107,-0.37
54988432B41923494384983,0.11799600693041858,0.15716762597435585,12.0570397701736,0.11514493638302477,0.15475568201917295,0.09766970751230336,0.13510408690087758,0.07994682264005888,0.1127582962712139,0.11374537409348992,0.1534018455455274,0.11568890889276047,0.15525786772706052,0.11475951103893246,0.15439007812676203,MALATYA,DARENDE,24806,-0.43
54988432B42317071313317,0.06619502276211417,0.0938362868359904,6.146603725431439,0.06536201106914791,0.09315008336014986,0.060471542441389955,0.08783727282388318,0.05550119856890652,0.08170639362215555,0.06510770017293385,0.09291607795411556,0.06549725915166625,0.09327069502463797,0.0653602879303926,0.09314852849595252,HAKKARİ,YÜKSEKOVA,121314,-0.477
54988432B42480062552941,0.5136840243284624,0.8043526483665019,62.93223844336144,0.5076651314200682,0.7981616111480947,0.4463879848341893,0.7122686710440393,0.3535182427622295,0.5706519522591341,0.5035912638005732,0.7931967083104917,0.50914998562262,0.7998713862228184,0.5063818255348284,0.7966366471249944,BALIKESİR,HAVRAN,28152,-0.471
54988432B42537798985554,0.4800511871784515,0.688548983221213,48.12081708449912,0.47725268410460286,0.6853510827082118,0.44637931795489855,0.6429176135327759,0.3995456774824328,0.5789942067859295,0.47427262974136886,0.6814872074633372,0.4781414172034403,0.6864438330466438,0.4759247074218011,0.6836659933832556,KASTAMONU,TOSYA,39091,-0.066
54988432B42778469156443,0.2777495724369601,0.3857777921554032,24.55343066203856,0.27557669340878566,0.3830374997561276,0.23533022866220246,0.3305488951447374,0.15729172309561096,0.23497998590488586,0.27554512412051657,0.3829957589139227,0.27571117924785293,0.3832151037766701,0.27623653140876797,0.38390482784669117,BURSA,GÜRSU,105799,0.176
54988432B42781548815333,0.05872585910405377,0.09676956715756146,7.047355359669351,0.05861576071974168,0.09658814498414127,0.05627292475566401,0.09272757613723417,0.05291596919433405,0.08719592208239133,0.05853948502826202,0.09646245647550568,0.05864726107198481,0.09664005185274026,0.05860878682200309,0.09657665326523138,BİNGÖL,SOLHAN,33233,-0.73
54988432B42922593275037,0.26713207497952274,0.3325165406268736,20.140056761322324,0.26320314673770145,0.3285437509623005,0.1979372007429414,0.25963586680272915,0.11276619821442636,0.16440915229059433,0.2598511367491165,0.3251150605114263,0.26434978789267094,0.32971180933263405,0.26240014361018027,0.3277251226644107,MANİSA,AHMETLİ,17612,-0.292
54988432B43283240341511,0.16529480433945987,0.272375753588411,22.631917340106646,0.16462110950456618,0.271265635808958,0.15227403207417536,0.2509199276699379,0.13315353869868776,0.2194128491150737,0.16427965365186278,0.2707029810200618,0.1647722604759999,0.2715147038976709,0.16462695425698043,0.2712752669770555,NİĞDE,ÇİFTLİK,25157,-0.977
54988432B43554953634888,0.06820931854544658,0.11227018241075065,7.935390704566888,0.06799254241930652,0.11192126326469812,0.06407916940573981,0.105505888551595,0.05839716159081627,0.096167835786735,0.06784932722142048,0.11168788462874829,0.06804715010345014,0.11201002576396259,0.06797465101184054,0.11189209653598714,ADANA,KARAİSALI,22872,-0.546
54988432B43586111700831,0.2507334864293328,0.37670817120234273,22.848256908433658,0.24623302177877618,0.37171979717561965,0.22598926149399443,0.34807205361555243,0.20504726300476664,0.32084616444785086,0.24370363571454343,0.368896192369512,0.2472214787424042,0.3728184405377934,0.24520461542174798,0.3705741684329022,SİVAS,SUŞEHRİ,25056,-0.28
54988432B43626736255275,0.2687772433711706,0.3304558320833701,20.07563708084478,0.26600735270588816,0.3277257523192301,0.23533012510232587,0.29306180041861557,0.19075972261762486,0.24303973182565355,0.26450726948433706,0.3261014212699516,0.2665453685799565,0.3282947986913822,0.26570598398416123,0.32740327244001016,KAHRAMANMARAŞ,ONİKİŞUBAT,447591,0.686
54988432B436343701670,0.5059041471542887,0.42763149204890927,13.977926881910678,0.47188445802315127,0.40269490920057766,0.329503254968491,0.2925632887360121,0.21669042118172022,0.2000332831343267,0.469735669626286,0.400788369620058,0.47398291920891045,0.40432137962061715,0.4774772042017629,0.4066379610220902,ESKİŞEHİR,HAN,2126,-0.687
54988432B43742920895959,0.29890399866981665,0.4119449900721292,26.98910706468495,0.2930989186703007,0.40585650415903546,0.21115975262061998,0.3067624582846949,0.09565089998109745,0.15682685047695813,0.2893422765109241,0.40157166294811764,0.29448905680895576,0.40740857801613595,0.29228718972859985,0.40494004913143017,İZMİR,KONAK,317399,3.465
54988432B43754311054552,0.258833185792637,0.34717609078491857,18.865449410445823,0.25789748499232634,0.34564947266716517,0.24050349761078732,0.32145366654604496,0.20984512436186797,0.28429959181759995,0.2565088489065644,0.3434604462918308,0.2582850493001014,0.34627698372760135,0.2572901776766353,0.34468116184739983,ÇANAKKALE,ÇAN,46612,0.258
54988432B44345748787978,0.07808295568050337,0.10337237023634199,6.6267241112099695,0.07629831901406409,0.10193406634003363,0.06663937361404824,0.09202769065974684,0.057272181542439446,0.08109961783632602,0.07487392461774729,0.10064552372530601,0.0767905946181015,0.10235414302897282,0.07561710738923567,0.10133011999897334,KASTAMONU,TAŞKÖPRÜ,36544,-0.319
54988432B44443308147205,0.004780801663724847,0.005774921328206189,0.29642332903479257,0.004699092651449321,0.005705261457407657,0.003952262961038344,0.004992255861467635,0.003083974297017325,0.004117234552596722,0.0046809536361778455,0.005691178988045922,0.0047098047292021515,0.005714035542029617,0.004706826702728969,0.005713665661438331,ESKİŞEHİR,MİHALGAZİ,2861,-0.452
54988432B44474126810300,0.014532761303435249,0.02394735543069324,2.0361907341406837,0.014469690328295093,0.02384342590019962,0.013218056921734996,0.02178096100244211,0.011501518162207914,0.018952416383379283,0.014409401122397332,0.02374408022100468,0.01448901089652611,0.02387526269328324,0.014454557380845197,0.023818489546830152,MALATYA,YAZIHAN,13937,-0.696
54988432B44685519111257,0.2238168778711358,0.2760156234349673,15.536893414503535,0.21874253918224293,0.27121198755402043,0.16152316275781495,0.21035667737114377,0.0934817221552404,0.13605266887818196,0.21542284030305317,0.26783316201849094,0.21995067623240525,0.2724182275831026,0.2179234469692243,0.27038562688462514,MANİSA,SALİHLİ,165007,0.616
54988432B44714852164400,0.11257347602619744,0.15166517812405714,10.1997902749542,0.11077099907683224,0.15022981764140414,0.10121701460309236,0.14067090871736201,0.09185563975193313,0.12991791391858779,0.10977303168046193,0.14935820994025786,0.11116911309272504,0.1505641261060622,0.11041009904286145,0.14992041197163689,MUŞ,HASKÖY,27684,-1.032
54988432B44792581222483,0.5341816173986003,0.6072616702915568,31.49004869661705,0.5285538737211233,0.6016344743539506,0.4316597478561119,0.49765262759967277,0.1342482471149547,0.2198259059791139,0.5297224277703163,0.6028456937832473,0.5283597264236388,0.6014364458675547,0.5310375734316432,0.6042145717868591,İSTANBUL,PENDİK,752033,2.485
54988432B44858754124976,0.33163621554175726,0.4090668794254829,25.538302980098813,0.32847032876742965,0.40586905996124367,0.26838887859684535,0.342841316646185,0.18914616557011896,0.2563196842810544,0.32593140370239765,0.403100083884579,0.32937736612090723,0.40685951950199917,0.32801493181432934,0.4052866958775349,KONYA,AHIRLI,4536,-0.907
54988432B44904988646230,0.04455089631200174,0.07341179879471897,6.1109622908618455,0.04452166700811988,0.07336363420201454,0.04251191653884746,0.07005192985280097,0.03710150037631748,0.061136545077201135,0.04449267694936738,0.07331586384190143,0.04453055798081175,0.07337828491282794,0.04451751497912134,0.07335679241110427,ÇANKIRI,BAYRAMÖREN,2209,-0.836
54988432B45006727271001,0.46097683658354355,0.6279045491524686,43.643303657199056,0.44803901129129947,0.6162673100008496,0.31487836213507636,0.4631842016689104,0.15478408710900463,0.2550561088578903,0.44062200169503113,0.6087575960415391,0.45088595394916486,0.6190407138778581,0.4463554251422955,0.6145619381589926,İZMİR,DİKİLİ,49138,0.609
54988432B45078999476524,0.46941775460455337,0.5905041591072823,33.44266509390873,0.463774243508039,0.5844136287892194,0.3653628613347594,0.4715971979400514,0.1647416665987354,0.25622354086196164,0.46497667550097366,0.5857842345733109,0.4635671674489666,0.5841763199846758,0.4662904189708433,0.5872613306853423,İSTANBUL,GÜNGÖREN,251242,1.92
54988432B4509527375863,0.8714019418291963,0.8582905696515369,35.422206049858666,0.8600083371144029,0.8490603171910812,0.7300440320137334,0.7359375503513644,0.5496454245259903,0.577145307405207,0.8506535976116448,0.8411500546890806,0.8638674631627555,0.852271944024824,0.8567603465797786,0.8463294193972829,ANTALYA,SERİK,147062,0.852
54988432B4527245450623,0.2796081287162162,0.3812810062757119,24.13147450972817,0.2767751181481883,0.37880821449577873,0.2575967062435495,0.3559876529885995,0.23492051111076262,0.3252078830357933,0.27580997135139784,0.3778275756776418,0.27723264016775157,0.3792491229073737,0.276727421811063,0.3787478427912523,NİĞDE,ÇAMARDI,11631,-0.733
54988432B45288450631555,0.6441786828685415,1.0611477329395256,93.2847877628899,0.6420615299619542,1.0576590794410365,0.595261608262141,0.9805514607271961,0.5178991458948117,0.8531055763964097,0.640908888293542,1.0557597932667184,0.6425656481832316,1.0584897592461928,0.6420993233157847,1.0577213615279646,AKSARAY,GÜLAĞAÇ,19099,-0.688
54988432B45351721911110,0.48267791931465526,0.6648278073456251,45.47265911138221,0.47765108823958086,0.6598904567638196,0.42430972356222885,0.5954034911667541,0.34525954884049354,0.494278182110998,0.47788698008554914,0.6601467313740494,0.47780206162189615,0.6600495875129133,0.4791440006744668,0.6614663230172945,SAKARYA,ADAPAZARI,284006,1.392
54988432B45520240817550,0.3154242297111925,0.519761935301383,40.28351796839016,0.3146875523071829,0.5185480245198576,0.2992182330088563,0.4930573913378249,0.27735540443215945,0.4570314141876516,0.31355024666855247,0.5166739510528161,0.315022290974273,0.5190996131457097,0.31424380192619183,0.5178168043563784,ARTVİN,MURGUL,6457,-0.165
54988432B45526631886391,0.07964941753873725,0.13124779742972614,8.489496128447566,0.07950238686860812,0.13100551754613907,0.07640565833929651,0.12590267045360043,0.07201135191011473,0.1186616502693549,0.07940837998813775,0.1308506112532089,0.07953851893358638,0.1310650566374661,0.07949795049666357,0.13099820720961314,ADIYAMAN,GÖLBAŞI,47917,-0.133
54988432B4572982362376,0.44765432440111635,0.5895700063493977,38.80229920174299,0.4407781033238504,0.5828564606461492,0.3451740191716658,0.47435587587330674,0.20481101841975194,0.3047347706584048,0.4360395195745293,0.5778579317485653,0.4424706478072178,0.5846043030678425,0.43963049509521923,0.5816632365297345,MANİSA,YUNUSEMRE,270355,1.581
54988432B45752355908824,0.41518125103077486,0.5557092577574154,33.535005258618035,0.40998637171648317,0.549890575247112,0.32361233602417466,0.4446894624136761,0.15585077009685502,0.25133167258959016,0.4111059575837929,0.5512160661243471,0.4097937357160356,0.5496611068705829,0.4123294718422602,0.5526431550277043,İSTANBUL,ESENLER,419878,1.354
54988432B45816327347427,0.055962864566184746,0.09221665316758403,6.868099131855689,0.05550430888304938,0.09146103655078792,0.04940881270082539,0.08141676412696114,0.04171916708091978,0.06874562249385494,0.05522454374765349,0.09100003433692387,0.05560396406364088,0.09162525021812244,0.055457416356444154,0.09138376616987326,KONYA,GÜNEYSINIR,9237,-0.621
54988432B4585133817151,6.206579298560347e-05,0.0001022731725706346,0.0074562794058620815,6.186635680832795e-05,0.00010194453791385903,5.7757199863234445e-05,9.517339237378913e-05,5.205562081261284e-05,8.577822395461504e-05,6.167426053294565e-05,0.00010162799808447334,6.192793060146811e-05,0.00010204600035989772,6.181912959050896e-05,0.00010186671602251295,DİYARBAKIR,ÇÜNGÜŞ,10057,-1.092
54988432B45859142187926,0.003170134028907216,0.005223806045395627,0.2674252210481786,0.00311055079096824,0.005125623673384949,0.002850127146550996,0.004696492729498736,0.0026341727954353445,0.004340639117443,0.0030765801952109886,0.005069646291399119,0.0031237774179993637,0.0051474187563736624,0.0030967746374410206,0.005102923070375242,GİRESUN,ÇAMOLUK,5709,-0.92
54988432B4589751730887,1.5392913669450585,2.1625249837115468,161.71391823027736,1.5083465850458073,2.131824500005674,1.1510795820811668,1.6418107761460012,0.5650049410964941,0.7546051111714888,1.501030164956699,2.124485184569885,1.5119923638844428,2.1354806882885895,1.5100261538616555,2.133754676637347,DÜZCE,KAYNAŞLI,20379,-0.099
54988432B45931517008549,0.04336754455163551,0.07146184966851071,5.2050006444405055,0.04328759298973099,0.07133010399195343,0.041583641177848775,0.0685223003802426,0.039139257569204576,0.06449439942852692,0.0431898403134069,0.07116902530667417,0.043317231647334135,0.0713789431253632,0.043255817856445285,0.07127774433402177,MUŞ,BULANIK,68983,-1.036
54988432B46025215892894,0.20973080888054096,0.3161350726479039,26.852563527411558,0.20703455710044338,0.31286043069813035,0.17467306645945613,0.2642079825155664,0.1355365603200766,0.20322334468490333,0.20501237814071085,0.310043802816467,0.20776362471747362,0.31383736450178334,0.20645588753921867,0.3120673761970808,MERSİN,MUT,62758,-0.179
54988432B4616590264443,0.6004449701421142,0.5867648729994077,24.476067997015765,0.5911874868394584,0.5792915745903435,0.4902894024871628,0.49101379342242274,0.33177877356001684,0.3544279494276476,0.5846609848720364,0.573724471299267,0.5935432114972732,0.5812648843058414,0.5891459952145084,0.5775632904923627,BALIKESİR,ERDEK,32080,0.352
54988432B46438308523987,0.03531960802457225,0.058200309588602686,4.9851638036239105,0.035285874148428924,0.05814472227761669,0.0337160042100185,0.05555786128058181,0.02985179246187411,0.04919034100964745,0.03527671013721849,0.05812962164883425,0.0352904629014746,0.05815228371056629,0.03529374275744502,0.05815768831847565,KIRŞEHİR,AKPINAR,6435,-0.596
54988432B46507991557572,0.36683316164939606,0.44689862818441695,23.958974234104193,0.3633769130155658,0.44357371376129395,0.32885489913527105,0.40447776522133755,0.28372267245821464,0.35129394118175866,0.3631274779353755,0.4433123665320239,0.36364482031939865,0.44385032441297373,0.3641198692374936,0.44433164159875116,ESKİŞEHİR,ODUNPAZARI,431652,1.95
54988432B46518682235057,0.11526530624889367,0.1899320589745519,14.244305509612724,0.11489769917654676,0.18932655361304446,0.1079499666198084,0.1778789279233603,0.09818167054866751,0.161783280572998,0.11443090978088563,0.18855750469704335,0.11503205171078235,0.1895478886958074,0.11472872041002835,0.1890481625258326,TOKAT,PAZAR,12875,-0.633
54988432B46569875882636,0.1344368534549481,0.2215275573203463,16.867553539947416,0.13417553915784441,0.22109695874233315,0.12863786259420704,0.2119718719015896,0.12074171763042049,0.19896045679389238,0.13390937485360985,0.22065836823201065,0.13428019235938246,0.22126940824190608,0.1341052462831736,0.22098112883094598,ARDAHAN,HANAK,7668,-0.926
54988432B46575800975320,0.28688981645605016,0.32793429900675225,20.26155803599754,0.28240122006414103,0.3243425398891021,0.24940302872690584,0.29295407899867865,0.21152332780401517,0.25407477430320435,0.2791698910610752,0.3215257479762537,0.2835158282718643,0.3252803684883235,0.28112762110654227,0.32324743564573605,GİRESUN,TİREBOLU,32124,0.014
54988432B4660350003677,0.2456453299940968,0.3518404333328396,25.3465194224241,0.24358441841854442,0.3496027588283642,0.21969606556093216,0.3179326431795078,0.1883945101224051,0.2755920816409971,0.24231161016112654,0.3480321379144676,0.24414427677011072,0.35026878235705705,0.2432901318358007,0.3492453740393071,ERZURUM,YAKUTİYE,189149,1.688
54988432B46629415876767,0.3369352283889485,0.5552081605747335,48.12346916403879,0.3351430637746397,0.5522549982600797,0.2939276838263166,0.48433952561000243,0.223730043447589,0.36866654306758584,0.3327693647310111,0.548343572654415,0.3358289934393962,0.5533852859693051,0.33431254282142925,0.5508864503259397,AFYONKARAHİSAR,BAŞMAKÇI,9089,-0.427
54988432B46815557775592,2.152021330018758,3.2017665229520813,262.6882314782538,2.147545864511479,3.195638333311318,1.9992827913343858,2.989783400553236,1.6533441735104826,2.508264174868608,2.144561930506875,3.191493703917811,2.1487353716478337,3.197274054748009,2.1474009779251135,3.195420006641931,NİĞDE,ULUKIŞLA,18780,-0.314
54988432B46858449148239,0.18899503610661114,0.30455302218914476,25.129835877945332,0.18824330537307282,0.303785667693639,0.1778619658285763,0.2885645483264051,0.15761800687795985,0.25662025910400577,0.18738781727914314,0.30271301181691507,0.18850949264556457,0.304087916198319,0.18785839538610882,0.30331797786904513,ÇANAKKALE,BAYRAMİÇ,28480,-0.229
54988432B47187297633278,0.8107647334684922,0.8636907653287399,40.23460309111604,0.7991622069580147,0.853171947891709,0.6108023249051105,0.6720865042679838,0.21489043380897163,0.3071356509834112,0.8015181006316918,0.8554093194448187,0.7987593884145711,0.8527873334808289,0.8041336216701488,0.8578613711252726,İSTANBUL,KAĞITHANE,446420,2.174
54988432B47223063942173,0.012678498674717535,0.02089186684840583,1.2199262764146563,0.012656369334150349,0.020855401707821433,0.012187833567173859,0.020083339722524376,0.011519928468048482,0.018982753229099546,0.012626046785905395,0.0208054356466425,0.012664889078756361,0.02086944070206341,0.012645493847555212,0.020837480877943498,GİRESUN,ALUCRA,8473,-0.54
54988432B47270758673920,0.09258993081762693,0.11025910702111925,5.849966277618974,0.09171035216773138,0.10956021956457272,0.08558463215338212,0.10378595186828464,0.07885995511238338,0.09698403335787444,0.09122471883250947,0.1091423833769093,0.09191056394971707,0.10972740399115267,0.09156315015411069,0.10943523285829351,IĞDIR,MERKEZ,152455,0.033
54988432B47330192202647,0.3005297459191704,0.42614013978486576,32.83567559149398,0.2974102762154764,0.4227206369314347,0.25366512303141764,0.36660279401052376,0.19559893161207292,0.28875040815075026,0.2948927881000873,0.41969304987947204,0.29829716057194744,0.4237591634808841,0.29669716157210174,0.42187266574353804,MERSİN,ANAMUR,66952,0.316
54988432B47711735094491,0.4072437726297601,0.40434471652667114,16.36969530804859,0.39974497307805074,0.39874754323973766,0.3568568675028782,0.36403206796421667,0.31453940269727754,0.3280939891933621,0.3949266921375218,0.3950225466281164,0.4016731811054855,0.40021430876204284,0.39781700514827495,0.3972663962334256,BARTIN,AMASRA,13705,-0.102
54988432B47787159486686,0.0021960799861129327,0.003618741606197509,0.32941199791693987,0.00218515347428834,0.0036007366959937372,0.0019674144132081294,0.0032419422055343997,0.0016744275752496275,0.002759153023312803,0.0021745887421304217,0.003583327933079841,0.002188533336838293,0.0036063060966121507,0.002182503245478253,0.003596369599475554,MALATYA,HEKİMHAN,17116,-0.606
54988432B47827945301604,0.4875952644782518,0.6089911207284368,32.867793339581404,0.4833001941298061,0.6049469909512383,0.44362884818158255,0.5577770484293758,0.378544935823595,0.4848010881302697,0.48197170670598155,0.6035035693903588,0.4840181955976336,0.6057016212390622,0.4833999750268928,0.6050529869549065,KAYSERİ,BÜNYAN,30362,-0.379
54988432B47932358770374,0.0232746736355829,0.035548750819561346,3.0576957401821074,0.023020805088938934,0.03526704050357095,0.020325886898871253,0.03137278005217268,0.017063941032923288,0.026407541793561754,0.022834653153570604,0.03504384333408027,0.023098026546692435,0.03535812304213067,0.022959192037603236,0.03520263565498412,ERZURUM,OLUR,5985,-0.637
54988432B48034047733274,0.0,0.0,0.0,0.0,0.0,0.0,0.0,0.0,0.0,0.0,0.0,0.0,0.0,0.0,0.0,VAN,SARAY,17036,-1.237
54988432B48182517932620,0.11947436810692233,0.19687209458519384,14.748538966501744,0.11917650377305834,0.19638126817414686,0.11268082081910047,0.1856775605155924,0.10296834014262042,0.16967315350600162,0.11908598067270564,0.19623210251914347,0.11921333299095105,0.19644195604706355,0.11923071352986529,0.19647059602361489,KIRŞEHİR,AKÇAKENT,3301,-0.816
54988432B48183111476065,1.1802453395289472e-05,1.944830307949663e-05,0.0015067836586160864,1.17838712068796e-05,1.941768300246928e-05,1.138090057089428e-05,1.8753660464247862e-05,1.0778567210977144e-05,1.7761124307042166e-05,1.1766640722761424e-05,1.938929028901273e-05,1.1789780996674803e-05,1.9427421264441064e-05,1.1779959483674018e-05,1.941123719193164e-05,SİİRT,PERVARİ,26437,-1.345
54988432B48404533288068,0.6451629123231758,0.671478069466596,33.34668537972042,0.6413165306830849,0.6678368657065782,0.6115394172983797,0.6305319701012744,0.5755147912611001,0.5830005716405907,0.6419266317065088,0.6685081632298043,0.641177561874097,0.6676736350735407,0.6427117422416375,0.6692987469692342,KIRIKKALE,YAHŞİHAN,39137,1.778
54988432B4842956932504,0.018183138557954944,0.029962515230327308,2.2302987704968094,0.01814975284114165,0.02990750162278615,0.017438706728194676,0.028735826561259552,0.01642006761416601,0.027057294009191504,0.018115708269687152,0.02985140234226513,0.018163129748954662,0.0299295443412533,0.018140764711316957,0.029892690814635185,ARDAHAN,ÇILDIR,8048,-0.773
54988432B4854228242513,0.2142317130413237,0.35301501687185655,27.90867584030246,0.21361288665341235,0.35199530319516514,0.19908734016588314,0.32805983647283643,0.17446423283252277,0.2874854204476654,0.2126259860947727,0.35036907002728757,0.2138576501673219,0.3523986290835957,0.2132217966289467,0.35135085775043984,ÇORUM,ALACA,28989,-0.339
54988432B48804901701005,0.004250081373193436,0.007003363444025859,0.5692227887586724,0.0042405992197431,0.006987738574520164,0.004010438195509537,0.006608474941234541,0.0036117309933203674,0.005951477768829023,0.0042333376188434056,0.00697577277296945,0.004243322569808656,0.006992226161608427,0.0042395985934541025,0.006986089723837518,DİYARBAKIR,ÇERMİK,49299,-0.887
54988432B48966185203589,0.038783101573108075,0.06322608884112038,5.508033511413205,0.038517667275532005,0.06278995092319839,0.03338824500868868,0.05436328030434339,0.026643104820410303,0.043308353902360305,0.0382969288898801,0.06242724353954915,0.03858974883388916,0.06290839058266402,0.0384753291677335,0.062720383344595,KAHRAMANMARAŞ,EKİNÖZÜ,9896,-0.92
54988432B49000461137157,0.13110845407636001,0.1917672919925734,13.658043719178044,0.12971676069132182,0.19056739256290042,0.12055466777905577,0.17984336045124147,0.11068637011939393,0.16686227205479606,0.12927289245507478,0.1901307258669111,0.1299498480862276,0.19078861278117962,0.12971377692567215,0.19056452186782502,HAKKARİ,MERKEZ,76165,-0.077
54988432B490212621980,0.2652981567411094,0.39859528459458216,27.813097797953,0.263959492821348,0.39710069910311746,0.24675725965292264,0.37416552707534423,0.22375522202105172,0.342230203869223,0.2627996268818053,0.39565619184645473,0.2643716794951416,0.39759606243807394,0.26357151351123387,0.3966239852303572,KARABÜK,MERKEZ,135819,0.962
54988432B49228485155322,0.14318743809356801,0.10360424316128615,1.5784308814038726,0.14252657195038387,0.10312616046020973,0.12927567436908824,0.09354016820490309,0.11134576490803333,0.08056919101827102,0.14183300134142487,0.10262441821606667,0.14275048822417244,0.10328814567672243,0.14233199537863228,0.10298540008951199,ŞIRNAK,BEYTÜŞŞEBAP,13971,-0.723
54988432B49266888844596,0.08215588688703344,0.13537800442250172,11.36795204021552,0.08185572088754572,0.13488338528386343,0.0756482903303762,0.12465466530696911,0.06692796115035163,0.11028514405863404,0.08160311190099251,0.13446713147912043,0.08194568259734306,0.13503162586902742,0.08180754709120446,0.13480400360275394,YOZGAT,YENİFAKILI,5008,-0.352
54988432B49369799231556,0.7478926463706322,0.8485993953006382,47.3345497373218,0.7318499304568411,0.8335220940548446,0.5284475635666207,0.6172550538282393,0.20871553048984137,0.2813100978428746,0.7349898677518976,0.8366834770896019,0.7313166411769171,0.8329806765042468,0.7385241411409672,0.840172849606431,İSTANBUL,SARIYER,344883,3.249
54988432B49466488520604,0.01368239551460248,0.022546106805872948,1.748618103523835,0.013651127443106231,0.022494582693825777,0.012958769479588761,0.021353702313873162,0.011889414109737012,0.0195915985684888,0.013658360723494356,0.022506501828308732,0.01364952910892203,0.02249194892891305,0.013667339504025412,0.022521297230519086,KIRIKKALE,SULAKYURT,5564,-0.809
54988432B49471063177420,0.7062689681218841,0.8243859239651524,44.25345748178936,0.6942006491118808,0.8131818133878274,0.5288210582350719,0.6409442552440272,0.21141180265200268,0.31924338698705196,0.6966017879077018,0.8155350093979831,0.693792663686818,0.8127799963848923,0.6992920880477729,0.8181339172036686,İSTANBUL,ÜMRANİYE,728913,3.364
54988432B49528694857663,0.16032944289680082,0.13103590123578496,3.667457031729195,0.1590691886851136,0.13000928588262353,0.13559111120058034,0.11113206304710536,0.10476898660828113,0.0860276115373873,0.15784212026236824,0.12909637285957676,0.1594870385178682,0.13032520969383773,0.15874322386639222,0.12979437985234335,KÜTAHYA,DOMANİÇ,13900,-0.483
54988432B49585252089849,0.949343568865381,0.9326325066456805,36.45447308182096,0.9114394382944209,0.9040242289012846,0.7163145704030621,0.7433149586915624,0.5261331269359761,0.5757827272850524,0.9147309602731528,0.9065511606524816,0.9114985938995286,0.904075133528487,0.9223298399276181,0.9123824931821676,YALOVA,TERMAL,7497,0.158
54988432B4974900305842,0.0008191002940084078,0.001349728758661165,0.09976326052221833,0.0008176615072354598,0.0013473578989517565,0.0007869171620536554,0.0012966967929045141,0.0007424352200736865,0.0012233986183456302,0.0008166365364386019,0.001345668932934498,0.0008180832114369441,0.001348052791008999,0.0008175529149267373,0.0013471789585178143,TUNCELİ,OVACIK,6700,-0.375
54988432B49773192126459,0.3975486547668998,0.5063838093359591,22.108906151356024,0.38555609697660675,0.4972966976596057,0.32947420746034184,0.4475817088562473,0.27984526529515846,0.3978255582122182,0.3824985545202097,0.49485191726870337,0.3872960942360822,0.49866341646627527,0.3857862515025333,0.49747171440729177,KAYSERİ,ÖZVATAN,3877,-0.325
54988432B49774996339871,0.7280644389239722,1.0363115668812315,79.40662306816917,0.7225482212350787,1.0308924292068826,0.6490927847645377,0.9474136860552086,0.5140533924606931,0.7760213725006296,0.7174992457804027,1.025601214515282,0.724188938675718,1.0325696230322798,0.7207051683794756,1.0289797826954417,AFYONKARAHİSAR,MERKEZ,331982,1.178
54988432B50131654423390,0.24074597405573175,0.3742309121164617,26.087130933777853,0.23926388226126993,0.3719314779659438,0.20271477723504233,0.31868527222410387,0.13734403110665358,0.2225133708575071,0.239444654514976,0.3722072828459822,0.23928801395275137,0.37196823307045807,0.23991813070859003,0.3729343870729516,KOCAELİ,GÖLCÜK,181227,0.892
54988432B50302580927111,0.18797490193866234,0.2822827243154635,19.826739261073126,0.1863903903589101,0.2804128099292838,0.16523249268241352,0.2514536149239334,0.13656839004440932,0.21091619490961525,0.18516943391666094,0.27883368054267943,0.18682521700515062,0.28096061048388676,0.18604311734016468,0.2799686095236406,MERSİN,AKDENİZ,254292,1.183
54988432B50394805884304,0.0032078413498909703,0.0052859408729816065,0.38625747660254406,0.003199446625566277,0.005272107889493564,0.0030241121337813135,0.004983188440094642,0.002777670056442882,0.004577096583503918,0.0031905519614237685,0.005257451095838875,0.0032023022795399474,0.005276813489431986,0.0031969584020054786,0.005268007748250111,VAN,ÖZALP,51357,-1.159
54988432B50445752113083,0.006717902776861142,0.011069885632010416,0.5218005305305744,0.006708983102578807,0.011055187626180336,0.006486132152350101,0.010687969669333204,0.006105135482816186,0.010060156243327073,0.006697954110727052,0.011037013847474306,0.006712759386618263,0.011061410257531112,0.006705472308563268,0.011049402474248184,ISPARTA,SÜTÇÜLER,9228,-0.811
54988432B505648184983,0.42710440585911963,0.5193782094565327,27.762171996582186,0.4249124992956907,0.5168692213468845,0.37967130157938384,0.4681454669619432,0.3138452577911647,0.3983502937455492,0.42155287121908824,0.5131602259780256,0.4257569328058085,0.5178143668660079,0.42357515158464915,0.5153866891885075,ÇORUM,SUNGURLU,49079,-0.243
54988432B50626886861490,0.5176435688984657,0.7736532363969677,59.73951828367155,0.509682325574316,0.766495765405269,0.4468015989698088,0.6867417032996489,0.3627950344618924,0.5662252585120199,0.5044333063158598,0.7608887203945044,0.5120271047339262,0.7688157328765527,0.5077800649406667,0.7645046831918088,ANTALYA,KORKUTELİ,58381,0.081
54988432B50709390359139,0.491183898758682,0.6179948046579239,36.9586994498961,0.4824717510129001,0.6102925027836829,0.3882764932637435,0.5115160784457035,0.24418197651016715,0.34978318021930205,0.482367330104141,0.6101939603047654,0.4829194507055251,0.6107140431748658,0.4847203941700987,0.6123923606067814,BURSA,OSMANGAZİ,886111,2.374
54988432B50747108890679,0.02312042134997704,0.03809826200368484,2.7768720364371706,0.02307754172005143,0.03802760414884741,0.02216333532217881,0.036521157776423036,0.02085257614611199,0.03436126433167934,0.023025522431922664,0.037941885794567635,0.023093376614575268,0.038053697183712036,0.023060767112438346,0.03799996263720805,MUŞ,MALAZGİRT,40595,-1.027
54988432B50828281350950,0.6210231789460249,0.9577629623867342,66.564920248803,0.6168927281258796,0.9519201722112012,0.5378519726155786,0.8388425854262881,0.4348419614210928,0.6901239084794899,0.6124053178921218,0.9452008223751257,0.6185177006688781,0.9543572449889107,0.6155586112609797,0.9498019803745933,ANTALYA,AKSEKİ,10609,-0.182
54988432B50977665989913,0.48464022674262325,0.637863202330043,39.01419155431675,0.4790276463302382,0.63156369921803,0.38111933369040435,0.5129616305349296,0.18837654600490894,0.2888349525032431,0.48023794088779964,0.6329900144464088,0.47882217671532457,0.631321785458173,0.481571464733632,0.6345488407181973,İSTANBUL,SANCAKTEPE,507500,1.275
54988432B51005953593095,0.007308786849432448,0.012043555439747219,1.0753624952987517,0.0072644388569905035,0.011970477989738186,0.006401919885424661,0.010549203123486804,0.005256668382167641,0.008662036312348945,0.00723702828361612,0.011925310335123212,0.007275498041651252,0.011988701520718638,0.0072633607168215595,0.01196870141023683,ŞANLIURFA,HARRAN,101710,-1.447
54988432B51165292836212,0.14502772060387262,0.22492143321306113,17.450507831057266,0.1434374537762005,0.22326271675555662,0.1277325140139792,0.20138187093342044,0.10704536760974509,0.17041195668007994,0.1422577141771233,0.22180944904615116,0.14383907575933322,0.22372997779770068,0.14302911036924082,0.2227710644781713,SAMSUN,ÇARŞAMBA,143206,-0.015
54988432B51178823005905,0.14168934719348023,0.19532526298442707,13.205222635865393,0.14089601443283498,0.19449600366323008,0.13181804750270548,0.18347823326036172,0.12029111827257637,0.16899464799210387,0.1404836462985777,0.194027474234851,0.1411040412752882,0.19472692345867032,0.14083688057131033,0.19442957791754167,KARS,MERKEZ,121154,0.398
54988432B512462683964,0.023410751473720407,0.03857667340261672,2.5967241956626954,0.023340025021897748,0.03846012903470306,0.02190301966426257,0.036092204774709494,0.01991856806822277,0.03282218838118775,0.02328665105138637,0.03837217840949867,0.023358642275833497,0.0384908068933587,0.023332416889325722,0.038447592211792246,HATAY,REYHANLI,117645,-0.54
54988432B51380550593874,0.42190158956517343,0.48672846100779715,25.706998607297823,0.4170237964889012,0.4819827690011576,0.32869776926293676,0.39112018423963113,0.11295717181451152,0.18452981816396877,0.41799836199177015,0.4829594066200911,0.4168673350555588,0.4818313226201225,0.4191289285744643,0.4841103184951256,İSTANBUL,TUZLA,313865,2.73
54988432B51585452929549,0.5589520196871292,0.6510396062543131,35.70873137357617,0.5534913151916152,0.6462682510841172,0.49726345385288223,0.5893516790877724,0.42195160769081524,0.511100762406749,0.5486031188112023,0.6416034146985581,0.5550722861058698,0.6477269372717712,0.5515513950955795,0.6444391162545376,TRABZON,ORTAHİSAR,335116,1.807
54988432B51640107069118,0.10845578333492809,0.17871546485951345,15.17573266917112,0.10793418206681431,0.17785596055060637,0.09757202368933235,0.16078100249455965,0.08366217372234254,0.13786009199502627,0.10746564532027258,0.17708389695116347,0.10812117394410457,0.17816408925750699,0.10783026418367003,0.17768472272241245,ERZURUM,OLTU,29765,0.025
54988432B51915781882505,0.28900304427735907,0.3538016124048531,21.284650847564855,0.286457304255795,0.3514067177390778,0.25170843233322865,0.3151654581661536,0.20393375616511675,0.2644475980700353,0.28429658791356666,0.34926380402488894,0.2872918937816061,0.35221972994314454,0.28576294211441877,0.3507386076868944,BURDUR,MERKEZ,120832,0.917
54988432B51986121551962,0.7468232263250787,1.1845390601725034,89.29321301418635,0.7413415929318499,1.1785285082461017,0.6830547027350764,1.0945710259771897,0.6075327116869264,0.9791910367808488,0.7384608412945696,1.1747346822941462,0.7424810180251411,1.1799608510755035,0.7408637708850765,1.177856023571316,ADANA,POZANTI,19983,-0.185
54988432B52020069669764,0.2514642422056199,0.32001111566254675,18.82549357853483,0.2491407983231854,0.3179422176042023,0.22609734555836392,0.2933031150327496,0.1956439489129559,0.2595112987812928,0.24804194801201904,0.3168602378148131,0.24960412872984153,0.3183863471584395,0.24897877168177918,0.3177849563196682,DİYARBAKIR,KAYAPINAR,454311,0.857
54988432B52055893511885,0.2046918617427907,0.33729488641353816,27.421634267916208,0.20391336182706646,0.33601207241997894,0.18855834057709897,0.31070983251090756,0.16525079683493854,0.27230326484647593,0.20327001347600474,0.33495195584455895,0.20415854328484237,0.3364160846487613,0.203777707205248,0.3357885393497914,ISPARTA,ATABEY,6204,-0.299
54988432B52081033175293,0.022032461831114864,0.03630363135194658,2.7619649941806337,0.0219327461062763,0.036139341245711394,0.019949190639492458,0.032871225533194576,0.01694434132902724,0.027920306298937627,0.021875163533520526,0.03604446957723252,0.021957451777501337,0.03618004572248438,0.021931594486271615,0.03613744395868069,NİĞDE,ALTUNHİSAR,12004,-0.975
54988432B52253881676489,0.7374860703450253,0.745758299834005,30.37717086669423,0.7331852729969754,0.7421394958809435,0.706814323671493,0.7125575811793097,0.6755406772676124,0.6721083526754842,0.7321562832973945,0.7412083890431189,0.7336952140132822,0.7425947225095363,0.7333827765476999,0.7423369222012499,DÜZCE,CUMAYERİ,16162,-0.237
54988432B52278117237199,0.15290552634726345,0.2184010049371139,14.797870337939102,0.14859123743734004,0.2134544954033747,0.11245237790131367,0.1671346737551194,0.07279526506220253,0.11429101740818406,0.14613794443579764,0.21045866283095493,0.14952298025531086,0.21456989439753413,0.14795356969246642,0.2126743919345103,MANİSA,SOMA,110188,0.416
54988432B52458051755801,0.4539167725122688,0.6635778187995787,51.152035017294224,0.4459527562392968,0.65648602084015,0.38708314713246533,0.5836055787009045,0.31441316668453256,0.48195323891259656,0.43986858119809025,0.6500755724652845,0.4479797306703046,0.6584744252544907,0.4434099948123251,0.6538770497659144,DENİZLİ,ACIPAYAM,54769,0.052
54988432B52534848164203,0.2604652876419821,0.3335556377669217,22.748476081303366,0.2582754877105381,0.33112352083237934,0.21725986188810628,0.2849536296060019,0.16371080746307862,0.2233957406314664,0.25564380715528784,0.32813418784807985,0.25908116698064165,0.33202409401542515,0.25739859080600686,0.330110513166328,UŞAK,SİVASLI,19193,-0.434
54988432B52559980919488,0.003084477724204292,0.005082659987136497,0.4303521739740991,0.003070248705041023,0.005059213143675827,0.002786571729794645,0.004591764927064493,0.0024043081480786513,0.003961863859509019,0.0030568480432300194,0.005037131282927258,0.0030744769984377917,0.005066180604485475,0.003067029949920937,0.0050539092188885346,KARAMAN,SARIVELİLER,11594,-0.631
54988432B52670947871077,0.19460998888562733,0.2693992396856342,17.615506376869625,0.1924086449671868,0.26725676930451003,0.1714233635404179,0.2418880760401609,0.141904084334934,0.2046047588492136,0.19237852871571734,0.26723213622937964,0.1925333342215314,0.26738586187756247,0.1929544852135305,0.26783598064097286,TEKİRDAĞ,KAPAKLI,152509,0.149
54988432B52977689381309,0.5483594814093194,0.9035969924033302,76.0293221165686,0.5417634525370265,0.8927279328668902,0.2999121041666808,0.4942007651876107,0.04194199433437271,0.06911280140271248,0.539012526888911,0.888194906218798,0.5430426384680213,0.8948357993288703,0.5427412979702073,0.8943392448299595,BOLU,YENİÇAĞA,6443,-0.091
54988432B53167672259322,0.09125196541385636,0.15035896933620777,10.995292434626347,0.09111439401021253,0.15013241775901706,0.08815322368857971,0.1452537198620648,0.08386413120177724,0.13818681858429316,0.09096816837481081,0.14989153493239382,0.09116350036232518,0.15021330587906784,0.09107373961731675,0.1500654484480378,IĞDIR,TUZLUCA,21525,-0.953
54988432B53179569886424,0.05299888363173664,0.08733255004051697,7.946815759791016,0.052785926239324495,0.0869816348729719,0.04846926531033837,0.07986856039374114,0.042570004415724866,0.07014764814093309,0.05256197925873408,0.08661261085682972,0.052858129946509236,0.08710061348985444,0.05272319197149024,0.08687826017506393,VAN,BAŞKALE,37568,-1.13
54988432B53180025567005,0.4202103309681084,0.4959241159833437,27.813707568455865,0.4103423949395105,0.48684240289873565,0.2789476288392775,0.3522184445672534,0.09793063007370263,0.1556399329278978,0.40419196673142405,0.4808030069670763,0.4126449188878499,0.4890650228653495,0.4090057108529774,0.48554058972670977,İZMİR,BALÇOVA,75743,2.902
54988432B53191699702586,0.2776835732376851,0.4575721768729462,37.61809430506939,0.2772654554555147,0.4568831945844144,0.266418583836823,0.4390095169989641,0.24619066547109042,0.40567757542136856,0.27707892303668397,0.45657582298174243,0.277315337653827,0.45696539140219095,0.27730275213848016,0.45694465275500634,KIRIKKALE,DELİCE,10577,-0.567
54988432B53264158604699,0.06922107347161441,0.08648831916064359,3.7514809478186204,0.06773666081814013,0.08532632190181318,0.06099477970928466,0.07935310684035315,0.05525932407667524,0.07375425284213752,0.06726292748254636,0.08493999721430513,0.0679758997414915,0.08551877969620593,0.06768849848245695,0.08528735802581244,BİNGÖL,GENÇ,31654,-0.646
54988432B53366813523086,0.05875902882586975,0.096824224844513,6.514033434792639,0.058325084748815766,0.0961091636917643,0.05003546648445745,0.08244937593247387,0.03925297215540689,0.0646817804469434,0.05833191498922971,0.0961204186894523,0.05832325993029434,0.09610615672173181,0.05848910362899889,0.09637943706508127,ÇANKIRI,ŞABANÖZÜ,12493,-0.13
54988432B53536511485227,0.030067822086492203,0.04954631865878601,3.7326791021386576,0.029992800550566866,0.04942269677109038,0.02841660949990601,0.04682541972726177,0.025974196470436067,0.042800765932704,0.029932824907785174,0.04932386778705292,0.030014985365694635,0.049459253323691534,0.029981847068206776,0.04940464741833463,MARDİN,SAVUR,23404,-1.187
54988432B53827515712980,0.06372323945780077,0.10500434381526759,8.735699901535474,0.06323414146440103,0.10419839900933354,0.05369041366992122,0.08847206614964705,0.04074938072723994,0.06714759043246564,0.06288587865986273,0.10362452505727207,0.06335731141521728,0.1044013607541109,0.06319296932272692,0.10413055478551908,KONYA,TUZLUKÇU,6052,-0.686
54988432B53845687770419,0.026644721373948393,0.0431035365602423,3.0560949708712597,0.02660190505806993,0.043036307262249655,0.025701979163996174,0.04160912131381805,0.02441123509255141,0.03955746891974841,0.026556971422787526,0.04296529936531944,0.026617052538316047,0.04306020421462409,0.026589392178228012,0.043016546923977994,IĞDIR,KARAKOYUNLU,12614,-1.008
54988432B53887880755760,0.18258303737334775,0.3008591506392765,20.370211979548742,0.1820374300730443,0.2999604180488496,0.17081420603479447,0.28146789714546694,0.15524476827060915,0.2558132748056705,0.1816306348351444,0.2992901732694603,0.18219382431673667,0.30021808111397286,0.18198312877018205,0.29987093304740003,YOZGAT,ÇANDIR,4360,-0.246
54988432B53975105954432,0.2026168689285059,0.2785245312295721,15.237062499189243,0.2011986413765404,0.27706570903765454,0.18496802741557758,0.257760287000503,0.16448855888499497,0.23259449376176275,0.19982418308523492,0.2755203406190979,0.20163002495001742,0.27753511074560366,0.20065974148337729,0.2764672215552147,TRABZON,VAKFIKEBİR,27278,0.268
54988432B54046828010394,0.7445537710526516,0.9714688899019271,68.29313079463637,0.7335549206917928,0.9613243977218687,0.5988390737210172,0.8236059159421835,0.4067212469633227,0.6007150410345089,0.7297848501751176,0.957852747616405,0.735379408743043,0.9630054307816217,0.7341910036773244,0.9620030992132017,BİLECİK,PAZARYERİ,9671,-0.301
54988432B54174343653702,0.06669143610374906,0.10989513397549039,8.36424416085864,0.06646422423856543,0.10952073188945817,0.06176637380670324,0.10177956224145111,0.0546491544880854,0.09005172241806193,0.066118159760065,0.10895048312229928,0.06655223721680904,0.10966576059131662,0.06632677181199546,0.1092942362728917,ÇORUM,MECİTÖZÜ,12911,-0.719
54988432B54271266334519,0.8638965091012328,0.9415475467995177,39.27468360607702,0.8552872975701121,0.9335298780390263,0.7144829290618508,0.7941093333681567,0.24051704382250194,0.38470849699299514,0.8571076002137813,0.935303194225489,0.8549741959638392,0.9332235272663354,0.8591014099181025,0.9372239745610622,İSTANBUL,ARNAVUTKÖY,358469,0.771
54988432B54371486123603,0.0564170095373042,0.09296474106768746,4.869789921446337,0.056313914137110455,0.09279486020948029,0.0543773799653722,0.08960383554244707,0.051589500259287595,0.08500995819157252,0.05623638376874256,0.09266710559027144,0.056343077950564056,0.09284291637823057,0.056300091213119186,0.09277208279079056,MARDİN,MAZIDAĞI,37381,-1.019
54988432B54408958625108,0.3341503143287614,0.3534809897961109,14.537908701363763,0.33076650185472856,0.3508982241793755,0.3068331489485792,0.33068498498500076,0.2805175256711538,0.3074515736547916,0.32846433443595735,0.3490536035643735,0.33161771859407596,0.35156650642489723,0.32989164600988174,0.3502028634255934,SİNOP,MERKEZ,70311,0.917
54988432B54459736325466,1.037921798211199,0.9952376689307824,43.70532181544065,1.023893382794288,0.9841648975130352,0.8024706284779606,0.8053192117771772,0.5120301377935933,0.5595977919665432,1.0082215531186736,0.9717116888414103,1.0286900258782838,0.9879687489585635,1.0182926005548527,0.9797232026805017,AFYONKARAHİSAR,İHSANİYE,27636,-0.592
54988432B54492076476235,0.5907836776443158,0.6358588149775724,31.457233523598866,0.5791144353059339,0.626284825272359,0.4618435565885207,0.5200164490941275,0.31841431611925497,0.383010203943335,0.5594832267357317,0.6092275525961951,0.5844625682200895,0.6307838435127155,0.5686506475426845,0.6172668427428398,MUĞLA,ORTACA,58704,0.884
54988432B54526822258807,2.4645056330385087,2.714680200331538,135.09112607690778,2.459979942868298,2.70722270747753,2.3780835094778676,2.5722738647188046,2.258910839370972,2.380697486285886,2.457763551988542,2.7035705030112482,2.4610691099847593,2.7090174540276655,2.4601317102112894,2.7074727920815915,KAYSERİ,PINARBAŞI,20598,-0.512
54988432B54547584341772,0.0041776491941001685,0.006884008346866446,0.16727782274181924,0.004175670973061957,0.006880748597302447,0.0041310528955464465,0.006807226096066185,0.004063315593593757,0.00669560730512149,0.004172454276837146,0.006875448065201235,0.004176465696096768,0.006882058156758234,0.004174397201984463,0.006878649653537171,YOZGAT,AYDINCIK,9317,-0.928
54988432B54701256478195,0.9518362913152231,1.0467411000837739,60.49385295741843,0.937956920487809,1.0353359743074348,0.7393327858076615,0.845084394984253,0.3286361388745319,0.43685995787521664,0.939211825386147,1.0364417012836233,0.9381055630264218,1.0354536984870168,0.9426211226294884,1.0393405856495501,KOCAELİ,DİLOVASI,55355,0.665
54988432B54705083603952,0.042273253677672686,0.06965865673385778,5.196530934673842,0.04217397972655628,0.06949507126357063,0.040326762451514134,0.06645119214662025,0.037738981228603946,0.062186997928605,0.042105112299955234,0.06938159023212873,0.04220620455868192,0.06954817194364749,0.042164454805361795,0.06947937592057754,KARS,SELİM,20476,-0.977
54988432B54940394851011,0.5197373316668159,0.4236060384602821,11.313721559403643,0.5194644758201409,0.4232733851297949,0.5022641876330466,0.4080717881302277,0.4442259267236549,0.3620014833995983,0.5192266491708359,0.4230019148081883,0.5195468753664663,0.423370773755996,0.5194330935609583,0.42323680345669573,DİYARBAKIR,EĞİL,21674,-1.166
54988432B54960387029794,0.005464204570752598,0.009004018319003144,0.6851034203695291,0.005433912800627002,0.008954102974583981,0.004843081365638179,0.007980519904038443,0.004062143521294317,0.006693675942501608,0.005411977799375558,0.008917958069952756,0.005441623026569993,0.00896680802885774,0.005431182628281378,0.00894960414561524,GAZİANTEP,KARKAMIŞ,9087,-0.837
54988432B55011186911160,0.8353664108197854,0.8938049845196181,41.83395819791337,0.823478511652034,0.884038986741912,0.6999434121758329,0.7725000664211367,0.5336414684109372,0.6181960660199156,0.8143145431697011,0.8760886065357566,0.8273440482498607,0.8873234848838774,0.8202724417992564,0.8812782351691307,ANTALYA,AKSU,87070,0.476
54988432B55013104325920,0.2825467294346228,0.3495527088638422,23.32731530008837,0.27956200920591734,0.3466758896425441,0.22798651779559606,0.2968333797185592,0.15384989215409067,0.21692986598130665,0.27780405142671877,0.34503152202588216,0.28029920182756274,0.34736829883789383,0.27947494293386954,0.34659836892073853,BİLECİK,SÖĞÜT,18284,0.102
54988432B55023919833047,0.12559624682084122,0.14770654030082528,9.70030409425118,0.12405299678729037,0.1460341659956467,0.09604250588721716,0.11539124335457855,0.06114946013962099,0.07689152324692915,0.12296599980442098,0.1448530399724739,0.12443951745646044,0.14645367376203056,0.12392317047664987,0.14589270072548746,KONYA,AKŞEHİR,93613,0.372
54988432B55107269659829,0.2695549834275461,0.3519789790572863,24.279381036940546,0.2653660993619847,0.34816650638977054,0.20098481793723297,0.27534549094470046,0.06631438331873162,0.10927407905100026,0.26300850718676766,0.3457836466926144,0.26626611556164803,0.349048700584939,0.26484921229939123,0.3476515484798374,İZMİR,TORBALI,224133,0.927
54988432B55138126050611,0.30934947645143296,0.43498628129137695,25.686429170369298,0.3072967035648137,0.43288585414442915,0.2828270041651445,0.4031141084522338,0.24918833491051268,0.36129415198164594,0.30533423468486776,0.4306245542918948,0.3079113085038654,0.43356556985508893,0.30652788343825504,0.4320122753155231,TRABZON,DÜZKÖY,13105,-0.616
54988432B55145438477707,0.00044345571185675994,0.0007307346021774031,0.05200594830158654,0.00044259735043531296,0.0007293201781998672,0.0004245209141809644,0.0006995334890177618,0.00039889305596585146,0.0006573034257289876,0.0004420041461281636,0.0007283426850662695,0.00044284268688885747,0.0007297244481889261,0.00044254344879563476,0.0007292313580715571,BİNGÖL,KİĞI,4487,-0.517
54988432B55187358367890,0.7941395058332782,0.5748618305993041,8.781776089627726,0.7798113763964458,0.5644953822116768,0.5371826411189007,0.388956362571717,0.246159939987593,0.17839850047669062,0.7710077733169322,0.558127085984262,0.7834759285742126,0.567146346800517,0.7792831629139525,0.5641138556931151,BİLECİK,İNHİSAR,2079,-0.43
54988432B55191393233977,0.013363633055238548,0.022020844073418554,1.2513141814420667,0.013331609956594062,0.021968075813538688,0.012664991852737966,0.020869610054949285,0.011660880767309596,0.01921501705967534,0.01328198574391823,0.021886304109310976,0.013344116242779843,0.021988683905432283,0.013311798848720944,0.021935430700073484,ÇORUM,ORTAKÖY,6491,-0.697
54988432B55246961354568,0.36853246293190833,0.4552420120542918,26.37091399803926,0.36548701325738653,0.452486695943552,0.3365537016234221,0.4209870577247867,0.2996886417026656,0.37974040445245233,0.36282671189330057,0.44979025941206763,0.3663862829606264,0.4533578669838611,0.3644092449522054,0.45141137379613344,RİZE,MERKEZ,153597,1.079
54988432B55251089321769,0.22289066980469463,0.3379351667548243,23.98417625821753,0.22213603277526722,0.3367010386155545,0.20510113609718947,0.31103750881315023,0.17379310083862087,0.26620262905435677,0.22217614074321707,0.33676599047487393,0.22216900363795591,0.3367545764156948,0.22241770014066212,0.33715923828628325,SAKARYA,AKYAZI,99561,0.153
54988432B5550622380583,0.3056608102931448,0.2605425706445598,8.77169596498459,0.2852597507029641,0.24556174384384316,0.19972398871404434,0.17916228639874035,0.13238936404269153,0.12411921796601043,0.28417658937152673,0.24475545298743118,0.2864726511928897,0.24646372474503073,0.28874935318552475,0.24815442774039737,ESKİŞEHİR,MİHALIÇÇIK,7605,-0.552
54988432B55561929668739,0.43102066824978563,0.5249700263148457,30.653885258847446,0.4228446992877646,0.5182005907973364,0.3593087250813629,0.45558347400273314,0.28726393583492277,0.37852372119892486,0.4173652521307898,0.5132573215700702,0.4247868438379909,0.5198968859327769,0.42091533000447195,0.5164831474420278,SAMSUN,TEKKEKÖY,59356,0.65
54988432B55663903529384,0.03347513950268062,0.055160959918418316,4.006220439469946,0.03338386459685728,0.055010555424322774,0.03148287884348185,0.05187807560481285,0.028818177766513527,0.04748713141503746,0.03325687421916208,0.0548012983087995,0.033421021075982625,0.05507178256440918,0.03333760411365075,0.054934326536321916,ERZİNCAN,OTLUKBELİ,2123,-0.508
54988432B55699950689124,1.1561736851979643,1.7066369050871284,134.71388945546704,1.1472400462010828,1.6983289725324904,1.0275207687203387,1.552797432971261,0.8025805837855774,1.2438066662093306,1.1407335140882826,1.6914848208858855,1.1495274064222252,1.7006334253909006,1.1452329890575748,1.6962569173351605,BALIKESİR,KARESİ,189444,1.108
54988432B55782833722779,0.0698039010549461,0.0919479430020169,6.811150986502096,0.06922459912101506,0.09123661626726991,0.05825283160588774,0.07766482099315689,0.044117194069140525,0.060068959599078625,0.06874524693553118,0.09064706161024376,0.06938150364943228,0.09142943802025036,0.06913257739214371,0.09112350848488028,KAHRAMANMARAŞ,AFŞİN,80124,-0.307
54988432B55907978535703,0.17628439906032772,0.2884485626991834,22.773112411892637,0.17579497607088046,0.2876860752585854,0.16649813429382762,0.2726335251066756,0.15356087591231396,0.2515842289971333,0.17509170683166647,0.28655928818495224,0.17600680949172146,0.2880224298279187,0.17551865956286852,0.2872445505536166,ARTVİN,BORÇKA,21628,-0.29
54988432B5616470788648,0.2214480703149515,0.3649062651307532,33.15125112805552,0.22028433447887097,0.3629886394908502,0.19720489613824524,0.32495791005520697,0.1662745877238924,0.2739903703210764,0.21923972717750093,0.36126731607480456,0.2207012742508653,0.36367568063221817,0.22005276980748215,0.36260706290157335,ERZURUM,PAZARYOLU,3537,-0.612
54988432B56207670393992,0.09107721220588803,0.09404509685632391,4.225185375517713,0.0909670068070731,0.09387075328254162,0.08643170408764247,0.08867168957003035,0.0758521559514474,0.07839381695015207,0.09077684515726643,0.09359263872984953,0.09101190968293375,0.0939402358234905,0.09089753287649993,0.09376652350948028,AMASYA,GÖYNÜCEK,10823,-0.798
54988432B56214767138280,0.23165475776258135,0.3817050987456881,32.11240301598192,0.23049039183397363,0.3797864402647361,0.21157843264334608,0.348624453107321,0.1855856246059042,0.30579727979771526,0.22970729647976476,0.37849605210233506,0.23077329159564242,0.38025260527443633,0.23036691445929827,0.3795829732780079,ÇANKIRI,KORGUN,4239,-0.606
54988432B56294268584472,0.08777918612860014,0.14464418191067901,11.847947616990718,0.0873363631536463,0.1439144899441847,0.07858020427463704,0.1294859278488526,0.066870286640789,0.1101901069248816,0.08709140180395882,0.14351083805826528,0.08744382219922213,0.14409156296595374,0.08734509788502369,0.14392888319764274,AKSARAY,SULTANHANI,12811,-0.667
54988432B56298915275499,0.017688830644440615,0.02914798542074915,2.6533245966660934,0.017585543610250588,0.028977787117241187,0.015555455807608674,0.025632570530363837,0.012857218203227298,0.021186364224525092,0.017446526055611176,0.028748711394978484,0.017624997714761025,0.029042800327338282,0.017535369414941264,0.028895109141360762,SİVAS,ALTINYAYLA,8245,-0.664
54988432B56342138183442,0.09418376163460844,0.1536648409479244,10.989781012157042,0.09389884448024716,0.15319544534737897,0.08820235513734279,0.14384177056507494,0.08013332890258906,0.1306723682729352,0.09369068994809478,0.15285263481146635,0.09397227394852606,0.15331640032600866,0.09387067237556272,0.15314904324841103,OSMANİYE,BAHÇE,22989,-0.302
54988432B56417495854630,0.027335148231416827,0.045043367656061976,3.369761846817665,0.02719399899098201,0.04481077930214289,0.02432588223351505,0.04008464295587584,0.019972527428516688,0.032911103622606186,0.02709250447977568,0.04464353475147736,0.027229727905871196,0.044869654075225564,0.02718130799717226,0.044789866845577675,KARAMAN,AYRANCI,7127,-0.683
54988432B56455899662396,0.1970590376824257,0.23578073218905846,14.925227051791394,0.19567444755167357,0.23439779405698127,0.1685754611431237,0.206471577525911,0.13166242246757742,0.1668693424678657,0.19402417946768058,0.2327430666753582,0.1961627462064316,0.23488584398887918,0.1951332894167587,0.2338563031197908,SAMSUN,SALIPAZARI,19406,-0.73
54988432B56795021168307,0.21272352100299197,0.34993134115786045,28.86996076871724,0.21195967631441892,0.3486766041534947,0.19706645218270386,0.3242121987083013,0.17580419499131406,0.2892774496834658,0.21063495125330006,0.3465007830994222,0.21228934787047227,0.34921808961602335,0.2113879396069123,0.3477375436316201,KASTAMONU,DEVREKANİ,12033,-0.416
54988432B56881334411640,0.0,0.0,0.0,0.0,0.0,0.0,0.0,0.0,0.0,0.0,0.0,0.0,0.0,0.0,0.0,TUNCELİ,ÇEMİŞGEZEK,7505,-0.427
54988432B5693993852815,0.024487301666178993,0.04035063291103395,2.8521486763284116,0.024340205326715443,0.04010824481629144,0.022416490823872825,0.03693831213901956,0.019941625272799683,0.032860182473412415,0.0242607742864949,0.03997735686508415,0.024371698744666388,0.040160140258434306,0.02433089710693239,0.04009290655793039,OSMANİYE,KADİRLİ,127644,0.157
54988432B57432661063863,0.12058239830544712,0.16710807930741206,11.026869890499867,0.11930652939506226,0.16588320807365736,0.1059476431309563,0.1500498204077035,0.08905734884639581,0.12887310294966745,0.1187761946099176,0.16531367457468682,0.11953812009943834,0.16612559604184632,0.11928465231543287,0.16586008126041762,ŞANLIURFA,HALİLİYE,395975,0.096
54988432B57597376033780,1.0245994868396158,1.185502349610841,57.825812651687535,1.0152202633508618,1.1772195627954654,0.9371962385265129,1.0982820017540558,0.8369355266999667,0.9952302449984497,1.011276313757615,1.173485595823671,1.0171133082565027,1.1789757496759945,1.0147083874306988,1.1767404021576127,NEVŞEHİR,MERKEZ,163126,1.082
54988432B57660440186005,0.00661842454029273,0.010897272906367097,0.7680927292298286,0.006597744944751605,0.010863647416511336,0.006179375797326297,0.010176218623173791,0.005599418289892854,0.009222145640172975,0.006577957984950471,0.010831235715007607,0.006604081997247996,0.010874010550079423,0.006592821226106424,0.010855588485339561,MALATYA,PÜTÜRGE,12372,-1.097
54988432B57830407060109,0.00010960380770895105,0.00018060720085887435,0.01591254381733727,0.00010955507672226045,0.00018052690102910338,0.00010644460513171032,0.00017540140786364623,9.737396749316693e-05,0.0001604546417964242,0.00010950802671134282,0.00018044937114259816,0.00010957017516593652,0.00018055178052651008,0.00010954593596932213,0.00018051183872573592,DİYARBAKIR,HAZRO,16024,-1.285
54988432B57845000399714,0.23740371262395635,0.31430109086608504,22.949642590428788,0.2363155482971703,0.31327539873361554,0.212074038991322,0.28762692989180066,0.17321234877959532,0.24174973837148359,0.23493093454010333,0.3118889184546704,0.23676556356650125,0.3136985055013387,0.2358445250877829,0.3127893171635543,BURDUR,GÖLHİSAR,23969,0.074
54988432B57864735744186,0.4586717879974765,0.6572760989905362,48.1826302583253,0.4546453311906433,0.6526950397284809,0.3815443161340964,0.5578156336916706,0.2410374801656709,0.3717541518672526,0.45170423514270314,0.6490265184052524,0.4556709638132531,0.6539446101482298,0.45394090137607335,0.6518277884850556,MANİSA,ŞEHZADELER,168582,0.797
54988432B58047018778260,0.24626022859312013,0.23849366086804577,10.049199014784955,0.24115668535391863,0.23454028694286577,0.2113841911154505,0.2093950746697818,0.1818924858319614,0.1833341918941282,0.23750921490271085,0.23160110857091082,0.24261467382867813,0.2356920023730722,0.2395832382484472,0.2332816168273278,ARTVİN,ARHAVİ,22025,0.222
54988432B58079099572479,0.5982672890392612,0.6515379217141,31.084331984884297,0.5872894058880886,0.6417881939561124,0.44763193970693554,0.5036447438201522,0.1578625387951289,0.23277729637660433,0.5894103902934917,0.6437745987631233,0.5869291837194598,0.6414486086391274,0.5918007350395806,0.6459792075124086,İSTANBUL,KÜÇÜKÇEKMECE,785270,2.161
54988432B58223508141681,0.779386495008377,0.9082590024661542,49.9636615710418,0.764174491475394,0.8946908403456096,0.5676043799562965,0.6971805109587398,0.23097992132184805,0.35126342008315564,0.7686862443420432,0.8988916897633645,0.7626832880340538,0.8932883813288585,0.7716058206200204,0.9015636783078199,ANKARA,YENİMAHALLE,721531,4.481
54988432B58240098893835,0.3465858399990737,0.40820194422817335,26.592170272206683,0.3430534454290342,0.40440591067933285,0.2776508087811788,0.3334525087048595,0.19454116934866494,0.24232649074208829,0.3386221406371152,0.3996323239951748,0.34442715202535834,0.4058835042482725,0.3415150027824541,0.40274973595965863,EDİRNE,ENEZ,10399,-0.284
54988432B58451955584879,0.051123081662448555,0.08424156853065635,6.712783236057565,0.05097848035064487,0.08400329178907878,0.04751737525661986,0.07830001818958686,0.041718644937667686,0.06874476209645469,0.050743247408540186,0.08361567055482255,0.051036440354340205,0.08409879936539386,0.05088541403190572,0.0838499353713314,ÇORUM,OĞUZLAR,4610,-0.82
54988432B58494916258206,0.08317767778883918,0.13706173054931886,10.022973280281533,0.08297282133418726,0.13672416425827533,0.07872851002605484,0.1297303088351954,0.0726316573412564,0.11968380114109785,0.08291983967866226,0.13663686009703083,0.08300072041653994,0.13677013688710624,0.08301511632464931,0.1367938587332884,KIRKLARELİ,KOFÇAZ,2291,-0.677
54988432B58500670466408,0.30725252693627975,0.5062964508873125,45.20776838797674,0.3063979449294296,0.5048882546997182,0.2870910440291235,0.4730739828988379,0.2522992263076682,0.4157433760265818,0.30537115792714087,0.5031962959052383,0.30675603541247565,0.5054783228839267,0.3060683655976539,0.5043451677229317,BURDUR,ÇELTİKÇİ,4914,-0.528
54988432B58587024435654,0.08534210278868959,0.14048806936074687,10.79965727158498,0.08507459002447947,0.14005406095591236,0.079673279944215,0.13118301441583638,0.0721785784669923,0.11885663501900068,0.08470800259154172,0.13945394199565025,0.08518226597908359,0.14022987680809793,0.08494041663545598,0.13983460023422098,ERZİNCAN,ÇAYIRLI,7491,-0.543
54988432B58590356155974,0.28798414348039403,0.2905516992107448,14.999231167229178,0.28429308647878043,0.28769029955460734,0.21599600703004768,0.23126197820536176,0.1232764078242961,0.14600733739401062,0.2820315269650391,0.28598167199370433,0.2852353983677475,0.28840593426687716,0.2841939121245555,0.28764769516650873,BİLECİK,GÖLPAZARI,10049,-0.446
54988432B58678972551568,0.23699089809791102,0.26871302474784853,16.4917385670254,0.236650582071587,0.2682084911396956,0.22602807930404883,0.25514949088891126,0.2070248824336393,0.23386323473071485,0.23612282936070803,0.2674733495539644,0.23679786266895234,0.2684219353931023,0.23646696316155372,0.267948507152431,BARTIN,ULUS,22876,-0.576
54988432B58741997056063,0.03900873033196693,0.06420443682789662,4.654244728299657,0.0388681391941619,0.06397383166424365,0.03576908165621252,0.05888617752563981,0.030563415370880073,0.05033156611413731,0.03869189734342908,0.06368461995636164,0.03892249791552363,0.06406300722877888,0.03880940727228216,0.06387743525404052,AYDIN,BOZDOĞAN,31624,-0.514
54988432B5885906722527,0.5127076806283657,0.5549968208061437,26.428231500398248,0.5032737726870278,0.5464982032585759,0.37001693755574167,0.41675441901599686,0.1401952051440725,0.1978602671145273,0.5052034870829335,0.5483116189743625,0.502943951897212,0.5461867172893559,0.5073448637593718,0.5503003495831712,İSTANBUL,BEYLİKDÜZÜ,422988,2.503
54988432B58902751390248,0.2682435391824785,0.36748460915642145,22.379839362611442,0.26694423468271933,0.3662642095201862,0.2440177121252346,0.3420271756817469,0.20987335986159472,0.30265998113141374,0.2663383606783928,0.36567325471087664,0.2672446955360171,0.36655459568850113,0.26698730792101893,0.3663059633674607,KAYSERİ,DEVELİ,67818,-0.139
54988432B59053260264390,0.07176841259128489,0.11824456871259842,8.42351511307563,0.06935131244421258,0.11426163889040264,0.05939906120310589,0.09786318475480166,0.051306779046634894,0.08453081455512912,0.06800625387752444,0.11204525193164824,0.06988031117697995,0.1151333269545681,0.06880271583137867,0.11335765784267063,SİVAS,KOYULHİSAR,11782,-0.748
54988432B5911690801414,0.0007453607338349707,0.0012282193345465008,0.08887486551610374,0.0007417016327037275,0.0012221897993799102,0.0006797414904085369,0.0011200907199896417,0.0005975128557507772,0.000984592840432195,0.0007393497508059541,0.0012183143244745543,0.0007425977066207025,0.0012236663667117426,0.000741420148340332,0.0012217259641900471,ADANA,SAİMBEYLİ,13133,-0.946
54988432B59251116366587,0.0401189553259008,0.06610876368487177,4.816693169732913,0.040041962693886296,0.06598189378823624,0.03840368108919445,0.06328230277012407,0.03605926122372042,0.05941912394092152,0.03995886343449111,0.0658449612769802,0.04006930897051866,0.06602695549347917,0.04001833229365419,0.06594295517350825,AĞRI,DİYADİN,35439,-1.147
54988432B59259344726572,0.011892784989807191,0.01959715316760932,1.5968517850088124,0.011874297406712609,0.019566688982986965,0.011482465864111228,0.01892102165083213,0.010855661623172268,0.01788816191895978,0.011848495352600099,0.019524171876445888,0.011881833610563835,0.01957910728040859,0.01186486068564418,0.01955113897780849,ERZİNCAN,KEMAH,6419,-0.604
54988432B59291188352966,0.1798759868595164,0.247208506135918,16.161759633086195,0.17933678425316296,0.24654947945899286,0.16828211511902663,0.23292125380004516,0.15298605699153478,0.21391878918998822,0.17881850048956227,0.24591469084603157,0.17951343504720305,0.24676560897682434,0.17920938220605923,0.24639354574179395,BİTLİS,MERKEZ,74904,-0.046
54988432B59383828552044,0.0001165407755093964,0.0001920380659271165,0.014333587107448437,0.00011623687953983903,0.00019153730047415156,0.00010993150324552304,0.00018114718368275013,0.00010111458211731439,0.000166618496418638,0.00011593642002527134,0.00019104219767588398,0.00011634545316802411,0.00019171621012595557,0.00011616025098373552,0.00019141103050860018,ERZURUM,KARAYAZI,22570,-1.274
54988432B59635057977952,0.6642302965412109,0.8208419672259777,55.8310202701121,0.6520248713384013,0.8110941098718327,0.47700326172812657,0.6350775269303012,0.16788489529816988,0.27215215804112,0.6555028131021793,0.813978164217956,0.6508760905311078,0.8101286662856894,0.6577707366840412,0.8158228125529952,ANKARA,KAHRAMANKAZAN,63143,1.538
54988432B59840106930143,0.04433135505365311,0.07305003460995023,4.953150114480904,0.04419435229107928,0.07282427889967324,0.041400621882328376,0.06822071776775818,0.03755657444493743,0.06188642462459026,0.04409044324760465,0.07265305563765198,0.04423057358100127,0.07288396501752856,0.04417954510565848,0.07279987934305791,HATAY,KUMLU,16242,-0.951
54988432B59996123139029,0.41018298935543185,0.5559149936405292,37.48512795735715,0.4082619526056468,0.5539032455818915,0.3699264763538667,0.5123292017665777,0.314330074850154,0.44823912534202454,0.40725520041918983,0.5528445147126494,0.408752246578672,0.5544176923236501,0.4083309789464123,0.5539746844731003,KAYSERİ,YEŞİLHİSAR,15409,-0.209
54988432B60002286024348,0.15779693265507605,0.25757505538504455,23.270643671858966,0.15694526782258827,0.2562905244186707,0.14194487278735626,0.23204802638043967,0.12197176962335969,0.19949254879067002,0.15554571164162947,0.2540680549305887,0.15730114240940224,0.2568460011768039,0.15633744240143976,0.2553299618680251,KASTAMONU,AZDAVAY,7266,-0.453
54988432B6005336917049,0.12484590861067546,0.20385449184998305,15.374942605120296,0.1243724708515367,0.203160083655332,0.11640601983394624,0.19042041290138034,0.10524002756302754,0.17234453027121024,0.12380754937669308,0.2022808714971712,0.12453571263450984,0.20340938751533724,0.12416217291132745,0.2028351801651178,GİRESUN,GÖRELE,31536,-0.045
54988432B60131084551001,0.5425310482610218,0.6241525717872698,34.41015353781588,0.538051084331426,0.6203221299797671,0.4930944577595786,0.5759114073496824,0.43449858564569294,0.5161033601994839,0.534703216406131,0.6172168660522109,0.5393047507218797,0.6214511276452224,0.536908145399424,0.6192740941311835,KARABÜK,SAFRANBOLU,69592,0.662
54988432B60280442746441,0.25240663524823787,0.316798060926664,20.20956560173995,0.24728662181039016,0.31237974031590665,0.19426721836854785,0.25772245681289907,0.12600586449503665,0.17958450235749776,0.245156161186261,0.31044984507089546,0.2482487573805296,0.3132416341228228,0.2472021366099554,0.31233625354165323,BİLECİK,MERKEZ,82863,0.821
54988432B60297346715567,0.5024855029707812,0.603815093384799,32.609976530874384,0.49378944163958444,0.5955603054186764,0.3727373704647806,0.46747458958513716,0.16703551333412203,0.25112302310292905,0.49552298863464433,0.5973057490230631,0.4934937786864321,0.5952605409709203,0.4974582183915031,0.5992223229418011,İSTANBUL,BAĞCILAR,707635,2.346
54988432B60464897415028,0.37837579353420553,0.4533453091285863,27.3416963245296,0.3757340211341744,0.45031430815112267,0.3148003724407992,0.38367495949593744,0.21981507838083758,0.2835318895827478,0.37252308166152576,0.4468226126266436,0.37667806315713986,0.4513602314667507,0.37470118235364036,0.4492358935730121,AFYONKARAHİSAR,EMİRDAĞ,43350,-0.183
54988432B60562394154320,0.0327877780793946,0.05402831293075419,4.4291306348778035,0.03265554969451045,0.053810424529181215,0.0297986208443457,0.04910272382546672,0.025342785101276043,0.041760314488924935,0.03249672390171582,0.05354870842222806,0.03270202289520972,0.05388700393703845,0.03260364852374727,0.053724900810901935,SAMSUN,AYVACIK,18557,-0.784
54988432B60654827640333,2.2226790816370373e-07,3.6625720924589264e-07,2.6672148979644442e-05,2.2185837051269204e-07,3.65582365457692e-07,2.1312302304375214e-07,3.5118809679246146e-07,2.0059328357813934e-07,3.305413581464421e-07,2.213573150784496e-07,3.647567169574686e-07,2.220102650684125e-07,3.658326601427746e-07,2.216955088458671e-07,3.65313998962154e-07,DİYARBAKIR,KULP,33973,-1.102
54988432B60755496163753,0.3463415796885873,0.4832198153994832,36.10785083319092,0.34523432511808605,0.4814686617386207,0.3180829328992304,0.4426291300304928,0.2762750215963542,0.38621762171809626,0.3430834321241362,0.47818652576571835,0.3457394464267368,0.4822582229288441,0.3443243030056922,0.4800674439498335,KASTAMONU,BOZKURT,9250,-0.225
54988432B60759999719935,2.719519671131997e-06,4.4812752928079554e-06,0.0003285014330461239,2.7137716201411616e-06,4.471803547057976e-06,2.593207023917015e-06,4.273134954224541e-06,2.4224361033207177e-06,3.9917354426410446e-06,2.707676885916477e-06,4.46176053020201e-06,2.7157278830167756e-06,4.475027113551641e-06,2.712066697850114e-06,4.468994144272576e-06,ŞIRNAK,ULUDERE,45988,-0.81
54988432B60831632759044,0.1625767655575898,0.20600183957004373,12.869728297788175,0.15744722500042788,0.20179199324666702,0.12989704190756712,0.17336542098807053,0.10360670377665972,0.14277224928286192,0.15332249055155836,0.1980287157885648,0.15901113216290028,0.20314151303777275,0.15546113399205502,0.20001850787560108,ÇANAKKALE,YENİCE,29636,-0.404
54988432B60901714548003,0.3281718780412211,0.33080626914439126,14.58530665826381,0.32537842203878475,0.32851979668919123,0.2901669449528685,0.2975701490361879,0.2411743781900193,0.2540338282567558,0.32387793348709054,0.32723740916546534,0.32598997509296196,0.3290369034182058,0.32516117096172453,0.3283351687340662,DİYARBAKIR,SUR,97961,0.124
54988432B61004264745956,0.17045797498345008,0.2529561591195178,18.41823418182762,0.16887616767526772,0.25139374987549784,0.15236881641142444,0.23070792658937864,0.1298398200627238,0.20009396468936166,0.1681187675742515,0.25054580196407095,0.16916680778631177,0.2517090233651239,0.1687759690896174,0.2512828842826791,GAZİANTEP,ŞEHİTKAMİL,905880,2.375
54988432B61123808131498,0.43665001882734744,0.6228538273432496,46.16760496393268,0.4311750281063319,0.6179670329666602,0.38022756492307175,0.5584811102698498,0.3042636640214444,0.45805696908770277,0.422766422907267,0.6092300549858723,0.43358333297811646,0.6202605039051613,0.4266550607541633,0.6133797488061593,MUĞLA,YATAĞAN,45024,0.17
54988432B61168253276741,0.7428168142896348,1.172369312099628,93.91242136010673,0.7356727232551031,1.1649667037724836,0.6648567238774971,1.0661488348267543,0.552468138159746,0.8946349695224158,0.7307098822783167,1.158940553869819,0.7375600089945533,1.167129613105571,0.7340123732372793,1.1629983861994035,AYDIN,SÖKE,123843,0.821
54988432B6129080988703,0.34352648341944614,0.4541082689546146,28.552768508176143,0.3379519624231075,0.4480928340044665,0.2446076100123767,0.33908318190383807,0.10237880899395656,0.16654365685808004,0.3340942371625241,0.44366738142623924,0.3393485273977952,0.449673924696855,0.33712763909195287,0.4471528512936473,İZMİR,KARABAĞLAR,467572,1.078
54988432B61533400869276,0.3173162432993185,0.42404787986649534,28.50625843831362,0.3150416724960705,0.4216836976863575,0.2863252726899704,0.3866239389097172,0.2456943058989308,0.33362685835080086,0.3149939186910641,0.4216327074716383,0.3151951450148685,0.4218526272087961,0.31567155492974985,0.42237683626516437,TEKİRDAĞ,ERGENE,68648,0.687
54988432B61600421901359,0.8793149742241907,0.780860896917718,26.47318156604351,0.8731398674070252,0.7758827320496208,0.7545628176880571,0.6796509675323114,0.5996858615246304,0.5531727144860451,0.8664991112731729,0.7705186986195653,0.8753655377719068,0.7776784557568467,0.8711861467401423,0.7743048525536724,KÜTAHYA,ŞAPHANE,5540,-0.516
54988432B61684087584661,0.9562025569613327,1.2377421369995674,87.10571613638375,0.9493488119121009,1.2315263751971581,0.82306161194762,1.1135091466957268,0.6164013406134502,0.883197103339266,0.9410130771856356,1.2242218123697535,0.9518482897815684,1.2337304280156738,0.9463867761806654,1.228927518403608,AFYONKARAHİSAR,SİNANPAŞA,38292,-0.627
54988432B61723076415933,0.24924966293400244,0.37668437855279735,31.35210938432462,0.24615875848562632,0.37361271252752903,0.21941787524890985,0.3376349219776483,0.1880327465255045,0.2919826729597562,0.2430009578071637,0.36983360027846135,0.2471272794057741,0.37468242015152237,0.24470720012113664,0.3719185505415457,KASTAMONU,AĞLI,3176,-0.503
54988432B61743790309044,0.19075546984077354,0.22985280249541992,12.303401276545792,0.1851793881197828,0.22535497990793898,0.12406853724829402,0.16666307679021986,0.05250086347490247,0.08650192438029752,0.18184960866336458,0.22251539120561364,0.1864513234371836,0.22641867409553082,0.18444567097463663,0.22473403817705312,İZMİR,TİRE,87571,0.5
54988432B61783843665987,0.23538436098637183,0.3133606922586222,19.002209607710803,0.23334578079090124,0.31143466025032557,0.2151430970731442,0.28972654440615736,0.19122347048484428,0.26013659340808604,0.23246458846618792,0.3104949190257512,0.23371935804192678,0.3118203344169627,0.23324303800128057,0.31132566927242006,ADANA,YÜREĞİR,396572,0.596
54988432B62220540436660,0.18808234620314548,0.30992560193641594,24.066954140075858,0.1871066210456717,0.3083177838032461,0.17070968454596427,0.2812986056763623,0.14654372462201853,0.24147748568825486,0.18612593749217682,0.30670179513252954,0.187426154781151,0.3088443174588845,0.18679000395450046,0.30779605624855766,EDİRNE,SÜLOĞLU,6101,-0.285
54988432B62353974928440,0.023541394032233345,0.038791948649884764,3.17558944207839,0.02346360652130048,0.038663768936925615,0.021867507887505102,0.03603368780589466,0.01966071888793971,0.032397299687372094,0.023381531652247527,0.03852852443520286,0.023490019867334504,0.03870729334170896,0.02344061944596167,0.03862589040496896,VAN,ERCİŞ,169040,-0.715
54988432B62375906766923,0.36127610516259134,0.4524009085878975,29.593114242059375,0.35599465604945985,0.4476625761443439,0.3061865342509139,0.3933328122154826,0.24821085385956743,0.32675127024262635,0.35160996492250834,0.4432506896942179,0.3574501002040639,0.44906653544777736,0.35432143036655106,0.4460050860548173,SİVAS,KANGAL,19406,-0.472
54988432B62800627366200,0.2675975409702314,0.44094906861226424,37.272555908329885,0.26666804618484585,0.43941745091188705,0.24084418146719858,0.39686451483712815,0.1932283883426713,0.3184029092128117,0.26539672262788616,0.43732255055119007,0.26704027145502834,0.44003080609716455,0.26624162976182686,0.4387147976607418,AYDIN,KARPUZLU,10352,-0.693
54988432B6281772994077,0.01827634519319745,0.030116102864228896,2.1934944908756244,0.01824135105096908,0.03005843886325636,0.017496540901404976,0.02883112679175187,0.016430453017012996,0.027074407269918412,0.01820357819241145,0.02999619604163242,0.018253782063470714,0.0300789229177677,0.018230609702512376,0.030040739068707547,AĞRI,PATNOS,105968,-1.05
54988432B62899385202427,0.3072807271673337,0.30740970072429313,14.130746013915633,0.3062410514127606,0.30641276169668535,0.2876088853961442,0.2879007008104665,0.2554096932016751,0.2574010136811556,0.3062748420933192,0.30644538691515777,0.3062945690214646,0.30646690286451334,0.3065925007991717,0.30676239503914393,KIRKLARELİ,VİZE,28769,-0.032
54988432B62918956167575,0.28930295423890035,0.46592062133684736,40.19387354729785,0.2878509215641681,0.46418866312223694,0.2571347519305115,0.4167777150933786,0.1961221775503215,0.3189843651244059,0.28667536377437475,0.4623357822983102,0.2881972235781703,0.46470744550834964,0.28757958426260133,0.4636548376732203,AFYONKARAHİSAR,BAYAT,7580,-0.62
54988432B63047019861929,0.1260982843021926,0.20778710737314673,16.001282809669355,0.12571424472986717,0.20715427979510387,0.11823203073831022,0.1948249478723421,0.10790362317440341,0.1778056050370978,0.12516929235503477,0.20625629709653526,0.12586957347528335,0.2074102334020901,0.12550560848434494,0.2068104850940882,RİZE,HEMŞİN,2299,-0.27
54988432B63110195465705,0.08555049042359865,0.14097159984759378,10.639609366338716,0.08526790705373423,0.14050595917733238,0.07946076191568144,0.13093685892009235,0.07141230558423572,0.11767447874576255,0.0848608712859587,0.13983524107545658,0.08537776901356055,0.14068699056529216,0.08511535238539825,0.14025457798633625,AMASYA,TAŞOVA,30034,-0.49
54988432B6320038983636,0.08856306973219664,0.14571305502328716,12.790770167557755,0.08798656846458235,0.14476587089800677,0.07610089861109225,0.12523041628708567,0.05861770391420091,0.09648343758616848,0.087181542524217,0.14344249273728987,0.08820892442766592,0.1451312695195213,0.08768848373131394,0.14427569625364106,DENİZLİ,ÇİVRİL,59689,-0.127
54988432B63314623815647,1.4242212714980724,1.9697165488726536,129.10897437525378,1.4177403035911638,1.9637956311513378,1.2877948732115798,1.8244615719402881,1.07872152724775,1.5725998605655598,1.4131037098372063,1.9593946922070542,1.4193845520337967,1.9653337324743392,1.4170168987292011,1.9631148397794709,ÇANKIRI,ATKARACALAR,5063,-0.518
54988432B63323632068596,1.9386166212233973,2.053872138350179,97.87956007689321,1.9189935073474838,2.0385830778178438,1.6858361467244811,1.841185471354819,1.3883478792754915,1.5731540293763246,1.899384059337955,2.022754997032588,1.925096250208667,2.043437947780974,1.9113129614922368,2.0324190734299132,TRABZON,ÇAYKARA,12921,-0.023
54988432B63547038185922,0.3437516170055736,0.5656657118746093,41.5169712537381,0.3431212794052979,0.564676631507031,0.32761674385748496,0.5394495055374166,0.2963570245853221,0.48810081922812504,0.3428647676396713,0.5642661039639828,0.3432347670523559,0.564857543728632,0.3431717146664975,0.5647569015493735,DÜZCE,GÖLYAKA,20840,-0.472
54988432B6366714807225,0.0007904069205597316,0.001302447282131399,0.09179965813090196,0.0007882635718986764,0.0012989154321872277,0.0007470992796752751,0.0012310841428441839,0.0006865384987895482,0.0011312909573132262,0.0007869605094192714,0.0012967682215029562,0.0007887913582978341,0.0012997851284705577,0.0007881813644670625,0.0012987799692464421,ELAZIĞ,KEBAN,7112,-0.416
54988432B63684136000380,0.019866231650787734,0.032735947455315696,1.5854361175227132,0.01982906864623881,0.03267470956251447,0.019135351750619152,0.03153158990886998,0.018165474101799552,0.02993340740964473,0.019802925848181475,0.03263163097173876,0.019839057956866715,0.03269117013508697,0.019825394739936976,0.032668655631111335,MARDİN,DERİK,61553,-1.085
54988432B6368425336150,0.24954852327845367,0.3457651534268049,23.223065022257543,0.24718686651729227,0.343073305489917,0.21756891024592648,0.30522575904446403,0.17445279190145646,0.2509565517044346,0.24616125226795474,0.34181527272384954,0.2476544474552035,0.34363881135859997,0.24716391342943747,0.343047766948534,NİĞDE,MERKEZ,244326,0.575
54988432B63915674608769,0.5212806466499675,0.6935225055026121,48.22025224204015,0.5132240877690085,0.6862932367316518,0.43745424889727635,0.6032601783211661,0.3187079647568836,0.459225134517403,0.5084404393751636,0.6816256890430965,0.51502028854137,0.6879905787403668,0.5117080071783285,0.6848348444156475,BALIKESİR,İVRİNDİ,31295,-0.483
54988432B64009730200703,0.2350087436522485,0.3512553505846287,28.71014652862322,0.23116287355495893,0.34753870005395326,0.19380911874709203,0.2980976913228175,0.1421852748076497,0.2231110617393147,0.22943340828153383,0.3455753258193509,0.23183994272387393,0.3482776701656726,0.23093016193635568,0.3472716722149274,KONYA,SEYDİŞEHİR,66079,0.228
54988432B64031240079143,0.8609220905808351,1.0103007882289672,51.26151175894225,0.8537465574047105,1.0037858752160607,0.7694312437838413,0.9191062415591567,0.6434610802225196,0.7933120044809834,0.8511993625808123,1.001315070962379,0.855074894628102,1.005057314588322,0.8539336052636619,1.0039657526286268,KAYSERİ,MELİKGAZİ,593262,1.983
54988432B64045217411376,0.164264538707126,0.17270508553272865,9.480476951360822,0.16338269205298808,0.17169472366999075,0.14644651442381842,0.15224314971456798,0.12173043607001413,0.12492522474811998,0.16265257348395054,0.17085627942387738,0.16362164019279765,0.17196883081900455,0.1632422165046634,0.17153337247900716,KAHRAMANMARAŞ,ELBİSTAN,132036,0.13
54988432B64064239831257,0.5197572814471617,0.6274951594617635,28.684982085167675,0.5013142312344326,0.6135405671631515,0.41630446341299443,0.5392047252874652,0.34336427196103586,0.4683211465063435,0.4965574884018564,0.6096957069269651,0.5039959405133643,0.6156491399442591,0.5016259534070246,0.6137397517743015,KAYSERİ,FELAHİYE,5529,-0.552
54988432B64089683735003,0.49171703936379985,0.5864372538078266,31.25761912348426,0.48551637295153527,0.5800814232068415,0.3804319562398493,0.4655049409188954,0.1695280471130162,0.24869118193793446,0.4868223035460271,0.5814925377172256,0.4852917807198623,0.5798374546839373,0.48825376073496085,0.5830187046091372,İSTANBUL,BAHÇELİEVLER,539035,2.423
54988432B64260003407372,0.11898337655214784,0.19606302953347005,12.395185261034953,0.11804017012614262,0.1945087963732019,0.10023285670280405,0.165165572817081,0.07729312339980551,0.12736505195100428,0.1183941472139911,0.19509208642799866,0.1179193199764581,0.1943096572400446,0.11861233016107578,0.19545161236210443,ANKARA,KALECİK,12564,-0.359
54988432B64303277963843,0.2846750184413492,0.37919347038477835,28.85535398157945,0.28057432366791124,0.3759645166495498,0.24885209971706956,0.34382669460279386,0.2058989391401063,0.29221278077244683,0.27951792821351273,0.3751021038310841,0.28108822804661204,0.3763818887027333,0.28077398649795915,0.37614976429883595,DÜZCE,AKÇAKOCA,41134,0.257
54988432B64452586859960,0.2068161403535588,0.3407815817416407,30.219601297658222,0.20525664784278772,0.3382120253344035,0.17335242260151731,0.28564329065630906,0.1277536711918916,0.210509278387932,0.20414935579105634,0.33638755208966664,0.20564968808703477,0.3388596333280799,0.20513065178456977,0.3380044236959075,KONYA,ALTINEKİN,14374,-0.641
54988432B64593282211695,0.38622255963592866,0.4529456971515792,25.979288384482327,0.37056565356486126,0.4392663393102999,0.22947995566271226,0.294840056585799,0.07956025869949344,0.12391235465905726,0.3619465801645559,0.43113757411294373,0.37394130658050373,0.44237887117543195,0.36864777681215594,0.4374776494894482,İZMİR,GÜZELBAHÇE,39474,1.882
54988432B64635925513807,0.18565081944220674,0.1475497445712713,3.9421832558989647,0.18374684543961237,0.14608178722528012,0.14838580958887884,0.11874888673335117,0.1036051768692194,0.08405701885362454,0.18217804248117664,0.1448715286999398,0.1842614383819083,0.14647865725779247,0.1834451789404028,0.1458491036417156,KAHRAMANMARAŞ,NURHAK,11675,-0.661
54988432B64680094373147,0.09585304031203867,0.1124580345305008,5.805356015869382,0.09531216021493161,0.11181148810397161,0.08530255896695565,0.10112456950490427,0.07114137412710977,0.08644968705633058,0.09496669493271268,0.11142248289233637,0.09544509787743743,0.11196337627373902,0.09527490501616225,0.11176918939099485,ADANA,KOZAN,132572,0.016
54988432B64689999411335,0.5460773103181357,0.7194833395245969,41.7789967565404,0.5386060537994111,0.7127478726797168,0.4690439908309308,0.6384390717661408,0.3819185366153037,0.5390978801885892,0.532042921324422,0.7062601586075625,0.5406702434403377,0.7147143706019923,0.5359194506746534,0.7101274367790353,DENİZLİ,MERKEZEFENDİ,351085,2.375
54988432B647422472855,0.15347378605416265,0.2527476478765341,22.00382987996605,0.15258739226112747,0.25128836519589737,0.13517439241596524,0.22261999058057172,0.11202277118862741,0.18450251384631802,0.15203620240730156,0.2503809247323879,0.15280951131484657,0.2516540451621537,0.15256572802724028,0.2512526987984366,ŞANLIURFA,BOZOVA,50534,-0.947
54988432B6478152958828,0.24468721018892364,0.2671147346158782,13.711844460007429,0.2435261493543914,0.26607792119277424,0.2349509370091342,0.2565347424984643,0.2227905163295491,0.2428306644329269,0.24280080281690875,0.26535176509445335,0.24380071968332737,0.2663406843445153,0.24326926651981717,0.26582553525499286,MUŞ,MERKEZ,203810,-0.303
54988432B64920064899617,0.00018874014003067172,0.0003110095268877026,0.011721926591995162,0.00018848031896580446,0.00031058138888565007,0.0001829584492623189,0.00030148234888420955,0.00017502596781584462,0.0002884110578418668,0.00018818802919553924,0.0003100997483445892,0.0001885820253018233,0.00031074898248519684,0.0001883931747199316,0.0003104377909701484,ISPARTA,AKSU,4073,-0.679
54988432B6508967515470,0.2808575367532743,0.3167946031266501,15.89732614766439,0.2797254933244735,0.3154817850022905,0.25444136359751196,0.2880501125959173,0.20866663919816741,0.2419752375018859,0.27840066998372803,0.3139695086305478,0.2801165476020619,0.31593058302759114,0.27929197798224203,0.3149857050839601,SAMSUN,19 MAYIS,28658,-0.137
54988432B65104046804588,0.34682951923723376,0.40403434702444574,22.295368911335604,0.3388841887145316,0.39660452557162673,0.24620961976559466,0.2963227976624316,0.07481470474681097,0.12173811873496142,0.33431782309125496,0.39190565314324016,0.3406380138842992,0.39836198494131464,0.33787867909844554,0.39558288801319325,İZMİR,ÇİĞLİ,216430,2.046
54988432B65208484098159,0.11209632357007843,0.13142881024876402,8.101014807083477,0.10741821228791365,0.12780614990616218,0.08427768583948067,0.10606431030303594,0.0626904229449555,0.08281470269331215,0.10434907853780957,0.125199630830915,0.10851631289609831,0.12869932990780156,0.10608685066402071,0.1266837419487495,DENİZLİ,ÇAMELİ,17447,-0.542
54988432B6527400252078,0.07813739004213544,0.1287562502883343,9.506537692517774,0.0777811522244953,0.1281692349607746,0.07105489729711718,0.11708558649919142,0.06163624604553565,0.10156535710231479,0.07737205183417334,0.12749511169890282,0.07790301832670947,0.12837004819948003,0.07764662788628961,0.1279475632444484,SAMSUN,ASARCIK,15673,-0.745
54988432B65496848768167,3.7583834579679936,6.193113109844683,562.335868678076,3.757995396518471,6.192473667777562,3.4949928584807672,5.759096158954552,1.8286768375923026,3.0133171065874045,3.758149075236966,6.192726894597169,3.7579391781191696,6.192381033560684,3.7582363907107545,6.192870771696845,ANKARA,EVREN,2927,-0.478
54988432B65548594921961,0.4061090278223356,0.6227787211401034,47.83397235468439,0.4031953720954514,0.6196828814905915,0.34979208576537335,0.5484516457612141,0.2507333991947394,0.4034501050164884,0.402656980920628,0.6188172246317799,0.4034956667273182,0.6200855383660167,0.40378760582355233,0.6201974239089761,BURSA,MUSTAFAKEMALPAŞA,103652,0.285
54988432B65637439254468,0.23469721662861998,0.3867384558137225,29.837016961404835,0.23425840572619616,0.38601537501525635,0.22392194619427302,0.3689827639967689,0.20669292457071203,0.34059246046615294,0.2339688871570641,0.38553830091116637,0.2343749559717369,0.38620742868607794,0.2342411273213176,0.3859869033370761,ELAZIĞ,KOVANCILAR,37874,-0.428
54988432B65670234538071,0.1437153511949051,0.23681683914382967,11.704927715426098,0.14323673396292783,0.2360281647322637,0.13923141830268795,0.22942813080029423,0.13442396769376583,0.22150632392246794,0.14288523191443905,0.23544895309353772,0.14336251920327708,0.23623543599996602,0.14310488547842892,0.23581090233763896,SİNOP,SARAYDÜZÜ,5656,-0.751
54988432B6573283101831,0.4139926166039624,0.4507562254521213,18.739328635683638,0.4053048982038628,0.4439117949382136,0.33507784994557405,0.3818719067709768,0.2575420230282498,0.30993778047794024,0.40618958643823694,0.4446334199364794,0.40532126203248137,0.44392680331637124,0.40815161253286414,0.44622745647030115,YALOVA,ARMUTLU,11984,0.029
54988432B6573458732183,0.15656341643096658,0.22620618348482596,15.131860604760345,0.15430918139440447,0.22427118039636199,0.13976908032302596,0.20751742234746004,0.12415595413154039,0.18727106425710052,0.15305253603654795,0.2230306087725886,0.15478715848257013,0.2247189917185013,0.15390177793501156,0.22387806719277845,ORDU,PERŞEMBE,30053,-0.418
54988432B65769294434717,0.7246450947961426,1.0960777616272053,86.24416787076329,0.7181561630799198,1.0901385089323463,0.624292848942262,0.9718122780205846,0.4326320083498046,0.6931655145236918,0.7181444543467196,1.0901707126372757,0.7184749967492655,1.0904349390279109,0.7199352687823848,1.0919026656072355,BURSA,ORHANGAZİ,81997,0.486
54988432B6587538084917,0.453289968775865,0.577023538665593,33.285457973562394,0.4466562327226238,0.5702915014070319,0.3463257680506098,0.45716240326877994,0.15038106715188204,0.24513111559654813,0.4480484538277766,0.5717811970887876,0.44641750390185136,0.5700344566215825,0.44958182910749694,0.5733978038870277,İSTANBUL,BEYOĞLU,215991,3.394
54988432B66052692688505,0.11796273570540748,0.13931638297854393,5.445287410603927,0.11528027444672262,0.13718963266945824,0.10363283381119934,0.12717060026885113,0.09411867954871242,0.11837337754659585,0.11379739803858885,0.13597876598743708,0.11588166305443078,0.13767387874114098,0.11469536249682172,0.13671492026995277,SİNOP,DURAĞAN,16788,-0.687
54988432B66082429692342,0.20619593138345746,0.22884661754448327,6.960774621875964,0.2060011668676595,0.22861126449778674,0.19633389545518432,0.21963868276247764,0.17723249183767212,0.20300990071322103,0.20570389814761178,0.22829125036917003,0.20607833793109245,0.22869921646756552,0.2059195313173089,0.2285210459487559,ORDU,GÖLKÖY,24780,-0.61
54988432B66082608132209,0.9201470438632322,0.933955408137992,40.51132676674849,0.9043311324099419,0.9204380776381021,0.6825227872895067,0.7160581194901049,0.23942126085217458,0.31844160893979906,0.9074221856720952,0.923193526286218,0.9038055837360197,0.9199670869860501,0.9108964793924151,0.9262525614805899,İSTANBUL,BEŞİKTAŞ,165895,5.94
54988432B6640602467318,0.198103823446293,0.18523986692492864,4.638626228610928,0.1968682397237133,0.18429852549534376,0.1730954931191804,0.16607570787815837,0.14205037140142507,0.1421259287820066,0.19553740275560247,0.1832831840428661,0.1973142007109444,0.18463848477405492,0.19647686704367462,0.18400005161615704,KÜTAHYA,EMET,17352,-0.299
54988432B66454172152747,0.238241961092156,0.39234175991289316,28.593193724304843,0.2376202660042936,0.3913190222971925,0.22468683775148052,0.3700192029137331,0.20649489234023133,0.34005860426331797,0.2369637240983642,0.3902380646510945,0.23783122080398128,0.39166627967586926,0.23743657105376748,0.39101660224035234,VAN,GÜRPINAR,28505,-1.116
54988432B66516402107678,0.031128774580324356,0.051294575988167265,3.632037928162331,0.03106096708242815,0.051182841527036144,0.029643020519812935,0.04884632270534122,0.02764556070470236,0.04555487112554593,0.031017671248609085,0.051111497843651744,0.031077617809696,0.051210278906329565,0.03105892236443007,0.05117947220254004,ADIYAMAN,TUT,9199,-0.979
54988432B66531887129041,0.032850160894096564,0.03192084837364517,1.3479482348796394,0.03189912424199161,0.031189571201481744,0.02735578098273901,0.027046400469348007,0.023404977544980606,0.023043769138064843,0.03161367527865168,0.030955772369437876,0.03203519883526957,0.03129888545388538,0.03188646692515272,0.031179147098505205,ŞANLIURFA,HALFETİ,41624,-0.798
54988432B66575483981903,0.14113664499211795,0.22650299749491504,14.9972983252926,0.14056497478305952,0.2257493965861941,0.1318302030365538,0.21243231788052813,0.12017451473588903,0.1942635796167844,0.14002810483074016,0.22496909652853275,0.14075154499966436,0.22601297694176434,0.14039496756717437,0.22550494153232842,ZONGULDAK,KİLİMLİ,32441,-0.197
54988432B66595965845834,0.8119845128331629,1.0057674964536596,55.997528599554016,0.7980846379948471,0.9931284602571978,0.6794606083389487,0.8706125547567632,0.5183366104196475,0.6968686826834976,0.7778080319157926,0.9733040093706188,0.8040458740762696,0.9987099857136921,0.787098613743512,0.9825089631871974,MUĞLA,FETHİYE,187332,1.522
54988432B66719827251090,0.042906178788720106,0.07070160254978342,5.465241108817595,0.04282047573833129,0.07056037946311022,0.04100647174508987,0.06757122981206762,0.038423004767132986,0.06331414468744177,0.042733205454874766,0.07041657386052483,0.042854795009025025,0.07061693139816685,0.04279742627971253,0.07052239813482006,ARDAHAN,DAMAL,4526,-0.814
54988432B6679854543098,0.3104055174317723,0.38119440445716773,22.153723691691162,0.3065574837252901,0.37744490367990136,0.2625206106904803,0.3295898369173311,0.20488821556717152,0.2661374586171691,0.3038595316456247,0.3746243066126396,0.30754522391331196,0.37845636417157785,0.305781106870596,0.37664027679355955,MERSİN,MEZİTLİ,233140,1.147
54988432B66867123396579,0.055032445067119524,0.09068349054428436,7.075997850530333,0.054894666703611955,0.0904564567843068,0.05188550250677825,0.08549789983382147,0.04729508117967707,0.07793371785893816,0.054703661825074336,0.0901417153790203,0.054947142873814234,0.09054292799739821,0.054825604205541466,0.09034265431045524,GİRESUN,DERELİ,20100,-0.824
54988432B66869796973700,0.4991595838615953,0.640157817756462,37.07295309367411,0.4930360060238404,0.6335234638756242,0.38687299042275275,0.5107739270410108,0.17169119328138477,0.2766225418780681,0.49437374196934425,0.6350444543659265,0.4928054683194995,0.6332599686214232,0.49583014669995945,0.6366792737079237,İSTANBUL,GAZİOSMANPAŞA,478395,1.46
54988432B66916600910791,0.5850655551932267,0.7628914267496946,49.38079114338809,0.5785508247595078,0.7568631489787788,0.5214344469081859,0.6888163105329713,0.43543164119004824,0.5771568893233304,0.5788366745448564,0.7571598009748479,0.5787328331092503,0.7570434276959129,0.5803775173797436,0.7586872800673287,SAKARYA,ARİFİYE,55589,1.148
54988432B66992053729181,0.02053028218911955,0.03383018233149275,2.4720702032823296,0.020515276139007877,0.033805455081926616,0.02002850514956968,0.03300334475657013,0.01896778733236125,0.03125547413171131,0.020505076336757633,0.033788647657328544,0.020519534044925278,0.033812471338800686,0.020514758521072218,0.03380460214142732,ELAZIĞ,KARAKOÇAN,28320,-0.483
54988432B67026781349893,1.1132635243272433,1.0654821616195367,39.696495340671134,1.0925855334355121,1.0486018309667104,0.788482172544134,0.7888200303047707,0.20265988823492928,0.29798809688158345,1.0966250138983682,1.0520080482954328,1.0918973400748615,1.0480193668913564,1.1011517146394647,1.0557910189285213,İSTANBUL,BAŞAKŞEHİR,536797,3.468
54988432B67060937110843,0.20600335614368565,0.26329685503318745,16.200588617277695,0.20281768324635466,0.26063657822903014,0.17921005858758374,0.23625992152703662,0.15179992923028182,0.20549753485894412,0.20041529809610437,0.2584000982469769,0.20365173569173253,0.2613782209741779,0.2018389826588667,0.2597409122788919,TRABZON,ARAKLI,49230,-0.24
54988432B67214587682111,0.07288876636197543,0.1201074701861637,10.050478527219157,0.0725777422344766,0.11959495882144631,0.06632102259908505,0.10928501938113488,0.05781938188366819,0.09527585706811902,0.07227650503391485,0.11909857453767682,0.072674005796329,0.11975358371609447,0.07250222027652106,0.11947051232898549,ADIYAMAN,ÇELİKHAN,14530,-0.631
54988432B67228037605884,0.17413740308786196,0.2622397270977666,20.100120567453615,0.1685039975270646,0.2556221907481632,0.12720192814412132,0.19822504770948549,0.07914421285086211,0.12703053067864614,0.1656367100998708,0.2519735975256056,0.16963101383528303,0.2570187710306372,0.16776969608480094,0.254699430228154,MANİSA,KIRKAĞAÇ,37363,-0.219
54988432B67289676642995,0.326088631635119,0.3104401803768604,9.15501330905795,0.32223689598633687,0.30742703354388434,0.2529007972378908,0.2525777233277563,0.16713782038737704,0.18400249864260598,0.3195321590425769,0.30530613370524734,0.3231998631270333,0.3081813218595751,0.3219158061557909,0.30717542097482786,KONYA,YUNAK,20259,-0.559
54988432B67392778171164,0.2281049126969217,0.3169836507091622,22.869415348123866,0.22515409708779707,0.31452063258104257,0.20727720513420392,0.29466031994383046,0.18885553258831314,0.2715029167444608,0.22419200604541417,0.3136166338502338,0.22565174737107366,0.31497250327930515,0.22511046489808018,0.31448046964107684,TUNCELİ,MERKEZ,41045,1.084
54988432B67500599414022,0.8727197399976959,1.3834681880516992,99.15137848406356,0.867134519293827,1.3783706308143397,0.8097621980652013,1.3002549435426884,0.7107355589096408,1.1493946196985787,0.8647003170665497,1.375768681489141,0.8681037129245394,1.379353015148512,0.866754796175936,1.3779911655667805,ÇANKIRI,ÇERKEŞ,16927,-0.232
54988432B67540218019421,0.2894262778041526,0.3660676455290644,21.921401188007717,0.28604342908867747,0.3627928323255879,0.2466881745954748,0.31943436725182617,0.19585621103443807,0.26155025713602287,0.28362486507904,0.36026663709493884,0.2869255017550806,0.36369306795864065,0.28534838465744483,0.3620740084371732,MERSİN,TOROSLAR,322971,0.396
54988432B6759828088489,0.15652631073571735,0.1630931400549476,8.057430942971552,0.15599970950132372,0.1626124862950859,0.1454483826114332,0.15306299083779404,0.1307859818944845,0.13960097448782627,0.1553766305029161,0.1620533201558971,0.15619109058989394,0.1627850131877658,0.15579725291687757,0.16243138852282835,MUŞ,KORKUT,19251,-1.22
54988432B67777118952628,1.137894778680158,1.4584024027452043,87.57353904382624,1.1171470170271844,1.4407283531594834,0.9209729253949367,1.2364268102258467,0.664253113287857,0.9417221104347552,1.1036608784601958,1.4282236748772354,1.1221297860146586,1.4452130278166664,1.1129510203407713,1.4369325869757894,BALIKESİR,AYVALIK,75815,0.907
54988432B67849230922765,0.09742849376733,0.16054449120910164,14.442885033435306,0.09700924155968921,0.15985363959309776,0.08855935716444253,0.14592976231084934,0.07707122605664112,0.1269994053656834,0.0966551022442011,0.15927008221656727,0.09713501194112284,0.16006088637600147,0.09694057426457856,0.15974048834206256,YOZGAT,SARIKAYA,30785,-0.411
54988432B67949060177809,0.3472566153402518,0.45222071322404045,28.61430997369837,0.3386994320248524,0.444185505596714,0.2363855083350928,0.3307922157582372,0.10252045036762446,0.16756518474464777,0.33357111584086707,0.43893177552294704,0.34064153937032776,0.44612715195922176,0.33757687697728495,0.4430481890080234,İZMİR,BORNOVA,452479,3.028
54988432B67969855832244,0.6337373318356806,0.9172057165452888,66.5218069117061,0.626754712949379,0.9107954160130111,0.5560919877386542,0.8265006864189433,0.44792617321880773,0.6844860869155495,0.6157836939659769,0.8989501888165851,0.6298250543532977,0.9138213092344512,0.6209077920539403,0.9046270160442762,MUĞLA,MİLAS,152275,0.681
54988432B67997917440066,0.08006150698152807,0.11522147813352245,7.188254648587355,0.07766849905231349,0.11320767224943509,0.058545102036962914,0.08995683132934384,0.0333829041467616,0.05444667456685645,0.07655564304237128,0.11212838889001163,0.07812113591152148,0.11362428152686165,0.07741296960992479,0.11296572220777129,İZMİR,ÖDEMİŞ,132548,0.336
54988432B68103092763105,0.061779940172704655,0.08932571216669619,6.43468645171351,0.06070240859177362,0.0883224473138594,0.05340769529595829,0.07939132976186199,0.045649193966482184,0.06892366182234487,0.06026338432684074,0.08785808932472301,0.06088052751229641,0.08850400171419845,0.060634429858863165,0.0882520228951351,HATAY,ALTINÖZÜ,69834,-1.038
54988432B68104406742537,0.43054525904472807,0.48194739386274793,25.14940589815029,0.426164699651162,0.4782085181205534,0.37661259218829957,0.43100320276158155,0.31215568443699293,0.3677888269719033,0.4220145884060622,0.47441785365535644,0.42747446287929525,0.4793756507290753,0.4245326101915391,0.47673060152616853,TRABZON,AKÇAABAT,131162,0.405
54988432B68279142747121,0.3556118601559782,0.5088982700169562,29.75572506151927,0.350211641078987,0.5043689126467426,0.31763788748511274,0.46825246401640586,0.284203664118984,0.4264481061846383,0.3472837932691769,0.5015764729524078,0.3513375979697002,0.505391450555365,0.3492580259848454,0.5034789454347337,ORDU,GÜRGENTEPE,12499,-0.859
54988432B68378780511422,0.29483165221045865,0.26510171582207914,9.327499083092603,0.2867315263030955,0.2590001165821401,0.22503496592201105,0.20954133339878084,0.1590861297233721,0.1551387183051541,0.28619929445204145,0.25858573962453996,0.28731257177544395,0.25944820573354715,0.28836531715261626,0.26025218210882994,ESKİŞEHİR,SEYİTGAZİ,12565,-0.31
54988432B68476887974785,0.00011088341449011252,0.00018271576080561728,0.005539211705238419,0.00011056015816210816,0.00018218309299250791,0.00010861717222595466,0.00017898140448759125,0.00010655288077944232,0.00017557982649769565,0.00011044711635501908,0.00018199682059207625,0.00011061553037545312,0.00018227433635956453,0.00011054886921077611,0.0001821644908477163,DİYARBAKIR,LİCE,24060,-1.022
54988432B68647212812297,1.8901665199659399,2.1375360696887054,100.5427252265093,1.8539257026938225,2.1075166754813215,1.525311506785131,1.803495345767756,1.118301271499299,1.4120483000763742,1.797467397553268,2.0572806632356384,1.8699809535517748,2.1212416747895504,1.823535505918672,2.080733359994265,MUĞLA,BODRUM,207196,2.483
54988432B6867596275120,0.05695702109729918,0.0926742575204582,7.244827197325022,0.05671521075183736,0.09232300003571567,0.052594282152624384,0.08576262026716833,0.0470218191599242,0.07678333940049352,0.056421069869952004,0.09186801475905199,0.056799797758064374,0.09245118269775798,0.05660619380777852,0.09215585562714283,GİRESUN,ÇANAKÇI,5783,-0.637
54988432B68766699896789,0.013115937187871383,0.02125320407163241,1.4365541992069277,0.013083171133041388,0.021209440375168493,0.012565694825347496,0.020407619072887385,0.011850721250336309,0.01927532290030057,0.013055624219321377,0.02116961813253125,0.013092766056553705,0.021223012131583518,0.013075510969874297,0.021198843050618116,BİTLİS,MUTKİ,26748,-1.257
54988432B69064282981007,0.299747063628096,0.2866137356267922,10.377194480358607,0.2993122045453812,0.2860941899936959,0.28757005042697714,0.2746461254726981,0.26185978090320483,0.2520369520687573,0.29897275711855453,0.2857006552550305,0.29942685396432134,0.2862308554201725,0.2992352162682888,0.286003578271342,BATMAN,BEŞİRİ,31864,-0.792
54988432B69245819346506,0.7687663212463614,0.7091539405533521,27.86007869334665,0.7632525891588197,0.7044415038936618,0.6607015441163935,0.6163229497058568,0.5195985855163482,0.49298075932915386,0.7636115738698169,0.7047465770550921,0.7634991660069583,0.7046504538564069,0.7654939020957312,0.7063443927434122,SAKARYA,FERİZLİ,36015,-0.139
54988432B69251305297416,0.04071750730274261,0.06709506880844017,6.105011864711267,0.04050162139265093,0.06673932797478166,0.03622273203282652,0.0596884941924842,0.0304929800264879,0.05024690185083581,0.04030779326627473,0.06641993436899123,0.04057899872753597,0.06686683179199043,0.040458625821569685,0.06666847906994315,ERZURUM,ŞENKAYA,14918,-1.119
54988432B69475506510516,0.0036715574641290115,0.006050060944503967,0.42185824327907906,0.0036344383214579152,0.005988895328124014,0.003033176702685678,0.004998125205988368,0.0022558848330916656,0.0037172891497217666,0.0036037916526317666,0.005938395174999427,0.0036449622274935846,0.006006236816991364,0.003627072651000056,0.005976758038812174,MANİSA,KÖPRÜBAŞI,12217,-0.412
54988432B69574392637180,0.0005291301546398995,0.0008719105487037838,0.07258661264807192,0.000526684776700783,0.0008678810092757502,0.0004777731937695861,0.0007872835896474291,0.00041171238164509113,0.0006784273499449585,0.0005240250297471489,0.0008634982285829079,0.000527571057263306,0.0008693414389352558,0.0005259046863294008,0.0008665955617959837,BURSA,HARMANCIK,6089,-0.372
54988432B69584017445691,0.05527866542723207,0.09108921705109034,7.0850143508330685,0.05515704457579134,0.09088880794118873,0.05259365079447168,0.08666479980478724,0.04895825003555993,0.08067431855425625,0.05502605931389494,0.09067296798088646,0.05520021064812312,0.09095993780117144,0.05511977032875246,0.09082738674093542,AĞRI,HAMUR,14336,-1.275
54988432B6966801542176,1.395045725962727,1.483364900943641,77.24254561332717,1.382333888296403,1.4731766160719784,1.2805162781756627,1.3695321581801574,1.1259488172342695,1.1757803847067512,1.3736129699539557,1.4657272555054934,1.3854911983595728,1.4757879666920957,1.3790175750822902,1.4703839327191595,AFYONKARAHİSAR,SANDIKLI,54376,0.052
54988432B69685064161896,0.3550620851311035,0.4843215395659259,31.346099579178528,0.35155115020345745,0.4808950810985308,0.3126269679310709,0.435482907835089,0.260046535326812,0.37143234964528554,0.34876867499130665,0.4778687203644734,0.3524764261551482,0.48186607533793197,0.3505970969383881,0.4798719224397806,SAMSUN,CANİK,100247,0.553
54988432B69692013830482,1.602673711941715,2.4652866636901063,205.146331418422,1.5963549175256502,2.4580061549101497,1.4119509493686564,2.210305728189711,0.9593689950455583,1.5389337821692908,1.5960839608216417,2.4576096694536194,1.596854119466828,2.458616318647701,1.5984577389686125,2.46043995765507,BURSA,KARACABEY,86543,0.56
54988432B6973395963202,0.5448432428863303,0.7020102895669807,41.85547634552967,0.5374737427576703,0.6954879169407971,0.4683007918497554,0.6219442039190101,0.3682257330942188,0.5036310821225607,0.5381984259918319,0.6961567312990591,0.537499817906164,0.6955171676669369,0.5398743834772526,0.6977115277666084,YALOVA,MERKEZ,157901,1.137
54988432B69784551217741,0.0014173394341963417,0.0023355183841500494,0.16028515033445445,0.0014141685558858614,0.002330293351663579,0.0013471561800167309,0.0022198691074551548,0.001251766611715236,0.002062684395699357,0.0014112938192416867,0.0023255563069443895,0.001415174530963149,0.002331951016179444,0.0014135387925054426,0.0023292556158064194,MARDİN,DARGEÇİT,26675,-0.866
54988432B69862067996452,0.016482696967974483,0.027160495827808828,2.4724045451961727,0.016312355726747853,0.02687980434991362,0.013149084649280395,0.021667307204045066,0.009144030584564034,0.015067704334063703,0.01619176860106004,0.026681098632609285,0.01635515463539023,0.026950329190713315,0.016298034601336484,0.02685620573205753,ISPARTA,YENİŞARBADEMLİ,2353,-0.421
54988432B6991575510752,0.4029142161286113,0.46862408977797687,26.08998362632783,0.3993233827590605,0.465621194327433,0.36950773842400586,0.43080170407344354,0.31626687533945647,0.36455602245234625,0.3979745337662812,0.46433945516518327,0.3998741761376212,0.46612368263740406,0.3991505443371397,0.46546090175292,KONYA,SARAYÖNÜ,28401,-0.386
54988432B69940512809265,0.1361115746725027,0.22374389575914172,15.06866803612113,0.13567180872033488,0.22305824083818215,0.12725764229732495,0.20934921880273877,0.1155603295262246,0.1901911672858828,0.13536602494602454,0.22256384008789584,0.1357916167319387,0.22325018063473304,0.1356338873317015,0.2229950070789686,YOZGAT,ÇAYIRALAN,11777,-0.398
54988432B69998185816997,0.042171759985513035,0.04853435181426146,3.17346657014582,0.04181145362834201,0.04815235340986253,0.03498489363531786,0.04084515604714602,0.02616102020366465,0.03130618416552504,0.04138249097886863,0.0476963552742438,0.04193864208756533,0.04828734362867634,0.04167040226321623,0.04800245234866594,SAMSUN,VEZİRKÖPRÜ,87575,-0.537
54988432B70012419752472,0.48508406563139095,0.6224722386664983,38.34341502247025,0.47547809351080206,0.6138993332352363,0.36345339479625965,0.4960242721449487,0.20490898836121998,0.3125270673151634,0.4763405180804892,0.6147126393651825,0.47559452443833605,0.6140109173913955,0.47876338472592816,0.6169768745490152,KOCAELİ,BAŞİSKELE,131387,1.562
54988432B70042500930466,0.32323641240262607,0.3989761011851107,23.537625517073206,0.3177847244048147,0.3944104787666666,0.2756425263627307,0.35129829062010337,0.2290765593554389,0.3003201300718574,0.31446803332438766,0.39133208199959774,0.3191068445287298,0.39559266507677737,0.31673852430764465,0.39345461569233264,KÜTAHYA,GEDİZ,48539,-0.083
54988432B70258579646367,0.16665690530083677,0.2492804648048168,16.50835766538016,0.16499853202219603,0.24773709728833784,0.15242648863738656,0.23205353011223007,0.13822417055809674,0.21262844711250192,0.16370023745181767,0.24631805486667,0.16545886643640764,0.24820743116395927,0.16446321839706673,0.24716593418086458,RİZE,PAZAR,32144,0.199
54988432B70315199389199,0.236233065806179,0.18999027824872833,4.441644910662837,0.22995475724078912,0.1853321795067152,0.17723707012961065,0.14485234337038452,0.10503012784991266,0.08874592108429454,0.22989079617086214,0.18528399558351416,0.23023018690476701,0.1855395568792869,0.2313618028152711,0.18638946781887106,BURSA,ORHANELİ,18963,-0.354
54988432B70364934790471,0.5869094926066547,0.8346022471509595,56.10737159059208,0.582323220864796,0.8305653353576062,0.5361255900329766,0.7783192506327191,0.4656183104629657,0.6892131379527885,0.580987657591799,0.8292754344322253,0.5829506712614084,0.8311588579020515,0.5825355215399223,0.8307673166984479,DÜZCE,MERKEZ,267249,1.032
54988432B70424898114793,0.03351215578587298,0.05522195604102863,4.295972635491285,0.03338359220457477,0.05501010657123354,0.030809181226903383,0.050767944092971265,0.027323612259253383,0.045024358465732044,0.03326222664154056,0.054810118130334894,0.033422784762293295,0.055074688799643313,0.03335429746829293,0.05496183415779868,ADIYAMAN,SİNCİK,15801,-1.202
54988432B7043343413230,1.068727741935023,1.0761965737532666,32.304180221116795,1.0077044443152492,1.0294462971136673,0.41693786433186364,0.5529699242396205,0.20352873897745555,0.33537845636409147,0.9925224269062799,1.0176427229752991,1.0155121991951257,1.0355042371326018,1.0137530548717835,1.034257293137063,BOLU,MUDURNU,18101,-0.461
54988432B70515567552987,0.48626641730002407,0.69849408115784,53.51844157181958,0.4825027575105708,0.6943090055516445,0.41403791495484893,0.6056568386949269,0.26499657906980323,0.4046247478527277,0.4798640251855678,0.6910436457731081,0.48343076650380906,0.6954288899120564,0.4818734458610726,0.6935428857757042,MANİSA,TURGUTLU,179326,0.489
54988432B70702003005022,0.4160794156202125,0.5923561558891224,36.60135318102496,0.4128295087028067,0.5895474610000765,0.3889213835933537,0.5630614228390011,0.35750841022237295,0.5248954634401555,0.41135600003326556,0.5881180899171772,0.4134438408396644,0.5901203016618866,0.4125141083029133,0.5892441113502698,YOZGAT,MERKEZ,109042,0.812
54988432B70812604960370,0.053380585224562176,0.050539250627063444,2.017618292783884,0.04967710833762908,0.0477845519446402,0.03368632973579124,0.03482648711752273,0.020837638072698454,0.02369805213396311,0.04843930684789671,0.046820233862260544,0.05020632275425892,0.048192039357800434,0.049504382139132365,0.04764256727440944,KONYA,BOZKIR,24704,-0.574
54988432B70813006049679,0.4279065368561441,0.5342514935500298,33.01644069873384,0.41787024614327506,0.5259692271203291,0.3291162527033945,0.4356864354715731,0.20595784550488347,0.293630558121218,0.41775920311828013,0.5258716095847171,0.41834766907200854,0.5263879007007497,0.4202927710092115,0.5280751577063006,BURSA,MUDANYA,112225,1.037
54988432B70826700680977,0.041955720790138096,0.06911246675636926,5.477713730348794,0.04184977568484863,0.06893894492792417,0.03967326260561911,0.06535667201324866,0.03657920147356664,0.060261389790474656,0.04177463880319753,0.06881546671528654,0.04187631521280433,0.06898253246127205,0.04184136943833617,0.06892513355072685,KİLİS,POLATELİ,4968,-1.155
54988432B70965233026524,0.43532911659684626,0.5254788489312808,29.223090184063455,0.42794301990503986,0.519514346042764,0.3843905626602571,0.4757048819536292,0.3408380890691903,0.42721407415173046,0.4228141119357476,0.5149150238716369,0.4298621452777252,0.5211539213419322,0.42578602607760807,0.5176150588362732,RİZE,DEREPAZARI,6772,-0.37
54988432B70975944471904,0.025540197026636485,0.04208561354559812,3.0521750944271813,0.025434012155806093,0.04191064013276592,0.023310173060750915,0.038410938415731184,0.02041505130633243,0.03364030273125166,0.02526749863105651,0.04163625603755249,0.025476021261272467,0.04197986352114504,0.02536742984047689,0.04180092455034526,ÇORUM,UĞURLUDAĞ,5992,-0.923
54988432B71029132182367,0.09736025964142421,0.13615213145628957,8.715778375035779,0.09696275698659763,0.13568428884794922,0.0888963222524272,0.12597640953247416,0.0775826383591649,0.11199026145813351,0.09666506728262715,0.13533289256617595,0.0970756696886282,0.13581733050492872,0.09692125091108406,0.13563535920473915,DİYARBAKIR,ÇINAR,79114,-1.256
54988432B71099254802304,0.2992959161229958,0.43959857619741993,31.62383485055883,0.2958769661090668,0.4360877121259461,0.2564066064036615,0.3867930168872428,0.2020758636120412,0.3135138589387715,0.2941332071843633,0.4340954035575706,0.2965391040622906,0.43682597414180663,0.295662373720971,0.4358458757076976,KONYA,KARAPINAR,51756,-0.161
54988432B71168384186260,0.31214801949142656,0.5143633349280419,39.94016512212141,0.3098743526699724,0.510616744285872,0.26607980202798986,0.43845126600865414,0.2071130310840394,0.3412847198230188,0.3082590547673823,0.5079550262412336,0.3104462525797248,0.5115591316356447,0.3096832584066866,0.5103018555907285,KONYA,DERBENT,3954,-0.936
54988432B71225398808763,0.004205394879771882,0.006929728205782159,0.5138116673975572,0.0041970271310918525,0.006915939673265078,0.0040194316954647435,0.0066232945983868505,0.0037659031875930055,0.006205525589245919,0.004188000286373016,0.006901065069988647,0.004199999112118429,0.006920836959093332,0.004194459494425346,0.006911708673623243,AĞRI,TUTAK,25920,-1.254
54988432B71285314938898,0.003091226723012675,0.005093781113389871,0.35475565289920646,0.0030320320456780187,0.004996239018798175,0.0026639818581564653,0.004389759047587988,0.0022891484695535063,0.0037721015909803167,0.0030136377234325547,0.004965928511144363,0.00304139328822628,0.0050116646490617894,0.0030322429738630706,0.0049965865901999435,ADANA,TUFANBEYLİ,16027,-0.521
54988432B71286228514784,0.01954632419088712,0.03091054340435597,2.414297311479129,0.019355874874306296,0.030677081605841115,0.017463744305325414,0.027880650090143327,0.015179681889286728,0.02435802181732871,0.019262593237057635,0.030550328782869802,0.019391790737915325,0.030724614958446934,0.01934184763150422,0.030658295196888036,HATAY,YAYLADAĞI,42019,-0.863
54988432B71345383711908,0.7578421975169116,0.7011383290226082,27.739051709268477,0.7510384679537564,0.6945769108026095,0.6064175603637832,0.5565448521304602,0.2075603250284696,0.21215592962309224,0.752550190636206,0.6960868040810038,0.7507773104029302,0.6943159659933278,0.7541842240862305,0.6977096047800182,İSTANBUL,ÇATALCA,81143,0.761
54988432B71616500059418,0.5245195821777674,0.6013483449288232,30.62847416305929,0.5192685798651723,0.5957613722579626,0.43139627440863226,0.49534690564943956,0.14557398336577174,0.22709942901434468,0.5203835223773681,0.5970131079788203,0.5190767936798032,0.5955448532345028,0.5216041962534919,0.5983646474264251,İSTANBUL,BAKIRKÖY,218204,4.465
54988432B71738622898176,0.10093315956486677,0.07309781787441429,1.122185930317629,0.09474719743049956,0.06862284435474103,0.06999598710490668,0.05071081938411841,0.05142708403269203,0.037267745352031666,0.09216970004012517,0.06675786351215754,0.09581391167230825,0.06939460352337122,0.09401776795052419,0.068095011683137,MALATYA,ARAPGİR,9917,-0.393
54988432B72028378604273,0.055323936648687566,0.07888383633806476,5.232286572428431,0.05491504538545944,0.07844056298113683,0.049595647254658266,0.07165856318586132,0.041834180472189675,0.06171329192603535,0.054706379699845806,0.07818536319886481,0.05499318586550607,0.07853382002700571,0.054888221360911406,0.07840820749817991,GAZİANTEP,OĞUZELİ,36644,-0.389
54988432B72030220276956,1.2022964997187973,1.2706004094013843,61.753412516778305,1.1799125878029806,1.2514438585347514,0.8491585799503413,0.946995917230582,0.2531071427987133,0.39493861157837457,1.1867281713273976,1.2574581690017552,1.1776422612674686,1.2494266444394244,1.1910854699569868,1.2612572107797315,ANKARA,ÇANKAYA,952198,6.901
54988432B72106000461584,0.1382028036204755,0.22773316032070964,18.70240875604926,0.13770899460587793,0.22691945260608196,0.1274488967720154,0.21001267181948,0.11293768271303364,0.18610082234052608,0.13730444211242018,0.2262528234535811,0.13785549594142227,0.22716086024225654,0.13763679724395575,0.2268004844450415,YOZGAT,BOĞAZLIYAN,35316,-0.197
54988432B72271864351662,0.5905177201611281,0.757414049272494,43.723273377516016,0.5832744169867842,0.7508950047180855,0.5097531995399195,0.6743780833636929,0.41332460101603385,0.5681710993167434,0.5766274027469728,0.7444100943628276,0.5853279323434,0.7528360649151895,0.580571286282172,0.748287577407222,DENİZLİ,PAMUKKALE,343071,1.227
54988432B72298129420798,0.8192169738870251,1.0248196776608172,70.54530609912803,0.817040332665845,1.0221713483068957,0.7570864455724432,0.9516474277599416,0.6440805235974305,0.8213694797557223,0.8139539176874229,1.018445198888005,0.8178824862136517,1.0231933041786918,0.8159515690749833,1.020855439744481,SİVAS,GÜRÜN,17062,-0.475
54988432B7232586942515,9.23674591052321e-05,0.00015220482379354528,0.010367396515674565,9.222489511450643e-05,0.00015196990418768082,8.919023342747153e-05,0.00014696933199675425,8.47688406826049e-05,0.00013968367847576912,9.207763067438398e-05,0.00015172723909353376,9.22727543786322e-05,0.00015204876757673268,9.21851801549252e-05,0.00015190446113572736,SİİRT,ERUH,18339,-1.098
54988432B72387127190617,0.3145875392084335,0.416701321598756,24.97542664499373,0.3128165039413553,0.4148985454087785,0.29251938659404253,0.39007379418250404,0.2641339358111018,0.35477190640104395,0.3120388595285794,0.41401482532722717,0.3131539765489587,0.4152724782379842,0.3127654328895131,0.4148413630524767,ELAZIĞ,MERKEZ,463686,1.135
54988432B72818442943555,0.12180599501315173,0.2007141929372837,17.783897883071102,0.1211788464033333,0.1996807657479417,0.10857087960751263,0.17890512264654929,0.09125972725722215,0.15037948257088843,0.12033191266597443,0.19828517252162314,0.12141863558591177,0.20007589484032454,0.12087359248849033,0.19917776264737974,SİVAS,ŞARKIŞLA,37282,-0.178
54988432B72902905976460,0.45059229406491175,0.6442039852635666,41.43596637578986,0.4486247106661695,0.6420756561657655,0.42070767000452336,0.6071266856114165,0.3839857149670922,0.5597420491797053,0.4465809287543263,0.6396609727943979,0.44926831991498306,0.6428161969391807,0.44787564567685734,0.6412050045117318,GÜMÜŞHANE,MERKEZ,54697,0.655
54988432B73072447730570,0.35655226781949023,0.4975866925090082,32.333436336228424,0.3507166309159743,0.49216423352352456,0.29611416652709044,0.4282393758750056,0.22786559744030135,0.3410787685217751,0.3414388506642498,0.48222667035734634,0.3533264124597368,0.49474533958070027,0.3457353316160602,0.486932373161354,MUĞLA,DALAMAN,53327,0.548
54988432B73173192257924,0.1610897810642284,0.1877186877070805,9.943684925419173,0.16023407375581086,0.18694216529551472,0.15160303137597078,0.17752882959704094,0.13955403086067072,0.16409801190853224,0.15968345693515953,0.18638470223274173,0.16043756851065166,0.1871410026186563,0.1600707619230205,0.18677933098961402,VAN,İPEKYOLU,362816,0.404
54988432B73242449830307,0.03991676437614387,0.0657755896625644,4.873354971351468,0.03979718422253677,0.06557854325265676,0.03734271621185068,0.061534025034961116,0.033522723037837716,0.055239368956127244,0.039642414355401716,0.06532351057573746,0.03984121462590337,0.06565109737345745,0.039741388377610716,0.06548660181757078,SİVAS,ULAŞ,7603,-0.595
54988432B73294820193521,1.0675829648999113,1.6513508585638894,134.94339718226618,1.063037851120299,1.6466372396789775,0.967282126844658,1.5127156747909325,0.7189623060931649,1.1297809098171183,1.063498125656532,1.647103040536237,1.0630864367573452,1.6467124886801692,1.0646998270905657,1.6484422334474162,YALOVA,ÇİFTLİKKÖY,58589,0.828
54988432B73322112171643,0.4535027937651873,0.6597237998734676,44.8148045044206,0.44812686724543827,0.6533226356113487,0.35855919829621846,0.5352210180067184,0.20010971908168357,0.3226548818178426,0.4498973340996062,0.6555197814919197,0.4475288336218447,0.6525737119142636,0.45099887731843546,0.6568649363502874,ANKARA,ALTINDAĞ,418072,2.528
54988432B73440266741351,0.2799639569620367,0.3805161835829472,26.886707353450536,0.27687368230767884,0.37770326399818244,0.24926414844809386,0.34580900391905894,0.21656394606032234,0.30535104511139943,0.275283930203381,0.3760628299327484,0.27751368461763243,0.3783398538204043,0.2765445030684063,0.3773697193145233,YOZGAT,SORGUN,80068,-0.038
54988432B73618387821891,0.24534100609131304,0.40427749083057996,30.30213590560556,0.24388458041347882,0.4018775654043471,0.2154742130922319,0.35506243165563334,0.17784121137372041,0.2930500687426022,0.24211172364458336,0.39895621891788036,0.2445290458345339,0.40293952755858325,0.24329481149060772,0.40090573316110834,ANTALYA,İBRADI,3256,-0.264
54988432B73640437939057,0.211853059913533,0.29121859010636436,18.389277670277327,0.21029910433321136,0.28970476290662944,0.19325563230740764,0.2693746396727852,0.17008879175255284,0.2408237852033405,0.20952075420930802,0.2888533286444892,0.2106224934403873,0.29004814742149887,0.2101852306376782,0.2895821545128993,DİYARBAKIR,BAĞLAR,402275,0.017
54988432B73654359915704,0.20990663880008764,0.29245611326113086,18.81644295118126,0.2042962911697629,0.28759263932495593,0.1736817160851669,0.254670817447618,0.1418813636084154,0.21541368779755202,0.20103095538687643,0.28453134061260194,0.20561972463910463,0.2887897292198637,0.20305938696532155,0.2864608825358888,EDİRNE,HAVSA,17302,-0.198
54988432B7371544527763,0.15139765555276574,0.24947588370826246,18.520660699429992,0.15109303434234347,0.24897392318985873,0.14463404963364096,0.2383306875850636,0.13542152987871567,0.22315012551725263,0.15076545718317527,0.24843413543047926,0.15120124890425057,0.24915224116554538,0.15100018781950728,0.24882092895590427,AĞRI,ELEŞKİRT,28661,-1.013
54988432B7377784075511,0.20907513275766007,0.24248381815379913,13.103784270049363,0.20804258281379848,0.24146199940305965,0.18763084924353132,0.22102587045019476,0.16029369972216234,0.19333771064569868,0.2061888962056745,0.2396275259006743,0.20850136120093893,0.2419157111640547,0.2072451596554959,0.24067475536360017,KASTAMONU,ARAÇ,18121,-0.565
54988432B73997329760660,0.4946085841091111,0.6860301027984902,38.25320163074823,0.48799409131592736,0.6808073574462282,0.45318157851131813,0.6461496063406522,0.4197944552593044,0.608163899376856,0.4859489215596264,0.6790493070355257,0.4890691585039878,0.6817078244377538,0.48790041782479504,0.6807280826172556,TUNCELİ,MAZGİRT,7257,-0.58
54988432B74105915560914,0.8044285237935214,1.0394134229199878,67.048616497169,0.7959516482657841,1.031559075767844,0.6996802341007914,0.9222821390350877,0.5336992238860484,0.7297743132958724,0.7821713793230641,1.016814002586499,0.7997354259511137,1.035298106176812,0.7886425244377894,1.02388199034217,MUĞLA,ULA,27649,0.355
54988432B74200485211602,0.16133471267977478,0.15666411513729014,7.192377616861831,0.16102245173724244,0.15626006342529125,0.1478130856598401,0.14315036094807415,0.12319582141032041,0.1205207881201938,0.1606624802263916,0.15584001392531777,0.1611488760429374,0.15641522338091232,0.16094744676057593,0.15617040284454756,ERZURUM,PASİNLER,25401,-0.765
54988432B74224800333323,0.425437294180788,0.5406046146224797,35.441820387056836,0.4130518930213342,0.5304352045943914,0.33702583138892367,0.45350596419101064,0.2562176384803988,0.36129536020551034,0.40528416902803444,0.5234307286799829,0.41610337025179966,0.5330792651191304,0.41011235840887555,0.5278281483629663,EDİRNE,LALAPAŞA,5932,-0.351
54988432B7423640406971,0.30819757624998717,0.37445086648580955,21.764971270884722,0.3021897181638338,0.36968830906226774,0.26713953752235853,0.3359232523596642,0.2322670921532833,0.29899025661709805,0.2980349404206667,0.3660774247305407,0.3037486763568573,0.37098729142637416,0.3004400690439149,0.3681914380270022,RİZE,ARDEŞEN,43519,0.078
54988432B74473203693004,0.6077757063234975,0.9080219827751069,75.1603210878727,0.6015645267699968,0.9017713925298085,0.5356395688425925,0.821916325445597,0.4086313082290352,0.6453585661346279,0.5990802250767314,0.8990730967188715,0.6026832920657663,0.9029615963255201,0.6014018236833608,0.9015930037966791,BİLECİK,BOZÜYÜK,81332,0.608
54988432B74566589804455,0.11148426589215689,0.18370585496496925,13.385101117664256,0.11128495188799266,0.18337742162732756,0.10702667331694149,0.1763605506876141,0.10090821247429332,0.1662784366675456,0.11110011484351158,0.18307284369416488,0.11134836191293103,0.18348190985040946,0.111242971295813,0.1833082452236747,SİİRT,BAYKAN,23219,-1.061
54988432B7457666939336,0.3312582539658444,0.4291984709977997,20.0152384630662,0.3250525849128735,0.4238309815364925,0.280253395348653,0.37840823662850875,0.2313914156127449,0.3255701063401773,0.32565617925658213,0.4243811958545584,0.3250629392979461,0.42384086339950705,0.327005970879022,0.4255971843375641,YALOVA,ÇINARCIK,40174,0.141
54988432B74694372837116,0.0859746472409786,0.14167062903740876,10.324663697364878,0.08568045380969541,0.1411858516081773,0.08066362666968507,0.13291903017295717,0.07378182757939578,0.12157907313541726,0.08574010738794835,0.1412841498882707,0.0856679899025858,0.14116531334931678,0.08581815729190377,0.14141276197735184,KIRIKKALE,KARAKEÇİLİ,3062,-0.423
54988432B74865173574888,0.0012582782205483513,0.00200615128515219,0.150826001272118,0.0012553976216270713,0.002001888941829141,0.0011992218629700891,0.001915179474091356,0.001120264350421668,0.0017924942991415437,0.0012525747647963478,0.001997628978365241,0.0012565147925888511,0.0020035694059671065,0.0012546227187833164,0.0020007425609796545,ARTVİN,ŞAVŞAT,16151,-0.405
54988432B75065207924044,0.34648286532633255,0.43922030486040164,24.587569649678105,0.3421292029017681,0.4351922907233469,0.299978647974168,0.389873156738555,0.24327237601428428,0.32719674434724866,0.34180681012039116,0.43485777653191177,0.3424630429937456,0.43552591064087676,0.34303277330202514,0.43606893045409995,ESKİŞEHİR,TEPEBAŞI,398129,1.477
54988432B75072745188363,0.8952060803403646,1.161087929608792,82.17215692666653,0.8926238963864217,1.1587198236590985,0.8357363564698292,1.1019709902033537,0.7458409140313418,1.0028951326349516,0.8931932324638071,1.1592342388746355,0.8925041996452157,1.1586117950606465,0.8939415452536597,1.1599244831574447,KIRIKKALE,BALIŞEYH,5888,-0.527
54988432B75199317168320,0.6160929202332499,0.5825124113254838,21.30095631152702,0.5878537544675041,0.5616233522894601,0.4534650874981615,0.455071284571806,0.3370668456038047,0.35766552278531655,0.5806017937344998,0.556135957751161,0.591983178221694,0.5647279791558161,0.5884187240134213,0.5620489994060789,KAYSERİ,TOMARZA,20156,-0.674
54988432B75263721717029,0.4483944364400931,0.4433702007412884,20.067157648638386,0.4296598955057996,0.4293288116724646,0.34543669943207,0.3598566886277663,0.2746030056483214,0.2967028353597213,0.4215427112840422,0.4230347216878529,0.43296771253266414,0.4318600358242894,0.4273806509287646,0.42757304541352215,MALATYA,BATTALGAZİ,274563,0.813
54988432B75303442304473,0.28885373427826044,0.38194477728159343,24.671959103010863,0.2868293005756985,0.38004053485069156,0.2641303593098485,0.3541452009053361,0.23327573103766128,0.31766588414516506,0.2850848202903784,0.37820844116217367,0.2873890494862032,0.38060714488931335,0.2861766482505834,0.3793726172014087,GİRESUN,BULANCAK,70397,0.063
54988432B75596931390993,0.0003061950654853827,0.000504553946163664,0.04497550873637559,0.00030597893728087584,0.0005041978060727443,0.00029708581412755833,0.0004895435516888178,0.0002748057571676862,0.000452830057818384,0.0003058211645747068,0.000503937825261596,0.00030603864219101435,0.0005042961889384772,0.0003059675909388826,0.0005041791093585496,ELAZIĞ,ARICAK,12340,-1.07
54988432B75676722749160,0.058717224716094876,0.09637101425906398,6.3142137349758345,0.05854373087138932,0.09609658458333441,0.05527935193068291,0.0907992620744722,0.050203981205186966,0.08250295177339352,0.058471028791492755,0.09597920968546991,0.05857579169283382,0.09614814282859138,0.05855539012953303,0.0961148934443741,DÜZCE,YIĞILCA,13492,-0.88
54988432B75798552461852,0.24404641416459225,0.28968686809811567,14.741356661494919,0.24270315149100233,0.2884366747600887,0.23040337217004353,0.273698374406212,0.21567119947800542,0.25477946743736474,0.24201690622483402,0.28770511356416284,0.24298871511192097,0.28872900288348696,0.24256724133236965,0.28829380138244903,MARDİN,MİDYAT,125791,-0.36
54988432B75808003725453,0.19314233666080016,0.2532358544384108,13.841448529065561,0.18897581899835084,0.24983829230319232,0.16519352222518505,0.22582415961622526,0.14154419867929094,0.19928828022660236,0.18618539613771964,0.2473263135715101,0.18999711663727187,0.2507175580000903,0.18781627917379404,0.24881253233371042,TRABZON,ÇARŞIBAŞI,15004,-0.34
54988432B75995786409497,0.24321043971892375,0.36501307531344185,29.28312388584411,0.2409970203339748,0.36186646413843293,0.2028400982591409,0.31051956924737817,0.12958259936285466,0.2056445175754052,0.2393600203799631,0.3596630907113483,0.24156589215275057,0.36264407315223124,0.24060243165503312,0.3613316181411365,MANİSA,AKHİSAR,181472,0.543
54988432B76021463807070,0.4077918682782696,0.5211078667467899,35.49713400668107,0.39567905980888163,0.5109401563701033,0.2771191438061183,0.3868337337513295,0.10726011653933784,0.1767246639276177,0.3978796867935897,0.5128731250175382,0.39531637020752775,0.5106242630006469,0.4004490740860578,0.5151180984478726,İSTANBUL,SİLİVRİ,240029,1.312
54988432B76024124703750,0.12029095564812003,0.1982176827828556,16.678863236078584,0.12005492696029606,0.1978287503039449,0.11428811515883489,0.18832609013991522,0.10423813694051894,0.17176554837915248,0.11989802076886763,0.19757019735196577,0.12011720284930003,0.19793136967665756,0.1200451865058554,0.19781269980124444,ELAZIĞ,PALU,17872,-0.737
54988432B76125229912177,0.34895702951906,0.480464914550296,35.09516601384905,0.3409140213583562,0.4726789756397869,0.23171014455378341,0.3398320257953498,0.0887118854273769,0.14618110123051167,0.33567942970313036,0.46707014553876397,0.34285283223089547,0.47469009187053446,0.33977274368955857,0.4714705156492514,İZMİR,BERGAMA,107549,0.379
54988432B76166578755153,0.4030413513694532,0.520006966578052,29.875721330881856,0.4005557401717861,0.517796080465317,0.3777227758356244,0.4927601667457575,0.3478069671486089,0.4577323135723148,0.400620823057468,0.5178577566138567,0.400655290081829,0.5178926769168619,0.40124077007349757,0.5184481906562601,KIRKLARELİ,LÜLEBURGAZ,157136,1.12
54988432B76227245488219,0.6661077412524206,0.7446087748894629,35.60710961418311,0.6614340565981744,0.7404349646921471,0.6035451730762695,0.6859642249384259,0.5244632901986791,0.6087834136588867,0.6590607994233345,0.738291169254536,0.6625149722631839,0.7414100494589092,0.6611482324043622,0.7401872671643919,NEVŞEHİR,AVANOS,32093,-0.044
54988432B76333131904133,0.15491080672015325,0.20258888744997944,13.094336827876669,0.15124734178439525,0.19918153364607072,0.11267765020006744,0.15573607609612805,0.0654994178218334,0.09848432595082036,0.14896859191033981,0.19685170396576454,0.15208960370631813,0.20001820724370223,0.1506809871462406,0.1986103853461409,MANİSA,ALAŞEHİR,104565,0.038
54988432B76430100737170,0.19361137216515348,0.27155545623365657,15.220882630015453,0.19105639310971606,0.26927780363508685,0.17280659052463807,0.24855026563911917,0.15281932949192406,0.22381470475589285,0.1891543291623248,0.2673555099104057,0.19172020665145542,0.2699138912992839,0.19028138811377598,0.26851088081814584,TRABZON,BEŞİKDÜZÜ,23246,0.17
54988432B76534692680801,0.12765531057345064,0.19100682417833673,12.758059044016667,0.12553537372324514,0.1889381590709395,0.1089927753460867,0.16737759359339008,0.09069839033919881,0.1415058817846559,0.12410847918532016,0.18730408393629328,0.1260401317529811,0.1894838823594727,0.12503336739031123,0.18837649981903415,SAMSUN,BAFRA,143387,0.256
54988432B76630597783829,0.0001818384612651677,0.00029963681175015157,0.024751840678689387,0.00018138603578557976,0.00029889129659722375,0.00017091499003901115,0.00028163691190125734,0.00015352810956635558,0.00025298648561157197,0.00018104116090961162,0.0002983230053371194,0.00018151567210224776,0.00029910491374039125,0.00018133818690583563,0.0002988124503197499,DİYARBAKIR,KOCAKÖY,15088,-1.131
54988432B76667969574644,0.15799228730507467,0.2603426410443062,19.060240407080858,0.15757034465990885,0.25964735607511286,0.1487311284014892,0.24508193047914567,0.136093346990164,0.22425715829762805,0.15710042612215144,0.25887301553430403,0.15771406553467898,0.2598841820161071,0.15743044184172858,0.25941682159905793,ORDU,ULUBEY,18027,-0.73
54988432B76694666867888,0.21732802044484406,0.324472858619153,21.87256331445175,0.21500878290731773,0.32227898813181555,0.19912945578196176,0.3026431253507312,0.18183271807216342,0.2790534892022268,0.2132277322852335,0.32034069327166154,0.21569654723083312,0.32298117714517277,0.21424991994939926,0.3214712180393023,ARTVİN,HOPA,27844,0.502
54988432B7673990663622,0.40685371673063114,0.32033235578350533,8.346700265740523,0.3721574904648072,0.2950393862804587,0.22239706201793258,0.1829247085669949,0.1031138966741244,0.09156820224585674,0.3619054337876657,0.28763032775732217,0.3772468648822138,0.29873153729944196,0.37155751700800044,0.2946819373330318,BİLECİK,YENİPAZAR,2692,-0.501
54988432B7686376545923,0.11711287925999844,0.1715351209085198,12.567914034943483,0.11545388632017611,0.17003053015242228,0.1035518672658558,0.15533467606794468,0.09051380335880196,0.13753769727620432,0.1142769641987768,0.16877185356081906,0.11587018528934707,0.17044733497637535,0.11499437887831004,0.16955131350229946,TOKAT,REŞADİYE,43108,-0.657
54988432B76895088825803,0.3813044091855358,0.37169624699253073,17.150273430577453,0.38091321720228516,0.37105207260980394,0.3716232077859703,0.3580387607826795,0.34449996479723294,0.3295105686057899,0.3806529535562855,0.37062499990900727,0.38100803792611804,0.3712080598958165,0.38087871579334115,0.37099536656824156,OSMANİYE,TOPRAKKALE,22358,-0.084
54988432B7698417663735,1.085870346638203,0.9650773690663255,30.121573751807492,1.0170848495348785,0.9127777938551589,0.3142783831013404,0.35944577930225685,0.08407225539537799,0.1385358322328757,0.9988548917169687,0.899095844336502,1.0264311442292555,0.9198123968298137,1.0246006128279521,0.9188208259660172,BOLU,SEBEN,4438,-0.425
54988432B77006112817305,0.5221725130786677,0.6621621573390714,39.53398320042623,0.5101600332914168,0.6510758265771363,0.3875901526885538,0.5120454117022829,0.17982731049423098,0.27560434352683494,0.5123149930162962,0.6532325266848567,0.5097995652956384,0.6507120292812131,0.5148096620609782,0.6556725515844752,İSTANBUL,ÇEKMEKÖY,315959,1.45
54988432B7739562354117,0.2007968461804846,0.24191431185092124,15.792132224204284,0.200038842734132,0.2406898601526511,0.17605815961239196,0.2091511302112144,0.12344192800808325,0.15041129198314157,0.19948008212150004,0.23979942609051022,0.2002316162974974,0.2410003626333484,0.19997387594946484,0.2405855765734943,KONYA,HALKAPINAR,3947,-0.765
54988432B77407650026764,0.34428200591028874,0.42898703930596455,25.01231387176284,0.3416343542370681,0.4259305169890693,0.27620053198470634,0.353038514456573,0.130852278141634,0.20016903945678727,0.3420661150561356,0.42647944996795234,0.34160841306325357,0.42588413620645765,0.34278651776351,0.42732020785758706,KOCAELİ,ÇAYIROVA,162262,0.962
54988432B77479397394986,5.493063598508045e-05,9.051572763792699e-05,0.00777274976676769,5.4765639956661856e-05,9.024384410150234e-05,5.135882691580164e-05,8.463003396095351e-05,4.660927936275441e-05,7.68036408197605e-05,5.459856663147717e-05,8.996853755667942e-05,5.482049068113021e-05,9.033422814945092e-05,5.472143895216603e-05,9.017100886097549e-05,BATMAN,SASON,28150,-1.063
54988432B77607425257095,0.1465972800121025,0.22286184661558214,15.654547163058407,0.1440518181481321,0.22035610250730195,0.12161114537622585,0.19013280482234657,0.094031785023415,0.14975316631240485,0.14241440236902558,0.21844249837686422,0.14465969926523264,0.2210262008211731,0.14353397128701934,0.21976582023020338,BALIKESİR,BİGADİÇ,49275,-0.138
54988432B7766374171238,0.08599508429942944,0.14155613418106675,12.876663807060252,0.08558622792798211,0.1408896140500343,0.07752131382956291,0.1276289021389674,0.0666371730655589,0.10971541485592849,0.08485395993354143,0.13968804288969167,0.08576715387451997,0.14118587269988023,0.08527053611807626,0.14037189660327104,KASTAMONU,CİDE,22496,-0.533
54988432B77763600838598,0.2952653599302556,0.4299789150790825,32.861313249392886,0.2925248269443467,0.4274219860350286,0.2637208196169456,0.3926246167071585,0.22305541822883698,0.33833288416686913,0.29195578531366817,0.4268270410428638,0.2928848629240424,0.4277911673362606,0.2928596342494526,0.4277640505535379,KIRŞEHİR,MERKEZ,163368,0.686
54988432B77928955362752,0.8635866289274424,1.32037796375248,106.76261138389145,0.8535624475335866,1.3086927552607601,0.7588271703339159,1.178947090907123,0.6209140587914082,0.9764029529962021,0.8523482484800076,1.3069399962908612,0.8544077059212204,1.3097917788751758,0.8552853797350056,1.3106202516180299,TEKİRDAĞ,MALKARA,50123,0.068
54988432B77963946080728,0.3704078404356547,0.5399214099681737,41.10551442349588,0.3646373221135457,0.5350955895967835,0.3267006279055808,0.49131458639538567,0.28014293174910954,0.42864478774581,0.36084626134524544,0.5314419738167048,0.3660157166312342,0.536344202144153,0.3631407265674498,0.5336885243512995,SİVAS,YILDIZELİ,26567,-0.762
54988432B78096221215444,0.21674385547190733,0.23721220707352245,12.90630570666049,0.21493946783747206,0.23545064185372724,0.18091690348337355,0.20194714901760935,0.13717212258030462,0.15848660219137792,0.2127969294020359,0.23335583122266895,0.21557538234203294,0.23607159683874046,0.21423525338856877,0.23476254163736368,SAMSUN,YAKAKENT,8916,-0.538
54988432B78199019874123,0.16311483928099468,0.14995977101774893,3.8893107997758793,0.15484460926437746,0.1439325088285787,0.12085445296176771,0.11839030488689259,0.09460435046757713,0.09803060813539219,0.1510008867463506,0.14110259175999573,0.1565520938127204,0.145184000184084,0.1535731596598341,0.14299832646074154,KÜTAHYA,ASLANAPA,7813,-0.782
54988432B78675491052886,0.25418241960735866,0.2912176467379189,17.552301388039687,0.2432097219254438,0.2829197856394489,0.19125256108332472,0.23643642595615835,0.14278680745288128,0.18592311724424743,0.2425788500315292,0.28239395982211857,0.24388422101232113,0.2834555301862276,0.24510115291290577,0.2843790141743096,ESKİŞEHİR,ÇİFTELER,14487,-0.202
54988432B78684581776772,0.14009548354749787,0.20483187027498825,15.893343361173246,0.13947804767955402,0.2040628243958784,0.13166346665079254,0.19242813714331278,0.11957017717877189,0.17370193621649396,0.13881487546263027,0.2031334629849767,0.1396719531919398,0.2043238853028687,0.1392132606222543,0.20369675218968575,DENİZLİ,ÇAL,17277,-0.232
54988432B78726151143019,0.1681260835663948,0.24215271198527188,16.553240872483794,0.16612138809168292,0.24033186687395117,0.1503995224377815,0.22116244979898073,0.13153585701827059,0.19623724791341604,0.16526667300892725,0.23943165905743083,0.1664627664848679,0.24067692301092652,0.16599024342214824,0.24019686796285325,HATAY,ARSUZ,115077,-0.064
54988432B78779774927417,0.20981845531897192,0.3062094316977214,24.243164276945755,0.20532516999919037,0.3019009791646764,0.16935434733057364,0.25501025358721013,0.12881651740168362,0.19749826125610678,0.2017174879647509,0.29776775988789694,0.2065127726213062,0.30316749472825816,0.20385798197469757,0.30026014295264375,DENİZLİ,BULDAN,26231,-0.011
54988432B78813645008161,0.08344220881562993,0.13749762971457297,11.762648587446861,0.08309396388184555,0.13692378521027343,0.07606793779334489,0.12534616823208253,0.06650380720271597,0.10958621526394167,0.08246158954298809,0.13588174696704644,0.08324939793040859,0.13717991233775137,0.08282177283555571,0.1364752637218613,KASTAMONU,İNEBOLU,19678,-0.236
54988432B78882156403317,0.14445617943305805,0.23803758974736072,18.752045413285487,0.14387183337626794,0.23707469340410564,0.13206171175843123,0.21761375448431503,0.11595831513833697,0.19107827685201778,0.14334484361310984,0.23620630983245094,0.14408169119499697,0.23742050103626067,0.14375507065250523,0.2368822896077025,ERZURUM,HORASAN,34896,-0.778
54988432B78938998312930,0.5537023422098489,0.607211435998867,31.608650506935742,0.5506978919930805,0.6044889166554088,0.49701537090060993,0.55400783562437,0.425130834304765,0.4850035271074767,0.5473589987992028,0.6014162530669035,0.5517050967256749,0.6054113947804217,0.5495954715408408,0.6034808954066004,ORDU,GÜLYALI,8881,-0.145
54988432B78941092059801,0.09208765882575083,0.15174376366860115,13.602633400237465,0.09169493577404599,0.15109662729109943,0.08377490946853608,0.1380458600625994,0.07300095674607579,0.12029233959589679,0.09136262167448653,0.15054903391289537,0.09181282862823152,0.15129089333751503,0.09163026723198316,0.15099006526000094,YOZGAT,SARAYKENT,12605,-0.587
54988432B78961906506617,0.2665166519298166,0.203116729274269,4.042463912023212,0.2659949031344692,0.2024445322678596,0.24849210165749236,0.1884675301477057,0.21309852258149684,0.16176775230241175,0.26541511146694885,0.2018557960032245,0.26615806114605595,0.20262820068716506,0.2658170989976424,0.2022474351590456,ORDU,MESUDİYE,11829,-0.842
54988432B79088719689200,0.18356349101031394,0.3008080230806128,23.26694953306285,0.1823620607004329,0.298923435422693,0.15950488406571445,0.26163955953506424,0.1270288805919577,0.20841044954013965,0.18153983278530159,0.2975991153247695,0.18265473912297683,0.2993925131763291,0.18226372579863154,0.2987654511846839,KONYA,DOĞANHİSAR,14097,-0.616
54988432B79162079631621,0.7403237565559099,0.8290186677428679,41.80082123646537,0.7283725418077922,0.8181165349178404,0.5519076594953247,0.6424965664722501,0.19486332668650444,0.29991641995450063,0.7307834103724086,0.8204234935497948,0.7279609577214023,0.8177205224621928,0.7334666566888863,0.8229569272843459,İSTANBUL,ÜSKÜDAR,514294,3.045
54988432B79254890835341,0.4206741312022759,0.5644925541508461,37.48323973259774,0.41450072513658365,0.5589192825419959,0.36081097692457675,0.4996165760726383,0.29442858805308175,0.4198204020365978,0.4143854023467586,0.5588092673151084,0.41486142468196235,0.5592695334115964,0.41599707981947187,0.5603656787145898,TEKİRDAĞ,ÇORLU,306939,1.577
54988432B79409783151776,0.2907117644991456,0.2968825459348272,13.844959273752405,0.28019797507944016,0.2886888057871129,0.19018761449392166,0.20994438718722458,0.09003303064854772,0.11571835845079997,0.2742623523151555,0.2838471722743865,0.2824607635464129,0.2905058736143681,0.27870068150389443,0.2874768688065712,MANİSA,GÖLMARMARA,15140,-0.543
54988432B79438437943955,0.05610392369655199,0.07609616759162566,4.165179699778173,0.05596513390321487,0.07593713071405879,0.053119629306102735,0.07264656076416262,0.04917411925382382,0.06804780425578706,0.055816933215010536,0.07576687540810997,0.05601419051272929,0.07599342538820515,0.055922905106324326,0.07588865452710941,AĞRI,DOĞUBAYAZIT,113699,-0.647
54988432B79616482779548,0.07591197747774656,0.12508917391195742,11.383039676260548,0.07569188048506262,0.12472649397777429,0.0711249229791577,0.11720097612557333,0.06474588721440483,0.10668948188342049,0.07554021720051139,0.12447658038564255,0.07575469138807066,0.12482999495655256,0.0756780880584713,0.12470376655970573,BİNGÖL,KARLIOVA,25265,-1.017
54988432B79652739540199,1.293577148711624,1.2774928881001366,51.64639142868626,1.2561704269653626,1.246609503440403,0.7691262441837936,0.8245303716364198,0.1945070333930186,0.31410147308147557,1.264156550219493,1.253347454716568,1.2548014919589892,1.2454519660791423,1.2729384667859633,1.2607149406936755,İSTANBUL,ŞİLE,50090,0.698
54988432B7974453528026,0.42555915045651,0.5395884150977597,32.71811275179605,0.4155510450900547,0.5302723058771319,0.30554853874162174,0.4065444517779158,0.14832645411538972,0.21948721898403417,0.41740052241172404,0.5321366154071417,0.41523886333858556,0.5299543513948093,0.4195132883709908,0.5342165395897502,İSTANBUL,BEYKOZ,246833,1.732
54988432B79784154417408,0.16804593799965367,0.26284109372749337,18.24022106929598,0.16584257210910272,0.2604238122871901,0.14582291784627976,0.23228891624814124,0.12111267337338424,0.1952113120632319,0.16287813108932891,0.2567575664034402,0.16676834283307435,0.26149451043499783,0.1643002602871656,0.25858813911789835,MUĞLA,SEYDİKEMER,65648,-0.505
54988432B79821561664997,2.757899811283215,4.544518804380926,412.73827377242577,2.75758711531906,4.54400353813255,2.5642847540289746,4.225476297868051,1.342056887260207,2.2114663976372504,2.7576978166843804,4.544185953909335,2.7575478231752046,4.543938791804246,2.757772942064608,4.544309746913611,AKSARAY,SARIYAHŞİ,4717,-0.491
54988432B79971827749664,0.6367938475939627,1.0438509882651614,85.39162282372929,0.6347550250337685,1.0406086951348128,0.5922679866127053,0.9714190177074131,0.5235813793684256,0.8591069796261703,0.6336009635807045,1.038753872239223,0.6352609946801324,1.0414195485519262,0.6347400252436606,1.0405901238420203,NEVŞEHİR,DERİNKUYU,21107,-0.615
54988432B80108419437417,0.36079949302341086,0.5945321414315929,50.808739943834546,0.35883860717624644,0.5913009571190864,0.320742018127794,0.5285246863477021,0.2694938140801456,0.44407693881443544,0.35528672902677116,0.5854481059839143,0.359785455877015,0.5928611920877178,0.35729186969964394,0.5887522142245465,ÇANAKKALE,LAPSEKİ,30654,-0.056
54988432B8015815916555,0.47056240571592745,0.6598714056018959,43.980466014991684,0.466296613727816,0.6553615142890984,0.403776347308981,0.579355438644447,0.3205018495805384,0.47321370315969724,0.46211336155039723,0.6505698898868236,0.4679207168638507,0.6571702580827314,0.4648739834152696,0.6537481987542597,ANTALYA,GAZİPAŞA,55850,0.152
54988432B80335300627236,0.15300950855759332,0.23329850523889026,17.520162772761488,0.15104855824639088,0.23126512268143828,0.1319234154472541,0.20515359504185374,0.10769590657908709,0.16968073223548324,0.14927863272330047,0.2291027693631152,0.15159951512115183,0.23189759161400256,0.15032671900046024,0.23040244564228046,DENİZLİ,SARAYKÖY,30883,0.078
54988432B80355579984190,0.19640570533229024,0.32188165211189423,24.791998459035028,0.1957162153298088,0.320756068020803,0.18340674490951678,0.30067952305268736,0.1661579559890103,0.2725314606638191,0.19586868221089057,0.3210049319183476,0.19568135819774649,0.3206991295508025,0.19605187035706784,0.3213037517241052,KIRIKKALE,BAHŞILI,7353,-0.005
54988432B80433190891515,0.2224409454063271,0.36654234324522905,27.26341260348595,0.2217660087749203,0.3654301700616185,0.20777066151692752,0.34236837552956983,0.18817370263464403,0.31007614077004125,0.22132264571701496,0.3646995881363522,0.22194309038108673,0.3657219684387172,0.22173728779867252,0.36538284310068103,ELAZIĞ,MADEN,9139,-0.592
54988432B80507521007844,0.1371443090484636,0.225988953200798,20.5578279436494,0.1365477999514486,0.22500601437275272,0.12452267673081763,0.2051907917973801,0.10815719126601733,0.17822343927306822,0.13572832916092045,0.2236556751030084,0.1367745767562487,0.22537970142606598,0.1362494582972367,0.224514401424324,GİRESUN,DOĞANKENT,7327,-0.593
54988432B80615389544588,0.5982190070814049,0.7664895073612941,54.90099778235409,0.5957154227012026,0.7636703617196483,0.5398221083553281,0.6999489353469264,0.4440608718958112,0.5899020359908804,0.5928270247368935,0.7603636420340235,0.5967289741382488,0.7648266648830753,0.5947874805170047,0.7626089589479709,BURDUR,BUCAK,68312,0.439
54988432B8063224387677,0.005483644739045338,0.009036052191301642,0.5206230968698612,0.005457773299186978,0.008993420749632983,0.00494848558368791,0.008154206942642357,0.004269314061062242,0.007035055426207729,0.005429470158077675,0.008946782305238432,0.005466761469454396,0.009008231624426238,0.005449366381488051,0.008979567673675201,BURSA,BÜYÜKORHAN,9148,-0.752
54988432B80643331900802,0.8361007472804821,0.8848806849656476,41.08230637700761,0.821508443463245,0.8721483314665268,0.6124583103556283,0.6750864012282627,0.2013977123252247,0.2976639798627496,0.8244190388941681,0.8747984522918583,0.8210122225936922,0.8716941553907185,0.8276698724152396,0.877722384558463,İSTANBUL,ŞİŞLİ,261959,6.959
54988432B8068662711190,1.073509006964744,1.4408464891061064,94.88129462524965,1.0645756199212437,1.431801275011254,0.9672006798179495,1.3044193704557703,0.7976569757657342,1.082518791129606,1.0494534953715633,1.4135454608819022,1.0686637975999365,1.436300425242645,1.0565465401512526,1.422310942781149,MUĞLA,MENTEŞE,126288,1.555
54988432B80772091068357,0.7724993359692842,1.03941025479425,70.91864918349505,0.7621217038967198,1.0298742749048282,0.642126261234876,0.8982042097991035,0.47707289145546405,0.6990839393854852,0.7542464326994234,1.0219330533907072,0.764893564918654,1.0325871185859046,0.7596646155402937,1.0274219154940618,BALIKESİR,EDREMİT,176251,1.072
54988432B80891618089015,0.0944046652177466,0.15556177006434335,14.134525029311177,0.09390993862406886,0.1547465503457744,0.08409815218795669,0.13857850545123035,0.07094903603895744,0.11691114634136039,0.09345694799666107,0.1540001039317166,0.09408811272651618,0.15504014895864376,0.09380581944369203,0.154574980816242,ERZURUM,AŞKALE,19983,-0.578
54988432B80955885520909,1.9158606304642498,1.8616095429520978,83.37606421881551,1.8932945091638762,1.843666746034155,1.6188703820284633,1.6090491433411376,1.1760252841460814,1.1890942915231941,1.8944435474662027,1.8446380679104113,1.8940158201068722,1.8442350583026956,1.9004190800191663,1.8494659927005086,SAKARYA,SAPANCA,47505,0.695
54988432B81043238073761,0.14760806895352313,0.24318607383629084,18.800498236869434,0.14718690269710558,0.2424930540913963,0.13782536813469626,0.2270759294921695,0.12318101951259114,0.20295477083601277,0.14668774976201693,0.24167124718025107,0.14733462553423268,0.24273623086951748,0.1470292552652183,0.24223351408391777,ORDU,İKİZCE,12537,-0.979
54988432B81083365712780,0.37074859421742373,0.47397981728244704,29.399317279113514,0.363766733810871,0.46738246790617566,0.2722215356554497,0.3661606390463218,0.11706392011262626,0.19003779430844078,0.36581398864047715,0.4694357445211944,0.3630926105477075,0.46669634178910335,0.36714670811754924,0.4707397910894826,ANKARA,SİNCAN,605366,1.05
54988432B81091968456381,0.23299884454753256,0.34723419891143564,24.971983683313407,0.23154817116995724,0.3457265536755688,0.21449960584452205,0.3234863572568431,0.19184895869281196,0.29222367522055553,0.23019840109157702,0.3441167547504569,0.23196981784373336,0.3462058852475635,0.2310368909549969,0.345127901891955,GİRESUN,MERKEZ,143915,1.145
54988432B81190990661925,0.18792779070000654,0.30967065873929733,23.668568272175023,0.18753879878672036,0.3090296941978592,0.17409667292334702,0.28687960259562173,0.14557255160833654,0.2398770936815055,0.18723683961308227,0.30853212781249995,0.187640771159971,0.3091977229042786,0.18750413904715546,0.30897258223714735,KONYA,KADINHANI,31478,-0.526
54988432B81237191806076,0.7755003121590289,0.8298724449983867,34.841535115212906,0.7658555213441872,0.8219538204838801,0.6607554269050645,0.7300186194225995,0.4847945068045335,0.5747067735274911,0.7591959468394023,0.8161917921479144,0.7683612516964758,0.8240715692505851,0.7635953903211801,0.819983182625907,AYDIN,DİDİM,103141,0.842
54988432B81292966390728,0.6699329837408784,1.103336443417106,87.76228362771606,0.666961333218394,1.0984485954698775,0.597539927110138,0.9842127200095586,0.47436132608827475,0.7814297924329611,0.6631420461707332,1.0921663833871735,0.6680653123168004,1.1002643959008545,0.6656271523951071,1.096254109636296,AFYONKARAHİSAR,KIZILÖREN,1977,-0.64
54988432B81439827862263,0.0016387986914497223,0.0027004430833268266,0.23430107003606812,0.0016315083677246542,0.002688429951768149,0.0014866471297684414,0.0024497248990231046,0.0012904376862030939,0.0021264073143045523,0.0016249321077401767,0.002677593467774175,0.0016340752009788918,0.0026926596275322467,0.0016300254272821671,0.00268598633481764,ERZURUM,ÇAT,14015,-1.131
54988432B81567150601582,0.09091666043965282,0.13132888654812017,9.409339866866851,0.09038674974027068,0.130798125448811,0.08463380124052278,0.12353333792818794,0.07738518884295148,0.11389485801336346,0.09001293686310391,0.1303689773524874,0.09052593914098063,0.13095113481358978,0.09027493316203544,0.13067206398630846,AĞRI,MERKEZ,150035,-0.231
54988432B81711897085768,0.11448188265533203,0.1073009168434384,4.562236703047527,0.10719105257591477,0.10192075581846484,0.07618870940111798,0.07736973551646505,0.051146154913306235,0.05600556137986,0.10352811641147638,0.09914598652093139,0.10872716803802689,0.1030708770462949,0.1058768077248909,0.10092972811459851,UŞAK,ULUBEY,11365,-0.261
54988432B81810188934288,3.204739428885468e-05,5.2808294696298485e-05,0.004110352942058102,3.194614937160496e-05,5.2641461431215055e-05,2.9861784639812695e-05,4.920680630702803e-05,2.697089102104332e-05,4.444313782341859e-05,3.1805014052799734e-05,5.240889601761716e-05,3.198741275806075e-05,5.2709456009884536e-05,3.189450341115521e-05,5.255635825325553e-05,BİNGÖL,YEDİSU,2842,-0.968
54988432B81913319762602,0.22150849522131297,0.2997162071440495,19.000078838823068,0.2194366877635105,0.2978036749600778,0.20363573816119704,0.27848862030785304,0.18345864780169857,0.25251151312309095,0.21860843580916697,0.2969275613197384,0.2197956937285588,0.29816933835237386,0.21934013703226268,0.29770311685553225,ADANA,SARIÇAM,263080,0.862
54988432B81969335457168,0.378124966133954,0.5839403434920847,50.392887564406,0.3718292244793164,0.5770020374915735,0.30754054167898537,0.4848096841854819,0.23211295900680917,0.37082650903392816,0.3662464085693177,0.5694839873691873,0.3736352914999175,0.5792366514655922,0.36972794808196463,0.5741418678664194,AYDIN,BUHARKENT,13137,-0.293
54988432B81976291496552,0.04346932335185167,0.052636540985186935,3.0541692797248583,0.042417033365498444,0.0518284845283492,0.037319803285879645,0.047153747561911145,0.03276693438094845,0.04246057913202713,0.041952504600749396,0.05144561382736328,0.04261767454321553,0.051989276141104095,0.04228902683542445,0.05172382118035426,BİTLİS,GÜROYMAK,49372,-1.002
54988432B82014905265154,0.3836216937501823,0.3464650955353538,14.011682199025243,0.3743423334280108,0.33898089124485103,0.21867816241856758,0.2097630804413952,0.0317473142668957,0.04801421287314583,0.37786148163251104,0.341822931465814,0.3731324792669582,0.3380027199564307,0.3799627903595409,0.34351757144489614,ANKARA,AYAŞ,13136,0.032
54988432B82471311142852,0.25520227844054644,0.30492431063484643,20.645463691714824,0.2376915141031789,0.2902215727794938,0.13552887537128966,0.1790184913436886,0.03757592545397626,0.06074896237835219,0.2419415054478907,0.2940762610833823,0.23636929347805868,0.2889953754977425,0.24495602729885566,0.2967192912647962,ANKARA,GÜDÜL,8028,-0.493
54988432B82480836109015,0.3625474717867456,0.4607356235800266,26.436622611369085,0.35654791235039734,0.45467841964996225,0.269574964027442,0.357033061817985,0.12002737366475541,0.19279417388869446,0.35774062292578984,0.4559694624560268,0.3563444334356387,0.45445642299783984,0.3590719457148089,0.45738330941196914,İSTANBUL,AVCILAR,440663,1.64
54988432B82856135372204,0.19692682917210383,0.3244989774039404,28.55289756512324,0.19650757053020632,0.3238081811581099,0.188435354211791,0.3105068962753086,0.17270132155220452,0.28458026139186443,0.1959207298022212,0.32284120964042945,0.19666726375556523,0.3240713122432465,0.19628378717516745,0.32343944094236643,DENİZLİ,BAKLAN,5266,-0.532
54988432B82883997351457,0.15502026069113964,0.20365133689445972,13.931842602801462,0.1537487527031582,0.2023945035438736,0.1397638106623849,0.18541648437475344,0.12143117471862848,0.16273742520111395,0.15305433004057623,0.20161261574309264,0.15403151371517415,0.20270216203662406,0.1536142767126782,0.20224560183641463,MARDİN,NUSAYBİN,119559,-0.395
54988432B82979993724988,3.256170875326603,2.9773572943620277,103.95753770288684,3.216211009388592,2.9450303210766027,2.717512546045046,2.523182168857252,1.978969899653233,1.9069709028677526,3.182367376983518,2.9166776162424695,3.2299799382393477,2.9564265002745187,3.204525012977513,2.935280379100065,ANTALYA,KEMER,52339,1.501
54988432B83102483310447,0.36788243390249464,0.2669838658212797,4.171971939381856,0.3638524893583703,0.26406251084555005,0.2897573465884517,0.21034658847130216,0.19644545622070606,0.14269319485478146,0.36343196865237404,0.2637586442418125,0.36429811771169035,0.2643851750702942,0.36506250938315776,0.2649402813963089,ESKİŞEHİR,SARICAKAYA,4477,-0.525
54988432B83298049825125,1.565458500549007,1.4390595787904292,49.254649376374324,1.5533572655159278,1.4296788454627032,1.4407860235635133,1.3336578010872215,1.2151805622280463,1.1458417958227907,1.5451994009032222,1.4230189795101515,1.5568294169614343,1.432453843003955,1.5505383170894422,1.427396724018116,BURDUR,KARAMANLI,8097,-0.034
54988432B83441396702588,0.2573438840574971,0.34026987108640544,22.35583153156115,0.25572182982527997,0.33784901882583995,0.22581767473399106,0.2983410938161006,0.18055225500700817,0.24285710451604325,0.25463956576338376,0.33629554430359654,0.2561086357402348,0.33841187705568093,0.2555584026944341,0.3376138098090078,ÇANKIRI,MERKEZ,99287,0.704
54988432B83485436335892,0.41387284100742644,0.46576458080057975,24.807804198170132,0.40893949270162633,0.4616552229009721,0.36740011217685686,0.4208670357068875,0.31030376499767937,0.3636147185878749,0.4051317452736654,0.4581590210245223,0.4102425416168715,0.4628048940227934,0.40739855928720714,0.46026072963007664,TRABZON,ARSİN,31493,-0.083
54988432B83633646725804,0.024141739194065297,0.03975633119055437,3.2649909564116046,0.02399608450177203,0.03951897795916026,0.019057011349887,0.03139230275371334,0.01003537081238929,0.016535253776752145,0.023851359369030475,0.03928156581451725,0.024042559781188657,0.03959509928604413,0.02396477611965524,0.03946764161100808,İZMİR,KİRAZ,43340,-0.599
54988432B83968093361276,0.2675273402155918,0.24697820227233047,10.543606662144741,0.2645502748886377,0.24445670416817397,0.20991830265600875,0.1978415458302162,0.14124873991730008,0.1387661189640611,0.26104179354881907,0.24140596868745515,0.26563933438510673,0.2453857194433695,0.26339643956590997,0.24343092081488066,UŞAK,KARAHALLI,9408,-0.609
54988432B83996271763455,0.287084048951956,0.3719680507841118,23.095671265892733,0.2818375749801294,0.3664443735522476,0.20932780766532094,0.27894926089097827,0.07981996341843722,0.1301962320354548,0.27856255379949946,0.3626410955155317,0.28306701512734084,0.36783512260152174,0.28112465178872076,0.365626852799851,İZMİR,KARŞIYAKA,339624,2.222
54988432B84046531787884,0.29961161588423924,0.4937056149851033,36.682918451242855,0.29846759885773333,0.49182048236780607,0.272369424089526,0.4488154226811191,0.22792483811312045,0.3755788040424159,0.29717308663238845,0.48968736095182414,0.2988858388881963,0.4925096660993573,0.2980608248486134,0.49115019256031706,AYDIN,KÖŞK,28307,-0.306
54988432B84066107129786,0.011121628378848626,0.018326426905079414,1.376555412071626,0.011091608840076381,0.01827696014856738,0.010466530606126954,0.017246944563240277,0.00958483618768527,0.01579407203758403,0.011059883416936611,0.01822468240394237,0.011101802628559618,0.018293757663567903,0.011082730810230094,0.018262330765216606,VAN,ÇATAK,16361,-1.064
54988432B84070698117276,0.6501232243445836,0.7824343120694176,41.5759245309251,0.6390154482621285,0.7727887675288234,0.5366297821581473,0.6687408003914701,0.41734167424973545,0.540905657159693,0.6306992814143026,0.7649213498861984,0.6425815639610883,0.7760510680528928,0.6360851280508548,0.7700503476198972,ANTALYA,ALANYA,371547,1.676
54988432B84158817868170,0.024194757925543077,0.03986857387285401,3.063826986352891,0.024135406537503765,0.03977077354743709,0.023059269309728958,0.03799749452993663,0.021560287167660154,0.03552744376732635,0.024091599757768548,0.03969858791783168,0.02415454382583398,0.03980230832847797,0.024127725200315874,0.039758116096593375,KARS,DİGOR,17557,-1.164
54988432B84437905813511,0.2694796576309633,0.3486671941412359,20.298461302260986,0.2663651989769537,0.3458799090446537,0.23808473681000736,0.31539661525116375,0.20340738417961807,0.275978942264437,0.26500408750951737,0.34453123678119546,0.2669393701867023,0.346433107101054,0.26620298558206845,0.3457165775571535,ADANA,ÇUKUROVA,380653,1.529
54988432B8459545237186,0.12808595915640406,0.17475473974708472,10.610539547306384,0.12578071519891543,0.17272908907365558,0.106196296851222,0.15134771916399525,0.08323074689071133,0.1240139315836966,0.12420573553226458,0.17117530653706572,0.1263874202564666,0.17330310034009005,0.12524935146842667,0.1722136544793311,AYDIN,NAZİLLİ,162156,0.756
54988432B84703414085242,0.0,0.0,0.0,0.0,0.0,0.0,0.0,0.0,0.0,0.0,0.0,0.0,0.0,0.0,0.0,KASTAMONU,DOĞANYURT,5057,-1.113
54988432B84747582634168,0.5916401522701574,0.8122786529205573,62.041127709756914,0.5875540200237473,0.8086899041135875,0.534704776863173,0.7544081485147046,0.45468010699821776,0.6606719301151391,0.5839176919127471,0.8052202807322245,0.5887131756826601,0.8097602938873738,0.5862981518613529,0.8074871918635299,SAMSUN,HAVZA,38103,-0.124
54988432B84759555585504,0.19277061937502563,0.31762274832248605,27.261859567157195,0.19237422643018742,0.31696982106723975,0.18095107060437896,0.2981513615224156,0.15847272700882628,0.26111731485771833,0.19170658289091083,0.3158700629442932,0.19253447139083563,0.31723377436366534,0.19211327689917404,0.3165399832065327,ÇORUM,DODURGA,5036,-0.511
54988432B84830435055173,0.11135171099866596,0.18098006776961562,13.646833295280825,0.11108793557121652,0.18056171608600866,0.10508971584949466,0.1709950473164282,0.09547303256344826,0.15556663382025274,0.11080293752482975,0.18011063066829253,0.11118276679029028,0.18071184797316325,0.11100659516343088,0.18043344892878552,ZONGULDAK,ALAPLI,43217,-0.17
54988432B84852030517373,0.03941460594343715,0.05637729227013528,3.853853866855864,0.03858360089776927,0.055599295342237,0.03301565779866786,0.04878972955054966,0.027197961443901835,0.040977266977967344,0.03829994761615609,0.055299252895531524,0.0387140161309532,0.055732898696248145,0.038571518346058556,0.055586766469492205,ŞANLIURFA,VİRANŞEHİR,215727,-0.803
54988432B84880544185271,0.2522910986425852,0.41572998310829895,34.059592017971866,0.25107807961962475,0.4137311477128425,0.22689764099961487,0.37388616945901537,0.19433720921546468,0.32023248199856197,0.24943934611122906,0.41103081203936925,0.2515420883874473,0.4144957500244058,0.250487229298982,0.41275753352216366,SİVAS,DİVRİĞİ,15657,-0.218
54988432B84889548595985,5.758328295905921e-06,9.488680885172266e-06,0.0006909993955087106,5.7433713941302425e-06,9.46403462315188e-06,5.430779157193491e-06,8.948939298423033e-06,4.991159944449516e-06,8.224526551118567e-06,5.727521348094073e-06,9.437916621342322e-06,5.7484596573469335e-06,9.472419158288103e-06,5.738937634825467e-06,9.456728591782573e-06,VAN,BAHÇESARAY,11438,-1.244
54988432B84935584659514,0.3757323014922589,0.5224549470555635,37.926367686554904,0.37491554776110775,0.5212007455194598,0.35124561044546193,0.48939523509626165,0.3083590184403267,0.4337570133708468,0.37361263506753534,0.519309018456807,0.3752383357309278,0.5216852681226225,0.37443323692753566,0.5204920351012512,AMASYA,SULUOVA,46928,0.061
54988432B84973807429467,0.08726539872034358,0.10748513668262152,6.701976667317285,0.08291637388361064,0.1038150169880639,0.054144502678543316,0.07341604016127086,0.02208060782557246,0.035947030798836786,0.08399317261772903,0.10478708445540315,0.08257894775624881,0.10350450363011572,0.08474944085551021,0.10544995120505428,ANKARA,ÇUBUK,101437,0.298
54988432B85224967015288,0.31691082220929806,0.32422601758769204,14.651583363408667,0.31393660752381286,0.3216149120257093,0.26064481777515597,0.2738941036765756,0.1928065397490647,0.2123143577912785,0.3136362126127766,0.3213495869388508,0.3142572205977011,0.3218979493318252,0.3148131985094132,0.3223883584981348,ESKİŞEHİR,ALPU,9725,-0.401
54988432B85329501367983,0.015046210157681287,0.024793426039807668,1.9722656557761777,0.01500868233315285,0.024731586989832306,0.01415539034204348,0.023325516514262748,0.0127676683030884,0.02103880222700557,0.014980177802417272,0.024684616691851246,0.015019408924936545,0.024749262468059793,0.015004724948631032,0.0247250659377252,DİYARBAKIR,DİCLE,35948,-1.122
54988432B85338768534815,0.5688553964805816,0.8190383810731628,61.98544470676689,0.5647983522778675,0.8141321738493746,0.4807972899713942,0.707317768881483,0.35301815083136284,0.5353759999123394,0.5595274136967215,0.8077028473220339,0.5663413321942374,0.8160032644086226,0.5629441023140991,0.8118771836859322,AFYONKARAHİSAR,DİNAR,46878,-0.132
54988432B85449040916206,0.0007223350745589565,0.0011902772232576847,0.09330341888365087,0.0007205139995376391,0.0011872764218345479,0.0006826472891159856,0.0011248789493566835,0.0006296118465059635,0.0010374861567491209,0.0007185863811399605,0.0011841000562464723,0.0007211333299859761,0.001188296966111421,0.0007199745059869809,0.0011863874342883812,ŞIRNAK,GÜÇLÜKONAK,12562,-0.959
54988432B85482798443397,0.05891973417763633,0.08343736786963371,6.004740456311309,0.05813949858273665,0.0827800384778032,0.05330862363660278,0.07733306209958081,0.04828241737410907,0.07093585774108567,0.05785302975970034,0.08250648633427533,0.05825798425568582,0.08288916272689398,0.05810561476026133,0.0827483469161778,KİLİS,MERKEZ,135430,0.193
54988432B85515105263219,0.3140121724747681,0.4034196312426724,21.67758961399774,0.3048699262167521,0.3965392480670229,0.2616770607240717,0.3581027614607018,0.22068464840038396,0.3151078417611717,0.30250565847212224,0.39463186451446064,0.30619679011971257,0.39757522078799085,0.3050189201650979,0.3966281698255907,KAYSERİ,SARIOĞLAN,13510,-0.613
54988432B85612149706662,0.052655372531697164,0.08676650603585219,7.599029345675533,0.052292015881764776,0.08616776016351889,0.04530513842264338,0.07465465302780006,0.036148963766538963,0.059566937465898695,0.05202386730238727,0.08572589992756562,0.05238515198317482,0.08632123157045433,0.05225520595665014,0.08610710408160215,GAZİANTEP,NURDAĞI,38269,-0.45
54988432B85758697491434,0.15957716640406355,0.18244519337263537,11.03608473315629,0.1586414455955429,0.18148599112734545,0.14739468136267506,0.1684872470098102,0.1315905122231788,0.15041335708808115,0.15816441101618722,0.18095941680305824,0.15883457307479346,0.1816949588715604,0.15858694428172815,0.1814256281974628,ADANA,CEYHAN,156081,0.103
54988432B85980099192103,0.37018887159983654,0.3840944678377507,19.488493622446235,0.3660218309150636,0.3806166366707931,0.29047860415135945,0.31635510537378786,0.18997522155469032,0.22433546902573448,0.3608361761341329,0.37636846127787993,0.36757191263283373,0.3818918862460657,0.36419289529815857,0.37912688760859053,AFYONKARAHİSAR,HOCALAR,8220,-0.772
54988432B86025337203985,0.16072591205089662,0.14481502084047204,5.058510122356581,0.15544639121254322,0.1409447757914493,0.133369717086582,0.12388421182160202,0.11600925022329465,0.10976565427261378,0.15392771068466807,0.13981367959326058,0.15626351679905703,0.14155021166799733,0.15537584144665498,0.14089239816208618,TUNCELİ,PERTEK,10569,-0.465
54988432B86036130950643,0.04915004421144889,0.08099036057845604,5.615139455544451,0.048410680446916536,0.0797720231619014,0.045433596732642426,0.07486632902958275,0.042909309467074726,0.07070676134003204,0.048001217705205386,0.07909730281064478,0.04857214970392459,0.08003809521854406,0.048243470437658524,0.0794964913865103,SİVAS,GÖLOVA,2998,-0.594
54988432B86037969006851,0.33940490115568195,0.4458403363877363,30.06469443499521,0.3361168880545635,0.44253420496213475,0.3043336255916064,0.4057299756530967,0.2636724954034878,0.3568138729112329,0.33495293554730937,0.44127571538656735,0.3366730526549171,0.44312581668416207,0.3361606840148873,0.44258102200559746,AKSARAY,MERKEZ,327575,0.96
54988432B86248275111612,0.7102673421701079,0.9797738513954307,73.98812150652705,0.7034244844338224,0.9741206134393687,0.6388812428356518,0.9096647140209089,0.5458672739417235,0.8007236809774994,0.6984056157790206,0.969584026151634,0.7051376701536625,0.9756142003408487,0.7016607705945216,0.9725320475242556,SAMSUN,LADİK,15942,-0.26
54988432B86259306109163,0.6736125032863951,1.0859943050755396,90.77721357576695,0.6695920200598752,1.0811889399364452,0.6116176381328713,0.9929737995838115,0.5154767342261838,0.8400819066624803,0.6653003142804839,1.0752093251274517,0.670835555986118,1.0828299647534863,0.6678856580103285,1.0788547277141731,DENİZLİ,TAVAS,40104,-0.165
54988432B86310086710434,0.1360478507104008,0.17777333158270314,9.950192351684729,0.1352327607017604,0.17702400312566866,0.12669032662264554,0.1676062821109192,0.1154791503278126,0.15469513665774265,0.1346838346639466,0.1764645752998307,0.13543304305446552,0.1772214643814462,0.1350707791181237,0.17686126662849952,VAN,TUŞBA,167758,-0.19
54988432B86380728470389,0.27363263030045487,0.4468207438983845,34.15194241804637,0.2729761043983922,0.445772725404462,0.25875744409303614,0.4229540944540976,0.23753623308010094,0.38877300408285614,0.27235421311384006,0.4447937986991052,0.2732035880733625,0.44613462190927583,0.2728294697006149,0.44554841615689417,BAYBURT,AYDINTEPE,5982,-0.598
54988432B86465154282957,0.017283111815921934,0.02847943435955716,2.3723273710289225,0.017240768107455808,0.028409659606107366,0.016354843838202366,0.026949817053303973,0.01510684715875793,0.02489334482239241,0.017210571759046726,0.028359901499374368,0.017251431929486548,0.028427231651163898,0.017237497933222767,0.02840427095194565,KİLİS,ELBEYLİ,5273,-0.835
54988432B86482877826828,0.5529498788256029,0.5887105429452579,29.414183864663062,0.5489857558875535,0.585354592624159,0.4931987156017588,0.5345564598801081,0.42036037025397344,0.4664359655305065,0.5448780409232271,0.5817767955584643,0.5502295769300891,0.5864299642532564,0.5474804837967685,0.5840649854164277,GİRESUN,PİRAZİZ,15109,-0.168
54988432B86685660972424,0.06256298181387565,0.10309244960534301,8.678540469907183,0.06234488859313598,0.10273307152398399,0.05788588866472977,0.0953854481837631,0.051741653378926215,0.08526086255500416,0.06211496682836546,0.102354202146909,0.06241891813278801,0.10285505878169793,0.06228047772662611,0.10262693409547298,VAN,ÇALDIRAN,50170,-1.22
54988432B8670840315207,0.06333930411225192,0.09614907029533165,7.1192027320771425,0.06255322772276149,0.09535987439599923,0.05625052851466539,0.08700376139444921,0.04893159071538251,0.07646960195179085,0.062210051608463525,0.09496429396142868,0.06268990570964511,0.09551169087031884,0.06250117071591839,0.09530136682159078,HATAY,DÖRTYOL,132987,0.323
54988432B86746221394106,0.3988525225225928,0.45645748778767914,24.534831686691852,0.3920453508066404,0.45101886130039087,0.34222901179963344,0.4043028305854159,0.28635195784764955,0.34847219444087696,0.3891939604018081,0.4485682154584416,0.393191832512643,0.4519834533648386,0.3916061173528674,0.4506458476463982,HATAY,BELEN,37876,0.064
54988432B86802398359191,0.09810099363055473,0.16165264904060253,13.286627874121564,0.09746599174305474,0.16060628107366093,0.08523486832533798,0.14045160752710634,0.06920305407001731,0.1140340846520648,0.09731551825624336,0.1603583280524607,0.0975396204663868,0.16072760785875878,0.09760536485590675,0.16083594269138526,AKSARAY,AĞAÇÖREN,7480,-0.563
54988432B86910929123877,0.047720677131507155,0.07863502281506721,6.70784224324076,0.04756968913690149,0.07838622197831673,0.04448604496320871,0.07330493553127711,0.04021705779048207,0.06627041875777243,0.047430747452830144,0.07815727127699273,0.04761730806876001,0.0784646893433712,0.047537735677189434,0.07833356847077003,BATMAN,KOZLUK,58781,-0.885
54988432B86957506981644,1.0178373452705827,1.4030530356999864,108.46999042008325,1.016023681352268,1.4015820011241151,0.9719194911743423,1.3581529303819615,0.8915689226258269,1.2647559933564578,1.013349443523707,1.3993516047521106,1.0167690640299074,1.4021898831805502,1.0150173122535766,1.4007574467891226,RİZE,İKİZDERE,6287,-0.5
54988432B870340746196,0.44327978996026196,0.5709980918502731,34.81291075689166,0.4376129297313104,0.5649024111937828,0.35082567759192274,0.46047135555006535,0.2128787272220526,0.28580740800210047,0.4394557852732687,0.5669649208246199,0.43699257497789357,0.5642019809937409,0.4406085380435793,0.5682352788019281,ANKARA,PURSAKLAR,168881,0.447
54988432B8708369070409,0.37014969602319014,0.27397137054519755,4.885917503147096,0.36730341380937953,0.2718858757141831,0.3128020130995673,0.23192651935329447,0.24198989286473566,0.1799769310903859,0.36424104845067856,0.26964170935159026,0.3683302597879966,0.27263830216313634,0.366402557847045,0.27122573790545973,KÜTAHYA,ÇAVDARHİSAR,5503,-0.562
54988432B87097212821795,0.2472596626120961,0.28649194875641837,14.832146406573,0.2468024365646646,0.28582458472239614,0.23294272669196658,0.2700562072585495,0.20751909887373063,0.24337871952268897,0.246472799793568,0.28538778540278087,0.2469356206037167,0.2860082367536577,0.24677135595712185,0.2857847799633627,NEVŞEHİR,GÜLŞEHİR,21173,-0.385
54988432B87156479266793,0.2950576938837692,0.4862015772821564,35.41896034159841,0.2945573239420214,0.48537705834926503,0.2838384659097368,0.4677143239417589,0.2683973946713077,0.44227023844027136,0.2942335230075817,0.48484349312350267,0.29469851035101147,0.48560970795022357,0.2945404245495914,0.4853492112148745,TUNCELİ,PÜLÜMÜR,3580,-0.492
54988432B8720609877048,0.2524635625170265,0.3710600792168782,24.826346624214235,0.24940605387492196,0.3684078404071478,0.22932262917123172,0.344942713566953,0.207447989750343,0.3162448816795548,0.24947999217491162,0.3684790613873634,0.24951552280429076,0.36851321705279355,0.250179976089324,0.3691397734423022,KIRKLARELİ,PINARHİSAR,17694,0.002
54988432B8721285077518,0.15818778245315512,0.21543850667191236,15.18749880420895,0.1569314221735115,0.21419505446248843,0.14459811243818194,0.19941463954451583,0.1282188698180763,0.1791098274939747,0.15633858754400662,0.21354315702162802,0.1571632845972102,0.21444339349539057,0.15684479099638693,0.21410162201073846,OSMANİYE,MERKEZ,284895,0.515
54988432B87255554726822,0.13508090007311097,0.2225888293633569,17.688238838671122,0.13415828318111508,0.22106852402167593,0.11995516283863218,0.1976643571214772,0.10143129762459759,0.1671403861452331,0.1335516436877333,0.22006889213734326,0.1343782767749697,0.22143103357333746,0.1340609426987058,0.22090812455722592,ÇANKIRI,YAPRAKLI,7002,-0.893
54988432B87330314310527,0.16847434353917184,0.20688256204968,13.41253287323654,0.16633414911169933,0.20515792084729756,0.14941494928588359,0.18877654553378537,0.12924451293148956,0.16724890240735477,0.1653145899527566,0.2042745679823986,0.16675361508071926,0.20551228261748364,0.1661235366567525,0.20497997693111328,YOZGAT,YERKÖY,33000,0.079
54988432B87370140672235,0.04685560889082989,0.038697576067868236,1.0846780870202157,0.044107768121901675,0.03669490591149189,0.03282896105984649,0.028210569718153684,0.024091711679472622,0.02138898655832036,0.0432323121135097,0.036048728280334834,0.04451507250925892,0.03699405088536085,0.04400112902961748,0.03661517477809934,ADANA,KARATAŞ,24005,-0.564
54988432B87552585727000,0.2584990131732862,0.2516851683910781,6.791520763303091,0.25313407905387275,0.24772372214352847,0.2159625488557021,0.2191098356956712,0.17694750322296177,0.18840020271105934,0.25002970352544324,0.24538898029648157,0.2543957951392214,0.24866583649414678,0.2521466679825769,0.24698343219830346,KÜTAHYA,HİSARCIK,10799,-0.514
54988432B87659764102191,0.13078166173584788,0.18260082580824788,13.113052997497109,0.13015437361587076,0.18195916116237423,0.12067208663255541,0.17074352261198772,0.10715978681128183,0.15382848868911644,0.12975363669521484,0.18152985910088384,0.13030494329102962,0.18211772286567351,0.13008502125576282,0.1818918171635785,KIRŞEHİR,ÇİÇEKDAĞI,13350,-0.697
54988432B87892506897385,0.19103367027648946,0.2574359343456732,18.88780398501676,0.18511486102378116,0.251090439059953,0.11758988430830984,0.16632696453859117,0.04199568192438741,0.06843397030894949,0.18696456792930238,0.25321775500147375,0.18450159996873783,0.2503745377520027,0.1881471040682826,0.25454196113520455,ANKARA,BEYPAZARI,48359,0.269
54988432B88005070896558,0.5183433172638942,0.6354519293253419,35.427079043984605,0.5111113015435175,0.6282649482862398,0.40475365731438356,0.5100862398266426,0.17241481818461343,0.2685758087644261,0.5125736903957585,0.6298003464765758,0.5108639708430168,0.6280049376016015,0.5142115914787603,0.6314998531799924,İSTANBUL,MALTEPE,525044,2.685
54988432B88117784045273,0.00135019247101261,0.0022248723644516175,0.16464108018096038,0.0013474094797804005,0.002220286499535328,0.0012889664562838654,0.0021239829941729267,0.0012062625426364228,0.001987701941021898,0.0013454883248793573,0.0022171207846176945,0.0013482042675311957,0.00222159616563132,0.0013472348834472595,0.0022199987964375265,BİNGÖL,ADAKLI,7491,-1.097
54988432B88177358385570,0.04572487663529372,0.07428446707562208,4.910007423960477,0.045525266864407804,0.07401681367820434,0.0427994822403929,0.06977028411965862,0.03922174152776423,0.06405861810046906,0.0453542228060603,0.07376343677134782,0.04558127401443478,0.07409742890082804,0.0454717693961412,0.07393820930565712,ORDU,KORGAN,26428,-0.704
54988432B88316498186109,1.0293723460021054,1.6001950663186273,132.745529802562,1.0248577068824762,1.5941319431957028,0.8901445567488488,1.398300551130524,0.4535701173806859,0.7449403928096107,1.0264689094099575,1.596355637942353,1.0243040258300964,1.5933639466354412,1.0274624825140837,1.5977197498628979,ANKARA,BALA,20109,-0.611
54988432B8852789210155,0.5502540541761057,0.7235695364915598,43.25830709908064,0.5440573061663595,0.7177803320681819,0.47785326986762394,0.6448188643352278,0.386693074966062,0.5398194641680908,0.5392230282030392,0.7128044009985903,0.54608581722484,0.7197939319906511,0.5423693196932245,0.7160652282381044,ANTALYA,KONYAALTI,199414,2.465
54988432B88681826210305,0.5835140705830386,0.9405406991118666,72.89618358804216,0.5812779736158409,0.9382700707685923,0.5518016354678422,0.8954333369026097,0.49344953963735305,0.803652330400317,0.580618454795892,0.9374961157096122,0.581585655541572,0.9386196638939107,0.5813870565891469,0.9383974734655047,DÜZCE,ÇİLİMLİ,19022,-0.196
54988432B88727338828677,1.4089859971218746,2.22712360007128,182.12197478165564,1.3989527914395226,2.2176931840359546,1.3045074817140796,2.0905016869001374,1.159028910273196,1.8721252141901408,1.3944256911543857,2.2126717706557044,1.400751735808645,2.219594013487482,1.3982024078805966,2.216882769950245,ÇANKIRI,KURŞUNLU,9130,-0.173
54988432B8876383914528,0.2592039921292175,0.34834594581203776,20.67594018999879,0.25642737008893346,0.34616045518401184,0.23165818605248076,0.3223368027539827,0.19848275613958943,0.2853702653426106,0.25554043021754913,0.34541959702946956,0.2569035814615788,0.34655176601322435,0.25649378934348344,0.3462153226270262,KAYSERİ,YAHYALI,35207,-0.395
54988432B88783696627318,0.08603606335599656,0.08081292871717057,2.9469349545549193,0.08577770328515939,0.08059814102999828,0.08061025327505783,0.07627011192563361,0.07344946825222616,0.07024372656139478,0.08544599476437674,0.08032176993669742,0.08587610936098056,0.08068001636794295,0.08566158573458377,0.080501533426969,SİNOP,GERZE,30701,-0.106
54988432B88821463332228,0.39935225912924815,0.5688988922979388,40.314987462295704,0.39533644257989037,0.5644523782319412,0.3227942529660286,0.47387051815324766,0.19695065560558608,0.30530237464454896,0.3957612444084299,0.5649465921788814,0.39539187635578554,0.5645163994304427,0.39690389203303295,0.5662609916277532,KOCAELİ,DERİNCE,147892,0.68
54988432B88890114136269,0.1821682713782203,0.25685882318317516,19.45583801550063,0.17816770426476902,0.25315142213001296,0.15172888590890712,0.2211242761180883,0.12402568440865844,0.18412884781760866,0.17543039637133775,0.25023841018388215,0.17914891393347226,0.25413826897330033,0.1770921083099759,0.2520314370299682,SİVAS,ZARA,21340,-0.4
54988432B8890840155709,0.19130946357438086,0.25731511578832067,17.62036644556624,0.18736721644592655,0.2529453600355732,0.15274534372786436,0.21073791817927784,0.11400347668071067,0.16207818947350525,0.1844688510682596,0.24955969807247522,0.18862028716516455,0.254379101745686,0.18634263317013605,0.25175753359003883,ANTALYA,FİNİKE,52436,0.315
54988432B88923492741350,0.21242697585565415,0.31038935205848084,19.265843901204676,0.2067713406524452,0.3049333096940642,0.16213348097810146,0.2472951256181338,0.11186572779777776,0.17647396962959466,0.20740423336678251,0.305605063368269,0.20675627368510785,0.3049227315005193,0.20865859298597117,0.30693152510384947,KOCAELİ,KANDIRA,54260,-0.235
54988432B88971047069977,0.9022785308968302,1.1800603813271533,79.05187849326094,0.8873003401441393,1.1671132568474172,0.7363773523778622,1.0090083733686384,0.5382041379698437,0.7770089679221988,0.8768053999400562,1.157174896503927,0.8910941138451236,1.170594625820601,0.8840152628971841,1.164044179471608,BALIKESİR,BURHANİYE,68370,0.586
54988432B8910528917269,0.5102630430761264,0.6756517138520419,44.08686559543849,0.5000426022099659,0.6664876029282795,0.39209330292887146,0.5469496668844196,0.22704793774561072,0.3467868552981921,0.5008949839666527,0.6673123866916683,0.5001610962535726,0.666602766466844,0.5033411519496546,0.6696401882617222,KOCAELİ,İZMİT,381254,2.023
54988432B89158159538815,0.43463799451056156,0.372531789730316,11.017662956095407,0.42558783100779674,0.3658322181532825,0.3619245040268136,0.31682988812513213,0.2941633931996782,0.26356905358424015,0.4223098478723271,0.3633666773165247,0.42708937877045244,0.36695646551399075,0.4253651827961724,0.3656650484299339,ELAZIĞ,SİVRİCE,8070,-0.647
54988432B89273666554884,0.4197173242219457,0.31169481061257015,5.220596252713059,0.41407565597247104,0.30758904018246264,0.3775504164171767,0.2806711773303061,0.31558523314892206,0.23511301936335108,0.4117569563719375,0.3058898555506257,0.41515996102456837,0.3083815919310985,0.41353718575352144,0.3071944704440142,ISPARTA,EĞİRDİR,29200,-0.087
54988432B893295612098,0.4335881680324694,0.6416123082122023,49.36806732407921,0.4254625191180063,0.6340408783589748,0.3303375521898975,0.507201796518846,0.1693348186648136,0.26920635731066317,0.42765360245584433,0.6362912656229249,0.42475383675836564,0.6332916470890049,0.4291269177914605,0.6377383605737694,ANKARA,POLATLI,131894,0.581
54988432B89494188716886,0.20702068076438682,0.29739999324521443,18.269338131686826,0.2066469267733646,0.29687763174949205,0.19796122383154818,0.28528265277316356,0.1847092298254166,0.2680922031471119,0.2062398221706462,0.2963158092949382,0.20677566171002382,0.2970565336644321,0.2065338733647471,0.296721082514469,ŞIRNAK,MERKEZ,105697,-0.333
54988432B89533170865064,0.21456951512551903,0.2848742885638019,17.667375816539266,0.21319166228422448,0.28351437112775957,0.1954386309174368,0.26312830357581496,0.17181802431203697,0.23531452485972457,0.21204811315080657,0.28226847546904144,0.21360371933133399,0.2839497963177083,0.2128246460255113,0.2831191681367819,ZONGULDAK,EREĞLİ,173884,0.612
54988432B89555629027377,0.5593964596433951,0.598664034706276,32.371305376796975,0.5441965154172003,0.585526699000574,0.35832575116143944,0.4064753739459012,0.090354032508299,0.14331535317632277,0.5484885290792746,0.5894180133163267,0.5427909072058308,0.5842375632527357,0.5513243397747516,0.5919446871088884,ANKARA,HAYMANA,25798,-0.578
54988432B89638439219394,0.522470217926021,0.6484328676716536,36.45687209176624,0.51549044896388,0.6413389715913889,0.3994275326796763,0.5142094560243988,0.18200831007897428,0.2806485565320146,0.5170009545216201,0.6429380030575883,0.5152309117096977,0.6410632387117009,0.5186520275157865,0.6446677177429889,İSTANBUL,KADIKÖY,458573,4.91
54988432B89653427211969,0.1509892172755874,0.11352631250712926,1.8893208445539742,0.1436680920632067,0.10822830027381507,0.114336499713828,0.08695865308780576,0.09229417997663068,0.07093453082575231,0.1415695749066663,0.10670883470006251,0.14464552115868365,0.10893589628175646,0.143556525690304,0.10814752819667642,ADIYAMAN,SAMSAT,6834,-0.84
54988432B8973824492298,0.00025502810366090074,0.0004202400710826813,0.030603372439308083,0.0002545813371948073,0.0004195038809578545,0.0002450256721406197,0.00040375787765872974,0.00023128224729782073,0.0003811112055863184,0.00025431360742990086,0.0004190627108522068,0.0002547031119839688,0.0004197045437292068,0.00025457968802612365,0.0004195011634269044,HAKKARİ,DERECİK,24869,-1.135
54988432B89770527018948,0.6426191267478643,0.8386895416492854,59.809912400135865,0.6320024591180861,0.8300593842465217,0.5331746912988106,0.7330200497654784,0.39397819015083524,0.5714919535185831,0.623823027369941,0.8229703743346143,0.634838288209504,0.8324471912290201,0.6289414132654094,0.8274384070959858,AFYONKARAHİSAR,İSCEHİSAR,25220,-0.392
54988432B89902778138642,0.19030220506957704,0.2783828745654036,20.13741632653722,0.1888911688687061,0.2770091058171978,0.1753850206219824,0.2598724836997694,0.1589695869957846,0.2376506617398137,0.18804959280289651,0.27605931222839425,0.18921790233910576,0.2773614200142331,0.1886718945499094,0.27676672323496043,BİTLİS,TATVAN,105045,-0.128
54988432B89911278235882,0.09226801324966757,0.12824467677161275,8.364735706978111,0.09057245282561727,0.1268144342605246,0.08053818923845008,0.11573480389872554,0.07041579495474178,0.10314639520532294,0.08947538669345097,0.12576188963562832,0.09097614153193442,0.12718098096382421,0.09013739277656484,0.12640594376692962,TOKAT,TURHAL,77707,0.037
54988432B9007948244439,1.0516717839451386,0.9563304138119173,38.62140851204198,1.0472839755426662,0.9521547750138845,0.9220082687419471,0.8413391365712587,0.6885357132208253,0.6425341346446672,1.0475797266217082,0.9524334677616868,1.0474900674977632,0.9523498108426957,1.0491211565747263,0.953895030166203,SAKARYA,TARAKLI,7064,-0.437
54988432B90144731477668,0.041077757761124885,0.06768869624033858,5.255697278590183,0.040978881870487975,0.06752576670154206,0.038908460528224664,0.06411408775497102,0.03599023113100872,0.059305374865225226,0.04087407029037215,0.06735305622279134,0.04101252964536236,0.0675812121332494,0.04094956969747639,0.06747746555553835,ŞIRNAK,İDİL,76548,-0.842
54988432B90296339099195,0.7835469592176502,0.7626274925691543,19.089586176831766,0.7577223949469529,0.7436692117402405,0.6205265407108619,0.6396716724960749,0.4938437720790348,0.5412579903861232,0.7367903531706735,0.7280886393474922,0.7656332541166655,0.7495132961312231,0.7476138522055136,0.7361643100910034,ÇANAKKALE,ECEABAT,8746,0.058
54988432B9057851226548,0.02884964791869375,0.04753898851940892,1.8789069622860788,0.028829269298640988,0.04750540824877756,0.028381982837263644,0.04676836126601259,0.027720227822953556,0.045677908997180446,0.028816137912269453,0.047483770105126034,0.028834300285624094,0.04751369840306662,0.02882865159733141,0.047504390389025944,ADIYAMAN,KAHTA,136769,-0.512
54988432B9062232449039,0.4473544420704016,0.5285049974457694,29.363890005689694,0.4421529379473277,0.5239657182648686,0.3851124652126431,0.4675919780926733,0.3090805052723121,0.38966137663520944,0.43804131104573835,0.5201056921622234,0.4435224553886638,0.5252201407247887,0.440742044332048,0.5226540481320089,SAMSUN,ATAKUM,261809,1.734
54988432B9070985819609,0.3654315451153088,0.5128851640726797,31.517388879567378,0.36120783657926664,0.508718285550835,0.3232466296422866,0.4614000208694677,0.2670878621740191,0.3905778108126353,0.35836165119302266,0.5055175807365176,0.36230480811471466,0.5098943692194634,0.36024822045911004,0.5076595780063713,AYDIN,EFELER,310241,1.518
54988432B90803924076576,0.23231765771971585,0.3828173742126416,33.86070439912339,0.23171788314332536,0.3818290544667086,0.21802574973480426,0.3592669013774113,0.19274754568908828,0.3176130047576919,0.23099686970737165,0.38064095506422235,0.2319691589226321,0.38224311138765726,0.23148665128100626,0.3814480262864311,BURDUR,AĞLASUN,7347,-0.476
54988432B90807122868998,0.022650392400420112,0.03732373952425111,2.897322524924916,0.02254898878763028,0.03715664475769354,0.020522505355794463,0.033817367520331085,0.017564953994615367,0.028943859164149332,0.022444417724127863,0.036984330606709324,0.022583546298471802,0.037213589269314076,0.022520136181249942,0.0371091008941658,MERSİN,AYDINCIK,11271,-0.186
54988432B90947496422305,0.18799355171907928,0.2089514582110707,10.662379661030908,0.186300696077944,0.20746173657879172,0.16329763800837954,0.18551287936156632,0.1343386099259113,0.15722164759567864,0.1848722381366169,0.20614374134074587,0.1868117258932917,0.20792643316768114,0.18587025975629481,0.20706727800082636,KÜTAHYA,TAVŞANLI,100882,0.309
54988432B91005720032741,0.6931734853551074,0.8137606404333935,44.3243970036503,0.6838120711376976,0.8056443969288886,0.5869510626510633,0.7099166827997142,0.4529653431187302,0.5735616370047897,0.6768197292010354,0.7990635413255036,0.6867742483812732,0.8083495112321181,0.6813661934248035,0.8033664897526733,ANTALYA,DÖŞEMEALTI,97121,1.216
54988432B91142232694102,0.7486565186554427,0.9887579774103631,66.73625502507575,0.7414982672866643,0.9821057609941763,0.653001205882249,0.8879993469824694,0.5171023143691861,0.7307249135524976,0.7353709088219462,0.9760558497925239,0.7436100149188166,0.9841422289626499,0.7392998785949793,0.9799577782354308,EDİRNE,KEŞAN,85259,0.623
54988432B91196125429368,0.05883422389924683,0.07816263405201987,5.650714012517922,0.058437964788195455,0.07767697948340858,0.050784183059053384,0.06822207125772402,0.04075717664637668,0.055750455183636256,0.05819240678852442,0.07737551078944957,0.05853706454377882,0.07779855195333106,0.058428290840634486,0.07766510314009538,ŞANLIURFA,SURUÇ,98022,-0.91
54988432B9128675861083,0.34662503397440353,0.5213803805012225,36.953530687128755,0.34557187689260205,0.520103416768639,0.3287756170438339,0.4970222180034239,0.3058562251127871,0.4648362664603276,0.3446281501887972,0.5188958890948672,0.34595090045767607,0.5205839256677576,0.3452880300225906,0.5197594888145589,ARDAHAN,MERKEZ,42136,0.088
54988432B91293750640231,0.20189165617973787,0.29503323058735637,23.403213477335772,0.2010867373500549,0.2942608215439688,0.17824312386322438,0.2664763346479961,0.13488302584758163,0.20709671878583175,0.20048727520673662,0.2936608151001891,0.20129358187407959,0.294463437754303,0.2010179607075633,0.29419355919750506,KONYA,CİHANBEYLİ,49126,-0.159
54988432B91546860150128,0.11894753294447424,0.13000740184681034,6.946683363358858,0.11472803363499044,0.12684825192399204,0.09577134225667597,0.11078634121494327,0.07955495524894701,0.09544613538895243,0.11311050852389774,0.12558687939708538,0.11544662483632573,0.12740024311513803,0.11437573703327833,0.1265757103702605,YOZGAT,ŞEFAATLİ,14008,-0.362
54988432B91560004091691,0.05553736980898192,0.09151551496185127,6.618857335316884,0.05538555976067688,0.09126535952966564,0.05233012207239962,0.08623055225596361,0.04775355042648807,0.07868919204434506,0.05521853775633565,0.09099013755228683,0.05544046969309523,0.09135584114157974,0.05533302366341167,0.09117878956764106,KARABÜK,OVACIK,3986,-0.776
54988432B91646102966816,0.48210011252354695,0.6953401121803795,48.80547125746093,0.47173753570961136,0.6856216413999482,0.37264735722838715,0.5688755706634955,0.24307765460194602,0.39476960548837825,0.46583629609214,0.679344956076126,0.47401587258218286,0.6879570953998446,0.47027211752355963,0.6840067203386923,İZMİR,SELÇUK,38578,0.69
54988432B91709779235115,0.36522800319441584,0.44811171307001885,24.938711536843527,0.36380595463794063,0.4464859910249578,0.3305227175232129,0.4125462865236337,0.2767260628522485,0.3576817468553836,0.36306717308762837,0.4456870277003215,0.36415951094639026,0.44687293517805965,0.3638506855173676,0.44653109749527425,KAYSERİ,İNCESU,29780,-0.295
54988432B91755987711190,0.04216945644973766,0.06948761772357052,5.057357190738006,0.04209130520568452,0.06935883864438418,0.04042973963455726,0.06662087987162282,0.03804762750313319,0.06269559102279999,0.04203221576115173,0.0692614699543683,0.04211841413804144,0.06940350924929836,0.042083210698207675,0.06934550036382366,KARS,ARPAÇAY,13770,-0.943
54988432B91769619824833,1.072127977241763,1.2425118942350557,77.64269250756082,1.065029831736771,1.2351370069437853,0.90829532687818,1.0720290037435263,0.6785216929923298,0.8271016544011512,1.064608784530805,1.2347112082281266,1.06565664288712,1.235783799552071,1.0674010840667698,1.2376083346585922,ESKİŞEHİR,GÜNYÜZÜ,5008,-0.541
54988432B9177912033932,0.0552576667419182,0.09085270652766794,6.5131759527882505,0.05494109466634423,0.09034877136185934,0.04660432129846912,0.07668223157904497,0.03268698359717468,0.053802244132712444,0.05460922400928045,0.08981056461480807,0.055049663941130096,0.09052385083517932,0.05485110169584184,0.09020357202053864,İZMİR,BEYDAĞ,11904,-0.481
54988432B9192246794602,0.002264967715847975,0.003732256093522683,0.27466132077830446,0.0021714987373979673,0.0035782361655853105,0.00178716361867335,0.0029449215806674036,0.0014908006546765953,0.0024565691549211423,0.002119222334485778,0.003492094132764583,0.0021920172953216483,0.0036120470284532985,0.0021501926158881187,0.003543127540734692,SİVAS,DOĞANŞAR,2770,-0.625
54988432B91961372611243,0.047861385281384804,0.07886688433173017,5.6407335989601535,0.04758581073498125,0.07841278744865411,0.04235464319724146,0.0697927719039037,0.03528088221783027,0.0581364964811672,0.04740044477350557,0.07810733795619179,0.047654022910372684,0.07852518874491798,0.04756833328589176,0.07838398778170652,KONYA,EMİRGAZİ,7647,-0.733
54988432B91991689904144,0.1736373743194212,0.2142289515830746,13.356898215462229,0.17253268310400152,0.21318318999721111,0.15080804023274982,0.19166383068215043,0.12010847151636561,0.15908626186910726,0.17250569152075176,0.21316151911644124,0.1726271675556783,0.2132706224539478,0.17291829853680016,0.21354870043851013,TEKİRDAĞ,SARAY,51468,0.125
54988432B92019352916706,0.08032711269329561,0.1313496445298182,10.963960068145148,0.08012144602595397,0.1310294867292602,0.07573290612131395,0.12394792533985168,0.06873928900302731,0.11259011507459105,0.07984630620063235,0.13059047863845671,0.08019756053578478,0.13115006597892673,0.08002147212663682,0.13087036543792288,GİRESUN,YAĞLIDERE,14688,-0.576
54988432B92026614951064,0.5292187064203889,0.6755637880225309,47.50470245936396,0.5242784563184885,0.6703767617537906,0.4279883869004859,0.5641873112843976,0.2925026246586287,0.4050536446272268,0.5179153505163114,0.6636379439974435,0.5261522518837085,0.6723495385008815,0.5220303844466728,0.6680015602259035,AFYONKARAHİSAR,EVCİLER,7038,-0.525
54988432B9206806134552,0.6418654209282254,0.5341633899756255,15.880442984250278,0.6303316830829229,0.5256574416530487,0.5544456456981901,0.4673397776377394,0.4748627664042212,0.4049318649763949,0.6215940277064214,0.5190854025458567,0.6337308036825335,0.5281902762841736,0.6265982015000213,0.5228586771381462,ARTVİN,ARDANUÇ,10889,-0.454
54988432B92152901818020,0.33019521361023496,0.4004825958421592,22.621807223410997,0.3285942729578891,0.3988544231082606,0.30190533264090963,0.3701085977767353,0.26612773983826177,0.3311807242896343,0.3265533793932074,0.3966989690045529,0.32919522585058536,0.39948029097966503,0.32780508726709684,0.3980250821008084,RİZE,KALKANDERE,13350,-0.453
54988432B92223927432104,0.1869226650693145,0.30801465771058906,23.882550011754674,0.18567822242258505,0.305964041881146,0.1618600111707823,0.26671594864813936,0.13083084222459698,0.21558550468373705,0.18417015158092462,0.3034790145896449,0.18622815870820553,0.3068702371609704,0.18517564494373184,0.30513588532739344,ANTALYA,ELMALI,41550,-0.15
54988432B92272966578930,0.1832690179376703,0.2614620857721272,18.846433015036542,0.18125429707896748,0.25944610692123166,0.16234082592761526,0.2350229309015287,0.13868336973971593,0.2032226680051486,0.1801512036781676,0.2581625129760753,0.18175802358714874,0.26000560236087833,0.1809949502218589,0.25915050761665415,ERZURUM,AZİZİYE,71827,0.062
54988432B92286094750173,0.1735241974634925,0.2859020948190956,19.373040748858365,0.17317390774666988,0.2853257966751919,0.16582727168741343,0.27322545484143984,0.15542268346663463,0.25608615386800637,0.17270877354275035,0.28455995662112565,0.1733105751994599,0.28555076453908035,0.17301060541157723,0.2850569521618202,GÜMÜŞHANE,KELKİT,38520,-0.429
54988432B92573303470858,0.2583124687775471,0.3313611639699612,21.953077736215086,0.2567116291331077,0.32938370533053135,0.22682857713531007,0.2915617475421333,0.17829261359493967,0.2334436141934191,0.25524117843796273,0.3274958154447834,0.2572093707581273,0.33001731748699015,0.2563023634155235,0.3288599407123851,MERSİN,ERDEMLİ,157566,0.331
54988432B92605767261652,0.03379929503189277,0.0553974006260487,3.914029725203121,0.03359138570737635,0.05505513577250465,0.030766943129585715,0.05042661879623603,0.027119564257089945,0.044468964806363434,0.03347789550133718,0.05486851869558073,0.03363682023751141,0.05512988134608002,0.033578869643544125,0.05503454910607192,ADANA,İMAMOĞLU,27196,-0.434
54988432B92706545600609,0.21707009871739263,0.2621329330623765,14.420738869689348,0.21426622049013153,0.25975418649640025,0.19049558105908082,0.23570650147629238,0.16206958800950197,0.20557242416254767,0.2119256533102168,0.25755885700710485,0.21501737552353464,0.2604308966297581,0.21330284563908222,0.2588637668333347,AMASYA,MERKEZ,151433,0.651
54988432B92712728908494,0.2560820469406281,0.34938339075111163,21.0516720279558,0.25409213473710246,0.3475071028011427,0.23221108457263606,0.3225668604633645,0.20492388837111225,0.28987318100597653,0.2525637749755652,0.34589727121408886,0.254659128891507,0.3480825460405215,0.2535956655301452,0.346991783666578,ZONGULDAK,MERKEZ,115279,1.189
54988432B92775377874874,0.26231174422016607,0.43157819929279356,31.890886241898183,0.2616164041537183,0.43043629867160776,0.24724448078395309,0.4068304763308952,0.2268244210357465,0.37328356611030605,0.2607810917706195,0.429064477161482,0.26188454715729204,0.4308766487495316,0.26134480580595937,0.4299902505071606,KARABÜK,EFLANİ,8663,-0.658
54988432B92870291656697,0.17270902483328374,0.2534721747376344,18.26697015569973,0.16984162392843916,0.2511126004568269,0.1518273976740437,0.23088995195479395,0.12944499277966443,0.20110395465727057,0.16976103879363744,0.2510157971174936,0.1699962287675236,0.25125676540936037,0.17043299085178307,0.2516166901093451,TEKİRDAĞ,HAYRABOLU,29706,-0.182
54988432B9289353120970,0.08696976015752192,0.14331039468198065,10.860070562319418,0.08671780921630014,0.1428952252166217,0.0808254828377189,0.13318573978881248,0.07078800839095352,0.11664580197628042,0.08652442231123103,0.14257655866353958,0.08678690947979877,0.143009089921051,0.08668781324087672,0.14284579728823588,KARABÜK,ESKİPAZAR,12570,-0.383
54988432B93214958535035,0.06669704646434602,0.09646801705159049,6.629484709189619,0.0647066303138371,0.09439027084152132,0.051811295790909095,0.077949492584394,0.0384350491166174,0.059514159617008684,0.06394199143714405,0.09351639501424149,0.06501897515916304,0.09473815561955069,0.06460807018182183,0.0942790759396364,KONYA,ÇUMRA,68803,-0.233
54988432B93266011015625,0.4921413532806514,0.4965719317922319,20.998658558232457,0.48585444406336625,0.4917370126534199,0.4366553526397862,0.45009287460729913,0.3813281188437153,0.4014756550099309,0.4813077262069564,0.4880649570019101,0.4874982807703974,0.49303831105054835,0.48413307250051024,0.49035712597348574,GÜMÜŞHANE,TORUL,9779,-0.368
54988432B93269367761582,0.33816691423064726,0.5173014808660507,41.71070804916215,0.3367300984422566,0.5154592218061961,0.3031480693232886,0.4692140031145714,0.2427360658892698,0.3809142196758541,0.33589189837695677,0.5143822769121412,0.337082938130022,0.5159094313731905,0.3367038517077333,0.5154241435032082,NİĞDE,BOR,62594,0.116
54988432B93270610822610,0.06474007496104009,0.10667990434380001,6.016994485644767,0.0646195809662009,0.10648135208924697,0.06219667548738894,0.10248884320090736,0.058616720120610914,0.09658972590280746,0.06454417287397576,0.10635709322686278,0.06464994180251665,0.10653138124222387,0.06461483210910737,0.1064735268338579,ELAZIĞ,BASKİL,13397,-0.714
54988432B93290960432341,0.12896287833670803,0.21133842703588795,16.54678424178003,0.1286030017921299,0.21081113655098233,0.12225183564361358,0.20060925501598495,0.11293824864318318,0.18546050107537806,0.12816017944441338,0.21011858295546929,0.12873731400079133,0.21101707971844424,0.1284390105416258,0.21055633787786937,ERZİNCAN,ÜZÜMLÜ,13960,-0.63
54988432B93447432062077,0.27386888071620885,0.42057366255834866,31.261021306933547,0.2728451742426656,0.41900470691160474,0.2531834373659896,0.3894835458201162,0.22545386319403268,0.34821895011152487,0.27309743226634914,0.4193930813995708,0.27278221106906164,0.41890674553606333,0.2733712920486818,0.4198099372576561,KIRIKKALE,MERKEZ,192821,0.726
54988432B93570541264630,0.30592599939262344,0.4443980805676458,30.81751986774142,0.30492964154885344,0.442809397309203,0.28096608908232695,0.40860626246439286,0.23541761295611277,0.3473814480791475,0.3049910514505363,0.4429060982393602,0.3049709026698827,0.4428742790586392,0.3053088334643831,0.4434084403302366,SAKARYA,KARAPÜRÇEK,13734,-0.453
54988432B93591493775599,0.2455594861280461,0.3237757996019549,21.602517077632374,0.24450604081777694,0.32256639703908596,0.22326744411761898,0.29780371900841673,0.1940255965623657,0.2631033852112644,0.24329824665884833,0.32117436538231087,0.24490356233294389,0.3230235168743462,0.2441304927187396,0.32213365629234875,ZONGULDAK,GÖKÇEBEY,21070,-0.17
54988432B93613395519692,0.06932014546923966,0.11422703004602734,8.319127074468604,0.06885447148067156,0.11345968375262659,0.05981821511524762,0.09856957178921599,0.04794232848942279,0.07900026406130214,0.06852168439191306,0.11291131097398871,0.06897202649027459,0.11365339309243093,0.06881513460651777,0.11339486371690011,KONYA,TAŞKENT,5669,-0.71
54988432B93760304684016,0.2060303690063956,0.3395006890360726,30.79821567139527,0.20494257469337943,0.33770820125585105,0.18338030267488167,0.3021774868142534,0.15450388598483458,0.25459438821358343,0.2039658958783711,0.33609881166798905,0.20533246413857492,0.3383506683636377,0.20472592225492178,0.3373511973224385,ERZURUM,TORTUM,12881,-0.592
54988432B93817562876661,0.14831625182590844,0.24439828911135192,17.916602226498025,0.14775604658264738,0.2434751724513858,0.1363815330702975,0.2247320367014662,0.12070217036081819,0.19889529006461729,0.14699748525572637,0.24222520093307146,0.14797027351665018,0.24382817959326875,0.1474828882581913,0.24302505706395044,SİVAS,HAFİK,8950,-0.742
54988432B93840376788897,0.9864928169972919,0.9811481668872511,40.40040871069873,0.9799110168604236,0.9743958232365485,0.8769391661645138,0.8580848758919173,0.16829887962767778,0.2730816975340526,0.981297108254193,0.9758997538105043,0.9796732345013799,0.9741361611936634,0.9828221404306763,0.9775291737791393,İSTANBUL,EYÜPSULTAN,425216,1.839
54988432B93890673668777,0.18695557078664213,0.24117549897286816,16.29211916167776,0.18610702744575972,0.2402121816716264,0.16904183268528059,0.2205572773922491,0.14562879633646042,0.19313222741082267,0.18513614755428703,0.23910696423214461,0.18642693328973192,0.24057571363638477,0.18580568664761865,0.2398694856101485,ZONGULDAK,DEVREK,56900,-0.038
54988432B94080378973677,0.43648121539638335,0.3858659837645988,13.614095916467507,0.43217818487608656,0.3824140867861322,0.3519462370708619,0.31737178329530885,0.24966853976936568,0.2334533538867902,0.4317315989696564,0.38205536940593166,0.43265418139521183,0.38279634982031,0.43347761232911386,0.38345742810158534,ESKİŞEHİR,BEYLİKOVA,5611,-0.424
54988432B94200918295696,0.47034222803535247,0.5535024889719903,33.1716744725182,0.46028146509529533,0.5448156710306488,0.3594833225012478,0.44362901769511426,0.23904630285668813,0.3141587075468037,0.4518595600537644,0.5369606755123916,0.46312246759549064,0.5473896184879169,0.45715929738722877,0.5419360561256826,AFYONKARAHİSAR,BOLVADİN,45906,-0.045
54988432B94235279152789,0.4383994737020913,0.6574133323901502,50.57866607194153,0.4356862523308842,0.6548440973460061,0.40139963577178506,0.6117810952057813,0.3462250826510088,0.5348699941394504,0.4328850243599519,0.6517861678808091,0.4364924311824875,0.6556731183964667,0.43452080274690386,0.6535991294470913,ÇORUM,OSMANCIK,42673,-0.194
54988432B9428918047476,0.3766860719979385,0.546549733059024,39.38838940982145,0.37531742880485314,0.5452106376576976,0.34667502529334965,0.5133380455421598,0.29445765417093467,0.4463646946425713,0.37540074291492204,0.5452912804647726,0.37537746357395047,0.5452705329896302,0.3758562103868311,0.5457419130172753,SAKARYA,GEYVE,51708,-0.043
54988432B94361787420306,0.06723306553162023,0.11078790075498014,8.95691650351227,0.06682784454015739,0.11012017003898432,0.05946637466258154,0.09798980252176794,0.04948545943899551,0.08154306405326142,0.06651484472446044,0.10960440309836414,0.06693201533691662,0.11029182462295542,0.06676979365884322,0.11002451271283213,KAHRAMANMARAŞ,TÜRKOĞLU,81055,-0.477
54988432B94555839005307,0.7116026052596676,1.1725920599502595,96.588096672017,0.7040059833983779,1.1600742046035353,0.6218343330915668,1.02467022492359,0.5225461436373755,0.8610612924375463,0.6971788129395602,1.148824265644956,0.7062061367109853,1.1636996583131871,0.7014292247210016,1.1558281735418625,SİVAS,İMRANLI,6788,-0.587
54988432B94612974297738,0.12361383239134192,0.1567035749795028,8.779645146675469,0.12169898589404507,0.15495628392921487,0.08603850179915914,0.11900718880148137,0.04040624858856244,0.06656551001780214,0.12008297046609444,0.1534586606036993,0.12226732126748999,0.1554782335698392,0.12135693892728013,0.1546405444710019,İZMİR,BAYINDIR,39971,-0.304
54988432B94698647501880,0.44360882561693477,0.5737810417084283,40.070537124672924,0.4399368259193343,0.5704804743702593,0.40140021225222544,0.5279198624166309,0.34641680118541246,0.4633706063223182,0.4366123144098375,0.5671278554969371,0.44096597640383,0.5714725491538053,0.43858912544783324,0.569144309303565,AMASYA,MERZİFON,77077,0.547
54988432B94777693463903,0.3347902255214602,0.42898242551741383,28.186406865072176,0.3259748389382603,0.42144130316861894,0.27082456972749014,0.3585038048540163,0.2114817139576574,0.2816726478602537,0.3226186610889185,0.4181545027470129,0.32735695886751703,0.4227495444440327,0.32552569754048677,0.4209987907197052,KONYA,HÜYÜK,14878,-0.506
54988432B94880790490903,0.07516001509672007,0.08828825262103683,4.79530227465537,0.07461452890564471,0.08777469900118194,0.06604457517367252,0.07914251833123351,0.05500127968809688,0.0678009028376343,0.07410858195573013,0.08727875411052469,0.07479056183978108,0.08794519903178336,0.07446370825969462,0.08762758940877828,KÜTAHYA,SİMAV,60886,-0.027
54988432B94897839100366,0.30393383484697417,0.2703285046442991,7.590776536310343,0.2962302692772491,0.26392530099218076,0.2377871566259846,0.2172237171255104,0.16688486689756943,0.160972823346372,0.2913069486918082,0.259897721663833,0.29845975172971334,0.2657640802880709,0.2944638803034447,0.2624754963129668,ANTALYA,DEMRE,28075,0.18
54988432B95082960881175,0.9072674179446392,1.4950121917348116,130.49610634792973,0.9067001607646813,1.494077454761883,0.895280426323608,1.4752598031212503,0.8711244360966891,1.4354551113860574,0.9059551881670243,1.4928498750053776,0.9069206042835235,1.4944407057083398,0.9064265407621198,1.4936265786126448,ERZİNCAN,REFAHİYE,10954,-0.391
54988432B95140172364371,0.019190865965395737,0.02759608782597528,2.225704148341513,0.019025601071709156,0.027373287031816497,0.015907529715813544,0.02313698511235706,0.011903873604601609,0.017663069390747334,0.018802853979523297,0.027062962521333788,0.019088371691780535,0.027458741588203148,0.01894420106946818,0.027257341751728156,DENİZLİ,BEKİLLİ,6243,-0.231
54988432B95156445816279,0.3143379690054675,0.44795142146047323,30.013213586332487,0.3117734531342313,0.4453659873634352,0.282636276071823,0.4099047109584306,0.24505201061469029,0.3615636180089563,0.3093017549744551,0.4425788402151162,0.3125517147221021,0.44620820184287074,0.3108014995202384,0.44428581254110855,TRABZON,YOMRA,51660,0.48
54988432B95277821649488,0.15887493796944407,0.24335210620528172,17.173485037188804,0.15823913694483938,0.24251568537345192,0.14760473443785746,0.22692235257859697,0.13185367521713587,0.2039409213893002,0.15784015328183915,0.24194293541441367,0.15838278014720275,0.24271857397494978,0.15818134273443818,0.24243341308832936,HATAY,İSKENDERUN,228149,1.056
54988432B95310559341669,0.244566429280883,0.2777338836321957,14.250719475854751,0.24426772574444322,0.2772462634616826,0.2365713850588007,0.2663132160391827,0.2193804648605958,0.24621849650893146,0.2440447780847173,0.2768879801923316,0.2443453756062679,0.2773721422664213,0.24423721938572648,0.27719696916321834,OSMANİYE,DÜZİÇİ,88274,-0.269
54988432B95455201540726,0.44801003088752106,0.6236002718061323,43.872779104941834,0.4423146925123611,0.6183341962802316,0.3891108608192105,0.5560816087431257,0.31895203735638505,0.46724960285180106,0.44220280276721347,0.61822025800886,0.442654537589421,0.6186791263514347,0.4437122013220922,0.6197369972305087,TEKİRDAĞ,SÜLEYMANPAŞA,226582,1.314
54988432B95500955332095,0.09217291087483534,0.13491563371956397,8.774154246820231,0.09079767448691117,0.13369983778446343,0.08137988205291019,0.12238247911700971,0.07123686932026077,0.10881978458716499,0.09023548555150857,0.13312579563836946,0.09102550519299789,0.13392300440656546,0.09071068211282206,0.13361305579937133,HATAY,KIRIKHAN,108200,-0.206
54988432B95701093255845,0.15761698059880785,0.1985904813892217,13.113299163066298,0.15415883477278855,0.19574396846678901,0.13330003754527056,0.17465593007306304,0.112050120372425,0.1509215067935796,0.15282030871444774,0.19454580850753042,0.15471204970437907,0.19622770474297976,0.15395181654700413,0.19556296876535412,HATAY,ERZİN,43103,-0.24
54988432B95842578753435,0.3826047611572051,0.47348017608646115,27.222075096285735,0.3782515334003081,0.4691733712556929,0.3197121838764822,0.40531009313970245,0.2344927819787632,0.3121107135252249,0.375937886375493,0.46673376526903637,0.37911715273868457,0.47007336600456917,0.37796944151348155,0.46887825821609186,KONYA,MERAM,349685,1.053
54988432B95867498741596,0.08513568145134046,0.06765441369069404,1.751094901894561,0.08342761427047872,0.06636571697447645,0.0541515822855554,0.04405242539631067,0.0191896924703037,0.01706114250451422,0.08189566185510541,0.06520858947406484,0.08394698445733208,0.06675765185487642,0.08306119853880689,0.06608909296719,MANİSA,GÖRDES,25456,-0.362
54988432B95928924596257,0.13410272866497205,0.21378090280388828,12.807064229237374,0.1334698066674159,0.21295422422058638,0.12522643239327882,0.2005594456319314,0.11433583715841784,0.18387917661314923,0.1328146670353485,0.21201268534245488,0.13366987259091373,0.21323253815648627,0.13321616367516598,0.21259393865561596,TRABZON,ŞALPAZARI,10575,-0.527
54988432B95992453735660,0.1625779784614249,0.2344206387573679,15.767110777534848,0.16014199860353914,0.23232535322648945,0.14436398559192323,0.21400111903347924,0.12762557965004045,0.19217556387414997,0.15850142858585856,0.23068458314841084,0.1607351311136121,0.2328825161032943,0.1594960018833928,0.23169479832944137,TOKAT,ALMUS,28135,-0.626
54988432B96002875694716,0.04716282880906416,0.07771578993323348,5.639722072757507,0.047077785400169214,0.0775756538161307,0.045272058687943206,0.07460014362329817,0.042680311239369634,0.07032941378457767,0.04699923479680026,0.07744621666520693,0.0471047527024406,0.07762009104034541,0.047059933443413346,0.07754623702845763,SİİRT,KURTALAN,60674,-0.746
54988432B96055728964295,0.08506298680873908,0.13143644086614498,9.734300449137478,0.08490560550813621,0.13121163999020766,0.08154707896370758,0.1263782962218833,0.07663181699021232,0.11923779792462667,0.08476006816732473,0.1310034800851489,0.08495559837326366,0.13128309143691314,0.08487253796117258,0.13116436273099566,SİİRT,TİLLO,4090,-1.092
54988432B96253439504552,0.0898047226289231,0.14798189877661352,12.466708963749895,0.08945829785599428,0.1474110535673578,0.08243783042043788,0.1358425962412792,0.07284060121223364,0.12002810275308223,0.08888851079459431,0.1464721478085513,0.08960735919420414,0.1476566796237248,0.08922537171036209,0.1470272335154013,KASTAMONU,PINARBAŞI,5782,-0.63
54988432B96395317243392,0.00010404905722752278,0.00017145397929759174,0.008344531795511362,0.00010097783632883799,0.00016639316415507693,8.866422687240512e-05,0.00014610256857375134,7.940757481681273e-05,0.0001308492844768654,9.927559093783881e-05,0.00016358817241555933,0.00010164885134566725,0.00016749887522896247,0.00010028280656248721,0.00016524788112852782,ERZİNCAN,İLİÇ,8543,-0.301
54988432B96423732732859,0.4816422944670185,0.7936591660202863,70.01647651606874,0.4796930086395607,0.7904470964368474,0.4355505843211388,0.7177083854201148,0.3640488047366323,0.5998864179436026,0.4764573000796884,0.7851152354549232,0.4806098456395493,0.7919578775645566,0.47836627483173116,0.7882608796956074,BURDUR,ÇAVDIR,12539,-0.448
54988432B96595900966368,0.11180347879752081,0.18423185995075306,13.505077027391529,0.11128574739175216,0.1833787324732761,0.10376721535323032,0.1709895549945972,0.09380996244311285,0.1545818077280455,0.11087818148268333,0.18270713775826503,0.11142020488901545,0.1836002940478493,0.11117734821888285,0.18320011029219885,KARAMAN,KAZIMKARABEKİR,4679,0.022
54988432B96614579404360,0.12948965377292254,0.09997412891736962,2.318569647687007,0.12435174615078298,0.09623097496438485,0.10333339014476826,0.08048928013010878,0.08721447278976724,0.06809778562551702,0.12155340410508168,0.09415834252862638,0.12549346223821467,0.0970687415746143,0.12323959217189463,0.09540564088704297,SİNOP,TÜRKELİ,16298,-0.194
54988432B96920408348513,0.6194802973435426,0.7258987281100091,40.93309010472192,0.6126141674476839,0.7202605000759548,0.5581972909203816,0.6676183696451797,0.49625709318178407,0.6041435880696631,0.6069075178848337,0.7151418447582036,0.6147403222709767,0.722094187837473,0.6102125264876603,0.7181351069612588,ARTVİN,KEMALPAŞA,9263,-0.432
54988432B96933409073399,1.337886738948013,1.5316490911238054,84.78326232019928,1.3130144925599974,1.5110540791215117,1.108065361825634,1.311746863613739,0.8176643066967558,1.015815417683717,1.2970399162630462,1.49684570929861,1.31928859233775,1.5164782068000442,1.3076298771503154,1.5063460943678952,AYDIN,KUŞADASI,141431,1.495
54988432B96952912352901,0.17618071527857815,0.17276225002250256,7.406956536110679,0.17394449628147665,0.1708419662535973,0.13360820438773252,0.13563626446843668,0.08340150737635393,0.09110590098574105,0.17156208309520718,0.16879155624161526,0.1747114815035495,0.17150092911683854,0.173233774452564,0.1702320009001462,BALIKESİR,SINDIRGI,31482,-0.477
54988432B97004073269629,0.12367375684977606,0.16170339712243173,9.41548499378226,0.12277969592486802,0.1608801072084197,0.11482753532577833,0.1522752203547631,0.10356854654440302,0.13970562843870726,0.1223574617139756,0.16045628075310153,0.12295908187043836,0.16105551546005237,0.12269619050267253,0.1607973862987011,MARDİN,KIZILTEPE,275217,-0.201
54988432B9710176470958,0.3586822044864736,0.4981595382448246,33.61446435482061,0.35442722794769393,0.49376984788412565,0.29808483318432166,0.42718141568762774,0.22616174006305925,0.33796758426869417,0.3508297395488896,0.48974750647426085,0.35565587423777484,0.4951113165310497,0.3533294445935865,0.4925557841443399,BALIKESİR,BANDIRMA,169476,1.072
54988432B97142079698078,0.43055402610032834,0.5664824041508217,38.98144519684479,0.4256981046529936,0.5620705667552276,0.38104453010605677,0.5123995051929431,0.3273871749881637,0.4487121819325564,0.42058080277659377,0.5568429780005764,0.4272461969550809,0.563572833091654,0.4233616329832498,0.5597257798198231,KASTAMONU,MERKEZ,158953,0.892
54988432B97259494958593,0.7569957929215733,0.8381011430255478,42.465428465721004,0.7493135407103234,0.8312274072345394,0.6893608155773835,0.7639689915105989,0.6182561171843406,0.6772888182667642,0.7431050109313119,0.8249584809821511,0.7513387510015083,0.8331731151077512,0.7467368131818454,0.8286724536332642,DENİZLİ,HONAZ,34468,0.636
54988432B97290216608091,1.073287048805716,1.767219061542278,143.74905656523842,1.070922326975348,1.7633375633038693,1.0106716096902781,1.6643325910298705,0.8878377814194445,1.462273535044502,1.0673962804767216,1.7575491606180569,1.0718329604413688,1.7648322675812256,1.0695778328766288,1.7611305740941035,DENİZLİ,SERİNHİSAR,14661,-0.064
54988432B9750170463020,0.7477330993884992,1.0238455038949634,64.78690476547644,0.741048716442719,1.0175875483291184,0.6683338671537044,0.9352413496519993,0.5738366950254429,0.822514061853722,0.7331456208920567,1.0092314563813818,0.7435281504789273,1.0200757989876668,0.7374511943306229,1.0138411290500562,ÇANAKKALE,MERKEZ,208613,1.846
54988432B97522403673638,0.23405494695185322,0.28787856255007416,14.462871730319216,0.23180386314810936,0.28586153013132615,0.2085704210701396,0.2616432635370447,0.17715029256797288,0.22883219455022263,0.22929427738415087,0.2833573003983991,0.23260991056067198,0.2866293347010089,0.23065492173610747,0.2847302381132468,ÇANAKKALE,BİGA,94526,0.426
54988432B97580121786260,0.2576883406796205,0.3192887164702535,19.543703726338226,0.2541129103686354,0.3162946729956984,0.22721282173783824,0.28878531492539455,0.19642937715513123,0.25503137275670595,0.251535468358969,0.31389743067090364,0.255017514642584,0.3171011105918346,0.25310987456130457,0.3153767792854536,TOKAT,MERKEZ,201969,1.015
54988432B97639118870532,0.046698387993350216,0.07695047568508753,5.69595282821833,0.04660616626256811,0.07679851099514588,0.04464802814604503,0.0735718544444956,0.04185150033276251,0.06896368369716034,0.04650669670535824,0.07663460320148552,0.046638923663287965,0.07685248925169635,0.04657788249307833,0.07675190447166766,AĞRI,TAŞLIÇAY,17431,-1.124
54988432B97717565208806,1.0243579552392343,1.5753230734703816,129.00521810656542,1.0184770729121442,1.5657002270917373,0.8368725907844835,1.2822077363575974,0.4342533800973747,0.6588999964416936,1.0207902393208692,1.5694704922147231,1.0176604449781474,1.5643731145136397,1.0221290842669009,1.571660990295365,ANKARA,ŞEREFLİKOÇHİSAR,32831,0.115
54988432B97750786537608,0.21417814952140904,0.30399694193151555,20.9718704000022,0.21093116611001322,0.3012303867281476,0.19040822908446023,0.2777478466520081,0.168957234434091,0.25015215120363693,0.20940950964363125,0.2997528783174969,0.21156522624855595,0.3018200532773301,0.2105516766867918,0.3008729443560665,BATMAN,GERCÜŞ,18894,-0.962
54988432B97753800028148,0.14611558424654594,0.24077198798333838,12.521422797384085,0.1459515589755165,0.24050170407906565,0.1423695235235565,0.2345991591777636,0.13710834154832308,0.2259296852824833,0.14573147595723876,0.24013904717216986,0.14601581332191566,0.24060758359081552,0.14587455606013217,0.24037481723730122,GÜMÜŞHANE,ŞİRAN,18377,-0.515
54988432B97910607288533,0.24164011955898793,0.3586457060820092,25.30903607057019,0.24054709866996632,0.35729457274286053,0.21908849749000345,0.330042148227708,0.18531908838229472,0.28457067490335936,0.24058460772801027,0.3573305274570485,0.2406025422977311,0.3573647921681023,0.2409523091325073,0.3577827878984014,SAKARYA,HENDEK,93990,0.328
54988432B97960602645981,0.5592082511887914,0.6845003462785118,37.88495771271208,0.5518118698480899,0.6769191377424537,0.42959288733584966,0.5420940300592494,0.17741003096797545,0.2806205785330781,0.5533877101090814,0.6786172824450211,0.551540994405082,0.6766256214446006,0.5551142565456445,0.6804530066130287,İSTANBUL,BAYRAMPAŞA,272978,2.266
54988432B97969826728737,0.19187662545411627,0.253362883054722,14.684093154665117,0.19049338507339486,0.2520485892834749,0.1755063400656979,0.235233900263222,0.15580144499233192,0.21249923719434946,0.18951004093041957,0.2510129252982227,0.19083475605177996,0.25239670152709487,0.1901872687502566,0.251730470012675,ORDU,FATSA,129844,0.363
54988432B98025236452990,4.176066339150721,3.3348611884421744,64.76352460546548,4.174262751817065,3.3323479056852943,4.144953808207617,3.2869087018684224,4.101529027849813,3.218187973264081,4.1728243421713405,3.330185848708116,4.174800395209345,3.3331389851286612,4.173907238293813,3.3318098492718926,ISPARTA,GÖNEN,7065,-0.034
54988432B98169837554418,0.0029026564735353776,0.004783051535328206,0.34786787009207415,0.0028887357066658577,0.004760112635752844,0.0026585383269609967,0.0043807890952427915,0.002345778948853022,0.0038654183521711467,0.0028802414692541485,0.004746115672741911,0.0028920613186210835,0.004765592641228303,0.0028878267168343822,0.00475861478533593,ADANA,FEKE,15586,-0.954
54988432B98216013465603,0.05333773601781219,0.08756461133728147,5.709205247374087,0.053155037751849134,0.08728238534349812,0.050207221587192284,0.08250022930672964,0.04622761178566844,0.07599903682933744,0.0529846312044696,0.08701033599107423,0.0532097174357607,0.08736889996948435,0.05310366258805665,0.08720066305630522,ORDU,ÇATALPINAR,12888,-0.854
54988432B98307515925592,0.030935769837456883,0.050976539169096655,3.459684802855535,0.03086921949405453,0.05086687627061403,0.029486174133922093,0.04858786830204348,0.027540760583733358,0.04538217952939132,0.030825491793132057,0.050794820948552845,0.03088571645345153,0.0508940602683387,0.030866353868118486,0.05086215423868981,KAHRAMANMARAŞ,ÇAĞLAYANCERİT,22440,-0.84
54988432B98311610120765,0.1132850211460171,0.1866537490341366,14.82191286941739,0.11284108802410285,0.18592357710701038,0.10324367398414153,0.17011417649062519,0.08837789439058602,0.14562211538414738,0.11283759330871194,0.1859181158898627,0.1128707119473473,0.18597224214248823,0.11300336052730144,0.18619092295698828,SAKARYA,KOCAALİ,24966,-0.253
54988432B98497297447828,0.17214656908796142,0.2836663308540915,19.168977425634782,0.17179314309705812,0.2830839489071311,0.16438846988283012,0.27088239012508897,0.1539397497866031,0.2536647940526186,0.17136329200549089,0.28237563225229145,0.17192666206349644,0.2833039639530867,0.17165345396210677,0.28285376654229055,BAYBURT,DEMİRÖZÜ,8139,-0.724
54988432B98585505562385,0.4559314700372587,0.5328825522163125,28.779605182699296,0.44953787151456426,0.5270932587526308,0.37530771738087676,0.45176117891706963,0.26910187711859584,0.3426953679178051,0.4464133444103622,0.5240688412994027,0.45073098006843565,0.5282297967041305,0.44915245368022727,0.5267235680756094,KONYA,SELÇUKLU,703449,2.562
54988432B98751035289582,0.29438690845267335,0.3968691300060508,25.91340525500533,0.2921689621219457,0.3947599619270363,0.266719942804727,0.365745746627331,0.23449332921565302,0.32717405920804365,0.290471325156289,0.39295334311423946,0.2927454484802197,0.39535141979752214,0.2916368482035071,0.39419737579004194,ORDU,ALTINORDU,239714,1.121
54988432B98936853989480,0.5577905148542736,0.581122832461028,28.184922261046985,0.5413080868882156,0.5667625445422331,0.32435956828299767,0.36563511326333326,0.0777394290517282,0.1241382453859572,0.5303910852052849,0.5568910794934969,0.5453459665458131,0.5703811441548211,0.5389473430667115,0.5646368904901007,İZMİR,URLA,82021,1.768
54988432B98947703445317,1.022426778173992,1.3605065691411746,86.44658444910591,1.0053669558693024,1.3460299642181197,0.8476329986273228,1.1790977118509842,0.6399505392985024,0.9300513600513021,0.9941733538671215,1.3355962831324495,1.0094983965430486,1.3497501425901983,1.0018399929950335,1.3427967561662877,BALIKESİR,GÖMEÇ,19020,0.062
54988432B99023740963316,0.00011618369619489054,0.000191449663965309,0.009331636146573943,0.00011606848403755234,0.00019125981522121233,0.00011354153690406372,0.0001870958645516366,0.00010981295728703214,0.00018095184143886538,0.00011599426356002237,0.00019113751333249787,0.00011609694761892806,0.00019130671804207364,0.00011606500674119454,0.00019125408526734602,GAZİANTEP,ARABAN,32540,-0.736
54988432B99037585062650,0.3717894801153096,0.45460105403623496,29.349119260565367,0.36292269084560397,0.447690264989584,0.31840964517850306,0.4051438941073204,0.27773001603273184,0.3612155755443872,0.357001566446501,0.4426422451470167,0.3653714104949034,0.4496871349336741,0.3603366171511001,0.445521127481887,ARTVİN,YUSUFELİ,17564,-0.29
54988432B9927108056692,0.6610940706544277,0.5463546127955795,12.816001814768674,0.6561717950505136,0.5424533797316909,0.5643388561322996,0.4716978949942252,0.4446880097825705,0.3791644532866604,0.6509499865005471,0.5383776091925832,0.65792420417991,0.543822356211574,0.6546202002057243,0.5412289227578492,KÜTAHYA,DUMLUPINAR,2812,-0.226
54988432B9941685819623,0.009296762417527667,0.015319378700221282,1.2043020495659114,0.009282632951256142,0.015296095901874472,0.008974863612188124,0.014788947838306591,0.008509620004330455,0.014022310734276532,0.009269531159713584,0.015274506525134733,0.009287126267698044,0.015303500072606382,0.009279658732179013,0.015291194928144725,SİİRT,ŞİRVAN,18773,-1.277
54988432B99449067758267,0.24950492118776327,0.30084025888349814,16.575548283366267,0.248111112331605,0.2989590890132819,0.21470518769114041,0.25875037962255326,0.16173906135854071,0.1991501032066827,0.24824059844084292,0.29913951618080126,0.2481517346132374,0.29901131117460783,0.24868811642087393,0.2997465613573586,SAKARYA,KAYNARCA,25440,-0.351
54988432B99760089985669,1.107833561026697,0.9600758204042192,30.936172635584633,1.0879291906489685,0.9448930770516192,0.8682257443819451,0.7702880291877156,0.6109169170616936,0.5629867297110995,1.0863918844955027,0.9436986624633386,1.0895974053579125,0.9461874633072507,1.092573787452962,0.9484917234195617,ESKİŞEHİR,MAHMUDİYE,7407,-0.351
54988432B99817490386194,0.15099360234046416,0.24881007728057333,21.24551645680889,0.15020296153530294,0.24750724459902848,0.13474739131590685,0.22203926740597937,0.11405890166449241,0.18794838786407636,0.1497709217954581,0.24679532144869074,0.1503929001756175,0.24782022903706227,0.15021965976759963,0.24753476025799545,AKSARAY,ORTAKÖY,31089,-0.212
